"ListName","ListFilter","ItemOrder","Item","ItemDescription","FieldUsedIn","ValidateLoops","Validate","Note","Flag"
"SiteDisturbance",,9.00,"A.p","atmospheric pollution","SiteDisturbance","3",1,,0
"SiteDisturbance",,10.00,"A.p.ac","acid rain","SiteDisturbance","3",1,,0
"SiteDisturbance",,11.00,"A.p.to","toxic gases","SiteDisturbance","3",1,,0
"SiteDisturbance",,12.00,"A.w","windthrow","SiteDisturbance","3",1,,0
"SiteDisturbance",,13.00,"B","Biotic effects","SiteDisturbance","3",1,,0
"SiteDisturbance",,14.00,"B.b","beaver tree cutting","SiteDisturbance","3",1,,0
"SiteDisturbance",,15.00,"B.d","domestic grazing/browsing","SiteDisturbance","3",1,,0
"SiteDisturbance",,16.00,"B.w","wildlife grazing/browsing","SiteDisturbance","3",1,,0
"SiteDisturbance",,17.00,"B.e","excrement accumulation (other than that normally associated with","SiteDisturbance","3",1,,0
"SiteDisturbance",,18.00,"B.i","insects","SiteDisturbance","3",1,,0
"SiteDisturbance",,19.00,"B.i.ki","insect kill","SiteDisturbance","3",1,,0
"SiteDisturbance",,20.00,"B.i.in","infestation","SiteDisturbance","3",1,,0
"SiteModifier",,17.00,"m","Medium-textured soils","SiteModifier1 & 2",,0,,0
"SiteDisturbance",,21.00,"B.p","disease","SiteDisturbance","3",1,,0
"SiteDisturbance",,22.00,"B.t","turbation (soil)","SiteDisturbance","3",1,,0
"SiteDisturbance",,23.00,"B.v","aggressive vegetation","SiteDisturbance","3",1,,0
"SiteDisturbance",,24.00,"D","Disposals","SiteDisturbance","3",1,,0
"SiteDisturbance",,25.00,"D.c","chemical spill or disposal","SiteDisturbance","3",1,,0
"SiteDisturbance",,26.00,"D.e","effluent disposal","SiteDisturbance","3",1,,0
"SiteDisturbance",,27.00,"D.g","domestic garbage disposal","SiteDisturbance","3",1,,0
"SiteDisturbance",,28.00,"D.o","oil spill or disposal","SiteDisturbance","3",1,,0
"SiteDisturbance",,29.00,"D.r","radioactive waste disposal or exposure","SiteDisturbance","3",1,,0
"SiteDisturbance",,30.00,"F","Fires","SiteDisturbance","3",1,,0
"SiteDisturbance",,31.00,"F.c","overstorey crown fire","SiteDisturbance","3",1,,0
"SiteDisturbance",,32.00,"F.g","light surface (ground) fire","SiteDisturbance","3",1,,0
"SiteDisturbance",,33.00,"F.r","repeated light surface fires","SiteDisturbance","3",1,,0
"SiteDisturbance",,34.00,"F.s","severe surface fire","SiteDisturbance","3",1,,0
"SiteDisturbance",,35.00,"F.i","repeated severe surface fires","SiteDisturbance","3",1,,0
"SiteDisturbance",,36.00,"F.l","burning of logging slash","SiteDisturbance","3",1,,0
"SiteDisturbance",,37.00,"F.l.bb","broadcast burn","SiteDisturbance","3",1,,0
"SiteDisturbance",,38.00,"F.l.pb","piled and burned","SiteDisturbance","3",1,,0
"SiteDisturbance",,39.00,"F.l.wb","burned windrows","SiteDisturbance","3",1,,0
"SiteDisturbance",,40.00,"L","Forest harvesting","SiteDisturbance","3",1,,0
"SiteDisturbance",,41.00,"L.l","land clearing (includes abandoned agriculture)","SiteDisturbance","3",1,,0
"SiteDisturbance",,42.00,"L.a","patch cut system","SiteDisturbance","3",1,,0
"SiteDisturbance",,43.00,"L.a.wr","with reserves","SiteDisturbance","3",1,,0
"SiteDisturbance",,44.00,"L.c","clearcut system (if slashburned, see also ""Fires"")","SiteDisturbance","3",1,,0
"SiteDisturbance",,45.00,"L.c.wr","with reserves (patch retention)","SiteDisturbance","3",1,,0
"SiteDisturbance",,46.00,"L.d","seed tree system","SiteDisturbance","3",1,,0
"SiteDisturbance",,47.00,"L.d.un","uniform","SiteDisturbance","3",1,,0
"SoilTexture",,16.10,"ME","Mesic",,,0,,0
"SoilTexture",,8.10,"HU","Humic",,,0,,0
"SoilTexture",,27.00,"WO","Woody",,,0,,0
"BEC_Use",,1.00,"1","Biodiversity: Intensive plots where full species list has been verified.","BEC_Use",,0,,0
"BEC_Use",,2.00,"2","Classification: Complete list of species but generally without vouchers and likely missing uncommon non-vasculars","BEC_Use",,0,,0
"BEC_Use",,3.00,"3","Support: Species list complete enough for accurate assessment of site units but not complete enough for use in site unit development","BEC_Use",,0,,0
"BEC_Use",,4.00,"4","Insufficient: Plots missing key information that maybe retrievable","BEC_Use",,0,,0
"BEC_Use",,4.10,"4.1","Insufficient: Georeferencing missing or inaccurate","BEC_Use",,0,,0
"BEC_Use",,4.20,"4.2","Insufficient: Unidentified major species","BEC_Use",,0,,0
"BEC_Use",,4.30,"4.3","Insufficient: Lacking environmental information","BEC_Use",,0,,0
"BEC_Use",,5.00,"5","Poor quality: Major species not identified, very limited species lists etc.","BEC_Use",,0,,0
"BEC_Use",,6.00,"6","Visuals: Limited data but georeferenced site unit calls. Should be removed from BECMaster to a locations dataset","BEC_Use",,0,,0
"BEC_Use",,7.00,"7","Remove: Plots are substandard and of limited value","BEC_Use",,0,,0
"MineralSoilTexture",,0.00,,"Null","RootZoneTexture",,0,,0
"MineralSoilTexture",,1.00,"Sndy","Sandy","RootZoneTexture",,0,,0
"MineralSoilTexture",,2.00,"Lmy","Loamy","RootZoneTexture",,0,,0
"MineralSoilTexture",,3.00,"Slty","Silty","RootZoneTexture",,0,,0
"MineralSoilTexture",,4.00,"Cly","Clayey","RootZoneTexture",,0,,0
"SiteModifier",,0.00,,"Null","SiteModifier1 & 2",,0,,0
"SiteModifier",,12.00,"x","Drier than typical","SiteModifier1 & 2",,0,,0
"SiteModifier",,13.00,"y","Moister than typical","SiteModifier1 & 2",,0,,0
"SiteModifier",,14.00,"c","Coarse-textured soils","SiteModifier1 & 2",,0,,0
"SiteModifier",,15.00,"d","Deep soil","SiteModifier1 & 2",,0,,0
"SiteModifier",,16.00,"f","Fine-textured soils","SiteModifier1 & 2",,0,,0
"SiteModifier",,18.00,"p","Peaty material","SiteModifier1 & 2",,0,,0
"SiteModifier",,19.00,"s","Shallow soils","SiteModifier1 & 2",,0,,0
"SiteModifier",,20.00,"v","Very shallow soils","SiteModifier1 & 2",,0,,0
"SiteModifier",,1.00,"a","Active floodplain","SiteModifier1 & 2",,0,,0
"SiteModifier",,2.00,"g","Gullying occuring","SiteModifier1 & 2",,0,,0
"SiteModifier",,3.00,"h","Hummocky terrain","SiteModifier1 & 2",,0,,0
"SiteModifier",,4.00,"i","Gentle slope","SiteModifier1 & 2",,0,,0
"SiteModifier",,5.00,"k","Cool aspect","SiteModifier1 & 2",,0,,0
"SiteModifier",,6.00,"n","Fan","SiteModifier1 & 2",,0,,0
"SiteModifier",,7.00,"q","Very steep cool aspect","SiteModifier1 & 2",,0,,0
"SiteModifier",,8.00,"r","Ridge","SiteModifier1 & 2",,0,,0
"SiteModifier",,9.00,"t","Terrace","SiteModifier1 & 2",,0,,0
"SiteModifier",,10.00,"w","Warm aspect","SiteModifier1 & 2",,0,,0
"SiteModifier",,11.00,"z","Very steep warm aspect","SiteModifier1 & 2",,0,,0
"SiteDisturbance",,1.00,,"null","SiteDisturbance","3",1,,0
"SiteDisturbance",,2.00,"A","Atmosphere-related effects","SiteDisturbance","3",1,,0
"SiteDisturbance",,3.00,"A.e","climatic extremes","SiteDisturbance","3",1,,0
"SiteDisturbance",,4.00,"A.e.co","extreme cold","SiteDisturbance","3",1,,0
"SiteDisturbance",,5.00,"A.e.ht","extreme heat","SiteDisturbance","3",1,,0
"SiteDisturbance",,6.00,"A.e.gl","glaze ice","SiteDisturbance","3",1,,0
"SiteDisturbance",,7.00,"A.e.ha","severe hail","SiteDisturbance","3",1,,0
"SiteDisturbance",,8.00,"A.e.sn","heavy snow","SiteDisturbance","3",1,,0
"SiteDisturbance",,48.00,"L.d.gr","grouped","SiteDisturbance","3",1,,0
"SiteDisturbance",,49.00,"L.e","selection system","SiteDisturbance","3",1,,0
"SiteDisturbance",,50.00,"L.e.gr","group selection","SiteDisturbance","3",1,,0
"SiteDisturbance",,51.00,"L.e.si","single tree","SiteDisturbance","3",1,,0
"SiteDisturbance",,52.00,"L.e.st","strip","SiteDisturbance","3",1,,0
"SiteDisturbance",,53.00,"L.s","shelterwood system","SiteDisturbance","3",1,,0
"SiteDisturbance",,54.00,"L.s.un","uniform","SiteDisturbance","3",1,,0
"SiteDisturbance",,55.00,"L.s.gr","group","SiteDisturbance","3",1,,0
"SiteDisturbance",,56.00,"L.s.st","strip","SiteDisturbance","3",1,,0
"SiteDisturbance",,57.00,"L.s.ir","irregular","SiteDisturbance","3",1,,0
"SiteDisturbance",,58.00,"L.s.na","natural","SiteDisturbance","3",1,,0
"SiteDisturbance",,59.00,"L.s.nu","nurse tree","SiteDisturbance","3",1,,0
"SiteDisturbance",,60.00,"L.o","coppice","SiteDisturbance","3",1,,0
"SiteDisturbance",,61.00,"M","Plant or site modification effects","SiteDisturbance","3",1,,0
"SiteDisturbance",,62.00,"M.c","herbicide use (chemical)","SiteDisturbance","3",1,,0
"SiteDisturbance",,63.00,"M.f","fertilization (specify type under ""Notes"")","SiteDisturbance","3",1,,0
"SiteDisturbance",,64.00,"M.i","irrigation","SiteDisturbance","3",1,,0
"SiteDisturbance",,65.00,"M.g","seeded or planted to grasses","SiteDisturbance","3",1,,0
"SiteDisturbance",,66.00,"M.h","seeded or planted to herbs","SiteDisturbance","3",1,,0
"SiteDisturbance",,67.00,"M.s","planted or seeded to shrubs","SiteDisturbance","3",1,,0
"SiteDisturbance",,68.00,"M.t","planted or seeded to trees","SiteDisturbance","3",1,,0
"SiteDisturbance",,69.00,"M.p","gathering or removal of plant products","SiteDisturbance","3",1,,0
"SiteDisturbance",,70.00,"M.f","firewood gathering","SiteDisturbance","3",1,,0
"SiteDisturbance",,71.00,"M.m","mushrooms","SiteDisturbance","3",1,,0
"SiteDisturbance",,72.00,"M.o","moss","SiteDisturbance","3",1,,0
"SiteDisturbance",,73.00,"M.s","shrubs (e.g., salal, falsebox)","SiteDisturbance","3",1,,0
"SiteDisturbance",,74.00,"M.x","other (specify under ""Notes"")","SiteDisturbance","3",1,,0
"SiteDisturbance",,75.00,"R","Recreation-related effects","SiteDisturbance","3",1,,0
"SiteDisturbance",,76.00,"R.m","motorized trails","SiteDisturbance","3",1,,0
"SiteDisturbance",,77.00,"R.m.ec","constructed trail","SiteDisturbance","3",1,,0
"SiteDisturbance",,78.00,"R.m.it","informal trail","SiteDisturbance","3",1,,0
"SiteDisturbance",,79.00,"R.m.bt","braided trail sections","SiteDisturbance","3",1,,0
"SiteDisturbance",,80.00,"R.m.tr","trampling – temporary use","SiteDisturbance","3",1,,0
"SiteDisturbance",,81.00,"R.m.mb","mud bogging/rutting","SiteDisturbance","3",1,,0
"SiteDisturbance",,82.00,"R.m.wi","winter use trails","SiteDisturbance","3",1,,0
"SiteDisturbance",,83.00,"R.t","non-motorized trails","SiteDisturbance","3",1,,0
"SiteDisturbance",,84.00,"R.t.ec","constructed trail","SiteDisturbance","3",1,,0
"SiteDisturbance",,85.00,"R.t.it","informal trails","SiteDisturbance","3",1,,0
"SiteDisturbance",,86.00,"R.t.bt","braided trails section","SiteDisturbance","3",1,,0
"SiteDisturbance",,87.00,"R.t.tr","trampling – single use","SiteDisturbance","3",1,,0
"SiteDisturbance",,88.00,"R.t.mb","mucking and trail entrenchment","SiteDisturbance","3",1,,0
"SiteDisturbance",,89.00,"R.t.wi","winter use trails","SiteDisturbance","3",1,,0
"SiteDisturbance",,90.00,"R.c","camping","SiteDisturbance","3",1,,0
"SiteDisturbance",,91.00,"R.c.ec","established camp site","SiteDisturbance","3",1,,0
"SiteDisturbance",,92.00,"R.c.ic","informal camp site","SiteDisturbance","3",1,,0
"SiteDisturbance",,93.00,"R.l","litter and debris","SiteDisturbance","3",1,,0
"SiteDisturbance",,94.00,"R.p","plant introductions","SiteDisturbance","3",1,,0
"SiteDisturbance",,95.00,"S","Soil disturbance","SiteDisturbance","3",1,,0
"SiteDisturbance",,96.00,"S.a","cultivation (agricultural)","SiteDisturbance","3",1,,0
"SiteDisturbance",,97.00,"S.c","compaction","SiteDisturbance","3",1,,0
"SiteDisturbance",,98.00,"S.g","gouging (> 5 cm into mineral soil)","SiteDisturbance","3",1,,0
"SiteDisturbance",,99.00,"S.s","scalping (forest floor removed)","SiteDisturbance","3",1,,0
"SiteDisturbance",,100.00,"S.f","sidecast/fill","SiteDisturbance","3",1,,0
"SiteDisturbance",,101.00,"S.r","road bed, abandoned","SiteDisturbance","3",1,,0
"SiteDisturbance",,102.00,"S.t","railway, abandoned","SiteDisturbance","3",1,,0
"SiteDisturbance",,103.00,"S.e","excavation","SiteDisturbance","3",1,,0
"SiteDisturbance",,104.00,"S.m","mining effects","SiteDisturbance","3",1,,0
"SiteDisturbance",,105.00,"S.m.pt","placer tailings","SiteDisturbance","3",1,,0
"SiteDisturbance",,106.00,"S.m.rq","rock quarrying (including open pit mines)","SiteDisturbance","3",1,,0
"SiteDisturbance",,107.00,"S.m.ta","tailings","SiteDisturbance","3",1,,0
"SiteDisturbance",,108.00,"S.p","mechanical site preparation","SiteDisturbance","3",1,,0
"SiteDisturbance",,109.00,"S.p.bb","brush blading","SiteDisturbance","3",1,,0
"SiteDisturbance",,110.00,"S.p.ds","drag scarification (anchor chain or shark fin)","SiteDisturbance","3",1,,0
"SiteDisturbance",,111.00,"S.p.dt","disc trenching","SiteDisturbance","3",1,,0
"SiteDisturbance",,112.00,"S.p.md","mounding","SiteDisturbance","3",1,,0
"SiteDisturbance",,113.00,"S.p.ps","patch scarification","SiteDisturbance","3",1,,0
"SiteDisturbance",,114.00,"S.p.vp","V-plowing","SiteDisturbance","3",1,,0
"SiteDisturbance",,115.00,"S.p.xx","other (specify under “Notes”)","SiteDisturbance","3",1,,0
"SiteDisturbance",,116.00,"T","Terrain-related effects","SiteDisturbance","3",1,,0
"SiteDisturbance",,117.00,"T.a","avalanche","SiteDisturbance","3",1,,0
"SiteDisturbance",,118.00,"T.d","recent deglaciation","SiteDisturbance","3",1,,0
"SiteDisturbance",,119.00,"T.e","eolian (active deflation or deposition)","SiteDisturbance","3",1,,0
"SiteDisturbance",,120.00,"T.s","terrain failures (active/recent slumps, slides, solifluction, etc.)","SiteDisturbance","3",1,,0
"SiteDisturbance",,121.00,"T.v","volcanic activity","SiteDisturbance","3",1,,0
"SiteDisturbance",,122.00,"W","Water-related effects","SiteDisturbance","3",1,,0
"SiteDisturbance",,123.00,"W.i","inundation (including temporary inundation resulting from beaver activity)","SiteDisturbance","3",1,,0
"SiteDisturbance",,124.00,"W.s","temporary seepage (usually artificially induced; excludes intermittent seepage resulting from climate","SiteDisturbance","3",1,,0
"SiteDisturbance",,125.00,"W.d","water table control (diking, damming)","SiteDisturbance","3",1,,0
"SiteDisturbance",,126.00,"W.e","water table depression (associated with extensive water extraction from wells)","SiteDisturbance","3",1,,0
"BedrockType","",2.00,"ag","Extrusive pyroclastic - agglomerate","",,0,"",0
"BedrockType","",3.00,"ak","Clastic non-calcareous - medium grained - arkose","",,0,"",0
"BedrockType","",4.00,"am","Non-foliated coarse grained - amphibolite","",,0,"",0
"BedrockType","",5.00,"an","Extrusive intermediate - andesite","",,0,"",0
"BedrockType","",6.00,"ar","Non-foliated fine grained - argillite","",,0,"",0
"BedrockType","",7.00,"ba","Precipitates crystalline - non-calcareous - barite","",,0,"",0
"BedrockType","",8.00,"bs","Extrusive basic (mafic) - basalt","",,0,"",0
"BedrockType","",9.00,"bx","Clastic non-calcareous - coarse grained - breccia","",,0,"",0
"BedrockType","",10.00,"cg","Clastic non-calcareous - coarse grained - conglomerate","",,0,"",0
"BedrockType","",11.00,"co","Organic carbonaceous - coal","",,0,"",0
"BedrockType","",12.00,"da","Extrusive acid (felsic) - dacite","",,0,"",0
"BedrockType","",13.00,"dg","Foliated medium to coarse grained - dorite gneiss","",,0,"",0
"BedrockType","",14.00,"di","Intrusive intermediate - diorite","",,0,"",0
"BedrockType","",15.00,"dm","Non-foliated calcareous - dolomite marble","",,0,"",0
"BedrockType","",16.00,"do","Precipitates crystalline - calcareous - dolomite","",,0,"",0
"BedrockType","",17.00,"du","Intrusive basic (mafic) - dunite","",,0,"",0
"BedrockType","",18.00,"ea","Extrusive acid (felsic)","",,0,"",0
"BedrockType","",19.00,"eb","Extrusive basic (mafic)","",,0,"",0
"BedrockType","",20.00,"ei","Extrusive intermediate","",,0,"",0
"BedrockType","",21.00,"ep","Extrusive pyroclastic","",,0,"",0
"BedrockType","",22.00,"fc","Foliated coarse grained","",,0,"",0
"BedrockType","",23.00,"ff","Foliated fine grained","",,0,"",0
"BedrockType","",24.00,"fm","Foliated medium to coarse grained","",,0,"",0
"HumusForm",,22.00,"PD","Paramoder","HumusForm",,1,,0
"BedrockType","",25.00,"gb","Intrusive basic (mafic) - gabbro","",,0,"",0
"BedrockType","",26.00,"gd","Intrusive acid (felsic) - granodiorite","",,0,"",0
"BedrockType","",27.00,"gg","Foliated medium to coarse grained - granite gneiss","",,0,"",0
"BedrockType","",28.00,"gk","Clastic non-calcareous - medium grained - greywacke","",,0,"",0
"BedrockType","",29.00,"gl","Non-foliated medium to coarse grained - granulite","",,0,"",0
"BedrockType","",30.00,"gn","Foliated medium to coarse grained - gneiss","",,0,"",0
"BedrockType","",31.00,"gr","Intrusive acid (felsic) - granite","",,0,"",0
"BedrockType","",32.00,"gy","Precipitates crystalline - non-calcareous - gypsum","",,0,"",0
"BedrockType","",33.00,"hb","Non-foliated coarse grained - hornblendite","",,0,"",0
"BedrockType","",34.00,"hf","Non-foliated medium to coarse grained - hornfels","",,0,"",0
"BedrockType","",35.00,"ia","Intrusive acid (felsic)","",,0,"",0
"BedrockType","",36.00,"ib","Intrusive basic (mafic)","",,0,"",0
"BedrockType","",37.00,"ii","Intrusive intermediate","",,0,"",0
"BedrockType","",38.00,"ka","Clastic calcareous - medium grained - arkose","",,0,"",0
"BedrockType","",39.00,"kb","Clastic calcareous - coarse grained - breccia","",,0,"",0
"BedrockType","",40.00,"kc","Clastic calcareous - coarse grained","",,0,"",0
"BedrockType","",41.00,"kd","Clastic calcareous - fine grained - mudstone","",,0,"",0
"BedrockType","",42.00,"kf","Clastic calcareous - fine grained","",,0,"",0
"BedrockType","",43.00,"kg","Clastic calcareous - medium grained - greywacke","",,0,"",0
"BedrockType","",44.00,"kh","Clastic calcareous - fine grained - shale","",,0,"",0
"BedrockType","",45.00,"km","Clastic calcareous - medium grained","",,0,"",0
"BedrockType","",46.00,"kn","Clastic calcareous - coarse grained - conglomerate","",,0,"",0
"BedrockType","",47.00,"ks","Clastic calcareous - medium grained - sandstone","",,0,"",0
"BedrockType","",48.00,"kz","Clastic calcareous - fine grained - siltstone","",,0,"",0
"BedrockType","",49.00,"la","Extrusive recent lava flow","",,0,"",0
"BedrockType","",50.00,"lg","Organic carbonaceous - lignite","",,0,"",0
"BedrockType","",51.00,"li","Precipitates crystalline - non-calcareous - limonite","",,0,"",0
"BedrockType","",52.00,"ls","Precipitates crystalline - calcareous - limestone","",,0,"",0
"BedrockType","",53.00,"ma","Organic calcareous - mar","",,0,"",0
"BedrockType","",54.00,"mb","Non-foliated calcareous - marble","",,0,"",0
"BedrockType","",55.00,"md","Clastic non-calcareous - fine grained - mudstone","",,0,"",0
"BedrockType","",56.00,"mi","Foliated coarse grained - migmatite","",,0,"",0
"BedrockType","",57.00,"nc","Non-foliated coarse grained","",,0,"",0
"BedrockType","",58.00,"nf","Non-foliated fine grained","",,0,"",0
"BedrockType","",59.00,"nk","Non-foliated calcareous","",,0,"",0
"BedrockType","",60.00,"nm","Non-foliated medium to coarse grained","",,0,"",0
"BedrockType","",61.00,"oc","Organic carbonaceous","",,0,"",0
"BedrockType","",62.00,"ok","Organic calcareous","",,0,"",0
"BedrockType","",63.00,"ph","Foliated fine grained - phylite","",,0,"",0
"BedrockType","",64.00,"pk","Precipitates crystalline - calcareous","",,0,"",0
"BedrockType","",65.00,"pu","Precipitates crystalline - non-calcareous","",,0,"",0
"BedrockType","",66.00,"py","Intrusive basic (mafic) - pyroxenite","",,0,"",0
"BedrockType","",67.00,"qb","Extrusive basic (mafic) - quartz basalt","",,0,"",0
"BedrockType","",68.00,"qd","Intrusive intermediate - quartz diorite","",,0,"",0
"BedrockType","",69.00,"qg","Intrusive basic (mafic) - quartz","",,0,"",0
"BedrockType","",70.00,"qm","Intrusive acid (felsic) - quartz monzonite","",,0,"",0
"BedrockType","",71.00,"qt","Non-foliated medium to coarse grained - quartzite","",,0,"",0
"BedrockType","",72.00,"rh","Extrusive acid (felsic) - rhyolite","",,0,"",0
"BedrockType","",73.00,"sc","Foliated medium to coarse grained - schist","",,0,"",0
"BedrockType","",74.00,"sh","Clastic non-calcareous - fine grained - shale","",,0,"",0
"BedrockType","",75.00,"sl","Foliated fine grained - slate","",,0,"",0
"BedrockType","",76.00,"sm","Non-foliated calcareous - serpentine marble","",,0,"",0
"BedrockType","",77.00,"sp","Non-foliated fine grained - serpentinite","",,0,"",0
"BedrockType","",78.00,"ss","Clastic non-calcareous - medium grained - sandstone","",,0,"",0
"BedrockType","",79.00,"sy","Intrusive acid (felsic) - syenite","",,0,"",0
"BedrockType","",80.00,"tr","Extrusive acid (felsic) - trachyte","",,0,"",0
"BedrockType","",81.00,"tu","Extrusive pyroclastic - tuff","",,0,"",0
"BedrockType","",82.00,"tv","Precipitates crystalline - calcareous - travertine","",,0,"",0
"BedrockType","",83.00,"uc","Clastic non-calcareous - coarse grained","",,0,"",0
"BedrockType","",84.00,"uf","Clastic non-calcareous - fine grained","",,0,"",0
"BedrockType","",85.00,"um","Clastic non-calcareous - medium grained","",,0,"",0
"BedrockType","",86.00,"vb","Extrusive pyroclastic - volcanic breccia","",,0,"",0
"BedrockType","",87.00,"zl","Clastic non-calcareous - fine grained - siltstone","",,0,"",0
"CrownClass","",2.00,"C","codominant","",,0,"",0
"CrownClass","",3.00,"D","dominant","",,0,"",0
"CrownClass","",4.00,"I","intermediate","",,0,"",0
"CrownClass","",1.00,"null","null","",,0,"",0
"CrownClass","",5.00,"S","suppressed","",,0,"",0
"Cultural1",,1.00,,"null",,,0,,0
"Cultural1","",2.00,"0","Nil","",,0,"",0
"Cultural1","",3.00,"1","Poor","",,0,"",0
"Cultural1","",5.00,"3","Fair","",,0,"",0
"Cultural1",,7.00,"5","Good",,,0,,0
"Cultural1",,8.00,"6","Excellent",,,0,,0
"DistributionCode",,1.00,,"null",,,0,,0
"DistributionCode","",2.00,"1","Rare individual","",,0,"",0
"DistributionCode","",3.00,"2","Few individuals (2-5)","",,0,"",0
"DistributionCode","",4.00,"3","Single Patch","",,0,"",0
"DistributionCode","",5.00,"4","Several individuals (>5)","",,0,"",0
"DistributionCode",,6.00,"5","Few patches (2-5)",,,0,,0
"DistributionCode",,7.00,"6","Several patches (>5)",,,0,,0
"DistributionCode",,8.00,"7","Continuous well spaced",,,0,,0
"DistributionCode",,9.00,"8","Continuous with gaps",,,0,,0
"DistributionCode",,10.00,"9","Continuous and dense ",,,0,,0
"SiviMesoSlopePosition",,1.00,"1","CR",,,0,,0
"SiviMesoSlopePosition",,2.00,"2","UP",,,0,,0
"SiviMesoSlopePosition",,3.00,"3","MD",,,0,,0
"SiviMesoSlopePosition",,4.00,"4","LW",,,0,,0
"SiviMesoSlopePosition",,5.00,"5","TO",,,0,,0
"SiviMesoSlopePosition",,7.00,"7","LV",,,0,,0
"SiviMesoSlopePosition",,6.00,"6","DP",,,0,,0
"SiviSurfaceShape",,1.00,"1","ST",,,0,,0
"SiviSurfaceShape",,2.00,"2","CC",,,0,,0
"SiviSurfaceShape",,3.00,"3","CV",,,0,,0
"SiviStructuralStage",,1.00,"1","1a",,,0,,0
"SiviStructuralStage",,2.00,"2","1b",,,0,,0
"SiviStructuralStage",,3.00,"3","2a",,,0,,0
"SiviStructuralStage",,4.00,"4","2b",,,0,,0
"SiviStructuralStage",,5.00,"5","2c",,,0,,0
"SiviStructuralStage",,6.00,"6","2d",,,0,,0
"SiviStructuralStage",,7.00,"7","3a",,,0,,0
"SiviStructuralStage",,8.00,"8","3b",,,0,,0
"SiviStructuralStage",,9.00,"9","4",,,0,,0
"SiviStructuralStage",,10.00,"10","5",,,0,,0
"SiviStructuralStage",,11.00,"11","6",,,0,,0
"SiviStructuralStage",,12.00,"12","7a",,,0,,0
"SiviStructuralStage",,13.00,"13","7b",,,0,,0
"PlotType",,5.00,"CHARS","CHARS",,,0,,0
"SnowCoverRegime",,1.00,"A","Very exposed","SnowCoverRegime",,0,,0
"SnowCoverRegime",,2.00,"B","Exposed","SnowCoverRegime",,0,,0
"SnowCoverRegime",,3.00,"C","Neutral","SnowCoverRegime",,0,,0
"SnowCoverRegime",,4.00,"D","Protected","SnowCoverRegime",,0,,0
"SnowCoverRegime",,5.00,"E","Very protected","SnowCoverRegime",,0,,0
"SnowCoverRegime",,6.00,,"Null","SnowCoverRegime",,0,,0
"DataQuality",,4.00,"Excellent","Excellent - FS882 Full detail",,,0,"E",0
"DataQuality",,2.00,"Fair","Fair - Ground Call / SIVI",,,0,"F",0
"DataQuality",,3.00,"Good","Good - FS882 Partial or Lower quality",,,0,"G",0
"DataQuality",,1.00,"Poor","Poor - Visuals, Notes, Low quality",,,0,"P",0
"ArborealLichenLoading",,1.00,,"null",,,0,,0
"ArborealLichenLoading",,2.00,"0","None",,,0,,0
"ArborealLichenLoading",,3.00,"1","Rare",,,0,,0
"ArborealLichenLoading","",4.00,"2","Occasional","",,0,"",0
"ArborealLichenLoading","",5.00,"3","Common","",,0,"",0
"ArborealLichenLoading","",6.00,"4","Abundant","",,0,"",0
"ArborealLichenLoading",,7.00,"5","Very Abundant",,,0,,0
"AvailableForge","",2.00,"1","Class 1","",,0,"",0
"AvailableForge","",3.00,"2","Class 2","",,0,"",0
"AvailableForge","",4.00,"3","Class 3","",,0,"",0
"AvailableForge","",5.00,"4","Class 4","",,0,"",0
"BedrockType","",1.00,"","null","",,0,"",0
"StructuralStage",,14.00,"3c","Short stunted trees","StructuralStage",,1,,0
"StructuralStage",,15.00,"3d","Tall stunted trees","StructuralStage",,1,,0
"Region",,18.00,"RSK.BUL","Skeena Stikine_Bulkley","FSRegionDistrict",,1,,0
"Region",,19.00,"RSK.CAS","Skeena Stikine_Cassiar","FSRegionDistrict",,1,,0
"Exposure","",1.00,"","Null","Exposure","2",0,"",0
"Exposure","",2.00,"AT","Atmospheric toxicity","Exposure","2",0,"",0
"Exposure","",3.00,"CA","Cold air drainage","Exposure","2",0,"",0
"Exposure","",4.00,"FR","Frost","Exposure","2",0,"",0
"Exposure","",5.00,"IN","Insolation","Exposure","2",0,"",0
"Exposure","",6.00,"NA","Not Applicable","Exposure","2",0,"",0
"Exposure","",7.00,"RN","Localized Rainshadow","Exposure","2",0,"",0
"Exposure","",8.00,"SA","Salt spray","Exposure","2",0,"",0
"Exposure","",9.00,"SF","Fresh Water Spray","Exposure","2",0,"",0
"Exposure","",10.00,"SN","Snow Accumulation","Exposure","2",0,"",0
"Exposure","",11.00,"WI","Wind","Exposure","2",0,"",0
"Exposure","",12.00,"X","Miscellaneous","Exposure","2",0,"",0
"FloodingRegimeDur","",1.00,"","null","FloodingRegimeDur",,1,"",0
"FloodingRegimeDur","",2.00,"B","Brief","FloodingRegimeDur",,1,"",0
"FloodingRegimeDur","",3.00,"D","Diurnal","FloodingRegimeDur",,1,"",0
"FloodingRegimeDur","",4.00,"E","Extended","FloodingRegimeDur",,1,"",0
"FloodingRegimeDur","",5.00,"M","Moderate","FloodingRegimeDur",,1,"",0
"FloodingRegimeDur","",6.00,"P","Permanent","FloodingRegimeDur",,1,"",0
"FloodingRegimeDur",,7.00,"S","Semi-permanent (exposed in dry years)","FloodingRegimeDur",,1,,0
"FloodingRegimeDur","",8.00,"T","Temporary","FloodingRegimeDur",,1,"",0
"FloodingRegimeDur","",9.00,"W","Winter","FloodingRegimeDur",,1,"",0
"FloodingRegimeFreq","",1.00,"","null","FloodingRegimeFreq",,1,"",0
"FloodingRegimeFreq","",2.00,"A","Annual","FloodingRegimeFreq",,1,"",0
"FloodingRegimeFreq","",3.00,"F","Frequent","FloodingRegimeFreq",,1,"",0
"FloodingRegimeFreq","",4.00,"O","Occasional","FloodingRegimeFreq",,1,"",0
"FloodingRegimeFreq","",5.00,"R","Rare","FloodingRegimeFreq",,1,"",0
"FloodingRegimeFreq","",6.00,"X","Never","FloodingRegimeFreq",,1,"",0
"FruitFlowerAbundance",,1.00,,"null",,,0,,0
"FruitFlowerAbundance",,2.00,"0","Nil",,,0,,0
"FruitFlowerAbundance","",3.00,"1","Very Low","",,0,"",0
"FruitFlowerAbundance","",4.00,"2","Low","",,0,"",0
"FruitFlowerAbundance","",5.00,"3","Moderate","",,0,"",0
"FruitFlowerAbundance","",6.00,"4","Moderately High","",,0,"",0
"FruitFlowerAbundance",,7.00,"5","High",,,0,,0
"FruitFlowerAbundance",,8.00,"6","Excellent",,,0,,0
"GeoMorPro","",1.00,"","Null","",,0,"",0
"GeoMorPro","",2.00,"A","Avalanches","",,0,"",0
"GeoMorPro","",3.00,"C","Cryoturbation","",,0,"",0
"GeoMorPro","",4.00,"D","Deflation","",,0,"",0
"GeoMorPro","",5.00,"E","Channeled","",,0,"",0
"GeoMorPro","",6.00,"F","Slowmass","",,0,"",0
"GeoMorPro","",7.00,"H","Kettle","",,0,"",0
"GeoMorPro","",8.00,"I","Irregular channel","",,0,"",0
"GeoMorPro","",9.00,"I","Braiding","",,0,"",0
"GeoMorPro","",10.00,"J","Anastamosing channel","",,0,"",0
"GeoMorPro","",11.00,"K","Karst","",,0,"",0
"GeoMorPro","",12.00,"L","Surface seepage","",,0,"",0
"GeoMorPro","",13.00,"M","Meandering channels","",,0,"",0
"GeoMorPro","",14.00,"N","Nivation","",,0,"",0
"GeoMorPro","",15.00,"P","Piping","",,0,"",0
"GeoMorPro","",16.00,"R","Rapid mass movement","",,0,"",0
"GeoMorPro","",17.00,"S","Solifluction","",,0,"",0
"GeoMorPro","",18.00,"U","Inundation","",,0,"",0
"GeoMorPro","",19.00,"V","Gully erosion","",,0,"",0
"GeoMorPro","",20.00,"W","Washing","",,0,"",0
"GeoMorPro","",21.00,"X","Permafrost","",,0,"",0
"GeoMorPro","",22.00,"Z","Periglacial processes","",,0,"",0
"History","",1.00,"","null","",,0,"",0
"History","",2.00,"DB","Disturbance - Wildfire","",,0,"",0
"History","",3.00,"DD","Disturbance - Disease","",,0,"",0
"History","",4.00,"DF","Disturbance - Flooding","",,0,"",0
"History","",5.00,"DI","Disturbance - Insect","",,0,"",0
"History","",6.00,"DK","Disturbance - Fume Kill","",,0,"",0
"History","",7.00,"DL","Disturbance - Logging","",,0,"",0
"History","",8.00,"DS","Disturbance - Slide","",,0,"",0
"History","",9.00,"DW","Disturbance - Windthrow","",,0,"",0
"History","",10.00,"PB","Site Preparation - Broadcast Burn","",,0,"",0
"History","",11.00,"PC","Site Preparation - Chemical","",,0,"",0
"History","",12.00,"PG","Site Preparation - Grass Seeded","",,0,"",0
"History","",13.00,"PM","Site Preparation - Mechanical","",,0,"",0
"History","",14.00,"PMS","Site Preparation - Mechanical & Spot Burn","",,0,"",0
"History","",15.00,"PS","Site Preparation - Spot Burn","",,0,"",0
"History","",16.00,"RP","Regeneration - Planted","",,0,"",0
"History","",17.00,"TF","Stand Tending - Fertilization","",,0,"",0
"History","",18.00,"TJ","Stand Tending - Juvenile Spacing","",,0,"",0
"History","",19.00,"TM","Stand Tending - Mistletoe Control","",,0,"",0
"History","",20.00,"TP","Stand Tending - Pruning","",,0,"",0
"History","",21.00,"TR","Stand Tending - Conifer Release","",,0,"",0
"History","",22.00,"TS","Stand Tending - Sanitation Spacing","",,0,"",0
"History","",23.00,"TT","Stand Tending - Commercial Thinning","",,0,"",0
"History","",24.00,"TW","Stand Tending - Brushing & Weeding","",,0,"",0
"HumusForm","",1.00,"","Null","HumusForm",,1,"",0
"HumusForm","",3.00,"D","Moder","HumusForm",,1,"",0
"HumusForm","",4.00,"FR","Fibrimor","HumusForm",,1,"",0
"HumusForm","",5.00,"HR","Hemimor","HumusForm",,1,"",0
"HumusForm","",6.00,"L","Mull","HumusForm",,1,"",0
"HumusForm","",7.00,"LD","Lignomoder","HumusForm",,1,"",0
"HumusForm","",8.00,"LR","Lignomor","HumusForm",,1,"",0
"HumusForm","",9.00,"MD","Mullmoder","HumusForm",,1,"",0
"HumusForm","",10.00,"MR","Mesimor","HumusForm",,1,"",0
"HumusForm","",11.00,"R","Mor","HumusForm",,1,"",0
"HumusForm","",12.00,"RD","Mormoder","HumusForm",,1,"",0
"HumusForm","",13.00,"RR","Resimor","HumusForm",,1,"",0
"HumusForm","",14.00,"SD","Saprimoder","HumusForm",,1,"",0
"HumusForm","",15.00,"TD","Leptomoder","HumusForm",,1,"",0
"HumusForm","",16.00,"UR","Humimor","HumusForm",,1,"",0
"HumusForm","",17.00,"VL","Vermimull","HumusForm",,1,"",0
"HumusForm","",18.00,"YD","Hydromoder","HumusForm",,1,"",0
"HumusForm","",19.00,"YL","Hydromull","HumusForm",,1,"",0
"HumusForm","",20.00,"YR","Hydromor","HumusForm",,1,"",0
"HumusForm","",21.00,"ZL","Rhizomull","HumusForm",,1,"",0
"HumusFormPhase","",1.00,"","Null","",,0,"",0
"HumusFormPhase","",2.00,"an","Andic","",,0,"",0
"HumusFormPhase","",3.00,"ca","Calcic","",,0,"",0
"HumusFormPhase","",4.00,"ch","Charcic","",,0,"",0
"HumusFormPhase","",5.00,"cl","Clastic","",,0,"",0
"HumusFormPhase","",6.00,"co","Compactic","",,0,"",0
"HumusFormPhase","",7.00,"cs","Crustic","",,0,"",0
"HumusFormPhase","",8.00,"cy","Cryic","",,0,"",0
"HumusFormPhase","",9.00,"gr","Granuic","",,0,"",0
"HumusFormPhase","",10.00,"hi","Histic","",,0,"",0
"HumusFormPhase","",11.00,"la","Lammic","",,0,"",0
"HumusFormPhase","",12.00,"li","Lignic","",,0,"",0
"HumusFormPhase","",13.00,"me","Melic","",,0,"",0
"HumusFormPhase","",14.00,"mi","Mineric","",,0,"",0
"HumusFormPhase","",15.00,"my","Mycic","",,0,"",0
"HumusFormPhase","",16.00,"pa","Pachic","",,0,"",0
"HumusFormPhase","",17.00,"re","Resic","",,0,"",0
"HumusFormPhase","",18.00,"rh","Rhizic","",,0,"",0
"HumusFormPhase","",19.00,"te","Tenuic","",,0,"",0
"HumusFormPhase","",20.00,"tu","Turbic","",,0,"",0
"HumusFormPhase","",22.00,"us","Ustic","",,0,"",0
"HumusFormPhase","",23.00,"vl","Velic","",,0,"",0
"HumusFormPhase","",24.00,"vm","Vermic","",,0,"",0
"HumusFormPhase","",25.00,"xy","Xylic","",,0,"",0
"HumusHorizon","",1.00,"","null","",,0,"",0
"HumusHorizon","",2.00,"F","terrestrial master organic horizon","",,0,"",0
"HumusHorizon","",3.00,"Fa","amphi- intergrade between Fm &Fz","",,0,"",0
"HumusHorizon","",4.00,"Fm","mycogenous F","",,0,"",0
"HumusHorizon","",5.00,"Fz","zoogenous F","",,0,"",0
"HumusHorizon","",6.00,"H","terrestrial master H-horizon","",,0,"",0
"HumusHorizon","",7.00,"Hh","well-humified","",,0,"",0
"HumusHorizon","",8.00,"Hr","residual","",,0,"",0
"HumusHorizon","",9.00,"Hydric","water layer in organic soils","",,0,"",0
"HumusHorizon","",10.00,"Hz","zoological","",,0,"",0
"HumusHorizon","",11.00,"L","terrestrial master organic horizon","",,0,"",0
"HumusHorizon","",12.00,"Lithic","Bedrock in organic soils","",,0,"",0
"HumusHorizon","",13.00,"Ln","newly accreted","",,0,"",0
"HumusHorizon","",14.00,"Lv","initial decay","",,0,"",0
"HumusHorizon","",15.00,"O","semi-terrestrial or wetland master organic horizon","",,0,"",0
"HumusHorizon","",16.00,"Oco","coprogenous earch","",,0,"",0
"HumusHorizon","",17.00,"Of","fibric","",,0,"",0
"HumusHorizon","",18.00,"Oh","humic","",,0,"",0
"HumusHorizon","",19.00,"Om","mesic","",,0,"",0
"HumusHorizon","",20.00,"S","living bryophytes","",,0,"",0
"HumuspHMethod","",2.00,"0","pH meter for groundwater sample","",,0,"",0
"HumuspHMethod","",3.00,"1","Bromothymol blue","",,0,"",0
"HumuspHMethod","",4.00,"2","Cresol red","",,0,"",0
"HumuspHMethod","",5.00,"3","Hellige-Truog","",,0,"",0
"HumuspHMethod","",6.00,"4","Lamotte-Morgan","",,0,"",0
"HumuspHMethod","",7.00,"5","pH meter (1:1 H2O)","",,0,"",0
"HumuspHMethod","",8.00,"6","pH meter (0.1 M CaCl2)","",,0,"",0
"HumuspHMethod","",9.00,"7","Phenol red","",,0,"",0
"HumuspHMethod","",10.00,"8","Soiltex","",,0,"",0
"HumuspHMethod","",11.00,"9","Thymol blue","",,0,"",0
"HumuspHMethod","",12.00,"10","pHydrion","",,0,"",0
"HumuspHMethod","",13.00,"11","Litmuspaper","",,0,"",0
"HumuspHMethod","",1.00,"","null","",,0,"",0
"HumusStructureDegree","",1.00,"","null","",,0,"",0
"HumusStructureDegree","",2.00,"M","Moderate","",,0,"",0
"HumusStructureDegree","",3.00,"S","Strong","",,0,"",0
"HumusStructureDegree","",4.00,"W","Weak","",,0,"",0
"HumusStructureKind","",1.00,"","null","",,0,"",0
"HumusStructureKind","",2.00,"BL","Blocky","",,0,"",0
"HumusStructureKind","",3.00,"CM","Compact matted","",,0,"",0
"HumusStructureKind","",4.00,"ER","Erect","",,0,"",0
"HumusStructureKind","",5.00,"GR","Granular","",,0,"",0
"HumusStructureKind","",6.00,"MA","Massive","",,0,"",0
"HumusStructureKind","",7.00,"NM","Non-compact matted","",,0,"",0
"HumusStructureKind","",8.00,"RC","Recumbent","",,0,"",0
"HumusStructureKind","",9.00,"SP","Single particle","",,0,"",0
"HydrogeoSubsystem","",1.00,"","Null","",,0,"",0
"HydrogeoSubsystem","",2.00,"a","Alluvial","",,0,"",0
"HydrogeoSubsystem","",3.00,"bs","Blanket slope","",,0,"",0
"HydrogeoSubsystem","",4.00,"cb","Closed basin","",,0,"",0
"HydrogeoSubsystem","",5.00,"h","Headwater","",,0,"",0
"HydrogeoSubsystem","",6.00,"lb","Linked basin","",,0,"",0
"HydrogeoSubsystem","",7.00,"lh","Linked hollow","",,0,"",0
"HydrogeoSubsystem","",8.00,"ls","Lobe slope","",,0,"",0
"HydrogeoSubsystem","",9.00,"ob","Overflow basin","",,0,"",0
"HydrogeoSubsystem","",10.00,"oh","Overflow hollow","",,0,"",0
"HydrogeoSubsystem","",11.00,"t","Transport","",,0,"",0
"HydrogeoSubsystem","",12.00,"tb","Terminal basin","",,0,"",0
"HydrogeoSubsystem","",13.00,"ts","Toe slope","",,0,"",0
"HydrogeoSystem","",1.00,"","Null","",,0,"",0
"HydrogeoSystem","",2.00,"E","Estuarine","",,0,"",0
"HydrogeoSystem","",3.00,"F","Fluvial","",,0,"",0
"HydrogeoSystem","",4.00,"L","Lacustrine","",,0,"",0
"HydrogeoSystem","",5.00,"M","Marine","",,0,"",0
"HydrogeoSystem","",6.00,"P","Palustrine","",,0,"",0
"HydrogeoSystem","",7.00,"U","Upland","",,0,"",0
"InvSpecies","",1.00,"","null","",,0,"",0
"InvSpecies","",2.00,"B","Balsam","",,0,"",0
"InvSpecies","",3.00,"F","Fir","",,0,"",0
"InvSpecies","",4.00,"H","Hemlock","",,0,"",0
"InvSpecies","",5.00,"P","Pine","",,0,"",0
"InvSpecies","",6.00,"S","Spruce","",,0,"",0
"MesoSlopePosition","",1.00,"","Null","MesoSlopePosition",,1,"",0
"RootRestrictingType",,5.00,"N","no root restriction evident","RootRestrictingType",,1,,0
"RootRestrictingType",,9.00,"Z","permafrost","RootRestrictingType",,1,,0
"MesoSlopePosition","",3.00,"CR","Crest","MesoSlopePosition",,1,"",0
"MesoSlopePosition","",4.00,"DP","Depression","MesoSlopePosition",,1,"",0
"MesoSlopePosition",,5.00,"GU","Gully","MesoSlopePosition",,1,,0
"MesoSlopePosition","",6.00,"LV","Level","MesoSlopePosition",,1,"",0
"MesoSlopePosition","",7.00,"LW","Lower slope","MesoSlopePosition",,1,"",0
"MesoSlopePosition","",8.00,"MD","Mid slope","MesoSlopePosition",,1,"",0
"MesoSlopePosition","",9.00,"TO","Toe","MesoSlopePosition",,1,"",0
"MesoSlopePosition","",10.00,"UP","Upper slope","MesoSlopePosition",,1,"",0
"MineralStructureClass","",1.00,"","null","",,0,"",0
"MineralStructureClass","",2.00,"c","coarse","",,0,"",0
"MineralStructureClass","",3.00,"f","fine","",,0,"",0
"MineralStructureClass","",4.00,"m","medium","",,0,"",0
"MineralStructureClass","",5.00,"vc","verycoarse","",,0,"",0
"MineralStructureClass","",6.00,"vf","very fine","",,0,"",0
"MineralStructureKind","",1.00,"","null","",,0,"",0
"MineralStructureKind","",2.00,"ABK","angular blocky","",,0,"",0
"MineralStructureKind","",3.00,"COL","columnar","",,0,"",0
"MineralStructureKind","",4.00,"DCY","cloddy","",,0,"",0
"MineralStructureKind","",5.00,"GR","granular","",,0,"",0
"MineralStructureKind","",6.00,"MA","massive","",,0,"",0
"MineralStructureKind","",7.00,"PL","platy","",,0,"",0
"MineralStructureKind","",8.00,"PR","prismatic","",,0,"",0
"MineralStructureKind","",9.00,"SBK","subangular blocky","",,0,"",0
"MineralStructureKind","",10.00,"SGR","single grain","",,0,"",0
"MinSoilAspect","",2.00,"1","Matrix moist","",,0,"",0
"MinSoilAspect","",3.00,"2","Matrix dry","",,0,"",0
"MinSoilAspect","",4.00,"3","Exped moist","",,0,"",0
"MinSoilAspect","",5.00,"4","Exped dry","",,0,"",0
"MinSoilAspect","",6.00,"5","Inped moist","",,0,"",0
"MinSoilAspect","",7.00,"6","Inped dry","",,0,"",0
"MinSoilAspect","",8.00,"7","Crushed moist","",,0,"",0
"MinSoilAspect","",9.00,"8","Crush dry","",,0,"",0
"MinSoilAspect","",10.00,"9","Natural wet/reduced","",,0,"",0
"MinSoilAspect","",11.00,"10","Natural wet/oxidized","",,0,"",0
"MinSoilAspect","",12.00,"11","Pressed wet/reduced","",,0,"",0
"MinSoilAspect","",13.00,"12","Pressed wet/oxidized","",,0,"",0
"MinSoilAspect","",14.00,"13","Rubbed wet/oxidized","",,0,"",0
"MinSoilAspect","",15.00,"14","Rubbed dry","",,0,"",0
"MinSoilAspect","",1.00,"","null","",,0,"",0
"MoistureRegime","",2.00,"0","VX; very xeric","MoistureRegime",,1,"",0
"MoistureRegime","",3.00,"1","X; xeric","MoistureRegime",,1,"",0
"MoistureRegime","",4.00,"2","SX; subxeric","MoistureRegime",,1,"",0
"MoistureRegime","",5.00,"3","SM; submesic","MoistureRegime",,1,"",0
"MoistureRegime","",6.00,"4","M; mesic","MoistureRegime",,1,"",0
"MoistureRegime","",7.00,"5","SHG; subhygric","MoistureRegime",,1,"",0
"MoistureRegime","",8.00,"6","HG; hygric","MoistureRegime",,1,"",0
"MoistureRegime","",9.00,"7","SHD; subhydric","MoistureRegime",,1,"",0
"MoistureRegime","",10.00,"8","HD; hydric","MoistureRegime",,1,"",0
"MoistureRegime","",1.00,"","Null","MoistureRegime",,1,"",0
"MycelAbundance","",1.00,"","null","",,0,"",0
"MycelAbundance","",2.00,"A","Abundant","",,0,"",0
"MycelAbundance","",3.00,"C","Common","",,0,"",0
"MycelAbundance","",4.00,"F","Few","",,0,"",0
"MycelAbundance","",5.00,"X","None","",,0,"",0
"NutrientRegime","",1.00,"","Null","NutrientRegime",,1,"",0
"NutrientRegime","",2.00,"A","Very poor (oligotrophic)","NutrientRegime",,1,"",0
"NutrientRegime","",3.00,"B","Poor (submesotrophic)","NutrientRegime",,1,"",0
"NutrientRegime","",4.00,"C","Medium (mesotrophic)","NutrientRegime",,1,"",0
"NutrientRegime","",5.00,"D","Rich (permesotrophic)","NutrientRegime",,1,"",0
"NutrientRegime","",6.00,"E","Very rich (eutrophic)","NutrientRegime",,1,"",0
"NutrientRegime","",7.00,"F","Excess Saline (Hypereutrophic)","NutrientRegime",,1,"",0
"PhenologyCodeGen","",1.00,"","Trees, shrubs, and herbs","",,0,"",0
"PhenologyCodeGen","Trees, shrubs, and herbs",2.00,"0","Without blossom buds","",,0,"",0
"PhenologyCodeGen","Trees, shrubs, and herbs",3.00,"1","Blossom buds recognizable","",,0,"",0
"PhenologyCodeGen","Trees, shrubs, and herbs",4.00,"2","Blossom buds strongly swollen","",,0,"",0
"PhenologyCodeGen","Trees, shrubs, and herbs",5.00,"3","Shortly before flowering","",,0,"",0
"PhenologyCodeGen","Trees, shrubs, and herbs",6.00,"4","Beginning flowering","",,0,"",0
"PhenologyCodeGen","Trees, shrubs, and herbs",7.00,"5","In bloom up to 25%","",,0,"",0
"PhenologyCodeGen","Trees, shrubs, and herbs",8.00,"6","In bloom up to 50%","",,0,"",0
"PhenologyCodeGen","Trees, shrubs, and herbs",9.00,"7","Full bloom","",,0,"",0
"PhenologyCodeGen","Trees, shrubs, and herbs",10.00,"8","Fading","",,0,"",0
"PhenologyCodeGen","Trees, shrubs, and herbs",11.00,"9","Completely faded","",,0,"",0
"PhenologyCodeGen","Trees, shrubs, and herbs",12.00,"10","Bearing green fruit","",,0,"",0
"PhenologyCodeGen","Trees, shrubs, and herbs",13.00,"11","Bearing ripe fruit","",,0,"",0
"PhenologyCodeGen","Trees, shrubs, and herbs",14.00,"12","Bearing overripe fruit","",,0,"",0
"PhenologyCodeGen","Trees, shrubs, and herbs",15.00,"13","Fruit or seed dispersal","",,0,"",0
"PhenologyCodeGen","",16.00,"","Grasses","",,0,"",0
"PhenologyCodeGen","Grasses",17.00,"0","Without recognizable infloresence","",,0,"",0
"PhenologyCodeGen","Grasses",18.00,"1","Inflorescence recognizable, closed","",,0,"",0
"PhenologyCodeGen","Grasses",19.00,"2","Inflorescence partly visible","",,0,"",0
"PhenologyCodeGen","Grasses",20.00,"3","Inflorescence fully visible, not unfolded","",,0,"",0
"PhenologyCodeGen","Grasses",21.00,"4","Inflorescence unfolded","",,0,"",0
"PhenologyCodeGen","Grasses",22.00,"5","First blooms pollenizing","",,0,"",0
"PhenologyCodeGen","Grasses",23.00,"6","Up to 50% pollenized","",,0,"",0
"PhenologyCodeGen","Grasses",24.00,"7","Full bloom","",,0,"",0
"PhenologyCodeGen","Grasses",25.00,"8","Fading","",,0,"",0
"PhenologyCodeGen","Grasses",26.00,"9","Fully faded","",,0,"",0
"PhenologyCodeGen","Grasses",27.00,"10","Bearing fruit","",,0,"",0
"PhenologyCodeGen","Grasses",28.00,"11","Fruit or seed dispersal","",,0,"",0
"PhenologyCodeGen","",29.00,"","Ferns","",,0,"",0
"PhenologyCodeGen","Ferns",30.00,"0","Sori absent","",,0,"",0
"PhenologyCodeGen","Ferns",31.00,"1","Sori green, forming","",,0,"",0
"PhenologyCodeGen","Ferns",32.00,"2","Sori mature, darker, drier","",,0,"",0
"PhenologyCodeGen","Ferns",33.00,"3","Sori depressing, strobili forming in lycopodium","",,0,"",0
"phenologyCodeVeg","",1.00,"","Deciduous trees or shrubs","",,0,"",0
"phenologyCodeVeg","Deciduous trees or shrubs",2.00,"0","Closed bud","",,0,"",0
"phenologyCodeVeg","Deciduous trees or shrubs",3.00,"1","Buds with green tips","",,0,"",0
"phenologyCodeVeg","Deciduous trees or shrubs",4.00,"2","Green leaf-out, but not unfolded","",,0,"",0
"phenologyCodeVeg","Deciduous trees or shrubs",5.00,"3","Leaf unfolding up to 25%","",,0,"",0
"phenologyCodeVeg","Deciduous trees or shrubs",6.00,"4","Leaf unfolding up to 50%","",,0,"",0
"phenologyCodeVeg","Deciduous trees or shrubs",7.00,"5","Leaf unfolding up to 75%","",,0,"",0
"phenologyCodeVeg","Deciduous trees or shrubs",8.00,"6","Full leaf unfolding","",,0,"",0
"phenologyCodeVeg","Deciduous trees or shrubs",9.00,"7","First leaves turned yellow","",,0,"",0
"phenologyCodeVeg","Deciduous trees or shrubs",10.00,"8","Leaf yellowing up to 50%","",,0,"",0
"phenologyCodeVeg","Deciduous trees or shrubs",11.00,"9","Leaf yellowing over 50%","",,0,"",0
"phenologyCodeVeg","Deciduous trees or shrubs",12.00,"10","0 Bare","",,0,"",0
"phenologyCodeVeg","",13.00,"","Conifers","",,0,"",0
"phenologyCodeVeg","Conifers",14.00,"0","Closed bud","",,0,"",0
"phenologyCodeVeg","Conifers",15.00,"1","Swollen bud","",,0,"",0
"phenologyCodeVeg","Conifers",16.00,"2","Split bud","",,0,"",0
"phenologyCodeVeg","Conifers",17.00,"3","Shoot capped","",,0,"",0
"phenologyCodeVeg","Conifers",18.00,"4","Shoot elongated","",,0,"",0
"phenologyCodeVeg","Conifers",19.00,"5","Shoot full length, lighter green","",,0,"",0
"phenologyCodeVeg","Conifers",20.00,"6","Shoot mature, equally green","",,0,"",0
"phenologyCodeVeg","",21.00,"","Herbs","",,0,"",0
"phenologyCodeVeg","Herbs",22.00,"0","Without shoots above ground","",,0,"",0
"phenologyCodeVeg","Herbs",23.00,"1","Shoots without unfolded leaves","",,0,"",0
"phenologyCodeVeg","Herbs",24.00,"2","First leaf unfolded","",,0,"",0
"phenologyCodeVeg","Herbs",25.00,"3","2 or 3 leaves unfolded","",,0,"",0
"phenologyCodeVeg","Herbs",26.00,"4","Several leaves unfold","",,0,"",0
"phenologyCodeVeg","Herbs",27.00,"5","Almost all leaves unf","",,0,"",0
"phenologyCodeVeg","Herbs",28.00,"6","Plant fully developed","",,0,"",0
"phenologyCodeVeg","Herbs",29.00,"7","Stem and/or first leaves fading","",,0,"",0
"phenologyCodeVeg","Herbs",30.00,"8","Yellowing up to 50%","",,0,"",0
"phenologyCodeVeg","Herbs",31.00,"9","Yellowing over 50%","",,0,"",0
"phenologyCodeVeg","Herbs",32.00,"10","Dead","",,0,"",0
"phenologyCodeVeg","",33.00,"","Grasses","",,0,"",0
"phenologyCodeVeg","Grasses",34.00,"0","Without shoots above ground","",,0,"",0
"phenologyCodeVeg","Grasses",35.00,"1","Shoots without unfolded leaves","",,0,"",0
"phenologyCodeVeg","Grasses",36.00,"2","First leaf unfolded","",,0,"",0
"phenologyCodeVeg","Grasses",37.00,"3","2 or 3 leaves unfolded","",,0,"",0
"phenologyCodeVeg","Grasses",38.00,"4","Beginning of development of blades of grass","",,0,"",0
"phenologyCodeVeg","Grasses",39.00,"5","Blades partly formed","",,0,"",0
"phenologyCodeVeg","Grasses",40.00,"6","Plant fully developed","",,0,"",0
"phenologyCodeVeg","Grasses",41.00,"7","Blades and/or first leaves turning yellow","",,0,"",0
"phenologyCodeVeg","Grasses",42.00,"8","Yellowing up to 50%","",,0,"",0
"phenologyCodeVeg","Grasses",43.00,"9","Yellowing over 50%","",,0,"",0
"phenologyCodeVeg","Grasses",44.00,"10","Dead","",,0,"",0
"phenologyCodeVeg","",45.00,"","Ferns","",,0,"",0
"phenologyCodeVeg","Ferns",46.00,"0","Without shoots above ground","",,0,"",0
"phenologyCodeVeg","Ferns",47.00,"1","Rolled fronds above ground","",,0,"",0
"phenologyCodeVeg","Ferns",48.00,"2","First frond unfolded","",,0,"",0
"phenologyCodeVeg","Ferns",49.00,"3","2 or 3 fronds unfolded","",,0,"",0
"phenologyCodeVeg","Ferns",50.00,"4","Several fronds unfolded","",,0,"",0
"phenologyCodeVeg","Ferns",51.00,"5","Almost all fronds unfolded","",,0,"",0
"phenologyCodeVeg","Ferns",52.00,"6","Plant fully developed","",,0,"",0
"phenologyCodeVeg","Ferns",53.00,"7","First fronds fading","",,0,"",0
"phenologyCodeVeg","Ferns",54.00,"8","Yellowing up to 50%","",,0,"",0
"phenologyCodeVeg","Ferns",55.00,"9","Yellowing over 50%","",,0,"",0
"phenologyCodeVeg","Ferns",56.00,"10","Dead","",,0,"",0
"PlotQualitySite","",1.00,"NA","null","",,0,"",0
"PlotQualitySite","",2.00,"Excellent","Excellent - FS882 Full detail","",,0,"E",0
"PlotQualitySite","",4.00,"Fair","Fair - Ground Call / SIVI","",,0,"F",0
"PlotQualitySite","",3.00,"Good","Good - FS882 Partial or Lower quality","",,0,"G",0
"PlotQualitySite","",5.00,"Poor","Poor - Visuals, Notes, Low quality","",,0,"P",0
"RealmClass",,1.00,,"null","RealmClass",,1,,0
"RealmClass",,2.00,"Af","Alpine - Fellfield","RealmClass",,1,,0
"RealmClass",,3.00,"Ag","Alpine - Grassland","RealmClass",,1,,0
"RealmClass",,4.00,"Ah","Alpine - Heather","RealmClass",,1,,0
"RealmClass",,5.00,"Am","Alpine - Meadow","RealmClass",,1,,0
"RealmClass",,6.00,"As","Alpine - Snowbed/Nivation","RealmClass",,1,,0
"RealmClass",,7.00,"At","Alpine - Tundra","RealmClass",,1,,0
"RealmClass",,8.00,"Az","Alpine - Zooclimax","RealmClass",,1,,0
"RealmClass",,9.00,"Bb","Beachland - Typic","RealmClass",,1,,0
"RealmClass",,10.00,"Br","Beachland - Headland","RealmClass",,1,,0
"RealmClass",,11.00,"Ed","Estuarine Meadow","RealmClass",,1,,0
"RealmClass",,12.00,"Em","Estuarine Marsh","RealmClass",,1,,0
"RealmClass",,13.00,"Es","Estuarine Swamp","RealmClass",,1,,0
"RealmClass",,14.00,"Et","Estuarine Tidal Flat","RealmClass",,1,,0
"RealmClass",,15.00,"Fa","Flood - Active Channel","RealmClass",,1,,0
"RealmClass",,16.00,"Ff","Flood Fringe","RealmClass",,1,,0
"RealmClass",,17.00,"Fh","Flood Highbench","RealmClass",,1,,0
"RealmClass",,18.00,"Fl","Flood Lowbench","RealmClass",,1,,0
"RealmClass",,19.00,"Fm","Flood Midbench","RealmClass",,1,,0
"RealmClass",,20.00,"Ga","Grassland - Alkaline/Saline Meadow","RealmClass",,1,,0
"RealmClass",,21.00,"Gb","Grassland - Brushland","RealmClass",,1,,0
"RealmClass",,22.00,"Gg","Grassland - typic","RealmClass",,1,,0
"Region",,0.00,,"Null","FSRegionDistrict",,1,,0
"Region",,1.00,"RCB.DCC","Cariboo-Chilcotin","FSRegionDistrict",,1,,0
"Region",,2.00,"RCB.DMH","100 Mile House","FSRegionDistrict",,1,,0
"Region",,3.00,"RCB.DQU","Quesnel","FSRegionDistrict",,1,,0
"Region",,4.00,"RKB.DRM","Rocky Mountain","FSRegionDistrict",,1,,0
"Region",,5.00,"RKB.DSE","Selkirk","FSRegionDistrict",,1,,0
"Region",,6.00,"RNO.DFN","Fort Nelson","FSRegionDistrict",,1,,0
"Region",,7.00,"RNO.DPC","Peace","FSRegionDistrict",,1,,0
"Region",,8.00,"ROM.DJA","Fort St. James","FSRegionDistrict",,1,,0
"RealmClass",,23.00,"Gs","Grassland - Shrub-steppe","RealmClass",,1,,0
"RealmClass",,24.00,"Hs","Hydrogenic - Spring Seepage","RealmClass",,1,,0
"RealmClass",,25.00,"Hv","Hydrogenic - Vernal Pool","RealmClass",,1,,0
"RealmClass",,26.00,"Hw","Hydrogenic - Waterfall Sprayzone","RealmClass",,1,,0
"RootAbundance","",1.00,"","null","",,0,"",0
"RootAbundance","",2.00,"A","Abundant","",,0,"",0
"RootAbundance","",3.00,"F","Few","",,0,"",0
"RootAbundance","",4.00,"P","Plentiful","",,0,"",0
"RootAbundance","",5.00,"X","None","",,0,"",0
"RootRestrictingType","",1.00,"","null","RootRestrictingType",,1,"",0
"RootRestrictingType","",2.00,"C","strongly cemented horizon","RootRestrictingType",,1,"",0
"RootRestrictingType","",3.00,"K","compacted morainal material","RootRestrictingType",,1,"",0
"Region",,9.00,"ROM.DMK","Mackenzie","FSRegionDistrict",,1,,0
"Region",,10.00,"ROM.DPG","Prince George","FSRegionDistrict",,1,,0
"Region",,11.00,"ROM.DVA","Vanderhoof","FSRegionDistrict",,1,,0
"Region",,12.00,"RSC.DCK","Chilliwack","FSRegionDistrict",,1,,0
"Region",,13.00,"RSC.DSC","Sunshine Coast","FSRegionDistrict",,1,,0
"Region",,14.00,"RSC.DSQ","Sea to Sky","FSRegionDistrict",,1,,0
"Region",,15.00,"RSK.DKM","Coast Mountains","FSRegionDistrict",,1,,0
"Region",,16.00,"RSK.DND","Nadina","FSRegionDistrict",,1,,0
"Region",,17.00,"RSK.DSS","Skeena Stikine","FSRegionDistrict",,1,,0
"Region",,20.00,"RTO.DCS","Cascades","FSRegionDistrict",,1,,0
"Region",,21.00,"RTO.DKA","Thompson Rivers","FSRegionDistrict",,1,,0
"Region",,22.00,"RTO.DOS","Okanagan Shuswap","FSRegionDistrict",,1,,0
"Region",,23.00,"RWC.DCR","Campbell River","FSRegionDistrict",,1,,0
"Region",,24.00,"RWC.DNI","North Island - Central Coast","FSRegionDistrict",,1,,0
"Region",,25.00,"RWC.DHG","Haida Gwaii","FSRegionDistrict",,1,,0
"Region",,26.00,"RWC.DSI","South Island","FSRegionDistrict",,1,,0
"RootRestrictingType","",4.00,"L","lithic contact","RootRestrictingType",,1,"",0
"RootRestrictingType","",6.00,"P","clay pan or restriction due to fines","RootRestrictingType",,1,"",0
"RootRestrictingType","",7.00,"W","excessive moisture","RootRestrictingType",,1,"",0
"RootRestrictingType","",8.00,"X","excessive accumulations of chemicals","RootRestrictingType",,1,"",0
"RootSize","",1.00,"","null","",,0,"",0
"RootSize","",2.00,"C","Coarse","",,0,"",0
"RootSize","",3.00,"F","Fine","",,0,"",0
"RootSize","",4.00,"K","Very coarse","",,0,"",0
"RootSize","",5.00,"M","Medium","",,0,"",0
"RootSize","",6.00,"V","Very fine","",,0,"",0
"RootZoneParticleSize","",1.00,"","Null","",,0,"",0
"RootZoneParticleSize","",2.00,"A","Ashy","",,0,"",0
"RootZoneParticleSize","",3.00,"AS","Ashey-skeletal","",,0,"",0
"RootZoneParticleSize","",4.00,"C","Clayey","",,0,"",0
"RootZoneParticleSize","",5.00,"CI","Cindery","",,0,"",0
"RootZoneParticleSize","",6.00,"CL","Coarse-loamy","",,0,"",0
"RootZoneParticleSize","",7.00,"CLS","Coarse loamy-skeletal","",,0,"",0
"RootZoneParticleSize","",8.00,"CS","Clayey-skeletal","",,0,"",0
"RootZoneParticleSize","",9.00,"CSI","Coarse-silty","",,0,"",0
"RootZoneParticleSize","",10.00,"F","Fragmental","",,0,"",0
"RootZoneParticleSize","",11.00,"FC","Fine-clayey","",,0,"",0
"RootZoneParticleSize","",12.00,"FL","Fine-loamy","",,0,"",0
"RootZoneParticleSize","",13.00,"FLS","Fine loamy-skeletal","",,0,"",0
"RootZoneParticleSize","",14.00,"FSI","Fine-silty","",,0,"",0
"RootZoneParticleSize","",15.00,"G","Grumic","",,0,"",0
"RootZoneParticleSize","",16.00,"L","Loamy","",,0,"",0
"RootZoneParticleSize","",17.00,"S","Sandy","",,0,"",0
"RootZoneParticleSize","",18.00,"SS","Sandy-skeletal","",,0,"",0
"RootZoneParticleSize","",19.00,"T","Thixotropic","",,0,"",0
"RootZoneParticleSize","",20.00,"TS","Thixotropic-skeletal","",,0,"",0
"RootZoneParticleSize","",21.00,"VFC","Very fine-clayey","",,0,"",0
"RootZoneParticleSize",,22.00,"Fi","Fibric",,,0,,0
"RootZoneParticleSize",,23.00,"Me","Mesic",,,0,,0
"RootZoneParticleSize",,24.00,"Hu","Humic",,,0,,0
"RootZoneParticleSize",,25.00,"Wo","Woody",,,0,,0
"SoilClassGroup","",1.00,"","Null","SoilClassGroup",,1,"",0
"SoilClassGroup","",2.00,"BRC","Brown Chernozem","SoilClassGroup",,1,"",0
"SoilClassGroup","",3.00,"BLC","Black Chernozem","SoilClassGroup",,1,"",0
"SoilClassGroup","",4.00,"B","Brunisol Order","SoilClassGroup",,1,"",0
"SoilClassGroup","",5.00,"DBC","Dark Brown Chernozem","SoilClassGroup",,1,"",0
"SoilClassGroup","",6.00,"DGC","Dark Gray Chernozem","SoilClassGroup",,1,"",0
"SoilClassGroup","",7.00,"DYB","Dystric Brunisol","SoilClassGroup",,1,"",0
"SoilClassGroup","",8.00,"EB","Eutric Brunisol","SoilClassGroup",,1,"",0
"SoilClassGroup","",9.00,"F","Fibrisol","SoilClassGroup",,1,"",0
"SoilClassGroup","",10.00,"FHP","Ferro-Humic Podzol","SoilClassGroup",,1,"",0
"SoilClassGroup","",11.00,"FO","Folisol","SoilClassGroup",,1,"",0
"SoilClassGroup","",12.00,"G","Gleysol","SoilClassGroup",,1,"",0
"SoilClassGroup","",13.00,"GBL","Gray Brown Luvisol","SoilClassGroup",,1,"",0
"SoilClassGroup","",14.00,"GL","Gray Luvisol","SoilClassGroup",,1,"",0
"SoilClassGroup","",15.00,"H","Humisol","SoilClassGroup",,1,"",0
"SoilClassGroup","",16.00,"HFP","Humo-Ferric Podzol","SoilClassGroup",,1,"",0
"SoilClassGroup","",17.00,"HG","Humic Gleysol","SoilClassGroup",,1,"",0
"SoilClassGroup","",18.00,"HP","Humic Podzol","SoilClassGroup",,1,"",0
"SoilClassGroup","",19.00,"HR","Humic Regosol","SoilClassGroup",,1,"",0
"SoilClassGroup","",20.00,"LG","Luvic Gleysol","SoilClassGroup",,1,"",0
"SoilClassGroup","",21.00,"M","Mesisol","SoilClassGroup",,1,"",0
"SoilClassGroup","",22.00,"MB","Melanic Brunisol","SoilClassGroup",,1,"",0
"SoilClassGroup","",23.00,"OC","Organic Cryosol","SoilClassGroup",,1,"",0
"SoilClassGroup","",24.00,"R","Regosol","SoilClassGroup",,1,"",0
"SoilClassGroup","",25.00,"SB","Sombric Brunisol","SoilClassGroup",,1,"",0
"SoilClassGroup","",26.00,"SC","Static Cryosol","SoilClassGroup",,1,"",0
"SoilClassGroup","",27.00,"SO","Solod","SoilClassGroup",,1,"",0
"SoilClassGroup","",28.00,"SS","Solodized Solonetz","SoilClassGroup",,1,"",0
"SoilClassGroup","",29.00,"SZ","Solonetz","SoilClassGroup",,1,"",0
"SoilClassGroup","",30.00,"TC","Turbic Cryosol","SoilClassGroup",,1,"",0
"SoilClassGroup",,31.00,"V","Vertisol","SoilClassGroup",,1,"",0
"SoilClassGroup",,32.00,"HV","Humic Vertisol","SoilClassGroup",,1,"",0
"SoilClassGroup",,33.00,"VS","Vertic Solonetz","SoilClassGroup",,1,"",0
"SoilClassGroup",,34.00,"O","Organic Order","SoilClassGroup",,1,"",0
"SoilClassGroup",,35.00,"CH","Chernozem Order","SoilClassGroup",,1,"",0
"SoilClassGroup",,36.00,"CY","Cryosol Order","SoilClassGroup",,1,"",0
"SoilClassGroup",,37.00,"L","Luvisol Order","SoilClassGroup",,1,"",0
"SoilClassGroup",,38.00,"S","Solonetz Order","SoilClassGroup",,1,"",0
"SoilClassGroup",,39.00,"P","Podzol Order","SoilClassGroup",,1,"",0
"SoilClassSubgroup","",1.00,"","Null","SoilClassSubgroup",,1,"",0
"SoilClassSubgroup","",2.00,"A","Alkaline","SoilClassSubgroup",,1,"",0
"SoilClassSubgroup","",3.00,"B","Brown","SoilClassSubgroup",,1,"",0
"SoilClassSubgroup","",4.00,"BL","Black","SoilClassSubgroup",,1,"",0
"SoilClassSubgroup","",5.00,"BR","Brunisolic","SoilClassSubgroup",,1,"",0
"SoilClassSubgroup","",6.00,"CA","Calcareous","SoilClassSubgroup",,1,"",0
"SoilClassSubgroup","",7.00,"CU","Cumulo","SoilClassSubgroup",,1,"",0
"SoilClassSubgroup","",8.00,"D","Dark","SoilClassSubgroup",,1,"",0
"SoilClassSubgroup","",9.00,"DB","Dark Brown","SoilClassSubgroup",,1,"",0
"SoilClassSubgroup","",10.00,"DG","Dark Gray","SoilClassSubgroup",,1,"",0
"SoilClassSubgroup","",11.00,"DU","Duric","SoilClassSubgroup",,1,"",0
"SoilClassSubgroup","",12.00,"E","Eluviated","SoilClassSubgroup",,1,"",0
"SoilClassSubgroup","",13.00,"FE","Fera","SoilClassSubgroup",,1,"",0
"SoilClassSubgroup","",14.00,"FI","Fibric","SoilClassSubgroup",,1,"",0
"SoilClassSubgroup","",15.00,"FR","Fragic","SoilClassSubgroup",,1,"",0
"SoilClassSubgroup","",16.00,"G","Gray","SoilClassSubgroup",,1,"",0
"SoilClassSubgroup","",17.00,"GC","Glacic","SoilClassSubgroup",,1,"",0
"SoilClassSubgroup","",18.00,"GL","Gleyed","SoilClassSubgroup",,1,"",0
"SoilClassSubgroup","",19.00,"GLB","Gleyed Brown","SoilClassSubgroup",,1,"",0
"SoilClassSubgroup","",20.00,"GLBL","Gleyed Black","SoilClassSubgroup",,1,"",0
"SoilClassSubgroup","",21.00,"GLBR","Gleyed Brunisolic","SoilClassSubgroup",,1,"",0
"SoilClassSubgroup","",22.00,"GLCA","Gleyed Calcareous","SoilClassSubgroup",,1,"",0
"SoilClassSubgroup","",23.00,"GLCU","Gleyed Cumulic","SoilClassSubgroup",,1,"",0
"SoilClassSubgroup","",24.00,"GLD","Gleyed Dark Gray","SoilClassSubgroup",,1,"",0
"SoilClassSubgroup","",25.00,"GLDB","Gleyed Dark Brown","SoilClassSubgroup",,1,"",0
"SoilClassSubgroup","",26.00,"GLDG","Gleyed Dark Gray","SoilClassSubgroup",,1,"",0
"SoilClassSubgroup","",27.00,"GLE","Gleyed Eluviated","SoilClassSubgroup",,1,"",0
"SoilClassSubgroup","",28.00,"GLFR","Gleyed Fragic","SoilClassSubgroup",,1,"",0
"SoilClassSubgroup","",29.00,"GLG","Gleyed Gray","SoilClassSubgroup",,1,"",0
"SoilClassSubgroup","",30.00,"GLOT","Gleyed Ortstein","SoilClassSubgroup",,1,"",0
"SoilClassSubgroup","",31.00,"GLPZ","Gleyed Podzolic","SoilClassSubgroup",,1,"",0
"SoilClassSubgroup","",32.00,"GLR","Gleyed Rego","SoilClassSubgroup",,1,"",0
"SoilClassSubgroup","",33.00,"GLSM","Gleyed Sombric","SoilClassSubgroup",,1,"",0
"SoilClassSubgroup","",34.00,"GLSZ","Gleyed Solonetzic","SoilClassSubgroup",,1,"",0
"SoilClassSubgroup","",35.00,"HE","Hemic","SoilClassSubgroup",,1,"",0
"SoilClassSubgroup","",36.00,"HI","Histic","SoilClassSubgroup",,1,"",0
"SoilClassSubgroup","",37.00,"HU","Humic","SoilClassSubgroup",,1,"",0
"SoilClassSubgroup","",38.00,"HY","Hydric","SoilClassSubgroup",,1,"",0
"SoilClassSubgroup","",39.00,"LI","Lignic","SoilClassSubgroup",,1,"",0
"SoilClassSubgroup","",40.00,"LM","Limno","SoilClassSubgroup",,1,"",0
"SoilClassSubgroup","",41.00,"ME","Mesic","SoilClassSubgroup",,1,"",0
"SoilClassSubgroup","",42.00,"O","Orthic","SoilClassSubgroup",,1,"",0
"SoilClassSubgroup","",43.00,"OT","Ortstein","SoilClassSubgroup",,1,"",0
"SoilClassSubgroup","",44.00,"P","Placic","SoilClassSubgroup",,1,"",0
"SoilClassSubgroup","",45.00,"PZ","Podzolic","SoilClassSubgroup",,1,"",0
"SoilClassSubgroup","",46.00,"R","Rego","SoilClassSubgroup",,1,"",0
"SoilClassSubgroup","",47.00,"SM","Sombric","SoilClassSubgroup",,1,"",0
"SoilClassSubgroup","",48.00,"SZ","Solonetzic","SoilClassSubgroup",,1,"",0
"SoilClassSubgroup","",49.00,"T","Terric","SoilClassSubgroup",,1,"",0
"SoilClassSubgroup","",50.00,"TFI","Terric Fibric","SoilClassSubgroup",,1,"",0
"SoilClassSubgroup","",51.00,"THU","Terric Humic","SoilClassSubgroup",,1,"",0
"SoilClassSubgroup","",52.00,"TME","Terric Mesic","SoilClassSubgroup",,1,"",0
"SoilClassSubgroup","",53.00,"TY","Typic","SoilClassSubgroup",,1,"",0
"SoilDrainage","",0.00,"","null","SoilDrainage",,1,"",0
"SoilDrainage","",10.00,"ac","aquic","SoilDrainage",,1,"",0
"SoilDrainage","",8.00,"aq","aqueous","SoilDrainage",,1,"",0
"SoilDrainage","",13.00,"hu","humid","SoilDrainage",,1,"",0
"SoilDrainage","",5.00,"i","imperfectly drained","SoilDrainage",,1,"",0
"SoilDrainage","",4.00,"m","moderately well drained","SoilDrainage",,1,"",0
"SoilDrainage","",6.00,"p","poorly drained","SoilDrainage",,1,"",0
"SoilDrainage","",9.00,"pa","peraquic","SoilDrainage",,1,"",0
"SoilDrainage","",12.00,"ph","perhumid","SoilDrainage",,1,"",0
"SoilDrainage","",2.00,"r","rapidly drained","SoilDrainage",,1,"",0
"SoilDrainage","",11.00,"sa","subaquic","SoilDrainage",,1,"",0
"SoilDrainage","",7.00,"v","very poorly drained","SoilDrainage",,1,"",0
"SoilDrainage","",3.00,"w","well drained","SoilDrainage",,1,"",0
"SoilDrainage","",1.00,"x","very rapidly drained","SoilDrainage",,1,"",0
"SoilTexture","",1.00,"","null","",,0,"",0
"SoilTexture","",2.00,"C","Clay","",,0,"",0
"SoilTexture","",3.00,"CL","Clay loam","",,0,"",0
"SoilTexture","",4.00,"CS","Coarse sand","",,0,"",0
"SoilTexture","",5.00,"CSL","Coarse sandy loam","",,0,"",0
"SoilTexture","",6.20,"FS","Fine sand","",,0,"",0
"SoilTexture","",7.00,"FSL","Fine sandy loam","",,0,"",0
"SoilTexture","",8.00,"HC","Heavy clay","",,0,"",0
"SoilTexture","",9.00,"L","Loam","",,0,"",0
"SoilTexture","",10.00,"LCS","Loamy coarse sand","",,0,"",0
"SoilTexture","",11.00,"LFS","Loamy fine sand","",,0,"",0
"SoilTexture","",12.00,"LMS","Loamy medium sand","",,0,"",0
"SoilTexture","",13.00,"LS","Loamy sand","",,0,"",0
"SoilTexture","",14.00,"LVFS","Loamy very fine sand","",,0,"",0
"SoilTexture","",15.00,"MS","Medium sand","",,0,"",0
"SoilTexture","",16.00,"MSL","Medium sandy loam","",,0,"",0
"SoilTexture","",17.00,"S","Sand","",,0,"",0
"SoilTexture","",18.00,"SC","Sandy clay","",,0,"",0
"SoilTexture","",19.00,"SCL","Sandy clay loam","",,0,"",0
"SoilTexture","",20.00,"SI","Silt","",,0,"",0
"SoilTexture","",21.00,"SIC","Silty clay","",,0,"",0
"SoilTexture","",22.00,"SICL","Silty clay loam","",,0,"",0
"SoilTexture","",23.00,"SIL","Silt loam","",,0,"",0
"SoilTexture","",24.00,"SL","Sandy loam","",,0,"",0
"SoilTexture","",25.00,"VFS","Very fine sand","",,0,"",0
"SoilTexture","",26.00,"VFSL","Very fine sandy loam","",,0,"",0
"StructuralStage","",2.00,"1","Non-vegetated/Sparse","StructuralStage",,1,"",0
"StructuralStage","",6.00,"2","Herb","StructuralStage",,1,"",0
"StructuralStage","",11.00,"3","Shrub/Stunted trees","StructuralStage",,1,"",0
"StructuralStage","",16.00,"4","Pole/Sapling","StructuralStage",,1,"",0
"StructuralStage","",17.00,"5","Young Forest","StructuralStage",,1,"",0
"StructuralStage","",18.00,"6","Mature Forest","StructuralStage",,0,"",0
"StructuralStage","",19.00,"7","Old Forest","StructuralStage",,0,"",0
"StructuralStage","",1.00,,"null","StructuralStage",,0,"",0
"StructuralStage","",3.00,"1a","Sparse","StructuralStage",,0,"",0
"StructuralStage","",4.00,"1b","Bryoid","StructuralStage",,0,"",0
"StructuralStage","",5.00,"1c","Lichen","StructuralStage",,0,"",0
"StructuralStage","",7.00,"2a","Forb-dominated","StructuralStage",,1,"",0
"StructuralStage","",8.00,"2b","Graminoid-dominated","StructuralStage",,1,"",0
"StructuralStage","",9.00,"2c","Aquatic","StructuralStage",,1,"",0
"StructuralStage","",10.00,"2d","Dwarf shrub-dominated","StructuralStage",,1,"",0
"StructuralStage","",12.00,"3a","Low Shrub","StructuralStage",,1,"",0
"StructuralStage","",13.00,"3b","Tall Shrub","StructuralStage",,1,"",0
"StructuralStage",,20.00,"7a","Old Forest","StructuralStage",,1,,0
"StructuralStage",,21.00,"7b","Very Old Forest","StructuralStage",,1,,0
"StructuralStageMod","",1.00,"","Null",,,0,"",0
"StructuralStageMod","",2.00,"i","irregular",,,0,"",0
"StructuralStageMod","",3.00,"m","multistoried",,,0,"",0
"StructuralStageMod","",4.00,"n","natural shelterwood",,,0,"",0
"StructuralStageMod","",5.00,"s","Single-storied",,,0,"",0
"StructuralStageMod","",6.00,"t","two-storied",,,0,"",0
"SuccessionalStatus","",1.00,"","null","SuccessionalStatus",,1,"",0
"SuccessionalStatus","",2.00,"DC","disclimax","SuccessionalStatus",,1,"",0
"SuccessionalStatus","",3.00,"MC","maturing climax","SuccessionalStatus",,1,"",0
"SuccessionalStatus","",4.00,"MS","maturing seral","SuccessionalStatus",,1,"",0
"SuccessionalStatus","",5.00,"NV","non-vegetated","SuccessionalStatus",,1,"",0
"SuccessionalStatus","",6.00,"OS","overmature seral","SuccessionalStatus",,1,"",0
"SuccessionalStatus","",7.00,"PS","pioneer seral","SuccessionalStatus",,1,"",0
"SuccessionalStatus","",8.00,"YC","young climax","SuccessionalStatus",,1,"",0
"SuccessionalStatus","",9.00,"YS","young seral","SuccessionalStatus",,1,"",0
"SuccessionalStatus",,10.00,"OC","Old Climax","SuccessionalStatus",,1,,0
"SurfaceExp","",1.00,"","Null",,,0,"",0
"SurfaceExp","",2.00,"a","Moderate slope",,,0,"",0
"SurfaceExp","",3.00,"b","Blanket",,,0,"",0
"SurfaceExp","",4.00,"c","Cones",,,0,"",0
"SurfaceExp","",5.00,"d","Depressions",,,0,"",0
"SurfaceExp","",6.00,"f","Fans",,,0,"",0
"SurfaceExp","",7.00,"h","Hummocks",,,0,"",0
"SurfaceExp","",8.00,"j","Gentle slopes",,,0,"",0
"SurfaceExp","",9.00,"k","Moderately steep slopes",,,0,"",0
"SurfaceExp","",10.00,"m","Rolling",,,0,"",0
"SurfaceExp","",11.00,"p","Plain",,,0,"",0
"SurfaceExp","",12.00,"r","Ridges",,,0,"",0
"SurfaceExp","",13.00,"s","Steep slope",,,0,"",0
"SurfaceExp","",14.00,"t","Terrace",,,0,"",0
"SurfaceExp","",15.00,"u","Undulating",,,0,"",0
"SurfaceExp","",16.00,"v","Veneer",,,0,"",0
"SurfaceExp","",17.00,"w","Mantle of variable thickness",,,0,"",0
"SurfaceExp",,18.00,"x","Thin veneer",,,0,,0
"SurfaceShape",,2.00,"CC","Concave",,,0,,0
"SurfaceShape",,4.00,"ST","Straight",,,0,,0
"SurfaceShape",,3.00,"CV","Convex",,,0,,0
"SurfaceShape",,1.00,,"Null",,,0,,0
"SurfaceTopography","",1.00,"","Null","SurfaceTopographyType",,1,"",0
"SurfaceTopography","",2.00,"cha","Channeled","SurfaceTopographyType",,1,"",0
"SurfaceTopography",,3.00,"dom","Domed","SurfaceTopographyType",,1,,0
"SurfaceTopography","",4.00,"gul","Gullied","SurfaceTopographyType",,1,"",0
"SurfaceTopography","",5.00,"hmk","Hummocked","SurfaceTopographyType",,1,"",0
"SurfaceTopography","",6.00,"lob","Lobed","SurfaceTopographyType",,1,"",0
"SurfaceTopography","",7.00,"mnd","Mounded","SurfaceTopographyType",,1,"",0
"SurfaceTopography","",8.00,"net","Netted","SurfaceTopographyType",,1,"",0
"SurfaceTopography","",9.00,"phi","Polygonal - high centred","SurfaceTopographyType",,1,"",0
"SurfaceTopography","",10.00,"plo","Polygonal - low centred","SurfaceTopographyType",,1,"",0
"SurfaceTopography","",11.00,"rib","Ribbed","SurfaceTopographyType",,1,"",0
"SurfaceTopography","",12.00,"smo","Smooth","SurfaceTopographyType",,1,"",0
"SurfaceTopography","",13.00,"tus","Tussocked","SurfaceTopographyType",,1,"",0
"SurfaceTopography","",14.00,"und","Undulating","SurfaceTopographyType",,1,"",0
"SurfaceTopographySize","",1.00,"","null",,,0,"",0
"SurfaceTopographySize","",2.00,"ex","extremely",,,0,"",0
"SurfaceTopographySize","",3.00,"mc","micro",,,0,"",0
"SurfaceTopographySize","",4.00,"md","moderately",,,0,"",0
"SurfaceTopographySize","",5.00,"sl","slightly",,,0,"",0
"SurfaceTopographySize","",6.00,"st","strongly",,,0,"",0
"SurfaceTopographySize","",7.00,"sv","severely",,,0,"",0
"SurfaceTopographySize","",8.00,"ul","ultra",,,0,"",0
"SurficialMaterial","",1.00,"","Null","SurficialMaterialSurf",,1,"",0
"SurficialMaterial","",2.00,"A","Anthropogenic","SurficialMaterialSurf",,1,"",0
"SurficialMaterial","",3.00,"C","Colluvium","SurficialMaterialSurf",,1,"",0
"SurficialMaterial","",4.00,"D","Weathered bedrock","SurficialMaterialSurf",,1,"",0
"SurficialMaterial","",5.00,"E","Eolian","SurficialMaterialSurf",,1,"",0
"SurficialMaterial","",6.00,"F","Fluvial","SurficialMaterialSurf",,1,"",0
"SurficialMaterial","",7.00,"FG","Glaciofluvial","SurficialMaterialSurf",,1,"",0
"SurficialMaterial","",8.00,"I","Ice","SurficialMaterialSurf",,1,"",0
"SurficialMaterial","",9.00,"L","Lacustrine","SurficialMaterialSurf",,1,"",0
"SurficialMaterial","",10.00,"LG","Glaciolacustrine","SurficialMaterialSurf",,1,"",0
"SurficialMaterial","",11.00,"M","Morainal","SurficialMaterialSurf",,1,"",0
"SurficialMaterial","",12.00,"O","Organic","SurficialMaterialSurf",,1,"",0
"SurficialMaterial","",13.00,"R","Bedrock","SurficialMaterialSurf",,1,"",0
"SurficialMaterial","",14.00,"U","Undifferentiated","SurficialMaterialSurf",,1,"",0
"SurficialMaterial","",15.00,"V","Volcanic","SurficialMaterialSurf",,1,"",0
"SurficialMaterial","",16.00,"W","Marine","SurficialMaterialSurf",,1,"",0
"SurficialMaterial","",17.00,"WG","Glaciomarine","SurficialMaterialSurf",,1,"",0
"TerrainTexture","",1.00,"","Null","",,0,"",0
"TerrainTexture","",2.00,"a","blocks","",,0,"",0
"TerrainTexture","",3.00,"b","boulders","",,0,"",0
"TerrainTexture","",4.00,"c","clay","",,0,"",0
"TerrainTexture","",5.00,"d","mixed fragments","",,0,"",0
"TerrainTexture","",6.00,"e","fibric",,,0,"",0
"TerrainTexture","",7.00,"g","gravel",,,0,"",0
"TerrainTexture","",8.00,"h","humic",,,0,"",0
"TerrainTexture","",9.00,"k","Cobble",,,0,"",0
"TerrainTexture","",10.00,"m","mud",,,0,"",0
"TerrainTexture","",11.00,"p","Pebbles",,,0,"",0
"TerrainTexture","",12.00,"r","rubble",,,0,"",0
"TerrainTexture","",13.00,"s","sand",,,0,"",0
"TerrainTexture","",14.00,"u","mesic",,,0,"",0
"TerrainTexture","",15.00,"x","angular","",,0,"",0
"TerrainTexture","",16.00,"y","shells","",,0,"",0
"TerrainTexture","",17.00,"z","silt","",,0,"",0
"TransDistrib","",2.00,"1","Homogenous","TransDistrib",,1,"",0
"TransDistrib","",3.00,"2","90% Homogenous","TransDistrib",,1,"",0
"TransDistrib","",4.00,"3","Homo-Transitional","TransDistrib",,1,"",0
"TransDistrib","",5.00,"4","Gradation","TransDistrib",,1,"",0
"TransDistrib","",6.00,"5","70%/30%","TransDistrib",,1,"",0
"TransDistrib","",7.00,"6","70%/20%/10%","TransDistrib",,1,"",0
"TransDistrib","",8.00,"7","50%+/50%transition","TransDistrib",,1,"",0
"TransDistrib","",9.00,"8","50%+trans/50%other","TransDistrib",,1,"",0
"TransDistrib","",1.00,"","null","TransDistrib",,1,"",0
"UtilizationCode",,1.00,,"null",,,0,,0
"UtilizationCode",,2.00,"0","Nil",,,0,,0
"UtilizationCode","",3.00,"1","Slight (1-15)","",,0,"",0
"UtilizationCode","",4.00,"2","Light (16-36)","",,0,"",0
"UtilizationCode","",5.00,"3","Moderate (36-65)","",,0,"",0
"UtilizationCode","",6.00,"4","Heavy (66-80)","",,0,"",0
"UtilizationCode",,7.00,"5","Extreme (80-100)",,,0,,0
"VegOther1",,1.00,,"null",,,0,,0
"VegOther1","",2.00,"1","Class 1","",,0,"",0
"VegOther1","",3.00,"2","Class 2","",,0,"",0
"VegOther1","",4.00,"3","Class 3","",,0,"",0
"VegOther1","",5.00,"4","Class 4","",,0,"",0
"VegOther2",,1.00,,"null",,,0,,0
"VegOther2","",2.00,"1","Class 1","",,0,"",0
"VegOther2","",3.00,"2","Class 2","",,0,"",0
"VegOther2","",4.00,"3","Class 3","",,0,"",0
"VegOther2","",5.00,"4","Class 4","",,0,"",0
"VigourCode",,1.00,,"null",,,0,,0
"VigourCode",,2.00,"0","Dead",,,0,,0
"VigourCode","",3.00,"1","Poor","",,0,"",0
"VigourCode","",4.00,"2","Fair","",,0,"",0
"VigourCode","",5.00,"3","Good","",,0,"",0
"VigourCode","",6.00,"4","Excellent",,,0,,0
"vonPost","",1.00,"1","undecomposed",,,0,,0
"vonPost","",2.00,"2","almost undecomposed",,,0,,0
"vonPost","",3.00,"3","very weakly decomposed",,,0,,0
"vonPost","",4.00,"4","weakly decomposed",,,0,,0
"vonPost","",5.00,"5","moderately decomposed",,,0,,0
"vonPost","",6.00,"6","strongly decomposed; 1/3 escapes",,,0,,0
"vonPost","",7.00,"7","strongly decomposed; 1/2 escapes",,,0,,0
"vonPost","",8.00,"8","very strongly decomposed",,,0,,0
"vonPost","",9.00,"9","almost completely decomposed",,,0,,0
"vonPost","",10.00,"10","completely decomposed",,,0,,0
"vonPost","",0.00,"","null",,,0,,0
"WaterSource","",1.00,"","Null","WaterSource",,1,"",0
"WaterSource","",2.00,"E","Tidal, saltwater","WaterSource",,1,"",0
"WaterSource","",3.00,"F","Stream sub-irrigation and flooding","WaterSource",,1,"",0
"WaterSource","",4.00,"G","Groundwater","WaterSource",,1,"",0
"WaterSource","",9.00,"Z","Permafrost","WaterSource",,1,"",0
"WaterSource","",5.00,"M","Mineral spring","WaterSource",,1,"",0
"WaterSource","",6.00,"P","Preciptitation","WaterSource",,1,"",0
"WaterSource","",7.00,"S","Snowmelt","WaterSource",,1,"",0
"WaterSource",,8.00,"T","Tidal, freshwater","WaterSource",,1,"",0
"WoodCondition","",2.00,"1","no decay","",,0,"",0
"WoodCondition","",3.00,"2","probable limited internal decay &/or deformities","",,0,"",0
"WoodCondition","",4.00,"3","wood esssentially hard, limited decay","",,0,"",0
"WoodCondition",,5.00,"4","wood mostly hard but decay spreading, soft wood present","",,0,"",0
"WoodCondition","",6.00,"5","balance of hard and soft wood, spongy sections","",,0,"",0
"WoodCondition","",7.00,"6","more soft and spongy wood than hard wood","",,0,"",0
"WoodCondition","",8.00,"7","no more hard wood. all soft or spongy, powdery sections","",,0,"",0
"WoodCondition","",9.00,"8","hollow shell, outer wood mostly hard or firm","",,0,"",0
"WoodCondition",,1.00,"","null","",,0,"",0
"Zone",,1.00,,"Null","Zone",,1,,0
"Filter Field List","",2.00,"BedrockGeology1","Bedrock Type","",,0,"",0
"Filter Field List","",4.00,"Ecosection","Ecosection","",,0,"",0
"Filter Field List","",5.00,"HumusForm","Humus Form","",,0,"",0
"Filter Field List","",6.00,"MapUnit","Map Unit","",,0,"",0
"Filter Field List","",7.00,"MoistureRegime","SMR","",,0,"",0
"Filter Field List","",8.00,"NtsMapSheet","Map Sheet","",,0,"",0
"Filter Field List","",9.00,"NutrientRegime","SNR","",,0,"",0
"Filter Field List","",10.00,"PlotNumber","Plot Number","",,0,"",0
"Filter Field List","",11.00,"SitePlotQuality","Plot Quality","",,0,"",0
"Filter Field List","",12.00,"FSRegionDistrict","Region","",,0,"",0
"Filter Field List","",13.00,"RootZoneParticleSize","Family Partical Size","",,0,"",0
"Filter Field List","",14.00,"SiteDisturbance1","Site Disturbance 1","",,0,"",0
"Filter Field List","",15.00,"SiteDisturbance2","Site Disturbance 2","",,0,"",0
"Filter Field List","",16.00,"FieldNumber","Site Number","",,0,"",0
"Filter Field List","",17.00,"SiteSeries","Site Series","",,0,"",0
"Filter Field List","",18.00,"SoilClassGroup","Soil Group","",,0,"",0
"Filter Field List","",19.00,"SoilClassSubGroup","Soil Sub Group","",,0,"",0
"Filter Field List","",20.00,"SoilDrainage","Drainage Class","",,0,"",0
"Filter Field List","",21.00,"StructuralStage","Structural Stage","",,0,"",0
"Filter Field List","",22.00,"SubZone","Bio Geo Subzone","",,0,,0
"Filter Field List","",23.00,"SuccessionalStatus","Successional Stage","",,0,,0
"Filter Field List","",25.00,"Zone","Bio Geo Zone","",,0,,0
"RealmClass",,27.00,"Rc","Rock - Cliff","RealmClass",,1,,0
"RealmClass",,28.00,"Rd","Rock - Dune","RealmClass",,1,,0
"RealmClass",,29.00,"Rl","Rock - Lava Flow","RealmClass",,1,,0
"RealmClass",,30.00,"Ro","Rock - Outcrop","RealmClass",,1,,0
"RealmClass",,31.00,"Rt","Rock - Talus","RealmClass",,1,,0
"RealmClass",,32.00,"Sc","Shrub - Shrubland","RealmClass",,1,,0
"RealmClass",,33.00,"Sk","Shrub - Krummholz","RealmClass",,1,,0
"RealmClass",,34.00,"Vh","Avalanche - Herb Meadow","RealmClass",,1,,0
"RealmClass",,35.00,"Vs","Avalanche - Shrub Thicket","RealmClass",,1,,0
"RealmClass",,36.00,"Vt","Avalanche - Treed","RealmClass",,1,,0
"RealmClass",,37.00,"Wa","Wetland - Alpine ","RealmClass",,1,,0
"RealmClass",,38.00,"Wb","Wetland - Bog","RealmClass",,1,,0
"RealmClass",,39.00,"Wf","Wetland - Fen","RealmClass",,1,,0
"RealmClass",,40.00,"Wm","Wetland - Marsh","RealmClass",,1,,0
"RealmClass",,41.00,"Ws","Wetland - Swamp","RealmClass",,1,,0
"RealmClass",,42.00,"Ww","Wetland - ShallowWater","RealmClass",,1,,0
"RealmClass",,43.00,"Xa","Anthropogenic Disclimax","RealmClass",,1,,0
"RealmClass",,44.00,"Xv","Vegetation Disclimax","RealmClass",,1,,0
"RealmClass",,45.00,"Xz","Zoogenic Disclimax","RealmClass",,1,,0
"Cultural1",,4.00,"2","Poor - Fair",,,0,,0
"Cultural1",,6.00,"4","Fair - Good",,,0,,0
"Zone",,3.00,"BAFA","Boreal Altai Fescue Alpine","Zone",,1,,0
"Zone",,4.00,"BG","Bunchgrass","Zone",,1,,0
"Zone",,5.00,"BWBS","Boreal White and Black Spruce","Zone",,1,,0
"Zone",,6.00,"CDF","Coastal Douglas-fir","Zone",,1,,0
"Zone",,7.00,"CMA","Coastal Mountain-heather Alpine","Zone",,1,,0
"Zone",,8.00,"CWH","Coastal Western Hemlock","Zone",,1,,0
"Zone",,9.00,"ESSF","Engelmann Spruce -- Subalpine Fir","Zone",,1,,0
"Zone",,10.00,"ICH","Interior Cedar -- Hemlock","Zone",,1,,0
"Zone",,11.00,"IDF","Interior Douglas-fir","Zone",,1,,0
"Zone",,12.00,"IMA","Interior Mountain-heather Alpine","Zone",,1,,0
"Zone",,13.00,"MH","Mountain Hemlock","Zone",,1,,0
"Zone",,14.00,"MS","Montane Spruce","Zone",,1,,0
"Zone",,15.00,"PP","Ponderosa Pine","Zone",,1,,0
"Zone",,16.00,"SBPS","Sub-Boreal Pine -- Spruce","Zone",,1,,0
"Zone",,17.00,"SBS","Sub-Boreal Spruce","Zone",,1,,0
"Zone",,18.00,"SWB","Spruce -- Willow -- Birch","Zone",,1,,0
"SubZone",,1.00,,"Null","SubZone",,1,,0
"SubZone",,2.00,"dc","Dry Cold","SubZone",,1,,0
"SubZone",,3.00,"dc","Dry Cold","SubZone",,1,,0
"SubZone",,4.00,"dcp","Dry Cold Parkland","SubZone",,1,,0
"SubZone",,5.00,"dcw","Dry Cold Woodland","SubZone",,1,,0
"SubZone",,6.00,"dh","Dry Hot","SubZone",,1,,0
"SubZone",,7.00,"dk","Dry Cool","SubZone",,1,,0
"SubZone",,8.00,"dkp","Dry Cool Parkland","SubZone",,1,,0
"SubZone",,9.00,"dks","Dry Cool Scrub","SubZone",,1,,0
"SubZone",,10.00,"dku","Dry Cool Woodland and Parkland","SubZone",,1,,0
"SubZone",,11.00,"dkw","Dry Cool Woodland","SubZone",,1,,0
"SubZone",,12.00,"dm","Dry Maritime","SubZone",,1,,0
"SubZone",,13.00,"dm","Dry Mild","SubZone",,1,,0
"SubZone",,14.00,"dmp","Dry Mild Parkland","SubZone",,1,,0
"SubZone",,15.00,"dmw","Dry Mild Woodland","SubZone",,1,,0
"SubZone",,16.00,"ds","Dry Submaritime","SubZone",,1,,0
"SubZone",,17.00,"dv","Dry Very Cold","SubZone",,1,,0
"SubZone",,18.00,"dvp","Dry Very Cold Parkland","SubZone",,1,,0
"SubZone",,19.00,"dvw","Dry Very Cold Woodland","SubZone",,1,,0
"SubZone",,20.00,"dw","Dry Warm","SubZone",,1,,0
"SubZone",,21.00,"mc","Moist Cold","SubZone",,1,,0
"SubZone",,22.00,"mcp","Moist Cold Parkland","SubZone",,1,,0
"SubZone",,23.00,"mh","Moist Hot","SubZone",,1,,0
"SubZone",,24.00,"mk","Moist Cool","SubZone",,1,,0
"SubZone",,25.00,"mkp","Moist Cool Parkland","SubZone",,1,,0
"SubZone",,26.00,"mks","Moist Cool Scrub","SubZone",,1,,0
"SubZone",,27.00,"mm","Moist Maritime","SubZone",,1,,0
"SubZone",,28.00,"mm","Moist Mild","SubZone",,1,,0
"SubZone",,29.00,"mmp","Moist Maritime Parkland","SubZone",,1,,0
"SubZone",,30.00,"mmp","Moist Mild Parkland","SubZone",,1,,0
"SubZone",,31.00,"mmw","Moist Mild Woodland","SubZone",,1,,0
"SubZone",,32.00,"ms","Moist Submaritime","SubZone",,1,,0
"SubZone",,33.00,"mv","Moist Very Cold","SubZone",,1,,0
"SubZone",,34.00,"mvp","Moist Very Cold Parkland","SubZone",,1,,0
"SubZone",,35.00,"mw","Moist Warm","SubZone",,1,,0
"SubZone",,36.00,"mwp","Moist Warm Parkland","SubZone",,1,,0
"SubZone",,37.00,"mww","Moist Warm Woodland","SubZone",,1,,0
"SubZone",,38.00,"un","Undifferentiated","SubZone",,1,,0
"SubZone",,39.00,"unp","Undifferentiated and Parkland","SubZone",,1,,0
"SubZone",,40.00,"unp","Undifferentiated Parkland","SubZone",,1,,0
"SubZone",,41.00,"uns","Undifferentiated Scrub","SubZone",,1,,0
"SubZone",,42.00,"vc","Very Wet Cold","SubZone",,1,,0
"SubZone",,43.00,"vcp","Very Wet Cold Parkland","SubZone",,1,,0
"SubZone",,44.00,"vcw","Very Wet Cold Woodland","SubZone",,1,,0
"SubZone",,45.00,"vh","Very Wet Hypermaritime","SubZone",,1,,0
"SubZone",,46.00,"vk","Very Wet Cool","SubZone",,1,,0
"SubZone",,47.00,"vks","Very Wet Cool Scrub","SubZone",,1,,0
"SubZone",,48.00,"vm","Very Wet Maritime","SubZone",,1,,0
"SubZone",,49.00,"vv","Very Wet Very Cold","SubZone",,1,,0
"SubZone",,50.00,"vvp","Very Wet Very Cold Parkland","SubZone",,1,,0
"SubZone",,51.00,"wc","Wet Cold","SubZone",,1,,0
"SubZone",,52.00,"wcp","Wet Cold Parkland","SubZone",,1,,0
"SubZone",,53.00,"wcw","Wet Cold Woodland","SubZone",,1,,0
"SubZone",,54.00,"wh","Wet Hypermaritime","SubZone",,1,,0
"SubZone",,55.00,"whp","Wet Hypermaritime Parkland","SubZone",,1,,0
"SubZone",,56.00,"wk","Wet Cool","SubZone",,1,,0
"SubZone",,57.00,"wm","Wet Maritime","SubZone",,1,,0
"SubZone",,58.00,"wm","Wet Mild","SubZone",,1,,0
"SubZone",,59.00,"wmp","Wet Mild Parkland","SubZone",,1,,0
"SubZone",,60.00,"wmw","Wet Mild Woodland","SubZone",,1,,0
"SubZone",,61.00,"ws","Wet Submaritime","SubZone",,1,,0
"SubZone",,62.00,"wv","Wet Very Cold","SubZone",,1,,0
"SubZone",,63.00,"wvp","Wet Very Cold Parkland","SubZone",,1,,0
"SubZone",,64.00,"ww","Wet Warm","SubZone",,1,,0
"SubZone",,65.00,"xc","Very Dry Cold","SubZone",,1,,0
"SubZone",,66.00,"xcp","Very Dry Cold Parkland","SubZone",,1,,0
"SubZone",,67.00,"xcw","Very Dry Cold Woodland","SubZone",,1,,0
"SubZone",,68.00,"xh","Very Dry Hot","SubZone",,1,,0
"SubZone",,69.00,"xk","Very Dry Cool","SubZone",,1,,0
"SubZone",,70.00,"xm","Very Dry Maritime","SubZone",,1,,0
"SubZone",,71.00,"xm","Very Dry Mild","SubZone",,1,,0
"SubZone",,72.00,"xv","Very Dry Very Cold","SubZone",,1,,0
"SubZone",,73.00,"xvp","Very Dry Very Cold Parkland","SubZone",,1,,0
"SubZone",,74.00,"xvw","Very Dry Very Cold Woodland","SubZone",,1,,0
"SubZone",,75.00,"xw","Very Dry Warm","SubZone",,1,,0
"HumusForm",,23.00,"PR","Paramor","HumusForm",,1,,0
"HumusForm",,24.00,"PL","Paramull","HumusForm",,1,,0
"Species",,1.00,"A","Populus",,,0,,0
"Species",,2.00,"Ac","Populus balsamifera",,,0,,0
"Species",,3.00,"Acb","Populus b. ssp. balsamifera",,,0,,0
"Species",,4.00,"Act","Populus b. ssp. trichocarpa",,,0,,0
"Species",,5.00,"Ad","Populus deltoides (exotic)",,,0,,0
"Species",,6.00,"At","Populus tremuloides",,,0,,0
"Species",,7.00,"Ax","Populus sp. x P. sp.",,,0,,0
"Species",,8.00,"B","Abies",,,0,,0
"Species",,9.00,"Ba","Abies amabilis",,,0,,0
"Species",,10.00,"Bb","Abies balsamea (exotic)",,,0,,0
"Species",,11.00,"Bc","Abies concolor (exotic)",,,0,,0
"Species",,12.00,"Bg","Abies grandis",,,0,,0
"Species",,13.00,"Bl","Abies lasiocarpa",,,0,,0
"Species",,14.00,"Bm","Abies magnifica var. shastensis (exotic)",,,0,,0
"Species",,15.00,"Bp","Abies procera (exotic)",,,0,,0
"Species",,16.00,"C","Thuja",,,0,,0
"Species",,17.00,"Cw","Thuja plicata",,,0,,0
"Species",,18.00,"D","Alnus",,,0,,0
"Species",,19.00,"Dr","Alnus rubra",,,0,,0
"Species",,20.00,"E","Betula",,,0,,0
"Species",,21.00,"Ea","Betula neoalaskana",,,0,,0
"Species",,22.00,"Ee","Betula pendula (exotic)",,,0,,0
"Species",,23.00,"Ep","Betula papyrifera",,,0,,0
"Species",,24.00,"Es","Betula pubescens (exotic)",,,0,,0
"Species",,25.00,"Ew","Betula occidentalis",,,0,,0
"Species",,26.00,"Exp","Betula x winteri",,,0,,0
"Species",,27.00,"Ey","Betula alleghaniensis",,,0,,0
"Species",,28.00,"F","Pseudotsuga",,,0,,0
"Species",,29.00,"Fd","Pseudotsuga menziesii",,,0,,0
"Species",,30.00,"Fdc","Pseudotsuga menziesii var. menziesii",,,0,,0
"Species",,31.00,"Fdi","Pseudotsuga menziesii var. glauca",,,0,,0
"Species",,32.00,"G","Cornus",,,0,,0
"Species",,33.00,"Gp","Cornus nuttallii",,,0,,0
"Species",,34.00,"H","Tsuga",,,0,,0
"Species",,35.00,"Hm","Tsuga mertensiana",,,0,,0
"Species",,36.00,"Hw","Tsuga heterophylla",,,0,,0
"Species",,37.00,"Hxm","Tsuga mertensiana x heterophylla",,,0,,0
"Species",,38.00,"J","Juniperus",,,0,,0
"Species",,39.00,"Jr","Juniperus scopulorum",,,0,,0
"Species",,40.00,"Js","Juniperus maritima",,,0,,0
"Species",,41.00,"K","Rhamnus",,,0,,0
"Species",,42.00,"Kc","Rhamnus purshiana",,,0,,0
"Species",,43.00,"L","Larix",,,0,,0
"Species",,44.00,"La","Larix lyallii",,,0,,0
"Species",,45.00,"Ld","Larix gmelinii (exotic)",,,0,,0
"Species",,46.00,"Ls","Larix siberica (exotic)",,,0,,0
"Species",,47.00,"Lt","Larix laricina",,,0,,0
"Species",,48.00,"Lw","Larix occidentalis",,,0,,0
"Species",,49.00,"M","Acer",,,0,,0
"Species",,50.00,"Mb","Acer macrophyllum",,,0,,0
"Species",,51.00,"Me","Acer negundo (exotic)",,,0,,0
"Species",,52.00,"Mn","Acer platanoides (exotic)",,,0,,0
"Species",,53.00,"Ms","Acer pseudoplatanus (exotic)",,,0,,0
"Species",,54.00,"Mv","Acer circinatum",,,0,,0
"Species",,55.00,"Oa","Calocedrus decurrens (exotic)",,,0,,0
"Species",,56.00,"Ob","Sequoiadendron giganteum (exotic)",,,0,,0
"Species",,57.00,"Oc","Sequoia sempervirens (exotic)",,,0,,0
"Species",,58.00,"Od","Sorbus aucuparia (exotic)",,,0,,0
"Species",,59.00,"Oe","Ulmus pumila (exotic)",,,0,,0
"Species",,60.00,"Of","Pyrus communis (exotic)",,,0,,0
"Species",,61.00,"Og","Fraxinus latifolia (exotic)",,,0,,0
"Species",,62.00,"Oh","Fraxinus americana (exotic)",,,0,,0
"Species",,63.00,"Oi","Carya ovata (exotic)",,,0,,0
"Species",,64.00,"Oj","Ailanthus altissima (exotic)",,,0,,0
"Species",,65.00,"Ok","Juglans ailanthifolia (exotic)",,,0,,0
"Species",,66.00,"P","Pinus",,,0,,0
"Species",,67.00,"Pa","Pinus albicaulis",,,0,,0
"Species",,68.00,"Pf","Pinus flexilis",,,0,,0
"Species",,69.00,"Pj","Pinus banksiana",,,0,,0
"Species",,70.00,"Pl","Pinus contorta",,,0,,0
"Species",,71.00,"Plc","Pinus contorta var. contorta",,,0,,0
"Species",,72.00,"Pli","Pinus contorta var. latifolia",,,0,,0
"Species",,73.00,"Pm","Pinus radiata (exotic)",,,0,,0
"Species",,74.00,"Pr","Pinus resinosa (exotic)",,,0,,0
"Species",,75.00,"Ps","Pinus lambertiana (exotic)",,,0,,0
"Species",,76.00,"Pw","Pinus monticola",,,0,,0
"Species",,77.00,"Pxj","Pinus x murraybanksiana",,,0,,0
"Species",,78.00,"Py","Pinus ponderosa",,,0,,0
"Species",,79.00,"Q","Quercus",,,0,,0
"Species",,80.00,"Qe","Quercus robur (exotic)",,,0,,0
"Species",,81.00,"Qg","Quercus garryana",,,0,,0
"Species",,82.00,"Qw","Quercus alba (exotic)",,,0,,0
"Species",,83.00,"R","Arbutus",,,0,,0
"Species",,84.00,"Ra","Arbutus menziesii",,,0,,0
"Species",,85.00,"S","Picea",,,0,,0
"Species",,86.00,"Sb","Picea mariana",,,0,,0
"Species",,87.00,"Se","Picea engelmannii",,,0,,0
"Species",,88.00,"Sn","Picea abies (exotic)",,,0,,0
"Species",,89.00,"Ss","Picea sitchensis",,,0,,0
"Species",,90.00,"Sw","Picea glauca",,,0,,0
"Species",,91.00,"Sx","Picea cross",,,0,,0
"Species",,92.00,"Sxl","Picea x lutzii",,,0,,0
"Species",,93.00,"Sxs","Picea sitchensis x ?",,,0,,0
"Species",,94.00,"Sxw","Picea engelmannii x glauca",,,0,,0
"Species",,95.00,"T","Taxus",,,0,,0
"Species",,96.00,"Tw","Taxus brevifolia",,,0,,0
"Species",,97.00,"U","Malus",,,0,,0
"Species",,98.00,"Ua","Malus pumila (exotic)",,,0,,0
"Species",,99.00,"Up","Malus fusca",,,0,,0
"Species",,100.00,"V","Prunus",,,0,,0
"Species",,101.00,"Vb","Prunus emarginata",,,0,,0
"Species",,102.00,"Vp","Prunus pensylvanica",,,0,,0
"Species",,103.00,"Vs","Prunus avium (exotic)",,,0,,0
"Species",,104.00,"Vv","Prunus virginiana",,,0,,0
"Species",,105.00,"W","Salix",,,0,,0
"Species",,106.00,"Wa","Salix amygdaloides",,,0,,0
"Species",,107.00,"Wb","Salix bebbiana",,,0,,0
"Species",,108.00,"Wd","Salix discolor",,,0,,0
"Species",,109.00,"Wp","Salix lucida",,,0,,0
"Species",,110.00,"Ws","Salix scouleriana",,,0,,0
"Species",,111.00,"Wt","Salix sitchensis",,,0,,0
"Species",,112.00,"X","Unknown",,,0,,0
"Species",,113.00,"Xc","Unknown conifer",,,0,,0
"Species",,114.00,"Xh","Unknown hardwood",,,0,,0
"Species",,115.00,"Y","Chamaecyparis",,,0,,0
"Species",,116.00,"Yc","Chamaecyparis nootkatensis",,,0,,0
"Species",,117.00,"Yp","Chamaecyparis lawsoniana (exotic)",,,0,,0
"Species",,118.00,"Z","Other tree, not on list",,,0,,0
"Species",,119.00,"Zc","Other conifer",,,0,,0
"Species",,120.00,"Zh","Other hardwood",,,0,,0
"PlotType",,1.00,"Ground","Ground",,,0,,0
"PlotType",,2.00,"Visual","Visual",,,0,,0
"PlotType",,3.00,"Note","Note",,,0,,0
"PlotType",,4.00,"FS882","FS882",,,0,,0
"PlotType",,6.00,"Other","Other",,,0,,0
"GeoreferenceMethod",,1.00,,"Null","Metadata form",,0,,0
"GeoreferenceMethod",,2.00,"GPS +/- 10m",,"Metadata form",,0,,0
"GeoreferenceMethod",,4.00,"Base-correct",,"Metadata form",,0,,0
"GeoreferenceMethod",,5.00,"Pre 2000",,"Metadata form",,0,,0
"GeoreferenceMethod",,9.00,"Other",,"Metadata form",,0,,0
"CoordSystem",,1.00,,"Null","Metadata form",,0,,0
"CoordSystem",,2.00,"UTM",,"Metadata form",,0,,0
"CoordSystem",,3.00,"dd.ddd",,"Metadata form",,0,,0
"CoordSystem",,4.00,"dd.mm.mmm",,"Metadata form",,0,,0
"CoordSystem",,5.00,"dd.mm.ss.s",,"Metadata form",,0,,0
"CoordSystem",,6.00,"Other",,"Metadata form",,0,,0
"EcosysCollectionStandard",,1.00,,"Null","Metadata form",,0,,0
"EcosysCollectionStandard",,2.00,"DEIF 1980",,"Metadata form",,0,,0
"EcosysCollectionStandard",,3.00,"DEIF 1990",,"Metadata form",,0,,0
"EcosysCollectionStandard",,4.00,"DTE 1998",,"Metadata form",,0,,0
"EcosysCollectionStandard",,5.00,"DTE 2010",,"Metadata form",,0,,0
"EcosysCollectionStandard",,6.00,"YBIS",,"Metadata form",,0,,0
"EcosysCollectionStandard",,7.00,"CHAR",,"Metadata form",,0,,0
"EcosysCollectionStandard",,8.00,"Dom",,"Metadata form",,0,,0
"EcosysCollectionStandard",,10.00,"Other",,"Metadata form",,0,,0
"Datum",,1.00,,"Null","Metadata form",,0,,0
"Datum",,2.00,"NAD27",,"Metadata form",,0,,0
"Datum",,3.00,"NAD83",,"Metadata form",,0,,0
"Datum",,4.00,"Other",,"Metadata form",,0,,0
"VegCoverMethod",,1.00,,"Null","Metadata form",,0,,0
"VegCoverMethod",,2.00,"Percent",,"Metadata form",,0,,0
"VegCoverMethod",,3.00,"Braun-Blanquet",,"Metadata form",,0,,0
"VegCoverMethod",,4.00,"Domin-Krajina",,"Metadata form",,0,,0
"VegCoverMethod",,5.00,"Other",,"Metadata form",,0,,0
"PlotMethod",,1.00,,"Null","Metadata form",,0,,0
"PlotMethod",,2.00,"20x20",,"Metadata form",,0,,0
"PlotMethod",,3.00,"Nested",,"Metadata form",,0,,0
"PlotMethod",,4.00,"1x1",,"Metadata form",,0,,0
"PlotMethod",,5.00,"Transect",,"Metadata form",,0,,0
"PlotMethod",,6.00,"Frame",,"Metadata form",,0,,0
"PlotMethod",,7.00,"Other",,"Metadata form",,0,,0
"MensurationMethod",,1.00,,"Null","Metadata form",,0,,0
"MensurationMethod",,2.00,"Fixed",,"Metadata form",,0,,0
"MensurationMethod",,3.00,"Prism",,"Metadata form",,0,,0
"MensurationMethod",,4.00,"Paired Prisim",,"Metadata form",,0,,0
"MensurationMethod",,5.00,"Other",,"Metadata form",,0,,0
"ProjectType",,1.00,,"Null","Metadata form",,0,,0
"ProjectType",,2.00,"BEC","Plots collected for development of the Classification","Metadata form",,0,,0
"ProjectType",,3.00,"TEM","Plots collected for a Terrestrial Ecosystem Map project","Metadata form",,0,,0
"ProjectType",,4.00,"SIBEC","Plots for Site Index by Site Series or Grow & Yield","Metadata form",,0,,0
"ProjectType",,10.00,"Other",,"Metadata form",,0,,0
"EcosysCollectionStandard",,9.00,"LMH25",,"Metadata form",,0,,0
"GeoreferenceMethod",,3.00,"GPS +/- 300m",,"Metadata form",,0,,0
"GeoreferenceMethod",,6.00,"1:10k",,"Metadata form",,0,,0
"GeoreferenceMethod",,7.00,"1:50k",,"Metadata form",,0,,0
"GeoreferenceMethod",,8.00,"1:250k",,"Metadata form",,0,,0
"SiteDisturbance",,127.00,"X","Miscellaneous (For other disturbance types, enter “X” and describe under “Notes"")","SiteDisturbance","3",1,,0
"SoilTexture",,6.10,"FI","Fibric",,,0,,0
"MensurationType",,0.00,,"Null","FullCruiseCard",,0,,0
"MensurationType",,1.00,"Cruise Plot","Cruise Plot","FullCruiseCard",,0,,0
"MensurationType",,2.00,"CWD Plot","CWD Plot","FullCruiseCard",,0,,0
"MensurationType",,3.00,"Wildlife Plot","Wildlife Plot","FullCruiseCard",,0,,0
"MensurationType",,4.00,"Informal Plot","Informal Plot","FullCruiseCard",,0,,0
"MensurationType",,5.00,"Site Index Plot","Site Index Plot","FullCruiseCard",,0,,0
"Accuracy",,0.00,,"Null","LocationAccuracy",,0,,0
"Accuracy",,1.00,"1","GPS base-corrected","LocationAccuracy",,0,,0
"Accuracy",,2.00,"10","GPS","LocationAccuracy",,0,,0
"Accuracy",,3.00,"100","1:10k scrambled GPS","LocationAccuracy",,0,,0
"Accuracy",,4.00,"1000","1:50k","LocationAccuracy",,0,,0
"Accuracy",,5.00,"10000","1:250k","LocationAccuracy",,0,,0
"ProjectType",,5.00,"Monitoring","Plots established for repeated measurements","Metadata form",,0,,0
"ProjectType",,6.00,"PEM","Plots collected for a Predictive Ecosystem Map project","Metadata form",,0,,0
"ProjectType",,8.00,"Thesis","Plots collected for academic research","Metadata form",,0,,0
"ProjectType",,9.00,"VRI","Vegetation Resources Inventory or Forest Cover","Metadata form",,0,,0
"ProjectType",,7.00,"Research","Plots established as part of research trials","Metadata form",,0,,0
"SoilClassSubgroup",,54.00,"BRD","Brunisolic Dystric","SoilClassSubgroup",,1,,0
"SoilClassSubgroup",,55.00,"BRE","Brunisolic Eutric","SoilClassSubgroup",,1,,0
"SoilClassSubgroup",,56.00,"GLA","Gleyed Calcareous","SoilClassSubgroup",,1,,0
"SoilClassSubgroup",,57.00,"GLV","Gleyed Vertic","SoilClassSubgroup",,1,,0
"SoilClassSubgroup",,58.00,"HD","Histic Dystric","SoilClassSubgroup",,1,,0
"SoilClassSubgroup",,59.00,"L","Luvisolic","SoilClassSubgroup",,1,,0
"SoilClassSubgroup",,60.00,"LU","Luvisolic","SoilClassSubgroup",,1,,0
"SoilClassSubgroup",,61.00,"OD","Orthic Dystric","SoilClassSubgroup",,1,,0
"SoilClassSubgroup",,62.00,"OE","Orthic Eutric","SoilClassSubgroup",,1,,0
"Ecosection",,1.00,,"Null","Ecosection",,0,,0
"Ecosection",,2.00,"ALR","Alsek Ranges","Ecosection",,0,,0
"Ecosection",,3.00,"BAU","Babine Upland","Ecosection",,0,,0
"Ecosection",,4.00,"BBT","Big Bend Trench","Ecosection",,0,,0
"Ecosection",,5.00,"BOV","Bowron Valley","Ecosection",,0,,0
"Ecosection",,6.00,"BUB","Bulkley Basin","Ecosection",,0,,0
"Ecosection",,7.00,"BUR","Bulkley Ranges","Ecosection",,0,,0
"Ecosection",,8.00,"CAB","Cariboo Basin","Ecosection",,0,,0
"Ecosection",,9.00,"CAM","Cariboo Mountains","Ecosection",,0,,0
"Ecosection",,10.00,"CAP","Cariboo Plateau","Ecosection",,0,,0
"Ecosection",,11.00,"CAR","Cassiar Ranges","Ecosection",,0,,0
"Ecosection",,12.00,"CBR","Central Boundary Ranges","Ecosection",,0,,0
"Ecosection",,13.00,"CCR","Central Chilcotin Ranges","Ecosection",,0,,0
"Ecosection",,14.00,"CCM","Central Columbia Mountains","Ecosection",,0,,0
"Ecosection",,15.00,"CPR","Central Pacific Ranges","Ecosection",,0,,0
"Ecosection",,16.00,"CPK","Central Park Ranges","Ecosection",,0,,0
"Ecosection",,17.00,"CHP","Chilcotin Plateau","Ecosection",,0,,0
"Ecosection",,18.00,"CLH","Clear Hills","Ecosection",,0,,0
"Ecosection",,19.00,"CNS","Continental Slope","Ecosection",,0,,0
"Ecosection",,20.00,"CRU","Cranberry Upland","Ecosection",,0,,0
"Ecosection",,21.00,"COC","Crown of the Continent","Ecosection",,0,,0
"Ecosection",,22.00,"DIE","Dixon Entrance","Ecosection",,0,,0
"Ecosection",,23.00,"EKT","East Kootenay Trench","Ecosection",,0,,0
"Ecosection",,24.00,"EMR","Eastern Muskwa Ranges","Ecosection",,0,,0
"Ecosection",,25.00,"EPR","Eastern Pacific Ranges","Ecosection",,0,,0
"Ecosection",,26.00,"EPM","Eastern Purcell Mountains","Ecosection",,0,,0
"Ecosection",,27.00,"ESM","Eastern Skeena Mountains","Ecosection",,0,,0
"Ecosection",,28.00,"ELV","Elk Valley","Ecosection",,0,,0
"Ecosection",,29.00,"ETP","Etsho Plateau","Ecosection",,0,,0
"Ecosection",,30.00,"FRT","Finlay River Trench","Ecosection",,0,,0
"Ecosection",,31.00,"FLV","Flathead Valley","Ecosection",,0,,0
"Ecosection",,32.00,"FNL","Fort Nelson Lowland","Ecosection",,0,,0
"Ecosection",,33.00,"FRL","Fraser Lowland","Ecosection",,0,,0
"Ecosection",,34.00,"FRB","Fraser River Basin","Ecosection",,0,,0
"Ecosection",,35.00,"FRR","Front Ranges","Ecosection",,0,,0
"Ecosection",,36.00,"GEL","Georgia Lowland","Ecosection",,0,,0
"Ecosection",,37.00,"GUU","Guichon Upland","Ecosection",,0,,0
"Ecosection",,38.00,"HAP","Halfway Plateau","Ecosection",,0,,0
"Ecosection",,39.00,"HAF","Hart Foothills","Ecosection",,0,,0
"Ecosection",,40.00,"HEL","Hecate Lowland","Ecosection",,0,,0
"Ecosection",,41.00,"HES","Hecate Strait","Ecosection",,0,,0
"Ecosection",,42.00,"HOR","Hozameen Range","Ecosection",,0,,0
"Ecosection",,43.00,"HYP","Hyland Plateau","Ecosection",,0,,0
"Ecosection",,44.00,"JOS","Johnstone Strait","Ecosection",,0,,0
"Ecosection",,45.00,"JDF","Juan de Fuca Strait","Ecosection",,0,,0
"Ecosection",,46.00,"KEM","Kechika Mountains","Ecosection",,0,,0
"Ecosection",,47.00,"KRT","Kechika River Trench","Ecosection",,0,,0
"Ecosection",,48.00,"KIM","Kimsquit Mountains","Ecosection",,0,,0
"Ecosection",,49.00,"KIP","Kiskatinaw Plateau","Ecosection",,0,,0
"Ecosection",,50.00,"KIR","Kitimat Ranges","Ecosection",,0,,0
"Ecosection",,51.00,"KLR","Kluane Ranges","Ecosection",,0,,0
"Ecosection",,52.00,"LIM","Leeward Island Mountains","Ecosection",,0,,0
"Ecosection",,53.00,"LPR","Leeward Pacific Ranges","Ecosection",,0,,0
"Ecosection",,54.00,"LIP","Liard Plain","Ecosection",,0,,0
"Ecosection",,55.00,"MAP","Manson Plateau","Ecosection",,0,,0
"Ecosection",,56.00,"MAU","Maxhamish Upland","Ecosection",,0,,0
"Ecosection",,57.00,"MCR","McGillivray Range","Ecosection",,0,,0
"Ecosection",,58.00,"MCP","McGregor Plateau","Ecosection",,0,,0
"Ecosection",,59.00,"MEM","Meziadin Mountains","Ecosection",,0,,0
"Ecosection",,60.00,"MIR","Misinchinka Ranges","Ecosection",,0,,0
"Ecosection",,61.00,"MUF","Muskwa Foothills","Ecosection",,0,,0
"Ecosection",,62.00,"MUU","Muskwa Upland","Ecosection",,0,,0
"Ecosection",,63.00,"NWL","Nahwitti Lowland","Ecosection",,0,,0
"Ecosection",,64.00,"NAL","Nanaimo Lowland","Ecosection",,0,,0
"Ecosection",,65.00,"NAB","Nass Basin","Ecosection",,0,,0
"Ecosection",,66.00,"NAM","Nass Mountains","Ecosection",,0,,0
"Ecosection",,67.00,"NAU","Nazko Upland","Ecosection",,0,,0
"Ecosection",,68.00,"NEL","Nechako Lowland","Ecosection",,0,,0
"Ecosection",,69.00,"NEU","Nechako Upland","Ecosection",,0,,0
"Ecosection",,70.00,"NIB","Nicola Basin","Ecosection",,0,,0
"Ecosection",,71.00,"NCF","North Coast Fjords","Ecosection",,0,,0
"Ecosection",,72.00,"NBR","Northern Boundary Ranges","Ecosection",,0,,0
"Ecosection",,73.00,"NHR","Northern Hart Ranges","Ecosection",,0,,0
"Ecosection",,74.00,"NIM","Northern Island Mountains","Ecosection",,0,,0
"Ecosection",,75.00,"NKM","Northern Kootenay Mountains","Ecosection",,0,,0
"Ecosection",,76.00,"NOB","Northern Okanagan Basin","Ecosection",,0,,0
"Ecosection",,77.00,"NOH","Northern Okanagan Highland","Ecosection",,0,,0
"Ecosection",,78.00,"NOM","Northern Omineca Mountains","Ecosection",,0,,0
"Ecosection",,79.00,"NPR","Northern Pacific Ranges","Ecosection",,0,,0
"Ecosection",,80.00,"NPK","Northern Park Ranges","Ecosection",,0,,0
"Ecosection",,81.00,"NSH","Northern Shuswap Highland","Ecosection",,0,,0
"Ecosection",,82.00,"NSM","Northern Skeena Mountains","Ecosection",,0,,0
"Ecosection",,83.00,"NTU","Northern Thompson Upland","Ecosection",,0,,0
"Ecosection",,84.00,"NWC","Northwestern Cascade Ranges","Ecosection",,0,,0
"Ecosection",,85.00,"OKR","Okanagan Range","Ecosection",,0,,0
"Ecosection",,86.00,"OUF","Outer Fjordland","Ecosection",,0,,0
"Ecosection",,87.00,"PAT","Parsnip Trench","Ecosection",,0,,0
"Ecosection",,88.00,"PAR","Pavilion Ranges","Ecosection",,0,,0
"Ecosection",,89.00,"PEF","Peace Foothills","Ecosection",,0,,0
"Ecosection",,90.00,"PEL","Peace Lowland","Ecosection",,0,,0
"Ecosection",,91.00,"PEP","Petitot Plain","Ecosection",,0,,0
"Ecosection",,92.00,"QCL","Queen Charlotte Lowland","Ecosection",,0,,0
"Ecosection",,93.00,"QCR","Queen Charlotte Ranges","Ecosection",,0,,0
"Ecosection",,94.00,"QCS","Queen Charlotte Sound","Ecosection",,0,,0
"Ecosection",,95.00,"QCT","Queen Charlotte Strait","Ecosection",,0,,0
"Ecosection",,96.00,"QUH","Quesnel Highland","Ecosection",,0,,0
"Ecosection",,97.00,"QUL","Quesnel Lowland","Ecosection",,0,,0
"Ecosection",,98.00,"RAP","Rabbit Plateau","Ecosection",,0,,0
"Ecosection",,99.00,"SFH","Selkirk Foothills","Ecosection",,0,,0
"Ecosection",,100.00,"SHB","Shuswap Basin","Ecosection",,0,,0
"Ecosection",,101.00,"SRH","Shuswap River Highland","Ecosection",,0,,0
"Ecosection",,102.00,"SCU","Sikanni Chief Upland","Ecosection",,0,,0
"Ecosection",,103.00,"SIU","Simpson Upland","Ecosection",,0,,0
"Ecosection",,104.00,"SKP","Skidegate Plateau","Ecosection",,0,,0
"Ecosection",,105.00,"SBP","Southern Boreal Plateau","Ecosection",,0,,0
"Ecosection",,106.00,"SBR","Southern Boundary Ranges","Ecosection",,0,,0
"Ecosection",,107.00,"SCR","Southern Chilcotin Ranges","Ecosection",,0,,0
"Ecosection",,108.00,"SCM","Southern Columbia Mountains","Ecosection",,0,,0
"Ecosection",,109.00,"SGI","Southern Gulf Islands","Ecosection",,0,,0
"Ecosection",,110.00,"SHR","Southern Hart Ranges","Ecosection",,0,,0
"Ecosection",,111.00,"SOB","Southern Okanogan Basin","Ecosection",,0,,0
"Ecosection",,112.00,"SOH","Southern Okanogan Highland","Ecosection",,0,,0
"Ecosection",,113.00,"SOM","Southern Omineca Mountains","Ecosection",,0,,0
"Ecosection",,114.00,"SPR","Southern Pacific Ranges","Ecosection",,0,,0
"Ecosection",,115.00,"SPK","Southern Park Ranges","Ecosection",,0,,0
"Ecosection",,116.00,"SPM","Southern Purcell Mountains","Ecosection",,0,,0
"Ecosection",,117.00,"SSM","Southern Skeena Mountains","Ecosection",,0,,0
"Ecosection",,118.00,"STH","Stikine Highland","Ecosection",,0,,0
"Ecosection",,119.00,"STP","Stikine Plateau","Ecosection",,0,,0
"Ecosection",,120.00,"SOG","Strait of Georgia","Ecosection",,0,,0
"Ecosection",,121.00,"TAG","Tagish Highland","Ecosection",,0,,0
"Ecosection",,122.00,"THH","Tahltan Highland","Ecosection",,0,,0
"Ecosection",,123.00,"TAB","Tatshenshini Basin","Ecosection",,0,,0
"Ecosection",,124.00,"TEB","Teslin Basin","Ecosection",,0,,0
"Ecosection",,125.00,"TEP","Teslin Plateau","Ecosection",,0,,0
"Ecosection",,126.00,"THB","Thompson Basin","Ecosection",,0,,0
"Ecosection",,127.00,"TRU","Tranquille Upland","Ecosection",,0,,0
"Ecosection",,128.00,"TUR","Tuya Range","Ecosection",,0,,0
"Ecosection",,129.00,"UCV","Upper Columbia Valley","Ecosection",,0,,0
"Ecosection",,130.00,"UFT","Upper Fraser Trench","Ecosection",,0,,0
"Ecosection",,131.00,"VIS","Vancouver Island Shelf","Ecosection",,0,,0
"Ecosection",,132.00,"WCR","Western Chilcotin Ranges","Ecosection",,0,,0
"Ecosection",,133.00,"WCU","Western Chilcotin Upland","Ecosection",,0,,0
"Ecosection",,134.00,"WMR","Western Muskwa Ranges","Ecosection",,0,,0
"Ecosection",,135.00,"WOU","Western Okanagan Upland","Ecosection",,0,,0
"Ecosection",,136.00,"WHU","Whitehorse Upland","Ecosection",,0,,0
"Ecosection",,137.00,"WIM","Windward Island Mountains","Ecosection",,0,,0
"HumusForm",,2.00,,"None","HumusForm",,1,,0
"HumusFormPhase",,21.00,"ty","Typic",,,0,,0
