"Flag","Code","Climate","Est_ASMR","Est_SNR","GSM","Codetype","Native","Mult_life","P_Organism","Poison_Humans","Poison_Livestock","Poison_Wildlife","P_Descriptor","P_Mode","P_Toxin","P_Toxicity","P_Season","P_Parts","P_Comments","GBearSpring","GBearSummer","GBearFall","Cow_Forage","WeedStatus","Wetland_Ind","RedBlueList","SRank","ID"
0,"ABIEABI","0","0","0","0","U","N",,,,,,,,,,,,,,,,,,,,,3853
0,"ABIEAMA","2","4","0","1","U","N",,,,,,,,,,,,,,,,,,"4",,,718
0,"ABIEBAL","0","0","0","0","U","E",,,,,,,,,,,,,,,,,,,,,719
0,"ABIECON","0","0","0","0","U","E",,,,,,,,,,,,,,,,,,,,,720
0,"ABIEGRA","5","0","0","0","U","N",,,,,,,,,,,,,,,,,,,,,721
0,"ABIELAS","3","0","0","0","U","N",,,,,,,,,,,,,"1","1","0",,,"4",,,722
0,"ABIELAS1","3","0","0","0","U","N",,,,,,,,,,,,,,,,,,"4",,,7469
0,"ABIEMAG1","0","0","0","0","U","E",,,,,,,,,,,,,,,,,,,,,723
0,"ABIEPRO","0","0","0","0","U","E",,,,,,,,,,,,,,,,,,,,,724
0,"ABIES","0","0","0","0","U","N",,,,,,,,,,,,,,,,,,,,,725
0,"ABIETIN","0","0","0","0","U","N",,,,,,,,,,,,,,,,,,,,,845
0,"ABROLAT","0","0","0","0","U","N",,,,,,,,,,,,,,,,,,,,,2348
0,"ABRONIA","0","0","0","0","U","N",,,,,,,,,,,,,,,,,,,,,2349
0,"ABROPAR","0","0","0","0","U","N",,,,,,,,,,,,,,,,,,,,,5978
0,"ABROTHA","0","0","0","0","U","N",,,,,,,,,,,,,,,,,,,,,5979
0,"ABROUMB","0","0","0","0","U","N",,,,,,,,,,,,,,,,,,,,,2350
0,"ABROUMB3","0","0","0","0","U","N",,,,,,,,,,,,,,,,,,,,,433
0,"ABROWEL","0","0","0","0","U","N",,,,,,,,,,,,,,,,,,,,,5980
0,"ABUTILO","0","0","0","0","U","N",,,,,,,,,,,,,,,,,,,,,2351
0,"ABUTTHE","0","0","0","0","U","E",,,,,,,,,,,,,,,,,"P",,,,2352
0,"ACARASA","0","0","0","0","U","N",,,,,,,,,,,,,,,,,,,,,5981
0,"ACARBAD","0","0","0","0","U","N",,,,,,,,,,,,,,,,,,,,,5982
0,"ACARCER","0","0","0","0","U","N",,,,,,,,,,,,,,,,,,,,,5983
0,"ACARFUS","0","0","0","0","U","N",,,,,,,,,,,,,,,,,,,,,5984
0,"ACARGLA","0","0","0","0","U","N",,,,,,,,,,,,,,,,,,,,,5985
0,"ACARMAC","0","0","0","0","U","N",,,,,,,,,,,,,,,,,,,,,5986
0,"ACAROSO","0","0","0","0","U","N",,,,,,,,,,,,,,,,,,,,,5990
0,"ACAROSP","0","0","0","0","U","N",,,,,,,,,,,,,,,,,,,,,5989
0,"ACARSCH","0","0","0","0","U","N",,,,,,,,,,,,,,,,,,,,,5987
0,"ACARSIN","0","0","0","0","U","N",,,,,,,,,,,,,,,,,,,,,5988
0,"ACAULON","0","0","0","0","U","N",,,,,,,,,,,,,,,,,,,,,846
0,"ACAUMUT1","0","0","0","0","U","N",,,,,,,,,,,,,,,,,,,,,8075
0,"ACER","0","0","0","0","U","N",,,,,,,,,,,,,,,,"P",,,,,106
0,"ACERACE","0","0","0","0","U","N",,,,,,,,,,,,,,,,,,,,,107
0,"ACERCIR","4","4","3","2","U","N",,,,,,,,,,,,,,,,,,,,,781
0,"ACERGLA","0","0","3","2","U","N",,,,,,,,,,,,,,,,,,"4",,,1366
0,"ACERGLA1","0","0","0","0","U","N",,,,,,,,,,,,,,,,,,,,,1367
0,"ACERMAC","4","4","3","2","U","N",,,,,,,,,,,,,,,,,,"4",,,782
0,"ACERNEG","0","0","0","0","U","E",,,,,,,,,,,,,,,,,,,,,783
0,"ACERPLA","0","0","0","0","U","E",,,,,,,,,,,,,,,,,,,,,784
0,"ACERPSE","0","0","0","0","U","E",,,,,,,,,,,,,,,,,,,,,785
0,"ACHIALI","0","0","0","0","U","N",,,,,,,,,"OS",,,,,,,,,,,,7669
0,"ACHIFIL","0","0","0","0","U","N",,,,,,,,,"OS",,,,,,,,,,,,8180
0,"ACHILLE","0","0","0","0","U","N",,,,,,,,,"OS",,,,,,,,,,,,2358
0,"ACHIMIL","0","2","2","0","U","N",,"H,L","H","L",,"D","C,I","A,G","PX","U",,,,,,"P",,"4",,,2353
0,"ACHIMIL1","0","0","0","0","U","N",,"H,L","H","L",,"D","C,I","A,G","PX","U",,,,,,,,,,,2354
0,"ACHIMIL2","0","0","0","0","U","N",,"H,L","H","L",,"D","C,I","A,G","PX","U",,,,,,,,,,,2355
0,"ACHIMIL3","0","2","2","3","U","N",,"H,L","H","L",,"D","C,I","A,G","PX","U",,,,,,,,,,,2356
0,"ACHIMIL6","0","0","0","0","U","N",,"H,L","H","L",,"D","C,I","A,G","PX","U",,,,,,,,,,,2357
0,"ACHIPTA","0","0","0","0","U","E",,,,,,,,,,,,,,,,,,,,,7702
0,"ACHLTRI","4","0","3","2","U","N",,,,,,,,,,,,,,,,,,,,,2360
0,"ACHLYS","0","0","0","0","U","N",,,,,,,,,,,,,,,,,,,,,2359
0,"ACHNATH","0","0","0","0","U","N",,,,,,,,,,,,,,,,,,,,,7622
0,"ACHNHYM","0","0","0","0","U","N",,,,,,,,,,,,,,,,"G",,,,,7615
0,"ACHNLEM","0","1","2","3","U","N",,,,,,,,,,,,,,,,,,,,,7623
0,"ACHNLEM1","0","1","2","3","U","N",,,,,,,,,,,,,,,,,,,,,7624
0,"ACHNNEL","0","0","0","0","U","N",,,,,,,,,,,,,,,,"G",,,,,7626
0,"ACHNNEL1","0","0","0","0","U","N",,,,,,,,,,,,,,,,,,,,,7625
0,"ACHNOCC","0","0","0","0","U","N",,,,,,,,,,,,,,,,,,,,,7628
0,"ACHNOCC1","0","0","0","0","U","N",,,,,,,,,,,,,,,,,,,,,7627
0,"ACHNRIC","3","0","2","0","U","N",,,,,,,,,,,,,,,,"G",,,,,7629
0,"ACHNTHU","0","0","0","0","U","N",,,,,,,,,,,,,,,,,,,,,687
0,"ACINARV","0","0","0","0","U","E",,,,,,,,,,,,,,,,,,,,,1190
0,"ACINOS","0","0","0","0","U","E",,,,,,,,,,,,,,,,,,,,,1191
0,"ACMIAME","0","0","0","0","U","N",,,,,,,,,,,,,,,,,,,,,7745
0,"ACMIAME1","0","0","0","0","U","N",,,,,,,,,,,,,,,,,,,,,7744
0,"ACMIDEN","0","2","2","3","U","N",,,,,,,,,,,,,,,,,,,,,7738
0,"ACMIMIC","4","2","2","3","U","N",,,,,,,,,,,,,,,,,,,,,7741
0,"ACMISPO","0","0","0","0","U","N",,,,,,,,,,,,,,,,,,,,,7737
0,"ACONCOL","0","0","0","0","U","N",,"H,L","H","L",,"P,C,H,S","I","A","P3","SUM","SE,RO","A-aconitine,aconine, P3-few poisoning cases",,,,"P",,,,,2361
0,"ACONCOL2","0","0","0","0","U","N",,"H,L","H","L",,"P,C,H,S","I","A","P3","SUM","SE,RO","A-aconitine,aconine, P3-few poisoning cases",,,,,,,,,8124
0,"ACONDEL","1","3","3","0","U","N",,"H,L","H","L",,"P","I","O","PX","U",,,,,,,,"4",,,2362
0,"ACONITU","0","0","0","0","U","N",,,,,,,,,"OS",,,,,,,,,,,,353
0,"ACORACE","0","0","0","0","U","N",,,,,,,,,,,,,,,,,,,,,593
0,"ACORAME","0","0","0","0","U","N",,,,,,,,,,,,,,,,,,"1",,,354
0,"ACORUS","0","0","0","0","U","N",,,,,,,,,,,,,,,,,,,,,355
0,"ACROBOB","0","0","0","0","U","N",,,,,,,,,,,,,,,,,,,,,5088
0,"ACROBOL","0","0","0","0","U","N",,,,,,,,,,,,,,,,,,,,,5090
0,"ACROCIL","0","0","0","0","U","N",,,,,,,,,,,,,,,,,,,,,5089
0,"ACROCOR","0","0","0","0","U","N",,,,,,,,,,,,,,,,,,,,,5992
0,"ACROGEM","0","0","0","0","U","N",,,,,,,,,,,,,,,,,,,,,5991
0,"ACROPTI","0","0","0","0","U","E",,,,,,,,,,,,,,,,,,,,,7458
0,"ACROREP","0","0","0","0","U","E",,"L",,"L",,"H","I","O","P2","SUM,AUT","LE,FR,ST","P2-Chewing disease in horses, O-unknown toxin",,,,,"R",,,,356
0,"ACROSCY","0","0","0","0","U","N",,,,,,,,,,,,,,,,,,,,,5993
0,"ACROSPH","0","0","0","0","U","N",,,,,,,,,,,,,,,,,,,,,5994
0,"ACTAEA","0","0","0","0","U","N",,,,,,,,,,,,,,,,,,,,,358
0,"ACTAELA","0","0","0","0","U","N",,,,,,,,,,,,,,,,,,,,,1322
0,"ACTAELA1","0","0","0","0","U","N",,,,,,,,,,,,,,,,,,,,,8181
0,"ACTARUB","2","4","3","2","U","N",,,,,,,,,,,,,"1","1","0",,,,,,357
0,"ADELANT","0","0","0","0","U","N",,,,,,,,,,,,,,,,,,,,,5091
0,"ADENBIC","5","3","3","2","U","N",,,,,,,,,,,,,,,,,,,,,359
0,"ADENOCA","0","0","0","0","U","N",,,,,,,,,,,,,,,,,,,,,360
0,"ADIAALE","0","0","0","0","U","N",,,,,,,,,,,,,,,,,,,,,1370
0,"ADIAALE1","0","0","0","0","U","N",,,,,,,,,,,,,,,,,,,,,8228
0,"ADIAALE2","0","0","0","0","U","N",,,,,,,,,,,,,,,,,,,,,8229
0,"ADIACAP","0","0","0","0","U","N",,,,,,,,,,,,,,,,,,,,,1371
0,"ADIANTU","0","0","0","0","U","N",,,,,,,,,,,,,,,,,,,,,1372
0,"ADOXA","0","0","0","0","U","N",,,,,,,,,,,,,,,,,,,,,362
0,"ADOXACE","0","0","0","0","U","N",,,,,,,,,,,,,,,,,,,,,363
0,"ADOXMOS","0","0","0","0","U","N",,,,,,,,,,,,,,,,,,"3",,,361
0,"AEGICYL","0","0","0","0","U","E",,,,,,,,,,,,,,,,,"P",,,,1627
0,"AEGOPOA","0","0","0","0","U","E",,,,,,,,,,,,,,,,,,,,,364
0,"AEGOPOD","0","0","0","0","U","E",,,,,,,,,,,,,,,,,,,,,365
0,"AGASFOE","0","0","0","0","U","E",,,,,,,,,,,,,,,,,,,,,366
0,"AGASTAC","0","0","0","0","U","N",,,,,,,,,,,,,,,,,,,,,367
0,"AGASURT","0","0","0","0","U","N",,,,,,,,,,,,,,,,,,,,,368
0,"AGONIMI","0","0","0","0","U","N",,,,,,,,,,,,,,,,,,,,,5995
0,"AGONTRI","0","0","0","0","U","N",,,,,,,,,,,,,,,,,,,,,5996
0,"AGOSAUR","0","3","2","3","U","N",,,,,,,,,,,,,,,,,,,,,369
0,"AGOSAUR2","0","0","0","0","U","N",,,,,,,,,,,,,,,,,,,,,370
0,"AGOSERI","0","0","0","0","U","N",,,,,,,,,,,,,,,,,,,,,377
0,"AGOSGLA","0","2","2","3","U","N",,,,,,,,,,,,,,,,"F",,,,,371
0,"AGOSGLA1","0","0","0","0","U","N",,,,,,,,,,,,,,,,,,,,,372
0,"AGOSGLA2","0","0","0","0","U","N",,,,,,,,,,,,,,,,,,,,,688
0,"AGOSGRA","0","0","0","0","U","N",,,,,,,,,,,,,,,,,,,,,373
0,"AGOSHET","0","0","0","0","U","N",,,,,,,,,,,,,,,,,,,,,374
0,"AGOSHET1","0","0","0","0","U","N",,,,,,,,,,,,,,,,,,,,,375
0,"AGOSLAC","0","0","0","0","U","N",,,,,,,,,,,,,,,,,,,,,376
0,"AGREHIS","0","0","0","0","U","N",,,,,,,,,,,,,,,,,,,,,5997
0,"AGRESTI","0","0","0","0","U","N",,,,,,,,,,,,,,,,,,,,,5998
0,"AGRIGRY","0","0","0","0","U","N",,,,,,,,,,,,,,,,,,,,,378
0,"AGRIMON","0","0","0","0","U","N",,,,,,,,,,,,,,,,,,,,,379
0,"AGRISTR","3","3","3","2","U","N",,,,,,,,,,,,,,,,,,,,,380
0,"PODAAEQ","4","5","2","0","U","N",,,,,,,,,,,,,,,,,,"3",,,1604
0,"AGROCAP","0","0","0","0","U","E",,,,,,,,,,,,,,,,,,,,,1605
0,"AGROCRI","0","0","0","0","U","E",,,,,,,,,,,,,,,,"G",,,,,1600
0,"AGROCRI1","0","0","0","0","U","E",,,,,,,,,,,,,,,,,,,,,7630
0,"AGRODES","0","0","0","0","U","E",,,,,,,,,,,,,,,,"G",,,,,1601
0,"AGROEXA","0","5","0","5","U","N",,,,,,,,,,,,,,,,,,"4",,,1606
0,"AGROFRA","0","0","0","0","U","E",,,,,,,,,,,,,,,,,,,,,1602
0,"AGROGIG","0","0","0","0","U","E",,,,,,,,,,,,,,,,"G",,,,,1607
0,"PODAHUM","1","5","1","0","U","N",,,,,,,,,,,,,,,,,,,,,1608
0,"AGROIDA","0","5","0","5","U","N",,,,,,,,,,,,,,,,,,"4",,,1628
0,"AGROMER","0","0","0","0","U","N",,,,,,,,,,,,,,,,,,,,,1629
0,"AGROMIC","4","5","2","3","U","N",,,,,,,,,,,,,,,,,,,,,1630
0,"AGROORE","5","6","1","5","U","N",,,,,,,,,,,,,,,,,,"4",,,1631
0,"AGROPAL","0","0","0","0","U","N",,,,,,,,,,,,,,,,,,,,,1632
0,"AGROPYR","0","0","0","0","U","E",,,,,,,,,,,,,,,,,,,,,1603
0,"AGROSCA","0","0","0","0","U","N",,,,,,,,,,,,,,,,"G",,"3",,,1633
0,"AGROSTI","0","0","0","0","U","N",,,,,,,,,,,,,,,,,,,,,1634
0,"AGROSTO","0","0","0","0","U","E",,,,,,,,,,,,,,,,"G",,,,,1635
0,"AGROVAR","0","0","0","0","U","N",,,,,,,,,,,,,,,,,,,,,1636
0,"AGYRIAC","0","0","0","0","U","N",,,,,,,,,,,,,,,,,,,,,5999
0,"AHTIANA","0","0","0","0","U","N",,,,,,,,,,,,,,,,,,,,,6000
0,"AHTISPH","0","0","0","0","U","N",,,,,,,,,,,,,,,,,,,,,6001
0,"AILAALT","0","0","0","0","U","E",,,,,,,,,,,,,,,,,,,,,690
0,"AIRA","0","0","0","0","U","E",,,,,,,,,,,,,,,,,,,,,1640
0,"AIRACAR","4","1","0","4","U","E",,,,,,,,,,,,,,,,,,,,,1637
0,"AIRAPRA","4","1","1","4","U","E",,,,,,,,,,,,,,,,,,,,,1638
0,"AJUGA","0","0","0","0","U","E",,,,,,,,,,,,,,,,,,,,,382
0,"AJUGREP","0","0","0","0","U","E",,,,,,,,,,,,,,,,,,,,,381
0,"ALCEROS","0","0","0","0","U","E",,,,,,,,,,,,,,,,,,,,,691
0,"ALCHEMI","0","0","0","0","U","E",,,,,,,,,,,,,,,,,,,,,383
0,"ALCHMON","0","0","0","0","U","E",,,,,,,,,,,,,,,,,,,,,7671
0,"ALCHSUB","0","0","0","0","U","E",,,,,,,,,,,,,,,,,,,,,384
0,"ALECIMS","0","0","0","0","U","N",,,,,,,,,,,,,,,,,,,,,6002
0,"GOWANIG","0","0","0","0","U","N",,,,,,,,,,,,,,,,,,,,,6003
0,"ALECOCH","0","0","0","0","U","N",,,,,,,,,,,,,,,,,,,,,6004
0,"ALECSAR","0","0","0","0","U","N",,,,,,,,,,,,,,,,,,"4",,,6005
0,"ALECSAR1","0","0","0","0","U","N",,,,,,,,,,,,,,,,,,,,,6006
0,"ALECSAR2","0","0","0","0","U","N",,,,,,,,,,,,,,,,,,,,,6007
0,"ALECTOI","0","0","0","0","U","N",,,,,,,,,,,,,,,,,,,,,6010
0,"ALECTOR","0","0","0","0","U","N",,,,,,,,,,,,,,,,,,,,,6008
0,"ALECVAN","0","0","0","0","U","N",,,,,,,,,,,,,,,,,,,,,6009
0,"ALISGRA","0","0","0","0","U","N",,,,,,,,,,,,,,,,,,"2",,,385
0,"ALISLAN","0","0","0","0","U","E",,,,,,,,,,,,,,,,,,,,,594
0,"ALISMA","0","0","0","0","U","N",,,,,,,,,,,,,,,,,,,,,387
0,"ALISMAT","0","0","0","0","U","N",,,,,,,,,,,,,,,,,,,,,388
0,"ALISPLA","0","0","0","0","U","E",,,,,,,,,,,,,,,,,,"2",,,386
0,"ALISTRI","0","0","0","0","U","N",,,,,,,,,,,,,,,,,,"2",,,595
0,"ALLAALM","0","0","0","0","U","N",,,,,,,,,,,,,,,,,,,,,6011
0,"ALLAALP","0","0","0","0","U","N",,,,,,,,,,,,,,,,,,,,,6012
0,"ALLANTO","0","0","0","0","U","N",,,,,,,,,,,,,,,,,,,,,6013
0,"ALLIACU","5","2","2","0","U","N",,,,,,,,,"OS",,,,,,,,,,,,391
0,"ALLIAMP","0","0","0","0","U","N",,,,,,,,,"OS",,,,,,,,,,,,392
0,"ALLIARI","0","0","0","0","U","E",,,,,,,,,,,,,,,,,,,,,390
0,"ALLICER","0","0","2","0","U","N",,,,,,,,,"OS",,,,"1","1","1","F",,,,,393
0,"ALLICER1","0","0","2","0","U","N",,,,,,,,,"OS",,,,,,,,,,,,1337
0,"ALLICRE","0","0","0","0","U","N",,,,,,,,,"OS",,,,,,,,,,,,394
0,"ALLIGEY","0","0","0","0","U","N",,,,,,,,,"OS",,,,,,,,,,,,395
0,"ALLIGEY2","0","0","0","0","U","N",,,,,,,,,"OS",,,,,,,,,,,,396
0,"ALLIPET","0","0","0","0","U","E",,,,,,,,,,,,,,,,,,,,,389
0,"ALLISCH","0","0","0","0","U","N",,"L",,"L",,"H","I","O","P3","SPR","LE",,,,,,,,,,397
0,"ALLISCH1","0","0","0","0","U","N",,"L",,"L",,"H","I","O","P3","SPR","LE",,,,,,,,,,398
0,"ALLIUM","0","0","0","0","U","N",,,,,,,,,"OS",,,,,,,,,,,,399
0,"ALLIVIN","0","0","0","0","U","E",,,,,,,,,"OS",,,,,,,,,,,,2363
0,"ALLIVIN2","0","0","0","0","U","E",,,,,,,,,"OS",,,,,,,,,,,,606
0,"ALLOTRO","0","0","0","0","U","N",,,,,,,,,,,,,,,,,,,,,3820
0,"ALLOVIR","5","2","1","1","U","N",,,,,,,,,,,,,,,,,,,,,3821
0,"ALNUINC","0","0","0","0","U","N",,,,,,,,,,,,,,,,,,"3",,,7494
0,"ALNUINC2","0","0","0","0","U","N",,,,,,,,,,,,,,,,,,,,,786
0,"ALNURUB","4","0","3","0","U","N",,,,,,,,,,,,,,,,,,"4",,,787
0,"ALNUS","0","0","0","0","U","N",,,,,,,,,,,,,,,,,,"4",,,788
0,"ALNUVIR","0","0","0","0","U","N",,,,,,,,,,,,,,,,,,,,,7496
0,"ALNUVIR2","0","0","0","0","U","N",,,,,,,,,,,,,,,,,,,,,1220
0,"ALNUVIR5","0","0","0","0","U","N",,,,,,,,,,,,,,,,,,,,,7495
0,"ALOIBIF","0","0","0","0","U","N",,,,,,,,,,,,,,,,,,,,,3854
0,"ALOIBRE","0","0","0","0","U","N",,,,,,,,,,,,,,,,,,,,,3855
0,"ALOINA","0","0","0","0","U","N",,,,,,,,,,,,,,,,,,,,,3857
0,"ALOIRIG","0","0","0","0","U","N",,,,,,,,,,,,,,,,,,,,,3856
0,"ALOPAEQ","0","0","0","0","U","N",,,,,,,,,,,,,,,,"G",,"3",,,1641
0,"ALOPARU","0","0","0","0","U","E",,,,,,,,,,,,,,,,,,,,,692
0,"ALOPCAR","0","0","0","0","U","N",,,,,,,,,,,,,,,,,,"4",,,1642
0,"ALOPECU","0","0","0","0","U","N",,,,,,,,,,,,,,,,,,,,,1645
0,"ALOPGEN","0","5","3","2","U","E",,,,,,,,,,,,,,,,,,"3",,,1643
0,"ALOPMAG","0","0","0","0","U","N",,,,,,,,,,,,,,,,,,,,,8182
0,"ALOPPRA","0","0","0","0","U","E",,,,,,,,,,,,,,,,,,,,,1644
0,"ALSIA","0","0","0","0","U","N",,,,,,,,,,,,,,,,,,,,,3859
0,"ALSICAL","0","0","0","0","U","N",,,,,,,,,,,,,,,,,,,,,3858
0,"ALYSALY","0","0","0","0","U","E",,,,,,,,,,,,,,,,,,,,,2364
0,"ALYSDES","0","0","0","0","U","E",,,,,,,,,,,,,,,,,,,,,2365
0,"ALYSMUR","0","0","0","0","U","E",,,,,,,,,,,,,,,,,,,,,2366
0,"ALYSSUM","0","0","0","0","U","E",,,,,,,,,,,,,,,,,,,,,2367
0,"AMANCON","0","0","0","0","U","N",,,,,,,,,,,,,,,,,,,,,6014
0,"AMANDIN","0","0","0","0","U","N",,,,,,,,,,,,,,,,,,,,,6015
0,"AMARALB","0","0","0","0","U","E",,,,,,,,,"OS",,,,,,,,,,,,2369
0,"AMARANH","0","0","0","0","U","N",,,,,,,,,,,,,,,,,,,,,2368
0,"AMARANT","0","0","0","0","U","N",,,,,,,,,"OS",,,,,,,,,,,,2373
0,"AMARBLI","0","0","0","0","U","E",,"L",,"L",,"C,Pi","I","N","P1","U","LE",,,,,,,,,,2370
0,"AMARPOW","0","0","0","0","U","E",,"L",,"L",,"C","I","N","P1","U","LE,ST",,,,,,,,,,2371
0,"AMARPOW1","0","0","0","0","U","E",,,,,,,,,"OS",,,,,,,,,,,,693
0,"AMARPOW2","0","0","0","0","U","E",,"L",,"L",,"C","I","N","P1","U","LE,ST",,,,,,,,,,64
0,"AMARRET","0","0","0","0","U","E",,"L",,"L",,"C","I","N","P1","U","LE,ST",,,,,,"I",,,,2372
0,"AMBLDEA","0","0","0","0","U","N",,,,,,,,,,,,,,,,,,,,,3860
0,"AMBLSER","0","4","0","0","U","N",,,,,,,,,,,,,,,,,,"2",,,4164
0,"AMBLSER1","0","0","0","0","U","N",,,,,,,,,,,,,,,,,,"2",,,4165
0,"AMBLSER2","0","0","0","0","U","N",,,,,,,,,,,,,,,,,,"2",,,425
0,"AMBLVAR","0","0","0","0","U","N",,,,,,,,,,,,,,,,,,,,,4167
0,"AMBLYOD","0","0","0","0","U","N",,,,,,,,,,,,,,,,,,,,,3861
0,"AMBLYSE","0","0","0","0","U","N",,,,,,,,,,,,,,,,,,,,,3862
0,"AMBLYST","0","0","0","0","U","N",,,,,,,,,,,,,,,,,,,,,4166
0,"AMBRART","0","0","0","0","U","E",,"H","H",,,"A",,"O","P2","SPR,SUM","FL","O-other or unknown, Mode-hayfever",,,,,,,,,2374
0,"AMBRCHA","0","0","0","0","U","N",,,,,,,,,"OS",,,,,,,,,,,,2375
0,"AMBROSI","0","0","0","0","U","N",,,,,,,,,"OS",,,,,,,,,,,,32
0,"AMBRPSI","0","0","0","0","U","E",,"H","H",,,"A",,"O","P2","SPR,SUM","FL","O-other or unknown, Mode-hayfever",,,,,,,,,31
0,"AMELALN","0","3","2","0","U","N",,"l,W",,"L","W","C,O","I","O","P1","SPR","FL,LE,SE,TW,SH","O-mule deer, O-prunasin","0","1","1","F",,,,,1221
0,"AMELALN1","0","0","0","0","U","N",,"l,W",,"L","W","C,O","I","O","P1","SPR","FL,LE,SE,TW,SH","O-mule deer, O-prunasin",,,,,,,,,1222
0,"AMELALN4","0","0","0","0","U","N",,"l,W",,"L","W","C,O","I","O","P1","SPR","FL,LE,SE,TW,SH","O-mule deer, O-prunasin",,,,,,,,,1223
0,"AMELANC","0","0","0","0","U","N",,,,,,,,,"OS",,,,,,,,,,,,1224
0,"AMELCUS","0","0","0","0","U","N",,"l,W",,"L","W","C,O","I","O","P1","SPR","FL,LE,SE,TW,SH","O-mule deer, O-prunasin",,,,"F",,,,,8006
0,"AMERORC","0","0","0","0","U","N",,,,,,,,,,,,,,,,,,,,,34
0,"AMERROT","3","6","3","0","U","N",,,,,,,,,,,,,,,,,,"3",,,33
0,"AMMANNI","0","0","0","0","U","N",,,,,,,,,,,,,,,,,,,,,36
0,"AMMAROB","0","0","0","0","U","N",,,,,,,,,,,,,,,,,,"3",,,35
0,"AMMOARE","0","0","0","0","U","E",,,,,,,,,,,,,,,,,,,,,1646
0,"AMMOBRE","0","0","0","0","U","E",,,,,,,,,,,,,,,,,,,,,7917
0,"AMMOPHI","0","0","0","0","U","E",,,,,,,,,,,,,,,,,,,,,1647
0,"AMPHCAL","0","0","0","0","U","N",,,,,,,,,,,,,,,,,,,,,4168
0,"AMPHIDI","0","0","0","0","U","N",,,,,,,,,,,,,,,,,,,,,4171
0,"AMPHISC","0","0","0","0","U","N",,,,,,,,,,,,,,,,,,,,,597
0,"AMPHLAP","0","0","0","0","U","N",,,,,,,,,,,,,,,,,,,,,4169
0,"AMPHMOU","0","0","0","0","U","N",,,,,,,,,,,,,,,,,,,,,4170
0,"AMPHNEV","0","0","0","0","U","N",,,,,,,,,"OS",,,,,,,,,"3",,,596
0,"AMSIINT","0","0","0","0","U","N",,"L",,"L",,"C,H,Pi","I","O","P2","U","SE","O-intermedine,lycopsamine, echiumine",,,,,,,,,37
0,"AMSILYC","0","0","0","0","U","N",,"L",,"L",,,"I","O","PX","U",,,,,,,,,,,38
0,"AMSINCK","0","0","0","0","U","N",,,,,,,,,"OS",,,,,,,,,,,,39
0,"AMSISPE","0","0","0","0","U","N",,,,,,,,,"OS",,,,,,,,,,,,40
0,"AMYGCON","0","0","0","0","U","N",,,,,,,,,,,,,,,,,,,,,6016
0,"AMYGCOT","0","0","0","0","U","N",,,,,,,,,,,,,,,,,,,,,6017
0,"AMYGDAL","0","0","0","0","U","N",,,,,,,,,,,,,,,,,,,,,6021
0,"AMYGHAI","0","0","0","0","U","N",,,,,,,,,,,,,,,,,,,,,6018
0,"AMYGPAN","0","0","0","0","U","N",,,,,,,,,,,,,,,,,,,,,6019
0,"AMYGPEL","0","0","0","0","U","N",,,,,,,,,,,,,,,,,,,,,6020
0,"AMYGSUB","0","0","0","0","U","N",,,,,,,,,,,,,,,,,,,,,6022
0,"ANACARD","0","0","0","0","U","N",,,,,,,,,,,,,,,,,,,,,1225
0,"ANACMEN","0","0","0","0","U","N",,,,,,,,,,,,,,,,,,,,,4172
0,"ANACOLI","0","0","0","0","U","N",,,,,,,,,,,,,,,,,,,,,4173
0,"ANAGALL","0","0","0","0","U","E",,,,,,,,,"OS",,,,,,,,,,,,43
0,"ANAGARV","0","0","0","0","U","E",,"H,L","H","L",,"D,C,H,S","C","G,O","PX","U","AL","G-cyclamine,O- triterpenoid saponin,acrid volatile oil, primin",,,,,,,,,41
0,"ANAGARV1","0","0","0","0","U","E",,"H,L","H","L",,"D,C,H,S","C","G,O","PX","U","AL","G-cyclamine,O- triterpenoid saponin,acrid volatile oil, primin",,,,,,,,,8120
0,"ANAGMIN","0","0","0","0","U","N",,,,,,,,,,,,,,,,,,"3",,,42
0,"ANAPHAL","0","0","0","0","U","N",,,,,,,,,,,,,,,,,,,,,974
0,"ANAPMAR","0","0","2","3","U","N",,,,,,,,,,,,,,,,"P",,,,,973
0,"ANAPSET","0","0","0","0","U","N",,,,,,,,,,,,,,,,,,,,,6023
0,"ANAPTYC","0","0","0","0","U","N",,,,,,,,,,,,,,,,,,,,,6024
0,"ANAPULO","0","0","0","0","U","N",,,,,,,,,,,,,,,,,,,,,6025
0,"ANASASS","0","0","0","0","U","N",,,,,,,,,,,,,,,,,,,,,5094
0,"ANASDON","0","0","0","0","U","N",,,,,,,,,,,,,,,,,,,,,5095
0,"ANASHEL","0","0","0","0","U","N",,,,,,,,,,,,,,,,,,,,,5096
0,"ANASMIC","0","0","0","0","U","N",,,,,,,,,,,,,,,,,,,,,5097
0,"ANASMIN","0","0","0","0","U","N",,,,,,,,,,,,,,,,,,,,,5098
0,"ANASMIN1","0","0","0","0","U","N",,,,,,,,,,,,,,,,,,,,,5099
0,"ANASMIN2","0","0","0","0","U","N",,,,,,,,,,,,,,,,,,,,,5100
0,"ANASORC","0","0","0","0","U","N",,,,,,,,,,,,,,,,,,,,,5092
0,"ANASSAX","0","0","0","0","U","N",,,,,,,,,,,,,,,,,,,,,5101
0,"ANASSPH","0","0","0","0","U","N",,,,,,,,,,,,,,,,,,,,,5103
0,"ANASTEN","0","0","0","0","U","N",,,,,,,,,,,,,,,,,,,,,5104
0,"ANASTRE","0","0","0","0","U","N",,,,,,,,,,,,,,,,,,,,,5093
0,"ANASTRO","0","0","0","0","U","N",,,,,,,,,,,,,,,,,,,,,5102
0,"ANCHARV","0","0","0","0","U","E",,,,,,,,,,,,,,,,,,,,,7498
0,"ANCHAZU","0","0","0","0","U","E",,,,,,,,,,,,,,,,,,,,,7499
0,"ANCHOFF","0","0","0","0","U","E",,,,,,,,,,,,,,,,,,,,,975
0,"ANCHUSA","0","0","0","0","U","E",,,,,,,,,,,,,,,,,,,,,976
0,"ANDRALP","0","0","0","0","U","N",,,,,,,,,,,,,,,,,,,,,4174
0,"ANDRBLY","0","0","0","0","U","N",,,,,,,,,,,,,,,,,,,,,4175
0,"ANDRCHA","0","0","0","0","U","N",,,,,,,,,,,,,,,,,,,,,977
0,"ANDRCHA1","0","0","0","0","U","N",,,,,,,,,,,,,,,,,,,,,978
0,"ANDREAA","0","0","0","0","U","N",,,,,,,,,,,,,,,,,,,,,4186
0,"ANDREAB","0","0","0","0","U","N",,,,,,,,,,,,,,,,,,,,,4187
0,"ANDREAE","0","0","0","0","U","N",,,,,,,,,,,,,,,,,,,,,4185
0,"ANDREAO","0","0","0","0","U","N",,,,,,,,,,,,,,,,,,,,,4189
0,"ANDRHEI","0","0","0","0","U","N",,,,,,,,,,,,,,,,,,,,,7920
0,"ANDRMAC","0","0","0","0","U","N",,,,,,,,,,,,,,,,,,,,,4188
0,"ANDRMEG","0","0","0","0","U","N",,,,,,,,,,,,,,,,,,,,,4176
0,"ANDRMEG1","0","0","0","0","U","N",,,,,,,,,,,,,,,,,,,,,7921
0,"ANDRMUT","0","0","0","0","U","N",,,,,,,,,,,,,,,,,,,,,4177
0,"ANDRNIV","1","4","0","4","U","N",,,,,,,,,,,,,,,,,,,,,4178
0,"ANDROBO","0","0","0","0","U","N",,,,,,,,,,,,,,,,,,,,,4179
0,"ANDROCC","0","0","0","0","U","N",,,,,,,,,,,,,,,,,,,,,979
0,"ANDROME","0","0","0","0","U","N",,,,,,,,,,,,,,,,,,,,,7379
0,"ANDROSA","0","0","0","0","U","N",,,,,,,,,,,,,,,,,,,,,981
0,"ANDRPOL","0","6","1","5","U","N",,,,,,,,,,,,,,,,,,"2",,,7378
0,"ANDRROT","0","0","0","0","U","N",,,,,,,,,,,,,,,,,,,,,4180
0,"ANDRRUP","0","0","0","0","U","N",,,,,,,,,,,,,,,,,,,,,4181
0,"ANDRRUP3","0","0","0","0","U","N",,,,,,,,,,,,,,,,,,,,,4182
0,"ANDRSCH","0","0","0","0","U","N",,,,,,,,,,,,,,,,,,,,,4183
0,"ANDRSEP","0","0","0","0","U","N",,,,,,,,,,,,,,,,,,,,,980
0,"ANDRSIN","0","0","0","0","U","N",,,,,,,,,,,,,,,,,,,,,4184
0,"ANEMCAN","0","0","0","0","U","N",,"H,L","H","L",,"P","I","O","PX","U",,,,,,,,,,,982
0,"ANEMCYL","0","0","0","0","U","N",,"H,L","H","L",,"P","I","O","PX","U",,,,,,"P",,,,,983
0,"ANEMDRU","0","0","0","0","U","N",,"H,L","H","L",,"P","I","O","PX","U",,,,,,,,,,,984
0,"ANEMDRU1","0","0","0","0","U","N",,"H,L","H","L",,"P","I","O","PX","U",,,,,,,,,,,985
0,"ANEMDRU2","0","0","0","0","U","N",,"H,L","H","L",,"P","I","O","PX","U",,,,,,,,,,,986
0,"ANEMLYA","0","3","3","0","U","N",,"H,L","H","L",,"P","I","O","PX","U",,,,,,,,,,,987
0,"ANEMMUL","0","3","3","2","U","N",,"H,L","H","L",,"P","I","O","PX","U",,,,,,"P",,,,,988
0,"ANEMMUL2","0","0","0","0","U","N",,,,,,,,,,,,,,,,,,,,,989
0,"ANEMMUL5","0","0","0","0","U","N",,,,,,,,,,,,,,,,,,,,,8125
0,"ANEMNAR","1","3","2","3","U","N",,"H,L","H","L",,"P","I","O","PX","U",,,,,,,,"4",,,990
0,"ANEMNAR3","1","3","2","3","U","N",,"H,L","H","L",,"P","I","O","PX","U",,,,,,,,"4",,,8126
0,"ANEMOCC","0","0","0","0","U","N",,,,,,,,,"OS",,,,,,,"P",,"3",,,991
0,"ANEMONE","0","0","0","0","U","N",,,,,,,,,"OS",,,,,,,,,,,,997
0,"ANEMPAR","0","0","0","0","U","N",,"H,L","H","L",,"P","I","O","PX","U",,,,,,,,,,,992
0,"ANEMPAT","0","0","0","0","U","N",,"H,L","H","L",,"D,P","C,I","O","PX","U",,"O-unknown or other",,,,,,,,,993
0,"ANEMPAT1","0","0","0","0","U","N",,"H,L","H","L",,"D,P","C,I","O","PX","U",,"O-unknown or other",,,,,,,,,994
0,"ANEMPIP","0","0","0","0","U","N",,,,,,,,,"OS",,,,,,,,,,,,995
0,"ANEMRIC","0","0","0","0","U","N",,"H,L","H","L",,"P","I","O","PX","U",,,,,,,,"4",,,996
0,"ANEMVIR","0","0","0","0","U","N",,,,,,,,,"OS",,,,,,,,,,,,8128
0,"ANEMVIR3","0","0","0","0","U","N",,,,,,,,,"OS",,,,,,,,,,,,8127
0,"ANETGRA","0","0","0","0","U","E",,,,,,,,,,,,,,,,,,,,,998
0,"ANETHUM","0","0","0","0","U","E",,,,,,,,,,,,,,,,,,,,,999
0,"ANEUPIN","0","0","0","0","U","N",,,,,,,,,,,,,,,,,,"2",,,5105
0,"ANEURA","0","0","0","0","U","N",,,,,,,,,,,,,,,,,,,,,5106
0,"ANEURAC","0","0","0","0","U","N",,,,,,,,,,,,,,,,,,,,,5107
0,"ANGEARG","3","6","3","5","U","N",,,,,,,,,,,,,"2","2","0",,,"3",,,1000
0,"ANGEDAW","0","0","0","0","U","N",,,,,,,,,,,,,,,,,,"4",,,1001
0,"ANGEGEN","5","6","3","5","U","N",,,,,,,,,,,,,"2","2","0",,,"3",,,1002
0,"ANGELIC","0","0","0","0","U","N",,,,,,,,,,,,,"2","2","0","F",,"4",,,1004
0,"ANGELUC","5","6","3","5","U","N",,,,,,,,,,,,,"2","2","2",,,,,,1003
0,"ANISBIF","0","0","0","0","U","N",,,,,,,,,,,,,,,,,,,,,6026
0,"ANISMAD","4","2","2","3","U","N",,,,,,,,,,,,,,,,,,,,,7872
0,"ANISOCA","0","0","0","0","U","N",,,,,,,,,,,,,,,,,,,,,7873
0,"ANISOME","0","0","0","0","U","N",,,,,,,,,,,,,,,,,,,,,6027
0,"ANOEAES","0","0","0","0","U","N",,,,,,,,,,,,,,,,,,,,,4190
0,"ANOECTA","0","0","0","0","U","N",,,,,,,,,,,,,,,,,,,,,4191
1,"MOLESEN","0","0","0","0","U","N",,,,,,,,,,,,,,,,,,,,,4192
0,"ANOMCEP","0","0","0","0","U","N",,,,,,,,,,,,,,,,,,,,,5108
0,"ANOMFIL","0","0","0","0","U","N",,,,,,,,,,,,,,,,,,,,,897
0,"ANOMOBR","0","0","0","0","U","N",,,,,,,,,,,,,,,,,,,,,4193
0,"ANOMODO","0","0","0","0","U","N",,,,,,,,,,,,,,,,,,,,,4194
0,"ANOMOMA","0","0","0","0","U","N",,,,,,,,,,,,,,,,,,,,,5109
0,"ANTEALP","1","2","0","3","U","N",,,,,,,,,,,,,,,,,,,,,1005
0,"ANTEANA","0","0","0","0","U","N",,,,,,,,,,,,,,,,,,,,,1006
0,"ANTECOR","0","0","0","0","U","N",,,,,,,,,,,,,,,,,,,,,8000
0,"ANTEDEN","0","0","0","0","U","N",,,,,,,,,,,,,,,,,,,,,8007
0,"ANTEDIM","0","0","0","0","U","N",,,,,,,,,,,,,,,,,,,,,1007
0,"ANTEFLA","0","0","0","0","U","N",,,,,,,,,,,,,,,,,,,,,1008
0,"ANTEHOW","0","0","0","0","U","N",,,,,,,,,,,,,,,,,,,,,7453
0,"ANTEHOW1","0","0","0","0","U","N",,,,,,,,,,,,,,,,,,,,,7454
0,"ANTEHOW2","0","0","0","0","U","N",,,,,,,,,,,,,,,,,,,,,7455
0,"ANTELAN","0","0","0","0","U","N",,,,,,,,,,,,,,,,,,,,,1009
0,"ANTELUZ","0","0","0","0","U","N",,,,,,,,,,,,,,,,,,,,,1010
0,"ANTELUZ1","0","0","0","0","U","N",,,,,,,,,,,,,,,,,,,,,7476
0,"ANTEMED","0","0","0","0","U","N",,,,,,,,,,,,,,,,,,,,,1011
0,"ANTEMIC","0","1","1","1","U","N",,,,,,,,,,,,,,,,,,,,,1012
0,"ANTEMON","0","0","0","0","U","N",,,,,,,,,,,,,,,,,,,,,1013
0,"ANTENEG","3","2","0","0","U","N",,,,,,,,,,,,,,,,,,,,,1014
0,"ANTENNA","0","0","0","0","U","N",,,,,,,,,,,,,,,,,,,,,2379
0,"ANTEPAR","0","0","0","0","U","N",,,,,,,,,,,,,,,,,,,,,47
0,"ANTEPUL","3","4","2","0","U","N",,,,,,,,,,,,,,,,,,,,,48
0,"ANTEPUL2","0","0","0","0","U","N",,,,,,,,,,,,,,,,,,,,,2376
0,"ANTERAC","0","3","2","0","U","N",,,,,,,,,,,,,,,,,,,,,2377
0,"ANTEROS","0","0","0","0","U","N",,,,,,,,,,,,,,,,,,,,,2378
0,"ANTEUMB","3","2","2","3","U","N",,,,,,,,,,,,,,,,,,,,,2380
0,"ANTHADS","0","0","0","0","U","N",,,,,,,,,,,,,,,,,,,,,5114
0,"ANTHARI","0","0","0","0","U","E",,,,,,,,,,,,,,,,,,,,,1648
0,"ANTHARV","0","0","0","0","U","E",,"H,L","H","L",,"P","I","O","PX","U",,,,,,,,,,,2381
0,"ANTHCAU","0","0","0","0","U","E",,,,,,,,,,,,,,,,,,,,,2384
0,"ANTHCER","0","0","0","0","U","E",,,,,,,,,,,,,,,,,,,,,7470
0,"ANTHCOT","0","0","0","0","U","E",,"H,L","H","L",,"D,P","C,I","A,O","PX","U",,"O-other",,,,,,,,,2382
0,"ANTHDON","0","0","0","0","U","N",,,,,,,,,,,,,,,,,,,,,5115
0,"ANTHELA","0","0","0","0","U","N",,,,,,,,,,,,,,,,,,,,,5113
0,"ANTHELI","0","0","0","0","U","N",,,,,,,,,,,,,,,,,,,,,5112
0,"ANTHEMI","0","0","0","0","U","E",,,,,,,,,"OS",,,,,,,,,,,,2383
0,"ANTHFUS","0","0","0","0","U","N",,,,,,,,,,,,,,,,,,,,,5116
0,"ANTHJUL","0","0","0","0","U","N",,,,,,,,,,,,,,,,,,"3",,,5110
0,"ANTHJUR","0","0","0","0","U","N",,,,,,,,,,,,,,,,,,"3",,,5111
0,"ANTHMAC","0","0","0","0","U","N",,,,,,,,,,,,,,,,,,,,,5117
0,"ANTHMER","0","0","0","0","U","N",,,,,,,,,,,,,,,,,,,,,5118
0,"ANTHOCE","0","0","0","0","U","N",,,,,,,,,,,,,,,,,,,,,5120
0,"ANTHOCR","0","0","0","0","U","N",,,,,,,,,,,,,,,,,,,,,5121
0,"ANTHODO","5","3","2","3","U","E",,,,,,,,,,,,,,,,,,,,,1649
0,"ANTHOXA","0","0","0","0","U","E",,,,,,,,,,,,,,,,,,,,,1650
0,"ANTHPUN","0","0","0","0","U","N",,,,,,,,,,,,,,,,,,,,,5119
0,"ANTHRIS","0","0","0","0","U","E",,,,,,,,,,,,,,,,,,,,,2385
0,"ANTHSYL","0","0","0","0","U","E",,,,,,,,,,,,,,,,,"R",,,,7471
0,"ANTICAL","0","0","0","0","U","N",,,,,,,,,,,,,,,,,,,,,4195
1,"ANTICUR","0","0","0","0","U","N",,,,,,,,,,,,,,,,,,"4",,,4196
0,"ANTITRI","0","0","0","0","U","N",,,,,,,,,,,,,,,,,,,,,4199
0,"AONGLON","0","0","0","0","U","N",,,,,,,,,,,,,,,,,,,,,4200
0,"AONGSTR","0","0","0","0","U","N",,,,,,,,,,,,,,,,,,,,,4201
0,"APERA","0","0","0","0","U","E",,,,,,,,,,,,,,,,,,,,,1652
0,"APERINT","0","0","0","0","U","E",,,,,,,,,,,,,,,,,,,,,1651
0,"APHAARV","0","0","0","0","U","E",,,,,,,,,,,,,,,,,,,,,2386
0,"APHAAUS","0","0","0","0","U","E",,,,,,,,,,,,,,,,,,,,,7772
0,"APHANES","0","0","0","0","U","N",,,,,,,,,,,,,,,,,,,,,2388
0,"APHANOP","0","0","0","0","U","N",,,,,,,,,,,,,,,,,,,,,6028
0,"APHAOCC","0","0","0","0","U","N",,,,,,,,,,,,,,,,,,,,,2387
0,"APHRAGM","0","0","0","0","U","N",,,,,,,,,,,,,,,,,,,,,2390
0,"APHRESC","0","0","0","0","U","N",,,,,,,,,,,,,,,,,,"3",,,2389
0,"APIACEA","0","0","0","0","U","N",,,,,,,,,,,,,,,,,,,,,2391
0,"APOCAND","0","2","2","3","U","N",,"H,L","H","L",,"P,H","I","G","P1","U","RO","G-apocynamarin, RO-rhizome, many reports based on erroneous statement concerning Nerium",,,,,,,,,2393
0,"APOCAND1","0","0","0","0","U","N",,"H,L","H","L",,"P,H","I","G","P1","U","RO","G-apocynamarin, RO-rhizome, many reports based on erroneous statement concerning Nerium",,,,,,,,,2394
0,"APOCAND2","0","0","0","0","U","N",,"H,L","H","L",,"P,H","I","G","P1","U","RO","G-apocynamarin, RO-rhizome, many reports based on erroneous statement concerning Nerium",,,,,,,,,1757
0,"APOCCAN","0","0","0","0","U","N",,"H,L","H","L",,"P,H","I","G","P1","SPR,SUM","AL","G-apocynamarin,cymarin",,,,,,,,,1758
0,"APOCXFL","0","0","0","0","U","N",,"H,L","H","L",,"P","I","O","PX","U",,,,,,,,,,,7909
0,"APOCYNA","0","0","0","0","U","N",,,,,,,,,,,,,,,,,,,,,2392
0,"APOCYNU","0","0","0","0","U","N",,,,,,,,,"OS",,,,,,,,,,,,1759
0,"APOMETZ","0","0","0","0","U","N",,,,,,,,,,,,,,,,,,,,,5123
0,"APOMPUB","0","0","0","0","U","N",,,,,,,,,,,,,,,,,,,,,5122
0,"APOTNAN","0","0","0","0","U","N",,,,,,,,,,,,,,,,,,,,,5124
0,"APOTREU","0","0","0","0","U","N",,,,,,,,,,,,,,,,,,,,,5125
0,"AQUIBRE","0","0","0","0","U","N",,,,,,,,,,,,,,,,,,,,,1760
0,"AQUIFLA","3","4","3","2","U","N",,,,,,,,,,,,,,,,,,,,,1761
0,"AQUIFOL","0","0","0","0","U","E",,,,,,,,,,,,,,,,,,,,,1097
0,"AQUIFOR","0","4","3","3","U","N",,,,,,,,,,,,,,,,"P",,,,,1762
0,"AQUIFOR1","0","0","0","0","U","N",,,,,,,,,,,,,,,,,,,,,1763
0,"AQUILEG","0","0","0","0","U","N",,,,,,,,,,,,,,,,,,,,,1764
0,"AQUIVUL","0","0","0","0","U","E",,,,,,,,,,,,,,,,,,,,,694
0,"ARABESC","0","0","0","0","U","N",,,,,,,,,,,,,,,,,,,,,7504
0,"ARABHOL","6","1","2","3","U","N",,,,,,,,,,,,,,,,"P",,,,,1505
0,"ARABHOL6","0","0","0","0","U","N",,,,,,,,,,,,,,,,,,,,,7505
0,"ARABIDO","0","0","0","0","U","E",,,,,,,,,,,,,,,,,,,,,1765
0,"ARABIS","0","0","0","0","U","N",,,,,,,,,,,,,,,,,,,,,1769
1,"ARABLYT","0","0","0","0","U","N",,,,,,,,,,,,,,,,,,,,,8195
0,"ARABLYT1","0","0","0","0","U","N",,,,,,,,,,,,,,,,,,,,,8196
0,"ARABNUT","0","0","0","0","U","N",,,,,,,,,,,,,,,,"P",,,,,1768
0,"ARABPYC","0","0","0","0","U","N",,,,,,,,,,,,,,,,,,,,,8189
0,"ARABPYC1","0","0","0","0","U","N",,,,,,,,,,,,,,,,,,,,,8190
0,"ARABTHA","0","0","0","0","U","E",,,,,,,,,,,,,,,,,,,,,1766
0,"ARACEAE","0","0","0","0","U","N",,,,,,,,,,,,,,,,,,,,,1770
0,"ARALIA","0","0","0","0","U","N",,,,,,,,,,,,,,,,,,,,,1772
0,"ARALIAC","0","0","0","0","U","N",,,,,,,,,,,,,,,,,,,,,108
0,"ARALNUD","3","4","3","2","U","N",,,,,,,,,,,,,,,,,,,,,1771
0,"ARBUMEN","4","2","0","0","U","N",,,,,,,,,,,,,,,,,,,,,789
0,"ARBUTUS","0","0","0","0","U","N",,,,,,,,,,,,,,,,,,,,,790
0,"ARCEAME","0","0","0","0","U","N",,,,,,,,,,,,,,,,,,,,,1226
0,"ARCEDOU","0","0","0","0","U","N",,,,,,,,,,,,,,,,,,,,,1227
0,"ARCELAR","0","0","0","0","U","N",,,,,,,,,,,,,,,,,,,,,7773
0,"ARCETSU","0","0","0","0","U","N",,,,,,,,,,,,,,,,,,,,,7774
0,"ARCETSU1","0","0","0","0","U","N",,,,,,,,,,,,,,,,,,,,,7775
0,"ARCETSU2","0","0","0","0","U","N",,,,,,,,,,,,,,,,,,,,,7776
0,"ARCETSU3","0","0","0","0","U","N",,,,,,,,,,,,,,,,,,,,,7672
0,"ARCEUTH","0","0","0","0","U","N",,,,,,,,,,,,,,,,,,,,,1228
0,"ARCTAGR","0","0","0","0","U","N",,,,,,,,,,,,,,,,,,,,,1654
0,"ARCTALI","0","0","0","0","U","N",,,,,,,,,,,,,,,,,,"4",,,695
0,"ARCTARC","0","0","0","0","U","N",,,,,,,,,"OS",,,,,,,,,"3",,,7865
0,"ARCTARC1","0","0","0","0","U","N",,,,,,,,,"OS",,,,,,,,,"3",,,7866
0,"ARCTCEN","0","0","0","0","U","N",,,,,,,,,,,,,,,,,,,,,6032
0,"ARCTCOL","4","2","1","0","U","N",,,,,,,,,,,,,,,,,,,,,1098
0,"ARCTDEL","0","0","0","0","U","N",,,,,,,,,,,,,,,,,,,,,6029
0,"ARCTFUL","0","0","0","0","U","N",,,,,,,,,,,,,,,,,,"2",,,1655
0,"ARCTFUV","0","0","0","0","U","N",,,,,,,,,,,,,,,,,,,,,4202
0,"ARCTINC","0","0","0","0","U","N",,,,,,,,,,,,,,,,,,,,,6033
0,"ARCTIUM","0","0","0","0","U","E",,,,,,,,,,,,,,,,,"R",,,,1847
0,"ARCTLAP","0","0","0","0","U","E",,,,,,,,,,,,,,,,,"R",,,,1773
0,"ARCTLAT","0","0","0","0","U","N",,,,,,,,,,,,,,,,,,"4",,,1653
0,"ARCTLAT2","0","0","0","0","U","N",,,,,,,,,,,,,,,,,,,,,7631
0,"ARCTMIN","0","0","3","2","U","E",,,,,,,,,,,,,,,,,"R",,,,1846
0,"ARCTOA","0","0","0","0","U","N",,,,,,,,,,,,,,,,,,,,,4203
0,"ARCTOMA","0","0","0","0","U","N",,,,,,,,,,,,,,,,,,,,,6031
0,"ARCTOMI","0","0","0","0","U","N",,,,,,,,,,,,,,,,,,,,,6030
0,"ARCTOPA","0","0","0","0","U","N",,,,,,,,,,,,,,,,,,,,,6035
0,"ARCTOPH","0","0","0","0","U","N",,,,,,,,,,,,,,,,,,,,,1656
0,"ARCTOST","0","0","0","0","U","N",,,,,,,,,,,,,,,,,,,,,109
0,"ARCTOUS","0","0","0","0","U","N",,,,,,,,,,,,,,,,,,,,,696
0,"ARCTRUR","0","0","0","0","U","N",,,,,,,,,,,,,,,,,,"4",,,697
0,"ARCTSEP","0","0","0","0","U","N",,,,,,,,,,,,,,,,,,,,,6034
0,"ARCTSUB","0","0","0","0","U","N",,,,,,,,,,,,,,,,,,,,,6036
0,"ARCTUVA","0","2","1","0","U","N",,,,,,,,,,,,,"2","1","2",,,,,,7380
0,"ARCTXME","0","0","0","0","U","N",,,,,,,,,,,,,,,,,,,,,7785
0,"ARENARI","0","0","0","0","U","N",,,,,,,,,,,,,,,,,,,,,1850
0,"ARENLON","0","0","0","0","U","N",,,,,,,,,,,,,,,,,,,,,1848
0,"ARENSER","0","0","0","0","U","E",,,,,,,,,,,,,,,,,,,,,1849
0,"ARISPUR","0","0","0","0","U","N",,,,,,,,,,,,,,,,"PI",,,,,1657
0,"ARISPUR1","0","0","0","0","U","N",,,,,,,,,,,,,,,,,,,,,7632
0,"ARISTID","0","0","0","0","U","N",,,,,,,,,,,,,,,,,,,,,1658
0,"ARISTOL","0","0","0","0","U","N",,,,,,,,,,,,,,,,,,,,,1851
0,"ARMEMAR","0","0","0","0","U","N",,,,,,,,,,,,,,,,,,,,,1852
0,"ARMEMAR2","0","0","0","0","U","N",,,,,,,,,,,,,,,,,,,,,1853
0,"ARMEMAR4","0","0","0","0","U","N",,,,,,,,,,,,,,,,,,,,,1204
0,"ARMEMAR5","0","0","0","0","U","E",,,,,,,,,,,,,,,,,,,,,698
0,"ARMERIA","0","0","0","0","U","N",,,,,,,,,,,,,,,,,,,,,1854
0,"ARMORAC","0","0","0","0","U","E",,,,,,,,,"OS",,,,,,,,,,,,1856
0,"ARMORUS","0","0","0","0","U","E",,"H,L","H","L",,"P,Pi","C,I","G","P3","U","AL","G-glucosinolates",,,,,,,,,1855
0,"ARNEFEN","0","0","0","0","U","N",,,,,,,,,,,,,,,,,,,,,5126
0,"ARNELLA","0","0","0","0","U","N",,,,,,,,,,,,,,,,,,,,,5128
0,"ARNELLI","0","0","0","0","U","N",,,,,,,,,,,,,,,,,,,,,5127
0,"ARNIANG","0","0","0","0","U","N",,,,,,,,,,,,,,,,,,,,,2395
0,"ARNIANG1","0","0","0","0","U","N",,,,,,,,,,,,,,,,,,,,,2396
0,"ARNIANG4","0","0","0","0","U","N",,,,,,,,,,,,,,,,,,,,,2397
0,"ARNICA","0","0","0","0","U","N",,,,,,,,,,,,,,,,,,,,,939
1,"ARNICHA","0","0","0","0","U","N",,,,,,,,,,,,,,,,,,"4",,,2398
0,"ARNICOR","3","3","2","0","U","N",,,,,,,,,,,,,,,,"P",,,,,2402
0,"ARNIFUL","0","0","0","0","U","N",,,,,,,,,,,,,,,,"P",,,,,2403
0,"ARNIGRA","0","0","0","0","U","N",,,,,,,,,,,,,,,,,,,,,2404
0,"ARNIGRI","0","0","0","0","U","N",,,,,,,,,,,,,,,,,,,,,7703
0,"ARNIGRI1","0","0","0","0","U","N",,,,,,,,,,,,,,,,,,,,,7704
0,"ARNILAN","0","0","0","0","U","N",,,,,,,,,,,,,,,,,,,,,700
0,"ARNILAN1","0","0","0","0","U","N",,,,,,,,,,,,,,,,,,"4",,,699
0,"ARNILAT","1","4","2","0","U","N",,,,,,,,,,,,,,,,"P",,,,,2405
0,"ARNILES","1","5","1","0","U","N",,,,,,,,,,,,,,,,,,,,,2406
0,"ARNILOG","0","0","0","0","U","N",,,,,,,,,,,,,,,,,,,,,44
0,"ARNILON","0","0","0","0","U","N",,,,,,,,,,,,,,,,,,,,,45
0,"ARNILOU","0","0","0","0","U","N",,,,,,,,,,,,,,,,,,,,,46
0,"ARNIMOL","3","4","2","0","U","N",,,,,,,,,,,,,,,,,,,,,935
0,"ARNINEV","0","0","0","0","U","N",,,,,,,,,,,,,,,,,,,,,8008
0,"ARNIOVA","0","0","0","0","U","N",,,,,,,,,,,,,,,,,,,,,701
0,"ARNIPAR","0","0","0","0","U","N",,,,,,,,,,,,,,,,,,,,,936
0,"ARNIRYD","0","0","0","0","U","N",,,,,,,,,,,,,,,,,,,,,937
0,"ARNISOR","0","0","0","0","U","N",,,,,,,,,,,,,,,,,,,,,938
0,"ARRHELA","0","0","0","0","U","E",,,,,,,,,,,,,,,,,,,,,1659
0,"ARRHENA","0","0","0","0","U","E",,,,,,,,,,,,,,,,,,,,,1660
0,"ARTEABS","0","0","0","0","U","E",,"H","H",,,"P","I","O","P3","U",,"O-other or unknown",,,,,,,,,940
0,"ARTEALA","0","0","0","0","U","N",,,,,,,,,"OS",,,,,,,,,,,,941
0,"ARTEBIE","0","0","0","0","U","E",,,,,,,,,"OS",,,,,,,,,,,,942
0,"ARTEBOR","0","0","0","0","U","N",,,,,,,,,,,,,,,,,,,,,943
0,"ARTEBOR1","0","0","0","0","U","N",,,,,,,,,,,,,,,,,,,,,8046
0,"ARTECAM","0","0","0","0","U","N",,,,,,,,,"OS",,,,,,,,,,,,944
0,"ARTECAM2","0","0","0","0","U","N",,,,,,,,,"OS",,,,,,,,,,,,945
0,"ARTEDOU","0","0","0","0","U","N",,,,,,,,,"OS",,,,,,,,,,,,8001
0,"ARTEDRA","0","0","0","0","U","N",,,,,,,,,"OS",,,,,,,,,,,,946
0,"ARTEFRI","0","0","0","0","U","N",,,,,,,,,"OS",,,,,,,"P",,,,,947
0,"ARTEFUR","0","0","0","0","U","N",,,,,,,,,"OS",,,,,,,,,,,,948
0,"ARTEHER","0","0","0","0","U","N",,,,,,,,,"OS",,,,,,,,,,,,8009
0,"ARTELIN","0","0","0","0","U","N",,,,,,,,,"OS",,,,,,,,,,,,949
0,"ARTELUD","0","0","0","0","U","N",,,,,,,,,"OS",,,,,,,,,,,,950
0,"ARTELUD1","0","0","0","0","U","N",,,,,,,,,,,,,,,,,,,,,951
0,"ARTELUD3","0","0","0","0","U","N",,,,,,,,,,,,,,,,,,,,,952
0,"ARTELUD7","0","0","0","0","U","N",,,,,,,,,"OS",,,,,,,,,,,,8002
0,"ARTEMIC","0","0","0","0","U","N",,,,,,,,,"OS",,,,,,,,,,,,953
0,"ARTEMIS","0","0","0","0","U","N",,,,,,,,,"OS",,,,,,,"P",,,,,110
0,"ARTENOR","0","0","0","0","U","N",,,,,,,,,"OS",,,,,,,,,,,,954
0,"ARTENOR1","0","0","0","0","U","N",,,,,,,,,"OS",,,,,,,,,,,,955
0,"ARTESUK","0","0","0","0","U","N",,,,,,,,,"OS",,,,,,,,,,,,956
0,"ARTETIL","0","0","0","0","U","N",,,,,,,,,"OS",,,,,,,,,,,,957
0,"ARTETRI","0","0","0","0","U","N",,,,,,,,,"OS",,,,,,,"P",,,,,1229
0,"ARTETRI1","0","0","0","0","U","N",,,,,,,,,,,,,,,,,,,,,1230
0,"ARTETRI2","0","0","0","0","U","N",,,,,,,,,,,,,,,,,,,,,1231
0,"ARTETRP","0","0","0","0","U","N",,,,,,,,,"OS",,,,,,,,,,,,958
0,"ARTETRP1","0","0","0","0","U","N",,,,,,,,,"OS",,,,,,,,,,,,8047
0,"ARTEVUL","0","0","0","0","U","E",,,,,,,,,"OS",,,,,,,,,,,,959
0,"ARTHANT","0","0","0","0","U","N",,,,,,,,,,,,,,,,,,,,,6052
0,"ARTHART","0","0","0","0","U","N",,,,,,,,,,,,,,,,,,,,,6037
0,"ARTHCAN","0","0","0","0","U","N",,,,,,,,,,,,,,,,,,,,,6038
0,"ARTHCER","0","0","0","0","U","N",,,,,,,,,,,,,,,,,,,,,6053
0,"ARTHCIE","0","0","0","0","U","N",,,,,,,,,,,,,,,,,,,,,6054
0,"ARTHCIT","0","0","0","0","U","N",,,,,,,,,,,,,,,,,,,,,6065
0,"ARTHDIS","0","0","0","0","U","N",,,,,,,,,,,,,,,,,,,,,6039
0,"ARTHGLE","0","0","0","0","U","N",,,,,,,,,,,,,,,,,,,,,6040
0,"ARTHHYP","0","0","0","0","U","N",,,,,,,,,,,,,,,,,,,,,6041
0,"ARTHINE","0","0","0","0","U","N",,,,,,,,,,,,,,,,,,,,,6042
0,"ARTHLAO","0","0","0","0","U","N",,,,,,,,,,,,,,,,,,,,,6055
0,"ARTHLAP","0","0","0","0","U","N",,,,,,,,,,,,,,,,,,,,,6043
0,"ARTHMAC","0","0","0","0","U","N",,,,,,,,,,,,,,,,,,,,,6060
0,"ARTHONA","0","0","0","0","U","N",,,,,,,,,,,,,,,,,,,,,6051
0,"ARTHONI","0","0","0","0","U","N",,,,,,,,,,,,,,,,,,,,,6048
0,"ARTHOPR","0","0","0","0","U","N",,,,,,,,,,,,,,,,,,,,,6059
0,"ARTHOPY","0","0","0","0","U","N",,,,,,,,,,,,,,,,,,,,,6058
0,"ARTHOTH","0","0","0","0","U","N",,,,,,,,,,,,,,,,,,,,,6061
0,"ARTHPAT","0","0","0","0","U","N",,,,,,,,,,,,,,,,,,,,,6044
0,"ARTHPHA","0","0","0","0","U","N",,,,,,,,,,,,,,,,,,,,,6045
0,"ARTHPLU","0","0","0","0","U","N",,,,,,,,,,,,,,,,,,,,,6056
0,"ARTHPOL","0","0","0","0","U","N",,,,,,,,,,,,,,,,,,,,,6046
0,"ARTHPUC","0","0","0","0","U","N",,,,,,,,,,,,,,,,,,,,,6057
0,"ARTHRAD","0","0","0","0","U","N",,,,,,,,,,,,,,,,,,,,,6047
0,"ARTHROA","0","0","0","0","U","N",,,,,,,,,,,,,,,,,,,,,6064
0,"ARTHROR","0","0","0","0","U","N",,,,,,,,,,,,,,,,,,,,,6066
0,"ARTHSPE","0","0","0","0","U","N",,,,,,,,,,,,,,,,,,,,,6062
0,"ARTHVIN","0","0","0","0","U","N",,,,,,,,,,,,,,,,,,,,,6049
0,"ARTHVIO","0","0","0","0","U","N",,,,,,,,,,,,,,,,,,,,,6063
0,"ARTHWIL","0","0","0","0","U","N",,,,,,,,,,,,,,,,,,,,,6050
0,"ARUNCUS","0","0","0","0","U","N",,,,,,,,,,,,,,,,,,,,,961
0,"ARUNDIO","0","4","3","3","U","N",,,,,,,,,,,,,,,,,,,,,960
0,"ASAHINE","0","0","0","0","U","N",,,,,,,,,,,,,,,,,,,,,6068
0,"ASAHSCH","0","0","0","0","U","N",,,,,,,,,,,,,,,,,,,,,6067
0,"ASARCAU","5","4","3","2","U","N",,,,,,,,,"OS",,,,,,,,,,,,962
0,"ASARUM","0","0","0","0","U","N",,,,,,,,,"OS",,,,,,,,,,,,963
0,"ASCIBLE","0","0","0","0","U","N",,,,,,,,,,,,,,,,,,,,,5129
0,"ASCIBLE1","0","0","0","0","U","N",,,,,,,,,,,,,,,,,,,,,5130
0,"ASCIDIO","0","0","0","0","U","N",,,,,,,,,,,,,,,,,,,,,5131
0,"ASCLEPA","0","0","0","0","U","N",,,,,,,,,,,,,,,,,,,,,964
0,"ASCLEPI","0","0","0","0","U","N",,,,,,,,,"OS",,,,,,,,,,,,965
0,"ASCLSPE","0","0","0","0","U","N",,"L",,"L",,"C,S","I","O","P3","SPR,SUM","LE,FR,SE","O-desglucosyrioside, syrioside, P3-poisonous, but not often eaten by livestock",,,,,"I",,,,966
0,"ASPAOFF","0","0","0","0","U","E",,,,,,,,,,,,,,,,,,,,,967
0,"ASPARAG","0","0","0","0","U","E",,,,,,,,,,,,,,,,,,,,,968
0,"ASPEPRO","0","0","0","0","U","E",,,,,,,,,,,,,,,,,,,,,969
0,"ASPERUG","0","0","0","0","U","E",,,,,,,,,,,,,,,,,,,,,970
0,"ASPIAQU","0","0","0","0","U","N",,,,,,,,,,,,,,,,,,,,,6069
0,"ASPICAE","0","0","0","0","U","N",,,,,,,,,,,,,,,,,,,,,6070
0,"ASPICAL","0","0","0","0","U","N",,,,,,,,,,,,,,,,,,,,,6071
0,"ASPICAN","0","0","0","0","U","N",,,,,,,,,,,,,,,,,,,,,6072
0,"ASPICIL","0","0","0","0","U","N",,,,,,,,,,,,,,,,,,,,,6082
0,"ASPICIN","0","0","0","0","U","N",,,,,,,,,,,,,,,,,,,,,6073
0,"ASPICON","0","0","0","0","U","N",,,,,,,,,,,,,,,,,,,,,6074
0,"ASPIDEN","0","0","0","0","U","N",,,,,,,,,,,,,,,,,,,,,1373
0,"ASPIDES","0","0","0","0","U","N",,,,,,,,,,,,,,,,,,,,,6075
0,"ASPIDOT","0","0","0","0","U","N",,,,,,,,,,,,,,,,,,,,,1374
0,"ASPIGIB","0","0","0","0","U","N",,,,,,,,,,,,,,,,,,,,,6076
0,"ASPIKAR","0","0","0","0","U","N",,,,,,,,,,,,,,,,,,,,,6077
0,"ASPILAX","0","0","0","0","U","N",,,,,,,,,,,,,,,,,,,,,6078
0,"ASPILEP","0","0","0","0","U","N",,,,,,,,,,,,,,,,,,,,,6079
0,"ASPIMYR","0","0","0","0","U","N",,,,,,,,,,,,,,,,,,,,,6080
0,"ASPIREP","0","0","0","0","U","N",,,,,,,,,,,,,,,,,,,,,6081
0,"ASPISUP","0","0","0","0","U","N",,,,,,,,,,,,,,,,,,,,,6083
0,"ASPIVER","0","0","0","0","U","N",,,,,,,,,,,,,,,,,,,,,6084
0,"ASPLADU","0","0","0","0","U","N",,,,,,,,,,,,,,,,,,,,,1376
0,"ASPLENA","0","0","0","0","U","N",,,,,,,,,,,,,,,,,,,,,1375
0,"ASPLENI","0","0","0","0","U","N",,,,,,,,,,,,,,,,,,,,,1377
0,"ASPLTRI","0","0","0","4","U","N",,,,,,,,,,,,,,,,,,,,,1378
0,"ASPLTRI1","0","0","0","0","U","N",,,,,,,,,,,,,,,,,,,,,7705
0,"ASPLTRI2","0","0","0","4","U","N",,,,,,,,,,,,,,,,,,,,,63
0,"ASPLVIR","0","4","3","4","U","N",,,,,,,,,,,,,,,,,,,,,1379
0,"ASTEALP","0","0","0","0","U","N",,,,,,,,,"OS",,,,,,,,,,,,971
0,"ASTEALP1","0","0","0","0","U","N",,,,,,,,,"OS",,,,,,,,,,,,972
0,"ASTEBOL","0","0","0","0","U","N",,,,,,,,,,,,,,,,,,,,,5132
0,"ASTECAL","0","0","0","0","U","N",,,,,,,,,,,,,,,,,,,,,5133
0,"ASTEELE","0","0","0","0","U","N",,,,,,,,,,,,,,,,,,,,,5134
0,"ASTEELE1","0","0","0","0","U","N",,,,,,,,,,,,,,,,,,,,,5135
0,"ASTEGRA","0","0","0","0","U","N",,,,,,,,,,,,,,,,,,,,,5136
0,"ASTELIN","0","0","0","0","U","N",,,,,,,,,,,,,,,,,,,,,5137
0,"ASTEMAZ","0","0","0","0","U","N",,,,,,,,,,,,,,,,,,,,,6085
0,"ASTEPAL","0","0","0","0","U","N",,,,,,,,,,,,,,,,,,,,,5138
0,"ASTER","0","0","0","0","U","N",,,,,,,,,"OS",,,,"1","1","0",,,,,,2407
0,"ASTERAC","0","0","0","0","U","N",,,,,,,,,,,,,,,,,,,,,2408
0,"ASTEREL","0","0","0","0","U","N",,,,,,,,,,,,,,,,,,,,,5140
0,"ASTEROP","0","0","0","0","U","N",,,,,,,,,,,,,,,,,,,,,6086
0,"ASTESAC","0","0","0","0","U","N",,,,,,,,,,,,,,,,,,,,,5139
0,"ASTETEN","0","0","0","0","U","N",,,,,,,,,,,,,,,,,,,,,5141
0,"ASTRAGA","0","0","0","0","U","N",,,,,,,,,"OS",,,,"1","1","0","G",,,,,2439
0,"ASTRAGR","0","0","0","0","U","N",,,,,,,,,"OS",,,,,,,,,,,,2409
0,"ASTRALP","0","0","0","0","U","N",,,,,,,,,"OS",,,,,,,,,,,,2410
0,"ASTRALP1","0","0","0","0","U","N",,,,,,,,,"OS",,,,,,,,,,,,7559
0,"ASTRAME","0","0","0","0","U","N",,,,,,,,,"OS",,,,,,,,,,,,2411
0,"ASTRAUS","0","0","0","0","U","N",,"L",,"L",,,"I","O","PX","U",,,,,,,,,,,2412
0,"ASTRBEC","0","0","0","0","U","N",,,,,,,,,"OS",,,,,,,,,,,,2413
0,"ASTRBEC1","0","0","0","0","U","N",,,,,,,,,"OS",,,,,,,,,,,,2414
0,"ASTRBOU","0","0","0","0","U","N",,,,,,,,,"OS",,,,,,,,,,,,2415
0,"ASTRCAN","0","0","0","0","U","N",,"L",,"L",,"C,S","I","O","P1","U","FL,LE","O-3-nitropropionic acid",,,,,,,,,2416
0,"ASTRCAN1","0","0","0","0","U","N",,"L",,"L",,"C,S","I","O","P1","U","FL,LE","O-3-nitropropionic acid",,,,,,,,,2417
0,"ASTRCAN2","0","0","0","0","U","N",,"L",,"L",,"C,S","I","O","P1","U","FL,LE","O-3-nitropropionic acid",,,,,,,,,2418
0,"ASTRCAN3","0","0","0","0","U","N",,"L",,"L",,"C,S","I","O","P1","U","FL,LE","O-3-nitropropionic acid",,,,,,,,,2419
0,"ASTRCIC","0","0","0","0","U","E",,,,,,,,,"OS",,,,,,,,,,,,2420
0,"ASTRCOL","0","0","0","0","U","N",,,,,,,,,"OS",,,,,,,,,,,,2421
0,"ASTRCOL1","0","0","0","0","U","N",,,,,,,,,"OS",,,,,,,,,,,,7560
0,"ASTRCRA","0","0","0","0","U","N",,,,,,,,,"OS",,,,,,,,,,,,2422
0,"ASTRDRU","0","0","0","0","U","N",,,,,,,,,"OS",,,,,,,,,,,,2423
0,"ASTREUC","0","0","0","0","U","N",,,,,,,,,"OS",,,,,,,,,,,,2424
0,"ASTRFAL","0","0","0","0","U","E",,,,,,,,,"OS",,,,,,,,,,,,7561
0,"ASTRFIL","0","0","0","0","U","N",,,,,,,,,"OS",,,,,,,,,,,,2425
0,"ASTRLAX","0","0","0","0","U","N",,"L",,"L",,"C","I","S","P3","U","LE,ST","P3-potentially toxic, but no reported cases of livestock poisoning",,,,,,,,,7638
0,"ASTRLAX1","0","0","0","0","U","N",,"L",,"L",,"C","I","S","P3","U","LE,ST","P3-potentially toxic, but no reported cases of livestock poisoning",,,,,,,,,7637
0,"ASTRLEN","0","0","0","0","U","N",,"L",,"L",,"C,H,S","I","A","P1","SPR","FL,LE,SE,ST","A-swainsonine, P1-causes locoism, teratogenic effects",,,,,,,,,2426
0,"ASTRLEN1","0","0","0","0","U","N",,"L",,"L",,"C,H,S","I","A","P1","SPR","FL,LE,SE,ST","A-swainsonine, P1-causes locoism, teratogenic effects",,,,,,,,,8010
0,"ASTRLOT","0","0","0","0","U","N",,,,,,,,,"OS",,,,,,,,,,,,2427
0,"ASTRMIC","0","0","0","0","U","N",,,,,,,,,"OS",,,,,,,,,,,,2428
0,"ASTRMIS","6","3","2","3","U","N",,"L,W",,"L","W","C,S,H,B","I","G","P1","SUM","LE,ST","G-miserotoxin",,,,"FP",,,,,2429
0,"ASTRMIS1","0","0","0","0","U","N",,"L,W",,"L","W","C,S,H,B","I","G","P1","SUM","LE,ST","G-miserotoxin",,,,,,,,,2430
0,"ASTRMIS2","0","0","0","0","U","N",,"L,W",,"L","W","C,S,H,B","I","G","P1","SUM","LE,ST","G-miserotoxin",,,,,,,,,2431
0,"ASTRNUT","0","0","0","0","U","N",,,,,,,,,"OS",,,,,,,,,,,,2432
0,"ASTRPUR","0","0","0","0","U","N",,"L",,"L",,"C,S,H","I","O","P1","SPR","AL","O-unknown, P1-causes locoism, teratogenic effects",,,,,,,,,2433
0,"ASTRPUR1","0","0","0","0","U","N",,"L",,"L",,"C,S,H","I","O","P1","SPR","AL","O-unknown, P1-causes locoism, teratogenic effects",,,,,,,,,2434
0,"ASTRPUR2","0","0","0","0","U","N",,"L",,"L",,"C,S,H","I","O","P1","SPR","AL","O-unknown, P1-causes locoism, teratogenic effects",,,,,,,,,2435
0,"ASTRROB","0","0","0","0","U","N",,,,,,,,,"OS",,,,,,,,,,,,2436
0,"ASTRROB1","0","0","0","0","U","N",,,,,,,,,"OS",,,,,,,,,,,,2437
0,"ASTRSCL","0","0","0","0","U","N",,,,,,,,,"OS",,,,,,,,,,,,2438
0,"ASTRSPA","0","0","0","0","U","N",,,,,,,,,"OS",,,,,,,,,,,,2440
0,"ASTRTEN","0","0","0","0","U","N",,,,,,,,,"OS",,,,,,,,,,,,2441
0,"ASTRUMB","0","0","0","0","U","N",,,,,,,,,"OS",,,,,,,,,,,,2442
0,"ASTRVEX","0","0","0","0","U","N",,,,,,,,,,,,,,,,,,,,,2443
0,"ASTRVEX1","0","0","0","0","U","N",,,,,,,,,,,,,,,,,,,,,2466
0,"ATHAHYA","0","0","0","0","U","N",,,,,,,,,,,,,,,,,,,,,5142
0,"ATHALAM","0","0","0","0","U","N",,,,,,,,,,,,,,,,,,,,,5143
0,"ATHYDIS","1","5","3","5","U","N",,,,,,,,,,,,,,,,,,,,,1380
0,"ATHYDIS2","0","0","0","0","U","N",,,,,,,,,,,,,,,,,,,,,1381
0,"ATHYFIL","0","5","3","2","U","N",,,,,,,,,,,,,"2","2","1",,,"4",,,1382
0,"ATHYFIL1","0","0","0","0","U","N",,,,,,,,,,,,,,,,,,,,,1383
0,"ATHYPUS","0","0","0","0","U","N",,,,,,,,,,,,,,,,,,,,,2467
0,"ATHYRIU","0","0","0","0","U","N",,,,,,,,,,,,,,,,,,,,,1384
0,"ATHYSAN","0","0","0","0","U","N",,,,,,,,,,,,,,,,,,,,,2468
0,"ATRIALA","0","0","0","0","U","N",,"H","H",,,"A",,"O","PX","U",,,,,,,,,,,2469
0,"ATRIARG","0","0","0","0","U","N",,"H","H",,,"A",,"O","PX","U",,,,,,,,,,,163
0,"ATRIARG1","0","0","0","0","U","N",,"H","H",,,"A",,"O","PX","U",,,,,,,,,,,164
0,"ATRICHU","0","0","0","0","U","N",,,,,,,,,,,,,,,,,,,,,4206
0,"ATRIGAR","0","0","0","0","U","N",,"L",,"L",,,"I","S","PX","U",,,,,,,,,,,7676
0,"ATRIGAR1","0","0","0","0","U","N",,"L",,"L",,,"I","S","PX","U",,,,,,,,,,,7675
0,"ATRIGME","0","0","0","0","U","N",,"H","H",,,"A",,"O","PX","U",,,,,,,,,,,165
0,"ATRIFLA","0","0","0","0","U","N",,,,,,,,,,,,,,,,,,,,,4204
0,"ATRIHOR","0","0","0","0","U","E",,"H","H",,,"A",,"O","PX","U",,,,,,,,,,,166
0,"ATRILON","0","0","0","0","U","E",,,,,,,,,"OS",,,,,,,,,,,,167
0,"ATRIMIC","0","0","0","0","U","E",,"H","H",,,"A",,"O","PX","U",,,,,,,,,,,7536
0,"ATRIOBL","0","0","0","0","U","E",,"H","H",,,"A",,"O","PX","U",,,,,,,,,,,168
0,"ATRIPAT","0","0","0","0","U","E",,"H","H",,,"A",,"O","PX","U",,,,,,,,,,,169
0,"ATRIPLE","0","0","0","0","U","N",,,,,,,,,"OS",,,,,,,,,,,,171
0,"ATRIPRO","0","0","0","0","U","E",,,,,,,,,"OS",,,,,,,,,,,,7786
0,"ATRIROS","0","0","0","0","U","E",,"H,L","H","L",,"A","I","S","PX","U",,,,,,,,,,,170
0,"ATRISEL","5","4","3","3","U","N",,,,,,,,,,,,,,,,,,,,,4205
0,"ATRISUB","0","0","0","0","U","N",,"H","H",,,"A",,"O","PX","U",,,,,,,,,,,172
0,"ATRITEN","0","0","0","0","U","N",,,,,,,,,,,,,,,,,,,,,4207
0,"ATRITRU","0","0","0","0","U","N",,"H","H",,,"A",,"O","PX","U",,,,,,,,"4",,,173
0,"ATRIUND","5","4","3","3","U","N",,,,,,,,,,,,,,,,,,,,,4208
0,"AUBRDEL","0","0","0","0","U","E",,,,,,,,,,,,,,,,,,,,,7698
0,"AUBRIET","0","0","0","0","U","E",,,,,,,,,,,,,,,,,,,,,7699
0,"AULAACU","0","0","0","0","U","N",,,,,,,,,,,,,,,,,,,,,4210
0,"AULAAND","0","3","1","1","U","N",,,,,,,,,,,,,,,,,,,,,4211
0,"AULACOM","0","0","0","0","U","N",,,,,,,,,,,,,,,,,,,,,4213
0,"AULACON","0","0","0","0","U","N",,,,,,,,,,,,,,,,,,,,,4209
0,"AULAPAL","0","6","2","5","U","N",,,,,,,,,,,,,,,,,,"3",,,4212
0,"AULATUR","0","0","0","0","U","N",,,,,,,,,,,,,,,,,,"3",,,4214
0,"AVENA","0","0","0","0","U","E",,,,,,,,,"OS",,,,,,,,,,,,1663
0,"AVENFAT","0","0","0","0","U","E",,,,,,,,,"OS",,,,,,,,"P",,,,1661
0,"AVENSAT","0","0","0","0","U","E",,"L",,"L",,"C,Pi,O","I","N","P1","U","LE,ST","O-turkeys",,,,,,,,,1662
0,"AXYRAMA","0","0","0","0","U","E",,,,,,,,,,,,,,,,,,,,,174
0,"AXYRIS","0","0","0","0","U","E",,,,,,,,,,,,,,,,,,,,,175
0,"AYTONIA","0","0","0","0","U","N",,,,,,,,,,,,,,,,,,,,,5144
0,"AZOLCAR","0","0","0","0","U","E",,,,,,,,,,,,,,,,,,,,,586
0,"AZOLFIL","0","0","0","0","U","E",,,,,,,,,,,,,,,,,,"1",,,1385
0,"AZOLLA","0","0","0","0","U","N",,,,,,,,,,,,,,,,,,,,,1387
0,"AZOLLAC","0","0","0","0","U","N",,,,,,,,,,,,,,,,,,,,,1388
0,"AZOLMEX","0","0","0","0","U","N",,,,,,,,,,,,,,,,,,"1",,,1386
0,"BACHMAN","0","0","0","0","U","N",,,,,,,,,,,,,,,,,,,,,6087
0,"BACHUNC","0","0","0","0","U","N",,,,,,,,,,,,,,,,,,,,,6088
0,"BACIALA","0","0","0","0","U","N",,,,,,,,,,,,,,,,,,,,,6089
0,"BACIARC","0","0","0","0","U","N",,,,,,,,,,,,,,,,,,,,,6090
0,"BACIBAG","0","0","0","0","U","N",,,,,,,,,,,,,,,,,,,,,6091
0,"BACIBEC","0","0","0","0","U","N",,,,,,,,,,,,,,,,,,,,,6092
0,"BACICIR","0","0","0","0","U","N",,,,,,,,,,,,,,,,,,,,,6093
0,"BACIDIA","0","0","0","0","U","N",,,,,,,,,,,,,,,,,,,,,6103
0,"BACIDIC","0","0","0","0","U","N",,,,,,,,,,,,,,,,,,,,,6104
0,"BACIDIN","0","0","0","0","U","N",,,,,,,,,,,,,,,,,,,,,6107
0,"BACIEGN","0","0","0","0","U","N",,,,,,,,,,,,,,,,,,,,,6105
0,"BACIFRI","0","0","0","0","U","N",,,,,,,,,,,,,,,,,,,,,6094
0,"BACIIGN","0","0","0","0","U","N",,,,,,,,,,,,,,,,,,,,,6095
0,"BACIINU","0","0","0","0","U","N",,,,,,,,,,,,,,,,,,,,,6106
0,"BACILAU","0","0","0","0","U","N",,,,,,,,,,,,,,,,,,,,,6096
0,"BACILAU1","0","0","0","0","U","N",,,,,,,,,,,,,,,,,,,,,6097
0,"BACINAE","0","0","0","0","U","N",,,,,,,,,,,,,,,,,,,,,6098
0,"BACIPOL","0","0","0","0","U","N",,,,,,,,,,,,,,,,,,,,,6099
0,"BACIROS","0","0","0","0","U","N",,,,,,,,,,,,,,,,,,,,,6100
0,"BACIRUB","0","0","0","0","U","N",,,,,,,,,,,,,,,,,,,,,6101
0,"BACISCO","0","0","0","0","U","N",,,,,,,,,,,,,,,,,,,,,6102
0,"BACTPAT","0","0","0","0","U","N",,,,,,,,,,,,,,,,,,,,,6108
0,"BACTROS","0","0","0","0","U","N",,,,,,,,,,,,,,,,,,,,,6109
0,"BAEOCAR","0","0","0","0","U","N",,,,,,,,,,,,,,,,,,,,,6110
0,"BAEOMYC","0","0","0","0","U","N",,,,,,,,,,,,,,,,,,,,,6113
0,"BAEOMYE","0","0","0","0","U","N",,,,,,,,,,,,,,,,,,,,,6114
0,"BAEOPLA","0","0","0","0","U","N",,,,,,,,,,,,,,,,,,,,,6111
0,"BAEORUF","0","0","0","0","U","N",,,,,,,,,,,,,,,,,,,,,6112
0,"BALSAMI","0","0","0","0","U","N",,,,,,,,,,,,,,,,,,,,,176
0,"BALSAMO","0","0","0","0","U","N",,,,,,,,,,,,,,,,,,,,,179
0,"BALSDEL","0","0","0","0","U","N",,,,,,,,,,,,,,,,,,,,,177
0,"BALSSAG","0","0","0","0","U","N",,,,,,,,,,,,,,,,"P",,,,,178
0,"BARBAMP","0","0","0","0","U","N",,,,,,,,,,,,,,,,,,,,,4215
0,"BARBARE","0","0","0","0","U","N",,,,,,,,,"OS",,,,,,,,,,,,326
0,"BARBATL","0","0","0","0","U","N",,,,,,,,,,,,,,,,,,,,,5145
0,"BARBATT","0","0","0","0","U","N",,,,,,,,,,,,,,,,,,,,,5146
0,"BARBBAR","0","0","0","0","U","N",,,,,,,,,,,,,,,,,,,,,5147
0,"BARBBIN","0","0","0","0","U","N",,,,,,,,,,,,,,,,,,,,,5148
0,"BARBCAV","0","0","0","0","U","N",,,,,,,,,,,,,,,,,,,,,5149
0,"BARBCON","0","0","0","0","U","N",,,,,,,,,,,,,,,,,,,,,4216
0,"BARBCON1","0","0","0","0","U","N",,,,,,,,,,,,,,,,,,,,,8076
0,"BARBCON2","0","0","0","0","U","N",,,,,,,,,,,,,,,,,,,,,871
0,"BARBCON3","0","0","0","0","U","N",,,,,,,,,,,,,,,,,,,,,872
0,"BARBFLO","3","3","1","1","U","N",,,,,,,,,,,,,,,,,,,,,5150
0,"BARBFLO1","0","0","0","0","U","N",,,,,,,,,,,,,,,,,,,,,5151
0,"BARBHAT","1","3","1","1","U","N",,,,,,,,,,,,,,,,,,,,,5152
0,"BARBHYP","0","0","0","0","U","N",,,,,,,,,,,,,,,,,,,,,5153
0,"BARBILO","0","0","0","0","U","N",,,,,,,,,,,,,,,,,,,,,5160
0,"BARBKUN","0","0","0","0","U","N",,,,,,,,,,,,,,,,,,,,,5154
0,"BARBLYC","3","3","1","1","U","N",,,,,,,,,,,,,,,,,,,,,5155
0,"BARBORT","0","0","0","0","U","N",,,,,,,,,"OS",,,,,,,,,,,,325
0,"BARBQUA","0","0","0","0","U","N",,,,,,,,,,,,,,,,,,,,,5156
0,"BARBQUA1","0","0","0","0","U","N",,,,,,,,,,,,,,,,,,,,,5157
0,"BARBQUA2","0","0","0","0","U","N",,,,,,,,,,,,,,,,,,,,,5158
0,"BARBQUA3","0","0","0","0","U","N",,,,,,,,,,,,,,,,,,,,,5159
0,"BARBULA","0","0","0","0","U","N",,,,,,,,,,,,,,,,,,,,,4217
0,"BARBUNG","0","0","0","0","U","N",,,,,,,,,,,,,,,,,,,,,4218
0,"BARBVER","0","0","0","0","U","E",,,,,,,,,"OS",,,,,,,,,,,,327
0,"BARBVUL","0","0","0","0","U","E",,"L",,"L",,"H","I","O","P3","U","LE,ST","P3-one reported case of horse poisoning, O-possibly glucosinolates",,,,,,,,,328
0,"BARTHAL","0","0","0","0","U","N",,,,,,,,,,,,,,,,,,,,,4219
0,"BARTITH","0","0","0","0","U","N",,,,,,,,,,,,,,,,,,,,,4220
0,"BARTLES","0","0","0","0","U","N",,,,,,,,,,,,,,,,,,,,,4225
0,"BARTPOM","0","0","0","4","U","N",,,,,,,,,,,,,,,,,,,,,4221
0,"BARTRAI","0","0","0","0","U","N",,,,,,,,,,,,,,,,,,,,,4224
0,"BARTRAM","0","0","0","0","U","N",,,,,,,,,,,,,,,,,,,,,4222
0,"BARTRAO","0","0","0","0","U","N",,,,,,,,,,,,,,,,,,,,,4226
0,"BARTSTR","0","0","0","0","U","N",,,,,,,,,,,,,,,,,,,,,4223
0,"BASSHYS","0","0","0","0","U","E",,"L",,"L",,"S","I","X","P3","U","FL,LE","P3-suspected livestock poisoning, experimental poisoning in sheep",,,,"P",,,,,329
0,"BASSIA","0","0","0","0","U","E",,,,,,,,,"OS",,,,,,,,,,,,330
0,"BAZZAMB","0","4","1","1","U","N",,,,,,,,,,,,,,,,,,,,,5161
0,"BAZZANI","0","0","0","0","U","N",,,,,,,,,,,,,,,,,,,,,5165
0,"BAZZDEN","0","3","1","1","U","N",,,,,,,,,,,,,,,,,,"3",,,5162
0,"BAZZNUD","0","4","1","1","U","N",,,,,,,,,,,,,,,,,,,,,5163
0,"BAZZPEA","0","4","1","1","U","N",,,,,,,,,,,,,,,,,,,,,5164
0,"BAZZTRI","4","4","1","1","U","N",,,,,,,,,,,,,,,,,,"3",,,5166
0,"BAZZTRL","5","4","1","1","U","N",,,,,,,,,,,,,,,,,,"3",,,5167
0,"BAZZTRL1","0","0","0","0","U","N",,,,,,,,,,,,,,,,,,,,,5168
0,"BAZZTRL2","0","0","0","0","U","N",,,,,,,,,,,,,,,,,,,,,5169
0,"BECKMAN","0","0","0","0","U","N",,,,,,,,,,,,,,,,,,,,,1664
0,"BECKSYZ","0","0","0","0","U","N",,,,,,,,,,,,,,,,,,"3",,,1665
0,"BELLALP","0","0","0","0","U","N",,,,,,,,,,,,,,,,,,,,,6115
0,"BELLCIN","0","0","0","0","U","N",,,,,,,,,,,,,,,,,,,,,6116
0,"BELLDIA","0","0","0","0","U","N",,,,,,,,,,,,,,,,,,,,,6117
0,"BELLEME","0","0","0","0","U","N",,,,,,,,,,,,,,,,,,,,,6118
0,"BELLIS","0","0","0","0","U","E",,,,,,,,,,,,,,,,,,,,,332
0,"BELLPER","0","0","0","0","U","E",,,,,,,,,,,,,,,,,,,,,331
0,"BELLSUB","0","0","0","0","U","N",,,,,,,,,,,,,,,,,,,,,6119
0,"BERBERD","0","0","0","0","U","N",,,,,,,,,,,,,,,,,,,,,111
0,"BERBERI","0","0","0","0","U","E",,,,,,,,,,,,,,,,,,,,,1099
0,"BERBTHU","0","0","0","0","U","E",,,,,,,,,,,,,,,,,,,,,7700
0,"BERBVUL","0","0","0","0","U","E",,,,,,,,,,,,,,,,,,,,,1100
0,"BERTERO","0","0","0","0","U","E",,,,,,,,,,,,,,,,,,,,,334
0,"BERTINC","0","0","0","0","U","E",,,,,,,,,,,,,,,,,"I",,,,333
0,"BERUERE","0","0","0","0","U","N",,"L",,"L",,,"I","O","PX","U",,"O-other or unknown",,,,,,"3",,,335
0,"BERULA","0","0","0","0","U","N",,,,,,,,,"OS",,,,,,,,,,,,336
0,"BESSEYA","0","0","0","0","U","N",,,,,,,,,,,,,,,,,,,,,337
0,"BESSWYO","0","0","0","0","U","N",,,,,,,,,,,,,,,,,,,,,338
0,"BETUALL","0","0","0","0","U","E",,,,,,,,,,,,,,,,,,,,,7950
0,"BETUGLA","3","0","1","1","U","N",,,,,,,,,,,,,,,,"P",,"3",,,1232
0,"BETULA","0","0","0","0","U","N",,,,,,,,,,,,,,,,,,,,,818
0,"BETULAC","0","0","0","0","U","N",,,,,,,,,,,,,,,,,,,,,819
0,"BETULX","0","0","0","0","U","N",,,,,,,,,,,,,,,,,,,,,798
0,"BETUNAN","0","0","0","0","U","N",,,,,,,,,,,,,,,,"P",,"3",,,7497
0,"BETUNEO","0","0","0","0","U","N",,,,,,,,,,,,,,,,,,"4",,,791
0,"BETUOCC","0","0","3","0","U","N",,,,,,,,,,,,,,,,,,"3",,,792
0,"BETUPAP","0","0","0","0","U","N",,,,,,,,,,,,,,,,,,"4",,,793
0,"BETUPAP1","0","0","0","0","U","N",,,,,,,,,,,,,,,,,,,,,795
0,"BETUPAP4","0","0","0","0","U","N",,,,,,,,,,,,,,,,,,"4",,,794
0,"BETUPEN","0","0","0","0","U","E",,,,,,,,,,,,,,,,,,"4",,,796
0,"BETUPUB","0","0","0","0","U","E",,,,,,,,,,,,,,,,,,"3",,,797
0,"BETUPUM","0","0","0","0","U","N",,,,,,,,,,,,,,,,,,"3",,,1233
0,"BETUPUM1","0","0","0","0","U","N",,,,,,,,,,,,,,,,,,,,,1234
0,"BETUXPI","0","0","0","0","U","N",,,,,,,,,,,,,,,,,,,,,799
0,"BETUXWI","0","0","0","0","U","N",,,,,,,,,,,,,,,,,,,,,800
0,"BIATHEM","0","0","0","0","U","N",,,,,,,,,,,,,,,,,,,,,6120
0,"BIATORE","0","0","0","0","U","N",,,,,,,,,,,,,,,,,,,,,6121
0,"BIATORL","0","0","0","0","U","N",,,,,,,,,,,,,,,,,,,,,6122
0,"BIATORO","0","0","0","0","U","N",,,,,,,,,,,,,,,,,,,,,6123
0,"BIATUSN","0","0","0","0","U","N",,,,,,,,,,,,,,,,,,,,,6124
0,"BIDEAMP","0","0","0","0","U","N",,,,,,,,,"OS",,,,,,,,,"3",,,339
0,"BIDECER","0","0","0","0","U","N",,,,,,,,,"OS",,,,,,,,"I","2",,,340
0,"BIDECON","0","0","0","0","U","E",,,,,,,,,"OS",,,,,,,,,,,,8230
0,"BIDEFRO","0","0","0","0","U","E",,"L",,"L",,,"I","X","PX","U",,,,,,,,"4",,,341
0,"BIDENS","0","0","0","0","U","N",,,,,,,,,"OS",,,,,,,,,,,,342
0,"BIDETRI","0","0","0","0","U","E",,,,,,,,,"OS",,,,,,,,,,,,7477
0,"BIDEVUL","0","0","0","0","U","N",,,,,,,,,"OS",,,,,,,,,"3",,,343
0,"BISTBIS","1","5","3","2","U","N",,,,,,,,,,,,,,,,,,,,,344
0,"BISTVIV","0","0","0","0","U","N",,,,,,,,,,,,,,,,,,,,,345
0,"BLASIA","0","0","0","0","U","N",,,,,,,,,,,,,,,,,,,,,5171
0,"BLASIAC","0","0","0","0","U","N",,,,,,,,,,,,,,,,,,,,,5172
0,"BLASPUS","0","0","0","0","U","N",,,,,,,,,,,,,,,,,,,,,5170
0,"BLECHNA","0","0","0","0","U","N",,,,,,,,,,,,,,,,,,,,,1389
0,"BLECHNU","0","0","0","0","U","N",,,,,,,,,,,,,,,,,,,,,1390
0,"BLECSPI","2","4","1","1","U","N",,,,,,,,,,,,,,,,,,"4",,,1391
0,"BLEPARA","0","3","1","1","U","N",,,,,,,,,,,,,,,,,,,,,5173
0,"BLEPHAR","0","0","0","0","U","N",,,,,,,,,,,,,,,,,,,,,5174
0,"BLEPTRI","0","3","1","1","U","N",,,,,,,,,,,,,,,,,,"3",,,5175
0,"BLEPTRI1","0","0","0","0","U","N",,,,,,,,,,,,,,,,,,,,,5176
0,"BLEPTRI2","0","0","0","0","U","N",,,,,,,,,,,,,,,,,,,,,5177
0,"BLINACU","0","4","0","4","U","N",,,,,,,,,,,,,,,,,,,,,4227
0,"BLINDIA","0","0","0","0","U","N",,,,,,,,,,,,,,,,,,,,,4228
0,"BOECCAL","0","0","0","0","U","N",,,,,,,,,,,,,,,,,,,,,8199
0,"BOECCOL","0","0","0","0","U","N",,,,,,,,,,,,,,,,,,,,,8200
0,"BOECDIV","0","0","0","0","U","N",,,,,,,,,,,,,,,,,,,,,8183
0,"BOECDRE","0","0","0","0","U","N",,,,,,,,,,,,,,,,,,,,,8192
0,"BOECGRA","0","0","0","0","U","N",,,,,,,,,,,,,,,,,,,,,8201
0,"BOECHER","0","0","0","0","U","N",,,,,,,,,,,,,,,,,,,,,8185
0,"BOECLEM","0","0","0","0","U","N",,,,,,,,,,,,,,,,,,,,,8193
0,"BOECLYA","0","0","0","0","U","N",,,,,,,,,,,,,,,,,,,,,8194
0,"BOECMAC","0","0","0","0","U","N",,,,,,,,,,,,,,,,,,,,,8197
0,"BOECMIC","0","0","0","0","U","N",,,,,,,,,,,,,,,,,,,,,8202
0,"BOECPAC","0","0","0","0","U","N",,,,,,,,,,,,,,,,,,,,,8203
0,"BOECPAP","0","0","0","0","U","N",,,,,,,,,,,,,,,,,,,,,8204
0,"BOECPEN","0","0","0","0","U","N",,,,,,,,,,,,,,,,,,,,,8186
0,"BOECRET","0","0","0","0","U","N",,,,,,,,,,,,,,,,,,,,,8191
0,"BOECSPA","0","0","0","0","U","N",,,,,,,,,,,,,,,,,,,,,8198
0,"BOECSTR","0","0","0","0","U","N",,,,,,,,,,,,,,,,,,,,,8184
0,"BOLBFLU","0","0","0","0","U","N",,,,,,,,,"OS",,,,,,,,,"2",,,598
0,"BOLBGLA","0","0","0","0","U","E",,,,,,,,,"OS",,,,,,,,,"2",,,1303
0,"BOLBMAR","0","0","0","0","U","N",,,,,,,,,"OS",,,,,,,,,"3",,,600
0,"BOLBMAR1","0","0","0","0","U","N",,,,,,,,,"OS",,,,,,,,,"2",,,601
0,"BOLBSCH","0","0","0","0","U","N",,,,,,,,,,,,,,,,,,,,,599
0,"BORAGIN","0","0","0","0","U","N",,,,,,,,,,,,,,,,,,,,,346
0,"BORAGO","0","0","0","0","U","E",,,,,,,,,,,,,,,,,,,,,348
0,"BORAOFF","0","0","0","0","U","E",,,,,,,,,,,,,,,,,,,,,347
0,"BOSCHNI","0","0","0","0","U","N",,,,,,,,,,,,,,,,,,,,,3824
0,"KOPSHOO","4","0","1","1","U","N",,,,,,,,,,,,,,,,,,,,,3822
0,"BOSCROS","1","5","3","0","U","N",,,,,,,,,,,,,,,,,,,,,3823
0,"BOTRALA","0","0","0","0","U","N",,,,,,,,,,,,,,,,,,,,,8011
0,"BOTRASC","0","0","0","0","U","N",,,,,,,,,,,,,,,,,,"3",,,1392
0,"BOTRCRE","0","0","0","0","U","N",,,,,,,,,,,,,,,,,,,,,1393
0,"BOTRHES","0","0","0","0","U","N",,,,,,,,,,,,,,,,,,,,,1394
0,"BOTRLAN","3","0","0","0","U","N",,,,,,,,,,,,,,,,,,,,,1395
0,"BOTRLAN2","3","0","0","0","U","N",,,,,,,,,,,,,,,,,,,,,607
0,"BOTRLUN","0","0","0","0","U","N",,,,,,,,,,,,,,,,,,"4",,,1396
0,"BOTRMIC","0","0","0","0","U","N",,,,,,,,,,,,,,,,,,,,,8231
0,"BOTRMIN","0","0","0","0","U","N",,,,,,,,,,,,,,,,,,,,,1397
0,"BOTRMON","0","0","0","0","U","N",,,,,,,,,,,,,,,,,,,,,1398
0,"SCEPMUL","0","5","1","1","U","N",,,,,,,,,,,,,,,,,,"4",,,1399
0,"BOTRPAR","0","0","0","0","U","N",,,,,,,,,,,,,,,,,,,,,1567
0,"BOTRPED","0","0","0","0","U","N",,,,,,,,,,,,,,,,,,,,,1568
0,"BOTRPIN","0","0","0","0","U","N",,,,,,,,,,,,,,,,,,,,,1569
0,"BOTRSIL","0","0","0","0","U",,,,,,,,,,,,,,,,,,,,,,1570
0,"BOTRSIM","0","0","0","0","U","N",,,,,,,,,,,,,,,,,,"3",,,1571
0,"BOTRSIM1","0","0","0","0","U","N",,,,,,,,,,,,,,,,,,"3",,,8232
0,"BOTRSPA","0","0","0","0","U","N",,,,,,,,,,,,,,,,,,,,,585
0,"BOTRVIG","3","4","3","2","U","N",,,,,,,,,,,,,,,,,,"4",,,1573
0,"BOTRYAA","0","0","0","0","U","N",,,,,,,,,,,,,,,,,,,,,8012
0,"BOTRYCH","0","0","0","0","U","N",,,,,,,,,,,,,,,,,,,,,1572
0,"BOUTELO","0","0","0","0","U","N",,,,,,,,,,,,,,,,,,,,,1667
0,"BOUTGRA","0","0","0","0","U","N",,,,,,,,,,,,,,,,,,,,,1666
0,"BOYKINI","0","0","0","0","U","N",,,,,,,,,,,,,,,,,,,,,350
0,"BOYKOCC","4","4","3","2","U","N",,,,,,,,,,,,,,,,,,,,,349
0,"BRACACT","0","0","0","0","U","N",,,,,,,,,,,,,,,,,,,,,4232
0,"BRACALB","0","3","2","0","U","N",,,,,,,,,,,,,,,,,,,,,4233
0,"BRACBAH","0","0","0","0","U","N",,,,,,,,,,,,,,,,,,,,,5178
0,"BRACCAL","0","0","0","0","U","N",,,,,,,,,,,,,,,,,,,,,4234
0,"BRACCAM","0","0","0","0","U","N",,,,,,,,,,,,,,,,,,,,,4235
0,"BRACCOL","0","0","0","0","U","N",,,,,,,,,,,,,,,,,,,,,4236
0,"BRACCOR","0","0","0","0","U","N",,,,,,,,,,,,,,,,,,,,,5179
0,"BRACERY","0","0","0","0","U","N",,,,,,,,,,,,,,,,,,,,,4237
0,"BRACFEN","0","0","0","0","U","N",,,,,,,,,,,,,,,,,,,,,4238
0,"BRACFRI","2","3","2","0","U","N",,,,,,,,,,,,,,,,,,,,,4239
0,"BRACGRO","0","0","0","0","U","N",,,,,,,,,,,,,,,,,,,,,4240
0,"BRACHIO","0","0","0","0","U","N",,,,,,,,,,,,,,,,,,,,,5180
0,"BRACHOL","0","0","0","0","U","N",,,,,,,,,,,,,,,,,,,,,4241
0,"BRACHYD","0","0","0","0","U","N",,,,,,,,,,,,,,,,,,,,,4230
0,"BRACHYH","0","0","0","0","U","N",,,,,,,,,,,,,,,,,,,,,4231
0,"BRACHYL","0","0","0","0","U","N",,,,,,,,,,,,,,,,,,,,,4242
0,"BRACHYT","0","0","0","0","U","N",,,,,,,,,,,,,,,,,,,,,4253
0,"BRACLEI","0","3","2","0","U","N",,,,,,,,,,,,,,,,,,,,,4243
0,"BRACNEL","0","0","0","0","U","N",,,,,,,,,,,,,,,,,,,,,4244
0,"BRACOED","0","0","0","0","U","N",,,,,,,,,,,,,,,,,,,,,4245
0,"BRACOLY","0","0","0","0","U","N",,,,,,,,,,,,,,,,,,,,,4229
0,"BRACOXY","0","0","0","0","U","N",,,,,,,,,,,,,,,,,,,,,4246
0,"BRACPLU","0","4","0","4","U","N",,,,,,,,,,,,,,,,,,,,,4247
0,"BRACPOP","0","0","0","0","U","N",,,,,,,,,,,,,,,,,,,,,4248
0,"BRACREF","0","0","0","0","U","N",,,,,,,,,,,,,,,,,,,,,7831
0,"BRACREF1","0","0","0","0","U","N",,,,,,,,,,,,,,,,,,,,,7922
0,"BRACREF2","0","0","0","0","U","N",,,,,,,,,,,,,,,,,,,,,426
0,"BRACRIV","0","4","0","0","U","N",,,,,,,,,,,,,,,,,,"4",,,4249
0,"BRACRUT","0","0","0","0","U","N",,,,,,,,,,,,,,,,,,,,,4250
0,"BRACSAL","0","3","1","1","U","N",,,,,,,,,,,,,,,,,,"3",,,4251
0,"BRACSAL2","0","0","0","0","U","N",,,,,,,,,,,,,,,,,,,,,4252
0,"BRACSTA","0","0","0","0","U","N",,,,,,,,,,,,,,,,,,,,,4254
0,"BRACSYL","0","0","0","0","U","E",,,,,,,,,,,,,,,,,,,,,7677
0,"BRACSYL1","0","0","0","0","U","E",,,,,,,,,,,,,,,,,,,,,7678
0,"BRACTRA","0","0","0","0","U","N",,,,,,,,,,,,,,,,,,,,,4255
0,"BRACTUR","0","0","0","0","U","N",,,,,,,,,,,,,,,,,,"3",,,4256
0,"BRACVEL","0","3","2","0","U","N",,,,,,,,,,,,,,,,,,,,,4257
0,"BRACVEL1","0","0","0","0","U","N",,,,,,,,,,,,,,,,,,,,,4258
0,"BRACVEL2","0","0","0","0","U","N",,,,,,,,,,,,,,,,,,,,,4259
0,"BRASRAP2","0","0","0","0","U","E",,"L",,"L",,"C","I","O","P1","U","FL,LE,ST","O-SMCO",,,,,,,,,2470
0,"BRASENI","0","0","0","0","U","N",,,,,,,,,,,,,,,,,,,,,352
0,"SINAALB","0","0","0","0","U","E",,"L",,"L",,"C,S","I","G","PX","U",,,,,,,,,,,2471
0,"BRASJUN","0","0","0","0","U","E",,"L",,"L",,"C,Pi","I","G,O","P1","U","LE,SE","G-glucosinolates,O-SMCO",,,,,,,,,2472
0,"SINAARV","0","0","0","0","U","E",,"L",,"L",,"C,Pi","I","G","P1","U","LE,SE","G-glucosinolates",,,,,"R",,,,2473
0,"BRASNAP","0","0","0","0","U","E",,,,,,,,,"OS",,,,,,,,,,,,2474
0,"BRASNIG","0","0","0","0","U","E",,"L",,"L",,,"I","G","PX","U",,,,,,,,,,,2475
0,"BRASSCH","5","6","0","5","U","N",,,,,,,,,,,,,,,,,,"1",,,351
0,"BRASSIA","0","0","0","0","U","N",,,,,,,,,,,,,,,,,,,,,2477
0,"BRASSIC","0","0","0","0","U","E",,,,,,,,,"OS",,,,,,,,,,,,2476
0,"BRAYA","0","0","0","0","U","N",,,,,,,,,,,,,,,,,,,,,2480
0,"BRAYGLA","0","0","0","0","U","N",,,,,,,,,,,,,,,,,,,,,2478
0,"BRAYGLA1","0","0","0","0","U","N",,,,,,,,,,,,,,,,,,,,,7756
0,"BRAYHUM","0","0","0","0","U","N",,,,,,,,,,,,,,,,,,,,,2479
0,"BRAYHUM1","0","0","0","0","U","N",,,,,,,,,,,,,,,,,,,,,8205
0,"BRAYHUM2","0","0","0","0","U","N",,,,,,,,,,,,,,,,,,,,,8206
0,"BRAYHUM3","0","0","0","0","U","N",,,,,,,,,,,,,,,,,,,,,8207
0,"BRICGRA","0","0","0","0","U","N",,,,,,,,,,,,,,,,,,,,,2481
0,"BRICKEL","0","0","0","0","U","N",,,,,,,,,,,,,,,,,,,,,2484
0,"BRICOBL","0","0","0","0","U","N",,,,,,,,,,,,,,,,,,,,,2482
0,"BRICOBL2","0","0","0","0","U","N",,,,,,,,,,,,,,,,,,,,,2483
0,"BRIZA","0","0","0","0","U","E",,,,,,,,,,,,,,,,,,,,,1670
0,"BRIZMAX","0","0","0","0","U","E",,,,,,,,,,,,,,,,,,,,,1668
0,"BRIZMIN","0","0","0","0","U","E",,,,,,,,,,,,,,,,,,,,,1669
0,"BRODCOR","5","2","2","0","U","N",,,,,,,,,,,,,,,,,,,,,2485
0,"BRODCOR1","0","0","0","0","U","N",,,,,,,,,,,,,,,,,,,,,2486
0,"BRODIAE","0","0","0","0","U","N",,,,,,,,,,,,,,,,,,,,,2487
0,"BRODOA","0","0","0","0","U","N",,,,,,,,,,,,,,,,,,,,,6126
0,"BRODORO","0","0","0","0","U","N",,,,,,,,,,,,,,,,,,,,,6125
0,"BROMALE","0","0","0","0","U","N",,,,,,,,,,,,,,,,,,,,,1671
0,"BROMBRI","0","0","0","0","U","E",,,,,,,,,,,,,,,,,,,,,1672
0,"BROMCAR","0","2","2","0","U","N",,,,,,,,,,,,,,,,"G",,,,,1673
0,"BROMCIL","3","4","3","3","U","N",,,,,,,,,,,,,,,,"G",,,,,1674
0,"BROMCOM","0","0","0","0","U","E",,,,,,,,,,,,,,,,,,,,,1675
0,"BROMHOR","0","0","0","0","U","E",,,,,,,,,,,,,,,,"F",,,,,1676
0,"BROMHOR1","0","0","0","0","U","E",,,,,,,,,,,,,,,,,,,,,1677
0,"BROMHOR2","0","0","0","0","U","E",,,,,,,,,,,,,,,,,,,,,1609
0,"BROMINE","0","2","2","3","U","E",,,,,,,,,,,,,,,,"G",,"4",,,1679
0,"BROMINE1","0","0","0","0","U","E",,,,,,,,,,,,,,,,,,,,,1680
0,"BROMJAP","0","0","0","0","U","E",,,,,,,,,,,,,,,,"P",,,,,1681
0,"BROMPAC","4","5","3","2","U","N",,,,,,,,,,,,,,,,,,,,,1682
0,"BROMPOR","0","0","0","0","U","N",,,,,,,,,,,,,,,,"G",,,,,1683
0,"BROMPUM","0","0","0","0","U","N",,,,,,,,,,,,,,,,,,,,,1684
0,"BROMRAC","0","0","0","0","U","E",,,,,,,,,,,,,,,,"F",,,,,1685
0,"BROMRIC","0","0","0","0","U","N",,,,,,,,,,,,,,,,,,,,,1686
0,"BROMRIG","4","1","2","3","U","E",,,,,,,,,,,,,,,,,,,,,1687
0,"BROMRIP","0","0","0","0","U","E",,,,,,,,,,,,,,,,,,,,,8013
0,"BROMSEC","0","0","0","0","U","E",,,,,,,,,,,,,,,,"F",,,,,1688
0,"BROMSIT","4","2","3","0","U","N",,,,,,,,,,,,,,,,"G",,,,,1689
0,"BROMSQU","0","0","0","0","U","E",,,,,,,,,,,,,,,,,,,,,1691
0,"BROMSQU1","0","0","0","0","U","E",,,,,,,,,,,,,,,,,,,,,7679
0,"BROMSTE","0","2","2","3","U","E",,,,,,,,,,,,,,,,,,,,,1692
0,"BROMSUB","0","0","0","0","U","N",,,,,,,,,,,,,,,,,,,,,7680
0,"BROMTEC","0","2","2","3","U","E",,,,,,,,,,,,,,,,"FI",,,,,1693
0,"BROMUS","0","0","0","0","U","N",,,,,,,,,,,,,"2","1","0",,,,,,1690
0,"BROMVUL","0","0","3","0","U","N",,,,,,,,,,,,,,,,,,,,,1694
0,"BROTHEE","0","0","0","0","U","N",,,,,,,,,,,,,,,,,,,,,4261
0,"BROTROE","0","0","0","0","U","N",,,,,,,,,,,,,,,,,,,,,4260
0,"BRUCHIA","0","0","0","0","U","N",,,,,,,,,,,,,,,,,,,,,4262
0,"BRYACEA","0","0","0","0","U","N",,,,,,,,,,,,,,,,,,,,,4263
0,"BRYHHUL","0","0","0","0","U","N",,,,,,,,,,,,,,,,,,,,,4264
0,"BRYHNIA","0","0","0","0","U","N",,,,,,,,,,,,,,,,,,,,,4265
0,"BRYOBIC","0","0","0","0","U","N",,,,,,,,,,,,,,,,,,,,,6132
0,"BRYOBRI","0","0","0","0","U","N",,,,,,,,,,,,,,,,,,,,,4267
0,"BRYOCAP","0","0","0","0","U","N",,,,,,,,,,,,,,,,,,,,,6133
0,"BRYOCAR","0","0","0","0","U","N",,,,,,,,,,,,,,,,,,,,,6134
0,"BRYOCAU","0","0","0","0","U","N",,,,,,,,,,,,,,,,,,,,,6129
0,"BRYOCER","0","0","0","0","U","N",,,,,,,,,,,,,,,,,,,,,6135
0,"BRYOCHA","0","0","0","0","U","N",,,,,,,,,,,,,,,,,,,,,6136
0,"BRYOCOL","0","0","0","0","U","N",,,,,,,,,,,,,,,,,,,,,4268
0,"BRYOCUR","0","0","0","0","U","N",,,,,,,,,,,,,,,,,,,,,6130
0,"BRYODIV","0","0","0","0","U","N",,,,,,,,,,,,,,,,,,,,,6127
0,"BRYOERY","0","0","0","0","U","N",,,,,,,,,,,,,,,,,,,,,4271
0,"BRYOFER","0","0","0","0","U","N",,,,,,,,,,,,,,,,,,,,,4269
0,"BRYOFRE","0","0","0","0","U","N",,,,,,,,,,,,,,,,,,,,,6137
0,"BRYOFRI","0","0","0","0","U","N",,,,,,,,,,,,,,,,,,,,,6138
0,"BRYOFUR","0","0","0","0","U","N",,,,,,,,,,,,,,,,,,,,,6326
0,"BRYOFUS","0","0","0","0","U","N",,,,,,,,,,,,,,,,,,,,,6139
0,"BRYOGLA","0","0","0","0","U","N",,,,,,,,,,,,,,,,,,,,,6140
0,"BRYOIMP","0","0","0","0","U","N",,,,,,,,,,,,,,,,,,,,,6141
0,"BRYOLAN","0","0","0","0","U","N",,,,,,,,,,,,,,,,,,,,,6142
0,"BRYOLON","0","0","0","0","U","N",,,,,,,,,,,,,,,,,,,,,4266
0,"BRYONAD","0","0","0","0","U","N",,,,,,,,,,,,,,,,,,,,,6327
0,"BRYONIT","0","0","0","0","U","N",,,,,,,,,,,,,,,,,,,,,6143
0,"BRYONOA","0","0","0","0","U","N",,,,,,,,,,,,,,,,,,,,,6131
0,"BRYOPIK","0","0","0","0","U","N",,,,,,,,,,,,,,,,,,,,,6144
0,"BRYOPSE","0","0","0","0","U","N",,,,,,,,,,,,,,,,,,,,,6145
0,"BRYOPSU","0","0","0","0","U","N",,,,,,,,,,,,,,,,,,,,,6128
0,"BRYOREC","0","0","0","0","U","N",,,,,,,,,,,,,,,,,,,,,4270
0,"BRYORIA","0","0","0","0","U","N",,,,,,,,,,,,,,,,,,,,,6147
0,"BRYOSIM","0","0","0","0","U","N",,,,,,,,,,,,,,,,,,,,,6146
0,"BRYOSUB","0","0","0","0","U","N",,,,,,,,,,,,,,,,,,,,,6148
0,"BRYOTEN","0","0","0","0","U","N",,,,,,,,,,,,,,,,,,,,,6149
0,"BRYOTOR","0","0","0","0","U","N",,,,,,,,,,,,,,,,,,,,,6150
0,"BRYOTRI","0","0","0","0","U","N",,,,,,,,,,,,,,,,,,,,,6151
0,"BRYOTRI1","0","0","0","0","U","N",,,,,,,,,,,,,,,,,,,,,6152
0,"BRYOTRI2","0","0","0","0","U","N",,,,,,,,,,,,,,,,,,,,,6153
0,"BRYUALG","0","0","0","0","U","N",,,,,,,,,,,,,,,,,,,,,4272
0,"BRYUALG1","0","0","0","0","U","N",,,,,,,,,,,,,,,,,,,,,4273
0,"BRYUALG2","0","0","0","0","U","N",,,,,,,,,,,,,,,,,,,,,7923
0,"BRYUALP","0","0","0","0","U","N",,,,,,,,,,,,,,,,,,,,,4274
0,"PTYCINC","0","0","0","0","U","N",,,,,,,,,,,,,,,,,,,,,8091
0,"BRYUARC","0","0","0","0","U","N",,,,,,,,,,,,,,,,,,,,,4275
0,"BRYUARG","0","0","0","0","U","N",,,,,,,,,,,,,,,,,,,,,4276
0,"BRYUBLI","0","0","0","0","U","N",,,,,,,,,,,,,,,,,,,,,4277
0,"BRYUCAE","0","0","0","0","U","N",,,,,,,,,,,,,,,,,,,,,4278
0,"BRYUCAL","0","0","0","0","U","N",,,,,,,,,,,,,,,,,,,,,4280
0,"BRYUCAN","0","0","0","0","U","N",,,,,,,,,,,,,,,,,,,,,4281
0,"BRYUCAO","0","0","0","0","U","N",,,,,,,,,,,,,,,,,,,,,4279
0,"BRYUCAP","0","0","0","0","U","N",,,,,,,,,,,,,,,,,,,,,4282
0,"BRYUCAP1","0","0","0","0","U",,,,,,,,,,,,,,,,,,,,,,4283
0,"ROSUELE","0","0","0","0","U","N",,,,,,,,,,,,,,,,,,,,,7924
0,"BRYUCYC","0","0","0","0","U","N",,,,,,,,,,,,,,,,,,,,,4284
0,"BRYUDIC","0","0","0","0","U","N",,,,,,,,,,,,,,,,,,,,,8090
0,"BRYUERY","0","0","0","0","U",,,,,,,,,,,,,,,,,,,,,,7925
0,"BRYUFLA","0","0","0","0","U","N",,,,,,,,,,,,,,,,,,,,,4285
0,"BRYUGEM","0","0","0","0","U","N",,,,,,,,,,,,,,,,,,,,,4286
0,"BRYULIS","0","0","0","0","U","N",,,,,,,,,,,,,,,,,,,,,4287
0,"BRYULIS1","0","0","0","0","U","N",,,,,,,,,,,,,,,,,,,,,4288
0,"BRYUM","0","0","0","0","U","N",,,,,,,,,,,,,,,,,,,,,4295
0,"BRYUMES","0","0","0","0","U","N",,,,,,,,,,,,,,,,,,,,,4289
0,"BRYUMIN","0","0","0","0","U","N",,,,,,,,,,,,,,,,,,,,,4290
0,"BRYUMUE","0","0","0","0","U","N",,,,,,,,,,,,,,,,,,,,,4291
0,"BRYUPAE","0","0","0","0","U","N",,,,,,,,,,,,,,,,,,,,,4293
0,"BRYUPAL","0","4","0","0","U","N",,,,,,,,,,,,,,,,,,,,,4292
0,"BRYUPSE","0","0","0","0","U","N",,,,,,,,,,,,,,,,,,"2",,,4294
0,"BRYUSCH","0","0","0","0","U","N",,,,,,,,,,,,,,,,,,,,,7926
0,"BRYUSUB","0","0","0","0","U","N",,,,,,,,,,,,,,,,,,,,,4296
0,"BRYUTEN","0","0","0","0","U","N",,,,,,,,,,,,,,,,,,,,,8077
0,"BRYUTUR","0","0","0","0","U","N",,,,,,,,,,,,,,,,,,,,,4297
0,"BRYUULI","0","0","0","0","U","N",,,,,,,,,,,,,,,,,,"3",,,4298
0,"BRYUVIO","0","0","0","0","U","N",,,,,,,,,,,,,,,,,,,,,8078
0,"BRYUWEI","0","4","0","0","U","N",,,,,,,,,,,,,,,,,,,,,4299
0,"BUCEGIA","0","0","0","0","U","N",,,,,,,,,,,,,,,,,,,,,5182
0,"BUCEROM","0","0","0","0","U","N",,,,,,,,,,,,,,,,,,,,,5181
0,"BUDDDAV","4","0","2","0","U","E",,,,,,,,,,,,,,,,,,,,,1235
0,"BUDDLEA","0","0","0","0","U","E",,,,,,,,,,,,,,,,,,,,,1237
0,"BUDDLEJ","0","0","0","0","U","E",,,,,,,,,,,,,,,,,,,,,1236
0,"BUELAET","0","0","0","0","U","N",,,,,,,,,,,,,,,,,,,,,6154
0,"BUELBAD","0","0","0","0","U","N",,,,,,,,,,,,,,,,,,,,,6155
0,"BUELCUT","0","0","0","0","U","N",,,,,,,,,,,,,,,,,,,,,6156
0,"BUELDIS","0","0","0","0","U","N",,,,,,,,,,,,,,,,,,,,,6157
0,"BUELELE","0","0","0","0","U","N",,,,,,,,,,,,,,,,,,,,,6158
0,"BUELERU","0","0","0","0","U","N",,,,,,,,,,,,,,,,,,,,,6159
0,"BUELGEO","0","0","0","0","U","N",,,,,,,,,,,,,,,,,,,,,6160
0,"BUELGRI","0","0","0","0","U","N",,,,,,,,,,,,,,,,,,,,,6161
0,"BUELHAL","0","0","0","0","U","N",,,,,,,,,,,,,,,,,,,,,6162
0,"BUELINS","0","0","0","0","U","N",,,,,,,,,,,,,,,,,,,,,6163
0,"BUELLEP","0","0","0","0","U","N",,,,,,,,,,,,,,,,,,,,,6164
0,"BUELLIA","0","0","0","0","U","N",,,,,,,,,,,,,,,,,,,,,6168
0,"BUELOID","0","0","0","0","U","N",,,,,,,,,,,,,,,,,,,,,6165
0,"BUELPAP","0","0","0","0","U","N",,,,,,,,,,,,,,,,,,,,,6166
0,"BUELPUL","0","0","0","0","U","N",,,,,,,,,,,,,,,,,,,,,6167
0,"BUELSTE","0","0","0","0","U","N",,,,,,,,,,,,,,,,,,,,,6169
0,"BUELSTL","0","0","0","0","U","N",,,,,,,,,,,,,,,,,,,,,6170
0,"BUELTRI","0","0","0","0","U","N",,,,,,,,,,,,,,,,,,,,,6171
0,"BUELTUR","0","0","0","0","U","N",,,,,,,,,,,,,,,,,,,,,6172
0,"BUGLARV","0","0","0","0","U","E",,,,,,,,,,,,,,,,,,,,,2488
0,"BULBCAP","0","0","0","0","U","N",,,,,,,,,,,,,,,,,,,,,1304
0,"BUNIORI","0","0","0","0","U","E",,,,,,,,,,,,,,,,,,,,,7506
0,"BUNODOP","0","0","0","0","U","N",,,,,,,,,,,,,,,,,,,,,6174
0,"BUNOMEL","0","0","0","0","U","N",,,,,,,,,,,,,,,,,,,,,6173
0,"BUPLEUR","0","0","0","0","U","N",,,,,,,,,,,,,,,,,,,,,2489
0,"BUTOMAC","0","0","0","0","U","E",,,,,,,,,,,,,,,,,,,,,2490
0,"BUTOMUS","0","0","0","0","U","E",,,,,,,,,,,,,,,,,,,,,2491
0,"BUTOUMB","0","0","0","0","U","E",,,,,,,,,,,,,,,,,,"1",,,2492
0,"BUXBAPH","0","0","0","0","U","N",,,,,,,,,,,,,,,,,,,,,4300
0,"BUXBAUI","0","0","0","0","U","N",,,,,,,,,,,,,,,,,,,,,4304
0,"BUXBAUM","0","0","0","0","U","N",,,,,,,,,,,,,,,,,,,,,4302
0,"BUXBPIP","0","0","0","0","U","N",,,,,,,,,,,,,,,,,,,,,4301
0,"BUXBVIR","0","0","0","0","U","N",,,,,,,,,,,,,,,,,,,,,4303
0,"CABOMBA","0","0","0","0","U","N",,,,,,,,,,,,,,,,,,,,,7515
0,"CACALIO","0","0","0","0","U","N",,,,,,,,,,,,,,,,,,,,,2494
0,"CACANAR","0","0","0","0","U","N",,,,,,,,,,,,,,,,,,,,,2493
0,"CACTACE","0","0","0","0","U","N",,,,,,,,,,,,,,,,,,,,,2495
0,"CAKIEDE","0","0","0","0","U","E",,,,,,,,,,,,,,,,,,,,,2496
0,"CAKILE","0","0","0","0","U","N",,,,,,,,,,,,,,,,,,,,,2498
0,"CAKIMAR","0","0","0","0","U","E",,,,,,,,,,,,,,,,,,,,,2497
0,"CALACAN","0","5","2","0","U","N",,,,,,,,,,,,,"2","2","1","F",,"4",,,1695
0,"CALACAN1","0","0","0","0","U","N",,,,,,,,,,,,,,,,,,,,,1696
0,"CALACAN4","0","0","0","0","U","N",,,,,,,,,,,,,,,,,,,,,1697
0,"CALACIL","0","0","0","0","U","N",,,,,,,,,,,,,,,,,,,,,2499
0,"CALACIL1","0","0","0","0","U","N",,,,,,,,,,,,,,,,,,,,,2500
0,"CALAEPI","0","0","0","0","U","E",,,,,,,,,,,,,,,,,,,,,1305
0,"CALALAP","0","0","0","0","U","N",,,,,,,,,,,,,,,,,,,,,1698
0,"CALALON","0","0","0","0","U","N",,,,,,,,,,,,,,,,"F",,,,,1527
0,"CALALON1","0","0","0","0","U","N",,,,,,,,,,,,,,,,,,,,,1528
0,"CALAMAG","0","0","0","0","U","N",,,,,,,,,,,,,,,,,,,,,1523
0,"CALAMON","0","0","0","0","U","N",,,,,,,,,,,,,,,,,,,,,1699
0,"CALAMOV","0","0","0","0","U","N",,,,,,,,,,,,,,,,,,,,,1529
0,"CALANDR","0","0","0","0","U","N",,,,,,,,,,,,,,,,,,,,,2501
0,"CALANUT","4","5","2","0","U","N",,,,,,,,,,,,,,,,,,"4",,,1700
0,"CALAPUR","0","0","0","0","U","N",,,,,,,,,,,,,,,,,,,,,1701
0,"CALAPUR4","0","0","0","0","U","N",,,,,,,,,,,,,,,,,,,,,7633
0,"CALARUB","3","2","2","0","U","N",,,,,,,,,,,,,,,,"F",,,,,1521
0,"CALASES","0","0","0","0","U","N",,,,,,,,,,,,,,,,,,,,,1522
0,"CALASTR","0","0","0","0","U","N",,,,,,,,,,,,,,,,,,"3",,,1524
0,"CALASTR1","0","0","0","0","U","N",,,,,,,,,,,,,,,,,,,,,1526
0,"CALASTR2","0","0","0","0","U","N",,,,,,,,,,,,,,,,,,,,,1525
0,"CALIABI","0","0","0","0","U","N",,,,,,,,,,,,,,,,,,,,,6176
0,"CALIADA","0","0","0","0","U","N",,,,,,,,,,,,,,,,,,,,,6177
0,"CALIADS","0","0","0","0","U","N",,,,,,,,,,,,,,,,,,,,,6178
0,"CALICIA","0","0","0","0","U","N",,,,,,,,,,,,,,,,,,,,,6175
0,"CALICIU","0","0","0","0","U","N",,,,,,,,,,,,,,,,,,,,,6184
0,"CALICOR","0","0","0","0","U","N",,,,,,,,,,,,,,,,,,,,,6179
0,"CALIGLA","0","0","0","0","U","N",,,,,,,,,,,,,,,,,,,,,6180
0,"CALILEN","0","0","0","0","U","N",,,,,,,,,,,,,,,,,,,,,6181
0,"CALIPAR","0","0","0","0","U","N",,,,,,,,,,,,,,,,,,,,,6182
0,"CALISAL","0","0","0","0","U","N",,,,,,,,,,,,,,,,,,,,,6183
0,"CALITRA","0","0","0","0","U","N",,,,,,,,,,,,,,,,,,,,,6185
0,"CALIVIR","0","0","0","0","U","N",,,,,,,,,,,,,,,,,,,,,6186
0,"CALLA","0","0","0","0","U","N",,,,,,,,,"OS",,,,,,,,,,,,2503
0,"CALLCOR","0","6","2","5","U","N",,,,,,,,,,,,,,,,,,"2",,,4307
0,"CALLCUS","0","6","0","5","U","N",,,,,,,,,,,,,,,,,,"2",,,4151
0,"CALLGIG","0","5","0","0","U","N",,,,,,,,,,,,,,,,,,"2",,,4308
0,"CALLHAL","0","0","0","0","U","N",,,,,,,,,,,,,,,,,,,,,4305
0,"CALLHER","0","0","0","0","U","N",,,,,,,,,,,,,,,,,,"1",,,2505
0,"CALLHET","0","0","0","0","U","N",,,,,,,,,,,,,,,,,,"1",,,2506
0,"CALLHET3","0","0","0","0","U","N",,,,,,,,,,,,,,,,,,,,,8014
0,"CALLICL","0","0","0","0","U","N",,,,,,,,,,,,,,,,,,,,,4306
0,"CALLIEG","0","0","0","0","U","N",,,,,,,,,,,,,,,,,,"3",,,4149
0,"CALLIEO","0","0","0","0","U","N",,,,,,,,,,,,,,,,,,,,,4152
0,"CALLITI","0","0","0","0","U","N",,,,,,,,,,,,,,,,,,,,,2504
0,"CALLITR","0","0","0","0","U","N",,,,,,,,,,,,,,,,,,"2",,,2509
0,"CALLMAR","0","0","0","0","U","N",,,,,,,,,,,,,,,,,,"1",,,2507
0,"CALLPAL","0","0","0","0","U","N",,"H,L","H","L",,"P,C","I","X","P3","U","LE,RO,ST","P3-potentially poisonous, no reported cases",,,,,,"1",,,2502
0,"CALLPAU","0","0","0","0","U","N",,,,,,,,,,,,,,,,,,"1",,,2508
0,"CALLRIC","0","0","0","0","U","N",,,,,,,,,,,,,,,,,,"2",,,4309
0,"CALLSTA","0","0","0","0","U","E",,,,,,,,,,,,,,,,,,"1",,,2510
0,"CALLSTR","0","0","0","0","U","N",,,,,,,,,,,,,,,,,,"2",,,4150
0,"CALLUNA","0","0","0","0","U","E",,,,,,,,,,,,,,,,,,,,,1101
0,"CALLVUL","0","0","0","0","U","E",,,,,,,,,,,,,,,,,,,,,1102
0,"CALOAPI","0","0","0","0","U","N",,,,,,,,,,,,,,,,,,,,,2511
0,"CALOCHO","0","0","0","0","U","N",,,,,,,,,,,,,,,,,,,,,2515
0,"CALODEC","0","0","0","0","U","E",,,,,,,,,,,,,,,,,,,,,726
0,"CALOLYA","0","0","0","0","U","N",,,,,,,,,,,,,,,,,,,,,2512
0,"CALOMAC","0","0","0","0","U","N",,,,,,,,,,,,,,,,,,,,,2513
0,"CALOMAC1","0","0","0","0","U","N",,,,,,,,,,,,,,,,,,,,,2514
0,"CALTHA","0","0","0","0","U","N",,,,,,,,,,,,,,,,,,"4",,,2521
0,"CALTLEP","1","6","3","0","U","N",,,,,,,,,,,,,"1","1","0",,,"3",,,2516
0,"CALTLEP1","0","0","0","0","U","N",,,,,,,,,,,,,,,,,,"3",,,2517
0,"CALTLEP2","0","0","0","0","U","N",,,,,,,,,,,,,,,,,,"4",,,2518
0,"CALTNAT","0","0","0","0","U","N",,,,,,,,,,,,,,,,,,"3",,,2519
0,"CALTPAL","0","0","0","0","U","N",,,,,,,,,,,,,,,,,,"3",,,2520
0,"CALTPAL2","0","0","0","0","U","N",,,,,,,,,,,,,,,,,,"3",,,8129
0,"CALYBUL","0","3","2","0","U","N",,,,,,,,,,,,,,,,,,,,,2522
0,"CALYBUL3","0","0","0","0","U","N",,,,,,,,,,,,,,,,,,,,,7602
0,"CALYBUL4","0","0","0","0","U","N",,,,,,,,,,,,,,,,,,,,,7603
0,"CALYCUL","0","0","0","0","U","N",,,,,,,,,,,,,,,,,,,,,5184
0,"CALYFIS","0","5","2","0","U","N",,,,,,,,,,,,,,,,,,"4",,,5185
0,"CALYFIS1","0","0","0","0","U","N",,,,,,,,,,,,,,,,,,,,,5186
0,"CALYFIS2","0","0","0","0","U","N",,,,,,,,,,,,,,,,,,,,,5187
0,"CALYINT","0","4","2","0","U","N",,,,,,,,,,,,,,,,,,,,,5188
0,"CALYLAX","0","0","0","0","U","N",,,,,,,,,,,,,,,,,,,,,5183
0,"CALYMUE","0","4","1","1","U","N",,,,,,,,,,,,,,,,,,,,,5189
0,"CALYMUE1","0","0","0","0","U","N",,,,,,,,,,,,,,,,,,,,,5190
0,"CALYMUE2","0","0","0","0","U","N",,,,,,,,,,,,,,,,,,,,,5191
0,"CALYNEE","0","4","1","1","U","N",,,,,,,,,,,,,,,,,,,,,5192
0,"CALYPER","0","0","0","0","U","N",,,,,,,,,,,,,,,,,,,,,5193
0,"CALYPOE","0","0","0","0","U","N",,,,,,,,,,,,,,,,,,,,,5199
0,"CALYPOG","0","0","0","0","U","N",,,,,,,,,,,,,,,,,,,,,5194
0,"CALYPSO","0","0","0","0","U","N",,,,,,,,,,,,,,,,,,,,,2523
0,"CALYPTR","0","0","0","0","U","N",,,,,,,,,,,,,,,,,,,,,2524
0,"CALYSEP","0","0","0","0","U","E",,,,,,,,,,,,,,,,,,,,,2525
0,"CALYSEP3","0","0","0","0","U","E",,,,,,,,,,,,,,,,,,,,,487
0,"CALYSOL","0","0","0","0","U","N",,,,,,,,,,,,,,,,,,,,,2526
0,"CALYSPH","0","0","0","0","U","N",,,,,,,,,,,,,,,,,,"3",,,5195
0,"CALYSTE","0","0","0","0","U","E",,,,,,,,,,,,,,,,,,,,,489
0,"CALYSUE","0","0","0","1","U","N",,,,,,,,,,,,,,,,,,,,,5196
0,"CALYSUL","0","0","0","0","U","N",,,,,,,,,,,,,,,,,,,,,5197
0,"CALYSYL","0","0","0","0","U","E",,,,,,,,,,,,,,,,,,,,,459
0,"CALYSYL1","0","0","0","0","U","E",,,,,,,,,,,,,,,,,,,,,488
0,"CALYTRI","0","4","1","1","U","N",,,,,,,,,,,,,,,,,,"3",,,5198
0,"CAMALEI","4","3","3","0","U","N",,,,,,,,,,,,,,,,,,,,,2527
0,"CAMALEI2","4","3","3","0","U","N",,,,,,,,,,,,,,,,,,,,,1338
0,"CAMAQUA","4","3","3","0","U","N",,,,,,,,,,,,,,,,,,,,,2528
0,"CAMAQUA1","0","0","0","0","U","N",,,,,,,,,,,,,,,,,,,,,1339
0,"CAMAQUA2","0","0","0","0","U","N",,,,,,,,,,,,,,,,,,,,,1340
0,"CAMASSI","0","0","0","0","U","N",,,,,,,,,,,,,,,,,,,,,2529
0,"CAMELIN","0","0","0","0","U","E",,,,,,,,,,,,,,,,,,,,,2532
0,"CAMEMIC","0","0","0","0","U","E",,,,,,,,,,,,,,,,,,,,,2530
0,"CAMESAT","0","0","0","0","U","E",,,,,,,,,,,,,,,,,,,,,2531
0,"CAMIAND","0","0","0","0","U",,,,,,,,,,,,,,,,,,,,,,2533
0,"CAMIBRE","0","0","0","0","U",,,,,,,,,,,,,,,,,,,,,,2534
0,"CAMICON","0","0","0","0","U","N",,,,,,,,,,,,,,,,,,,,,2535
0,"CAMISSO","0","0","0","0","U","N",,,,,,,,,,,,,,,,,,,,,2536
0,"CAMPANL","0","0","0","0","U","N",,,,,,,,,,,,,,,,,,,,,2546
0,"CAMPANU","0","0","0","0","U","N",,,,,,,,,,,,,,,,,,,,,2544
0,"CAMPATR","4","5","1","1","U","N",,,,,,,,,,,,,,,,,,"3",,,4002
0,"CAMPATR2","0","0","0","0","U","N",,,,,,,,,,,,,,,,,,"2",,,4003
0,"CAMPAUR","0","0","0","0","U","N",,,,,,,,,,,,,,,,,,,,,2537
0,"CAMPCAL","0","0","0","0","U","N",,,,,,,,,,,,,,,,,,,,,3998
0,"CAMPCHY","0","0","0","0","U","N",,,,,,,,,,,,,,,,,,,,,884
0,"CAMPFLE","0","0","0","0","U","N",,,,,,,,,,,,,,,,,,,,,4004
0,"CAMPFRA","0","0","0","0","U","N",,,,,,,,,,,,,,,,,,"4",,,4005
0,"CAMPHAE","0","0","0","0","U","N",,,,,,,,,,,,,,,,,,,,,877
0,"CAMPHIP","0","0","0","0","U","N",,,,,,,,,,,,,,,,,,,,,879
0,"CAMPSIN","0","0","0","0","U","N",,,,,,,,,,,,,,,,,,,,,8079
0,"CAMPLAS","0","0","0","0","U","N",,,,,,,,,,,,,,,,,,,,,2538
0,"CAMPMED","0","0","0","0","U","E",,,,,,,,,,,,,,,,,,,,,2539
0,"CAMPPER","0","0","0","0","U","E",,,,,,,,,,,,,,,,,,,,,2540
0,"CAMPPRO","0","0","0","0","U","N",,,,,,,,,,,,,,,,,,"2",,,886
0,"CAMPRAD","0","0","0","0","U","N",,,,,,,,,,,,,,,,,,,,,7927
0,"CAMPRAP","0","0","0","0","U","E",,,,,,,,,,,,,,,,,,,,,2541
0,"CAMPROT","0","2","1","3","U","N",,,,,,,,,,,,,,,,"P",,,,,2542
0,"CAMPGRA","0","0","0","0","U","N",,,,,,,,,,,,,,,,,,,,,4007
0,"CAMPSCI","0","0","0","0","U","N",,,,,,,,,,,,,,,,,,,,,4006
0,"CAMPSCO","4","2","1","0","U","N",,,,,,,,,,,,,,,,,,,,,2543
0,"CAMPSTE","0","0","0","0","U","N",,,,,,,,,,,,,,,,,,"2",,,4000
0,"CAMPSTE3","0","0","0","0","U","N",,,,,,,,,,,,,,,,,,"2",,,4001
0,"CAMPUNI","0","0","0","0","U","N",,,,,,,,,,,,,,,,,,,,,2545
0,"CAMPYLA","0","0","0","0","U","N",,,,,,,,,,,,,,,,,,,,,885
0,"CAMPYLI","0","0","0","0","U","N",,,,,,,,,,,,,,,,,,,,,3999
0,"CAMPYLO","0","0","0","0","U","N",,,,,,,,,,,,,,,,,,,,,4008
0,"CAMPYLP","0","0","0","0","U","N",,,,,,,,,,,,,,,,,,,,,878
0,"CANADAN","0","0","0","0","U","N",,,,,,,,,,,,,,,,,,,,,474
0,"CANAMOD","0","6","3","5","U","N",,,,,,,,,,,,,,,,,,"3",,,473
0,"CANDATH","0","0","0","0","U","N",,,,,,,,,,,,,,,,,,,,,6190
0,"CANDAUR","0","0","0","0","U","N",,,,,,,,,,,,,,,,,,,,,6191
0,"CANDCON","0","0","0","0","U","N",,,,,,,,,,,,,,,,,,,,,6187
0,"CANDEFF","0","0","0","0","U","N",,,,,,,,,,,,,,,,,,,,,6192
0,"CANDELA","0","0","0","0","U","N",,,,,,,,,,,,,,,,,,,,,6188
0,"CANDELI","0","0","0","0","U","N",,,,,,,,,,,,,,,,,,,,,6189
0,"CANDELR","0","0","0","0","U","N",,,,,,,,,,,,,,,,,,,,,6194
0,"CANDROS","0","0","0","0","U","N",,,,,,,,,,,,,,,,,,,,,6193
0,"CANDTER","0","0","0","0","U","N",,,,,,,,,,,,,,,,,,,,,6195
0,"CANDVIT","0","0","0","0","U","N",,,,,,,,,,,,,,,,,,,,,6196
0,"CANDXAN","0","0","0","0","U","N",,,,,,,,,,,,,,,,,,,,,6197
0,"CANNABA","0","0","0","0","U","E",,,,,,,,,,,,,,,,,,,,,2547
0,"CAPNODI","0","0","0","0","U","N",,,,,,,,,,,,,,,,,,,,,6198
0,"CAPPARA","0","0","0","0","U","N",,,,,,,,,,,,,,,,,,,,,2548
0,"CAPRIFO","0","0","0","0","U","N",,,,,,,,,,,,,,,,,,,,,820
0,"CAPSBUR","0","0","3","3","U","E",,,,,,,,,,,,,,,,,"I",,,,2549
0,"CAPSELL","0","0","0","0","U","E",,,,,,,,,,,,,,,,,,,,,2550
0,"CARAARB","0","0","0","0","U","E",,,,,,,,,,,,,,,,,,,,,1306
0,"CARBONE","0","0","0","0","U","N",,,,,,,,,,,,,,,,,,,,,6199
0,"CARBVOR","0","0","0","0","U","N",,,,,,,,,,,,,,,,,,,,,6200
0,"CARDACA","0","0","0","0","U","E",,,,,,,,,,,,,,,,,"R",,,,2569
0,"CARDACA1","0","0","0","0","U","E",,,,,,,,,,,,,,,,,"R",,,,8048
0,"CARDAMI","0","0","0","0","U","N",,,,,,,,,,,,,,,,,,,,,2566
0,"CARDANG","4","5","3","0","U","N",,,,,,,,,,,,,,,,,,,,,2551
0,"CARDARI","0","0","0","0","U","E",,,,,,,,,"OS",,,,,,,,"R",,,,2568
0,"CARDBEL","0","0","0","0","U","N",,,,,,,,,,,,,,,,,,,,,2552
0,"CARDBEL1","0","0","0","0","U","N",,,,,,,,,,,,,,,,,,,,,2553
0,"CARDBRE","5","6","3","5","U","N",,,,,,,,,,,,,,,,,,"3",,,2554
0,"CARDBRE1","0","0","0","0","U","N",,,,,,,,,,,,,,,,,,"4",,,2555
0,"CARDBRE2","0","0","0","0","U","N",,,,,,,,,,,,,,,,,,"4",,,2556
0,"CARDCOR","0","0","0","0","U","N",,,,,,,,,,,,,,,,,,,,,2557
0,"CARDCOR1","0","0","0","0","U","N",,,,,,,,,,,,,,,,,,,,,2558
0,"CARDCOY","0","0","0","0","U","E",,,,,,,,,,,,,,,,,,,,,1307
0,"CARDFLE","0","0","0","0","U","E",,,,,,,,,,,,,,,,,,,,,1308
0,"CARDHIR","0","0","0","0","U","E",,,,,,,,,,,,,,,,,,,,,2559
0,"CARDION","0","0","0","0","U","N",,,,,,,,,,,,,,,,,,,,,440
0,"CARDNUA","0","0","0","0","U","E",,,,,,,,,,,,,,,,,"I",,,,2570
0,"CARDNUA1","0","0","0","0","U","E",,,,,,,,,,,,,,,,,"I",,,,2571
0,"CARDNUT","0","0","0","0","U","N",,,,,,,,,,,,,,,,,,,,,2560
0,"CARDNYM","0","0","0","0","U","N",,,,,,,,,,,,,,,,,,,,,7721
0,"CARDOCC","4","5","3","0","U","N",,,,,,,,,,,,,,,,,,"4",,,2561
0,"CARDOCU","0","0","0","0","U","E",,,,,,,,,,,,,,,,,,,,,7701
0,"CARDOLI","5","5","3","0","U","N",,,,,,,,,,,,,,,,,,"4",,,2562
0,"CARDOLI2","4","5","3","0","U","N",,,,,,,,,,,,,,,,,,"4",,,7507
0,"CARDPAR","0","0","0","0","U","N",,,,,,,,,,,,,,,,,,,,,2563
0,"CARDPEN","3","5","3","0","U","N",,,,,,,,,,,,,,,,,,"3",,,2564
0,"CARDPRA","0","0","0","0","U","N",,,,,,,,,,,,,,,,,,"4",,,2565
0,"CARDPRA3","0","0","0","0","U","E",,,,,,,,,,,,,,,,,,"4",,,482
0,"CARDRAM","0","0","0","0","U","N",,,,,,,,,,,,,,,,,,,,,439
0,"CARDUMB","0","0","0","0","U","N",,,,,,,,,,,,,,,,,,,,,2567
0,"CARDUUS","0","0","0","0","U","E",,,,,,,,,,,,,,,,,,,,,2572
0,"CAREADU","0","0","0","0","U","N",,,,,,,,,,,,,,,,,,,,,602
0,"CAREALB","0","0","0","0","U","N",,,,,,,,,,,,,,,,,,,,,1530
0,"CAREAMP","0","0","0","0","U","N",,,,,,,,,,,,,,,,,,"4",,,1531
0,"CAREANT","2","6","2","5","U","N",,,,,,,,,,,,,,,,,,"3",,,1532
0,"CAREAPE","0","0","0","0","U","N",,,,,,,,,,,,,,,,,,"4",,,1533
0,"CAREAQU","0","6","0","5","U","N",,,,,,,,,,,,,"1","1","0","G",,"2",,,1534
0,"CAREAQU2","0","0","0","0","U","N",,,,,,,,,,,,,,,,,,,,,1536
0,"CAREAQU3","0","0","0","0","U","N",,,,,,,,,,,,,,,,,,,,,1535
0,"CAREAQU5","0","0","0","0","U","N",,,,,,,,,,,,,,,,,,,,,8044
0,"CAREARC","0","6","0","5","U","N",,,,,,,,,,,,,,,,,,"3",,,1537
0,"CAREART","0","0","0","0","U","N",,,,,,,,,,,,,,,,,,"2",,,1538
0,"CAREATA","0","0","0","0","U","N",,,,,,,,,,,,,,,,,,,,,1541
0,"CAREATH","0","0","0","0","U","N",,,,,,,,,,,,,,,,,,"2",,,1539
0,"CAREATO","0","0","0","0","U","N",,,,,,,,,,,,,,,,,,,,,1542
0,"CAREATR","0","0","0","0","U","N",,,,,,,,,,,,,,,,,,"3",,,1540
0,"CAREAUR","0","0","0","0","U","N",,,,,,,,,,,,,,,,,,"3",,,1543
0,"CAREBAC","0","0","0","0","U","N",,,,,,,,,,,,,,,,,,,,,1544
0,"CAREBEB","3","6","0","5","U","N",,,,,,,,,,,,,,,,,,"4",,,1545
0,"CAREBIC","0","0","0","0","U","N",,,,,,,,,,,,,,,,,,"3",,,1546
0,"CAREBIG","0","0","0","0","U","N",,,,,,,,,,,,,,,,,,,,,1547
0,"CAREBOL","0","6","3","5","U","N",,,,,,,,,,,,,,,,,,,,,1548
0,"CAREBRE","0","0","0","0","U","N",,,,,,,,,,,,,,,,,,,,,1549
0,"CAREBRU","0","6","0","5","U","N",,,,,,,,,,,,,,,,,,"2",,,1551
0,"CAREBRU1","0","0","0","0","U","N",,,,,,,,,,,,,,,,,,,,,1552
0,"CAREBRU2","0","0","0","0","U","N",,,,,,,,,,,,,,,,,,,,,1553
0,"CAREBRU3","0","0","0","0","U","N",,,,,,,,,,,,,,,,,,,,,1554
0,"CAREBRV","0","0","0","0","U","N",,,,,,,,,,,,,,,,,,,,,1550
0,"CAREBUX","0","6","3","5","U","N",,,,,,,,,,,,,,,,,,"2",,,1555
0,"CARECAI","0","0","0","0","U","N",,,,,,,,,,,,,,,,,,"4",,,1559
0,"CARECAN","0","6","1","5","U","N",,,,,,,,,,,,,"1","1","0",,,"2",,,1556
0,"CARECAN2","0","0","0","0","U","N",,,,,,,,,,,,,,,,,,"2",,,1557
0,"CARECAN4","0","0","0","0","U","N",,,,,,,,,,,,,,,,,,"2",,,8045
0,"CARECAP","0","0","0","0","U","N",,,,,,,,,,,,,,,,,,"3",,,1558
0,"CARECHO","0","0","0","0","U","N",,,,,,,,,,,,,,,,,,"2",,,1560
0,"CARECIR","0","0","0","0","U","N",,,,,,,,,,,,,,,,,,"4",,,1561
0,"CARECOC","0","0","0","0","U","N",,,,,,,,,,,,,,,,"F",,,,,1564
0,"CARECOI","2","2","2","0","U","N",,,,,,,,,,,,,"1","1","0",,,,,,1563
0,"CARECOM","0","0","0","0","U","N",,,,,,,,,,,,,,,,,,"3",,,1562
0,"CARECOR","0","0","0","0","U","N",,,,,,,,,,,,,,,,,,,,,1312
0,"CARECRA","3","5","3","0","U","N",,,,,,,,,,,,,,,,,,"4",,,1565
0,"CARECRW","0","0","0","0","U","N",,,,,,,,,,,,,,,,,,"3",,,1566
0,"CARECUS","0","6","0","5","U","N",,,,,,,,,,,,,,,,,,"2",,,1809
0,"CAREDEF","0","0","0","0","U","N",,,,,,,,,,,,,,,,,,,,,1810
0,"CAREDEW","0","4","3","2","U","N",,,,,,,,,,,,,,,,,,,,,1811
0,"CAREDEW1","0","0","0","0","U","N",,,,,,,,,,,,,,,,,,,,,1812
0,"CAREDIA","0","0","0","0","U","N",,,,,,,,,,,,,"1","1","0",,,"2",,,1813
0,"CAREDIS","3","6","1","5","U","N",,,,,,,,,,,,,"1","1","0",,,"3",,,1814
0,"CAREDOU","0","0","0","0","U","N",,,,,,,,,,,,,,,,,,,,,1815
0,"CAREDUR","0","0","0","0","U","N",,,,,,,,,,,,,,,,,,,,,1816
0,"CAREEBU","0","0","0","0","U","N",,,,,,,,,,,,,,,,,,,,,1817
0,"CAREECH","0","0","0","0","U","N",,,,,,,,,,,,,,,,,,"3",,,1818
0,"CAREECH1","0","0","0","0","U","N",,,,,,,,,,,,,,,,,,"3",,,1819
0,"CAREECH2","0","0","0","0","U","N",,,,,,,,,,,,,,,,,,"3",,,1820
0,"CAREENA","0","0","0","0","U","N",,,,,,,,,,,,,,,,,,,,,1821
0,"CAREENG","0","0","0","0","U","N",,,,,,,,,,,,,,,,,,,,,1822
0,"CAREEPA","0","0","0","0","U","N",,,,,,,,,,,,,,,,,,,,,1823
0,"CAREEXS","0","0","0","0","U","N",,,,,,,,,,,,,,,,,,"2",,,1824
0,"CAREFET","0","0","0","0","U","N",,,,,,,,,,,,,,,,,,"3",,,1825
0,"CAREFIL","0","0","0","0","U","N",,,,,,,,,,,,,,,,,,,,,1826
0,"CAREFLA","0","6","3","5","U","N",,,,,,,,,,,,,,,,,,"2",,,1827
0,"CAREFOE","0","0","0","0","U","N",,,,,,,,,,,,,,,,,,"4",,,1828
0,"CAREFUL","0","0","0","0","U","N",,,,,,,,,,,,,,,,,,,,,7985
0,"CAREFUL1","0","0","0","0","U","N",,,,,,,,,,,,,,,,,,,,,1829
0,"CAREGAR","0","0","0","0","U","N",,,,,,,,,,,,,,,,,,"3",,,1830
0,"CAREGAR1","0","0","0","0","U","N",,,,,,,,,,,,,,,,,,,,,1831
0,"CAREGAR2","0","0","0","0","U","N",,,,,,,,,,,,,,,,,,,,,1832
0,"CAREGEY","0","0","0","0","U","N",,,,,,,,,,,,,,,,,,,,,1833
0,"CAREGLA","0","0","0","0","U","N",,,,,,,,,,,,,,,,,,,,,1834
0,"CAREGLR","0","0","0","0","U","N",,,,,,,,,,,,,,,,,,"3",,,1835
0,"CAREGLR2","0","0","0","0","U","N",,,,,,,,,,,,,,,,,,,,,1836
0,"CAREGME","0","0","0","0","U","N",,,,,,,,,,,,,,,,,,"3",,,1837
0,"CAREGRA","0","0","0","0","U","E",,,,,,,,,,,,,,,,,,,,,1309
0,"CAREGYN","0","0","0","0","U","N",,,,,,,,,,,,,,,,,,"2",,,1838
0,"CAREHAS","0","0","0","0","U","N",,,,,,,,,,,,,,,,,,,,,1839
0,"CAREHAY","0","0","0","0","U","N",,,,,,,,,,,,,,,,,,,,,1840
0,"CAREHEL","0","0","0","0","U","N",,,,,,,,,,,,,,,,,,"3",,,1841
0,"CAREHEN","4","4","3","2","U","N",,,,,,,,,,,,,,,,,,,,,1842
0,"CAREHIN","0","0","0","0","U","N",,,,,,,,,,,,,,,,,,,,,1843
0,"CAREHOO","0","0","0","0","U","N",,,,,,,,,,,,,,,,,,,,,1844
0,"CAREHYS","0","0","0","0","U","N",,,,,,,,,,,,,,,,,,"3",,,1845
0,"CAREILL","2","6","3","5","U","N",,,,,,,,,,,,,,,,,,"3",,,1895
0,"CAREINC","0","0","0","0","U","N",,,,,,,,,,,,,,,,,,,,,1896
0,"CAREINC1","0","0","0","0","U","N",,,,,,,,,,,,,,,,,,,,,603
0,"CAREINE","0","0","0","0","U","N",,,,,,,,,,,,,,,,,,"3",,,1901
0,"CAREINF","0","0","0","0","U","N",,,,,,,,,,,,,,,,,,,,,1310
0,"CAREINO","4","3","2","0","U","N",,,,,,,,,,,,,,,,,,,,,1897
0,"CAREINO1","0","0","0","0","U","N",,,,,,,,,,,,,,,,,,,,,1898
0,"CAREINO2","0","0","0","0","U","N",,,,,,,,,,,,,,,,,,,,,1899
0,"CAREINT","3","6","3","5","U","N",,,,,,,,,,,,,"1","1","0",,,"2",,,1900
0,"CAREKEL","0","6","3","5","U","N",,,,,,,,,,,,,,,,,,,,,1902
0,"CAREKRA","0","0","0","0","U","N",,,,,,,,,,,,,,,,,,"3",,,1903
0,"CARELAE","0","6","2","5","U","N",,,,,,,,,,,,,,,,,,"3",,,1905
0,"CARELAH","0","0","0","0","U","N",,,,,,,,,,,,,,,,,,,,,1904
0,"CARELAP","0","0","0","0","U","N",,,,,,,,,,,,,,,,,,"3",,,1906
0,"CARELAS","0","6","1","5","U","N",,,,,,,,,,,,,,,,,,"2",,,1907
0,"CARELAS1","0","0","0","0","U","N",,,,,,,,,,,,,,,,,,"2",,,1908
0,"CARELEN","3","6","0","5","U","N",,,,,,,,,,,,,,,,,,"3",,,1909
0,"CARELEO","0","0","0","0","U","N",,,,,,,,,,,,,,,,,,,,,1913
0,"CARELET","5","5","3","0","U","N",,,,,,,,,,,,,,,,,,"2",,,1910
0,"CARELET1","0","0","0","0","U","N",,,,,,,,,,,,,,,,,,,,,1911
0,"CARELET2","0","0","0","0","U","N",,,,,,,,,,,,,,,,,,,,,1912
0,"CARELIM","0","6","1","5","U","N",,,,,,,,,,,,,"1","1","0",,,"2",,,1914
0,"CARELIV","0","6","2","5","U","N",,,,,,,,,,,,,,,,,,"2",,,1915
0,"CARELIV2","0","0","0","0","U","N",,,,,,,,,,,,,,,,,,,,,604
0,"CARELOL","0","0","0","0","U","N",,,,,,,,,,,,,,,,,,"3",,,1916
0,"CARELON","0","0","0","0","U","E",,,,,,,,,,,,,,,,,,,,,8233
0,"CARELUZ","0","0","0","0","U","N",,,,,,,,,,,,,,,,,,,,,1917
0,"CARELUZ1","0","0","0","0","U","N",,,,,,,,,,,,,,,,,,"2",,,1918
0,"CARELYN","4","6","0","5","U","N",,,,,,,,,,,,,"2","2","0",,,"2",,,1919
0,"CARELYN2","4","6","0","5","U","N",,,,,,,,,,,,,,,,,,,,,7562
0,"CAREMAG","0","0","0","0","U","N",,,,,,,,,,,,,,,,,,"2",,,1923
0,"CAREMAG1","0","0","0","0","U","N",,,,,,,,,,,,,,,,,,"2",,,1924
0,"CAREMAL","0","0","0","0","U","N",,,,,,,,,,,,,,,,,,"4",,,1920
0,"CAREMAO","2","5","3","0","U","N",,,,,,,,,,,,,"1","1","0",,,"3",,,1922
0,"CAREMAR","4","2","0","3","U","N",,,,,,,,,,,,,,,,,,,,,1921
0,"CAREMED","0","0","0","0","U","N",,,,,,,,,,,,,"1","1","0",,,"4",,,1925
0,"CAREMEM","0","0","0","0","U","N",,,,,,,,,,,,,,,,,,"3",,,1926
0,"CAREMER","0","4","3","3","U","N",,,,,,,,,,,,,,,,,,"4",,,1927
0,"CAREMIC","0","0","0","0","U","N",,,,,,,,,,,,,,,,,,"4",,,1928
0,"CAREMIC1","0","0","0","0","U","N",,,,,,,,,,,,,,,,,,,,,1929
0,"CAREMIO","0","0","0","0","U","N",,,,,,,,,,,,,,,,,,"4",,,1931
0,"CAREMIR","0","0","0","0","U","N",,,,,,,,,,,,,,,,,,"3",,,1930
0,"CARENAR","0","0","0","0","U","N",,,,,,,,,,,,,,,,,,,,,1932
0,"CARENIA","0","0","0","0","U","E",,,,,,,,,,,,,,,,,,,,,7563
0,"CARENIG","1","4","1","1","U","N",,,,,,,,,,,,,,,,,,"3",,,1933
0,"CAREOBN","4","6","3","5","U","N",,,,,,,,,,,,,,,,,,"3",,,1934
0,"CAREOBT","0","0","0","0","U","N",,,,,,,,,,,,,,,,,,,,,1935
0,"CAREPAC","0","0","2","3","U","N",,,,,,,,,,,,,,,,,,"4",,,1936
0,"CAREPAL","0","0","0","0","U","E",,,,,,,,,,,,,,,,,,,,,1937
0,"CAREPAN","0","0","0","0","U","N",,,,,,,,,,,,,,,,,,,,,1938
0,"CAREPAR","0","0","0","0","U","N",,,,,,,,,,,,,,,,,,,,,1939
0,"CAREPAU","0","6","1","5","U","N",,,,,,,,,,,,,"1","1","0",,,"2",,,1940
0,"CAREPAY","0","0","0","0","U","N",,,,,,,,,,,,,,,,,,,,,1941
0,"CAREPEC","0","0","0","0","U","N",,,,,,,,,,,,,,,,,,"4",,,1942
0,"CAREPED","0","0","0","0","U","N",,,,,,,,,,,,,,,,,,,,,1943
0,"CAREPEL","0","6","3","5","U","N",,,,,,,,,,,,,,,,,,"2",,,483
0,"CAREPER","0","0","0","0","U","N",,,,,,,,,,,,,,,,,,,,,1945
0,"CAREPET","0","0","0","0","U","N",,,,,,,,,,,,,,,,,,,,,1944
0,"CAREPHA","0","0","0","0","U","N",,,,,,,,,,,,,,,,,,,,,1946
0,"CAREPLU","4","6","0","5","U","N",,,,,,,,,,,,,,,,,,"2",,,1947
0,"CAREPOD","0","0","0","0","U","N",,,,,,,,,,,,,,,,,,"3",,,1948
0,"CAREPRC","0","0","0","0","U","N",,,,,,,,,,,,,,,,,,,,,1311
0,"CAREPRE","0","0","0","0","U","N",,,,,,,,,,,,,,,,"F",,"4",,,1949
0,"CAREPRR","0","0","0","0","U","N",,,,,,,,,,,,,,,,,,"2",,,1950
0,"CAREPRS","0","3","2","0","U","N",,,,,,,,,,,,,,,,,,,,,1952
0,"CAREPRT","0","0","0","0","U","N",,,,,,,,,,,,,,,,,,"3",,,1951
0,"CAREPYR","1","3","2","3","U","N",,,,,,,,,,,,,,,,,,,,,1953
0,"CAREPYR1","0","0","0","0","U","N",,,,,,,,,,,,,,,,,,,,,1954
0,"CARERAY","0","0","0","0","U","N",,,,,,,,,,,,,,,,,,,,,1955
0,"CARERET","3","6","0","5","U","N",,,,,,,,,,,,,,,,,,"3",,,1956
0,"CARERIC","0","0","0","0","U","N",,,,,,,,,,,,,,,,,,,,,1957
0,"CAREROS","0","2","2","4","U","N",,,,,,,,,,,,,"1","1","0",,,,,,1958
0,"CAREROT","0","6","0","5","U","N",,,,,,,,,,,,,,,,,,,,,1959
0,"CARERUP","0","0","0","0","U","N",,,,,,,,,,,,,,,,,,,,,1960
0,"CARERUP1","0","0","0","0","U","N",,,,,,,,,,,,,,,,,,,,,1961
0,"CARERUP2","0","0","0","0","U","N",,,,,,,,,,,,,,,,,,,,,1962
0,"CARESAR","0","0","0","0","U","N",,,,,,,,,,,,,,,,,,"3",,,1963
0,"CARESAR1","0","0","0","0","U","N",,,,,,,,,,,,,,,,,,,,,7564
0,"CARESAX","0","0","0","0","U","N",,,,,,,,,,,,,,,,,,"2",,,1964
0,"CARESAX1","0","0","0","0","U","N",,,,,,,,,,,,,,,,,,,,,1965
0,"CARESCI","0","0","0","0","U","N",,,,,,,,,,,,,,,,,,,,,1966
0,"CARESCI1","0","0","0","0","U","N",,,,,,,,,,,,,,,,,,,,,1968
0,"CARESCI2","0","0","0","0","U","N",,,,,,,,,,,,,,,,,,,,,1969
0,"CARESCI3","0","0","0","0","U","N",,,,,,,,,,,,,,,,,,,,,1967
0,"CARESCO","0","0","0","0","U","N",,,,,,,,,,,,,,,,,,"4",,,1970
0,"CARESCP","0","0","0","0","U","N",,,,,,,,,,,,,,,,,,,,,1971
0,"CARESCP1","0","0","0","0","U","N",,,,,,,,,,,,,,,,,,,,,1972
0,"CARESCP3","0","0","0","0","U","N",,,,,,,,,,,,,,,,,,,,,1313
0,"CARESIC","0","0","0","0","U","N",,,,,,,,,,,,,,,,,,,,,1973
0,"CARESIM","0","0","0","0","U","N",,,,,,,,,,,,,,,,,,"3",,,1974
0,"CARESIT","4","6","3","5","U","N",,,,,,,,,,,,,"2","2","0",,,"2",,,1975
0,"CARESPE","1","4","2","0","U","N",,,,,,,,,,,,,,,,,,"4",,,1977
0,"CARESPR","0","0","0","0","U","N",,,,,,,,,,,,,,,,,,"3",,,1978
0,"CARESTI","5","6","3","5","U","N",,,,,,,,,,,,,,,,,,,,,1979
0,"CARESTI1","0","0","0","0","U","N",,,,,,,,,,,,,,,,,,,,,1980
0,"CARESTY","5","6","2","5","U","N",,,,,,,,,,,,,,,,,,"3",,,1981
0,"CARESUP","0","0","0","0","U","N",,,,,,,,,,,,,,,,,,,,,1982
0,"CARESUP1","0","0","0","0","U","N",,,,,,,,,,,,,,,,,,,,,1989
0,"CARESWA","0","0","0","0","U","E",,,,,,,,,,,,,,,,,,,,,1990
0,"CARESYC","0","0","0","0","U","N",,,,,,,,,,,,,,,,,,"3",,,1991
0,"CARESYL","0","0","0","0","U","E",,,,,,,,,,,,,,,,,,,,,7636
0,"CARETAH","0","0","0","0","U","N",,,,,,,,,,,,,,,,,,,,,484
0,"CARETEE","0","0","0","0","U","N",,,,,,,,,,,,,,,,,,,,,1992
0,"CARETEN","0","0","0","0","U","N",,,,,,,,,,,,,,,,,,"2",,,1993
0,"CARETON","0","0","0","0","U","N",,,,,,,,,,,,,,,,,,,,,1994
0,"CARETON1","0","0","0","0","U","N",,,,,,,,,,,,,,,,,,,,,7565
0,"CARETOR","0","0","0","0","U","N",,,,,,,,,,,,,,,,,,,,,1995
0,"CAREOVA","0","3","0","3","U","N",,,,,,,,,,,,,,,,,,"3",,,1996
0,"CARETRI","0","0","0","0","U","E",,,,,,,,,,,,,,,,,,,,,7566
0,"CARETRS","0","0","0","0","U","N",,,,,,,,,,,,,,,,,,"3",,,1997
0,"CARETUM","0","0","0","0","U","N",,,,,,,,,,,,,,,,,,,,,7567
0,"CAREUNI","0","0","0","0","U","N",,,,,,,,,,,,,,,,,,"3",,,1998
0,"CAREUTR","0","0","0","0","U","N",,,,,,,,,,,,,"1","1","0","G",,"2",,,1999
0,"CAREVAG","0","0","0","0","U","N",,,,,,,,,,,,,,,,,,"3",,,2000
0,"CAREVAL","0","0","0","0","U","N",,,,,,,,,,,,,,,,,,,,,2001
0,"CAREVAL1","0","0","0","0","U","N",,,,,,,,,,,,,,,,,,,,,7568
0,"CAREVES","0","6","3","5","U","N",,,,,,,,,,,,,,,,,,,,,2002
0,"CAREVIR","0","6","3","5","U","N",,,,,,,,,,,,,,,,,,"2",,,2003
0,"CAREVIR1","0","6","3","5","U","N",,,,,,,,,,,,,,,,,,"2",,,605
0,"CAREVUL","0","0","0","0","U","N",,,,,,,,,,,,,,,,,,"3",,,2004
0,"CAREX","0","0","0","0","U","N",,,,,,,,,,,,,"2","2","1",,,,,,1976
0,"CAREXER","0","0","0","0","U","N",,,,,,,,,,,,,,,,,,,,,2005
0,"CARPBET","0","0","0","0","U","E",,,,,,,,,,,,,,,,,,,,,801
0,"CARTCRE","0","0","0","0","U","E",,,,,,,,,,,,,,,,,,,,,8049
0,"CARTHAM","0","0","0","0","U","E",,,,,,,,,,,,,,,,,,,,,2573
0,"CARTTIN","0","0","0","0","U","E",,,,,,,,,,,,,,,,,,,,,7478
0,"CARUCAR","0","0","0","0","U","E",,,,,,,,,,,,,,,,,,,,,2574
0,"CARUM","0","0","0","0","U","E",,,,,,,,,,,,,,,,,,,,,2575
0,"CARYOPH","0","0","0","0","U","N",,,,,,,,,,,,,,,,,,,,,2576
0,"CARYOVA","0","0","0","0","U","E",,,,,,,,,,,,,,,,,,,,,7951
0,"CASSIOP","0","0","0","0","U","N",,,,,,,,,,,,,,,,,,,,,7384
0,"CASSLYC","0","0","0","0","U","N",,,,,,,,,,,,,,,,,,,,,7381
0,"CASSMER","1","3","1","1","U","N",,,,,,,,,,,,,,,,,,,,,7382
0,"CASSMER1","0","0","0","0","U","N",,,,,,,,,,,,,,,,,,,,,7383
0,"CASSTET","1","5","2","0","U","N",,,,,,,,,,,,,,,,,,,,,7385
0,"CASSTET1","0","0","0","0","U","N",,,,,,,,,,,,,,,,,,,,,7386
0,"CASSTET2","0","0","0","0","U","N",,,,,,,,,,,,,,,,,,,,,7387
0,"CASTAMB","0","0","0","0","U","N",,,,,,,,,,,,,,,,,,"3",,,2577
0,"CASTAMB1","0","0","0","0","U","N",,,,,,,,,,,,,,,,,,,,,7963
0,"CASTATT","0","0","0","0","U","N",,,,,,,,,,,,,,,,,,,,,7964
0,"CASTCER","0","0","0","0","U","N",,,,,,,,,,,,,,,,,,,,,2578
0,"CASTCUS","0","0","0","0","U","N",,,,,,,,,,,,,,,,,,,,,2579
0,"CASTELM","0","0","0","0","U","N",,,,,,,,,,,,,,,,,,,,,2580
0,"CASTGRA","0","0","0","0","U","N",,,,,,,,,,,,,,,,,,"4",,,2581
0,"CASTHIS","0","2","0","3","U","N",,,,,,,,,,,,,,,,,,,,,2582
0,"CASTHIS1","0","0","0","0","U","N",,,,,,,,,,,,,,,,,,,,,2583
0,"CASTHYP","0","0","0","0","U","N",,,,,,,,,,,,,,,,,,,,,2584
0,"CASTILL","0","0","0","0","U","N",,,,,,,,,,,,,,,,,,,,,2595
0,"CASTLEV","0","0","0","0","U","N",,,,,,,,,,,,,,,,,,,,,2585
0,"CASTLUT","0","0","0","0","U","N",,,,,,,,,,,,,,,,,,,,,2586
0,"CASTMIN","0","0","0","0","U","N",,,,,,,,,,,,,,,,"F",,"4",,,2587
0,"CASTMIN1","0","0","0","0","U","N",,,,,,,,,,,,,,,,,,,,,8019
0,"CASTMIN2","0","0","0","0","U","N",,,,,,,,,,,,,,,,,,,,,8018
0,"CASTMIN3","0","0","0","0","U","N",,,,,,,,,,,,,,,,,,,,,8020
0,"CASTMIO",,,,,"U","N",,,,,,,,,,,,,,,,,,,,,2588
0,"CASTMIO1","0","0","0","0","U","N",,,,,,,,,,,,,,,,,,"4",,,2589
0,"CASTOCC","0","0","0","0","U","N",,,,,,,,,,,,,,,,,,,,,2590
0,"CASTPAR","1","4","2","0","U","N",,,,,,,,,,,,,,,,,,"4",,,2591
0,"CASTRAU","0","0","0","0","U","N",,,,,,,,,,,,,,,,,,"4",,,2592
0,"CASTRHE","1","3","0","0","U","N",,,,,,,,,,,,,,,,,,,,,2593
0,"CASTRUP","0","0","0","0","U","N",,,,,,,,,,,,,,,,,,,,,2594
0,"CASTSEP","0","0","0","0","U","N",,,,,,,,,,,,,,,,,,,,,7986
0,"CASTTEN","0","0","0","0","U","N",,,,,,,,,,,,,,,,,,,,,2596
0,"CASTTHO","0","0","0","0","U","N",,,,,,,,,,,,,,,,"F",,,,,2597
0,"CASTUNA","0","0","0","0","U","N",,,,,,,,,,,,,,,,,,"4",,,2598
0,"CASTVIC","0","0","0","0","U","N",,,,,,,,,,,,,,,,,,,,,438
0,"CATAAQU","0","0","0","0","U","N",,,,,,,,,,,,,,,,,,"3",,,2006
0,"CATABRO","0","0","0","0","U","N",,,,,,,,,,,,,,,,,,,,,2007
0,"CATACIN","0","0","0","0","U","N",,,,,,,,,,,,,,,,,,,,,6201
0,"CATADAE","0","0","0","0","U","N",,,,,,,,,,,,,,,,,,,,,6202
0,"CATAPYR","0","0","0","0","U","N",,,,,,,,,,,,,,,,,,,,,6203
0,"CATASQA","0","0","0","0","U","N",,,,,,,,,,,,,,,,,,,,,6204
0,"CATIATO","0","0","0","0","U","N",,,,,,,,,,,,,,,,,,,,,6206
0,"CATILLA","0","0","0","0","U","N",,,,,,,,,,,,,,,,,,,,,6205
0,"CATINAR","0","0","0","0","U","N",,,,,,,,,,,,,,,,,,,,,6207
0,"CATOLEC","0","0","0","0","U","N",,,,,,,,,,,,,,,,,,,,,6208
0,"CATONIG","0","0","0","0","U","N",,,,,,,,,,,,,,,,,,"2",,,4010
0,"CATOSCO","0","0","0","0","U","N",,,,,,,,,,,,,,,,,,,,,4011
0,"CATOSCP","0","0","0","0","U","N",,,,,,,,,,,,,,,,,,,,,4009
0,"CATOWAH","0","0","0","0","U","N",,,,,,,,,,,,,,,,,,,,,6209
0,"CAUDALE","0","0","0","0","U","N",,,,,,,,,,,,,,,,,,,,,5201
0,"CAUDLEH","0","0","0","0","U","N",,,,,,,,,,,,,,,,,,,,,5200
0,"CAVEHUL","0","0","0","0","U","N",,,,,,,,,,,,,,,,,,,,,6210
0,"CAVELOP","0","0","0","0","U","N",,,,,,,,,,,,,,,,,,,,,6211
0,"CAVERNU","0","0","0","0","U","N",,,,,,,,,,,,,,,,,,,,,6212
0,"CEANOTH","0","0","0","0","U","N",,,,,,,,,,,,,,,,,,,,,821
0,"CEANSAN","0","2","2","0","U","N",,,,,,,,,,,,,,,,"F",,,,,1238
0,"CEANVEL","6","2","2","0","U","N",,,,,,,,,,,,,,,,,,,,,1103
0,"CEANVEL2","0","0","0","0","U","N",,,,,,,,,,,,,,,,,,,,,1104
0,"CEANVEL3","0","0","0","0","U","N",,,,,,,,,,,,,,,,,,,,,8144
0,"CELASTR","0","0","0","0","U","N",,,,,,,,,,,,,,,,,,,,,822
0,"CENCHRU","0","0","0","0","U","N",,,,,,,,,,,,,,,,,,,,,2009
0,"CENCLON","0","0","0","0","U","E",,,,,,,,,,,,,,,,,,,,,2008
0,"CENTAUI","0","0","0","0","U","N",,,,,,,,,,,,,,,,,,,,,2610
0,"CENTAUR","0","0","0","0","U","E",,,,,,,,,"OS",,,,,,,,,,,,2606
0,"CENTCYA","0","0","0","0","U","E",,,,,,,,,"OS",,,,,,,,,,,,2599
0,"CENTDIF","0","0","0","0","U","E",,,,,,,,,"OS",,,,,,,,"P",,,,2600
0,"CENTERY","0","0","0","0","U","E",,,,,,,,,,,,,,,,,,,,,2607
0,"ZELTEXA","0","0","0","0","U","N",,,,,,,,,,,,,,,,,,"3",,,2608
0,"CENTJAC","0","0","0","0","U","E",,,,,,,,,"OS",,,,,,,,,,,,7479
0,"CENTMEL","0","0","0","0","U","E",,,,,,,,,"OS",,,,,,,,,,,,2601
0,"CENTMON","0","0","0","0","U","E",,,,,,,,,"OS",,,,,,,,,,,,2602
0,"CENTMUH","0","0","0","0","U",,,,,,,,,,,,,,,,,,,,,,2609
0,"CENTNIG","0","0","0","0","U","E",,,,,,,,,"OS",,,,,,,,,,,,7480
0,"CENTNIR","0","0","0","0","U","E",,,,,,,,,"OS",,,,,,,,,,,,2603
0,"CENTPAN","0","0","0","0","U","E",,,,,,,,,"OS",,,,,,,,,,,,2604
0,"CENTSCA","0","0","0","0","U","E",,,,,,,,,"OS",,,,,,,,,,,,7481
0,"CENTSOL","0","0","0","0","U","E",,,,,,,,,,,,,,,,,"P",,,,2605
0,"CENTSTO","0","0","0","0","U","E",,,,,,,,,"OS",,,,,,,,"P",,,,8050
0,"CENTSTO1","0","0","0","0","U","E",,,,,,,,,"OS",,,,,,,,"P",,,,8051
0,"CENTUNC","0","0","0","0","U","N",,,,,,,,,,,,,,,,,,,,,2611
0,"CENTXMO","0","0","0","0","U","E",,,,,,,,,"OS",,,,,,,,"R",,,,485
0,"CEPHAFF","0","4","1","1","U","N",,,,,,,,,,,,,,,,,,,,,5202
0,"CEPHALA","0","0","0","0","U","N",,,,,,,,,,,,,,,,,,,,,2613
0,"CEPHALE","0","0","0","0","U","N",,,,,,,,,,,,,,,,,,,,,5262
0,"CEPHALI","0","0","0","0","U","N",,,,,,,,,,,,,,,,,,,,,5226
0,"CEPHALO","0","0","0","0","U","N",,,,,,,,,,,,,,,,,,,,,5225
0,"CEPHALZ","0","0","0","0","U","N",,,,,,,,,,,,,,,,,,,,,5255
0,"CEPHARC","0","0","0","0","U","N",,,,,,,,,,,,,,,,,,,,,5227
0,"CEPHARC1","0","0","0","0","U","N",,,,,,,,,,,,,,,,,,,,,5228
0,"CEPHARC2","0","0","0","0","U","N",,,,,,,,,,,,,,,,,,,,,5229
0,"CEPHAUS","0","0","0","0","U","N",,,,,,,,,,,,,,,,,,,,,2612
0,"CEPHBIC","0","0","0","0","U","N",,,,,,,,,,,,,,,,,,"3",,,5203
0,"CEPHBIC1","0","0","0","0","U","N",,,,,,,,,,,,,,,,,,"3",,,5204
0,"CEPHBIC2","0","0","0","0","U","N",,,,,,,,,,,,,,,,,,"3",,,5205
0,"CEPHBIC3","0","0","0","0","U","N",,,,,,,,,,,,,,,,,,"3",,,5206
0,"CEPHBIC4","0","0","0","0","U","N",,,,,,,,,,,,,,,,,,"3",,,5207
0,"CEPHBIL","0","0","0","0","U","N",,,,,,,,,,,,,,,,,,,,,5230
0,"CEPHBRI","0","0","0","0","U","N",,,,,,,,,,,,,,,,,,,,,5231
0,"CEPHCAT","0","0","0","0","U","N",,,,,,,,,,,,,,,,,,,,,5208
0,"CEPHCON","0","5","1","1","U","N",,,,,,,,,,,,,,,,,,"3",,,5209
0,"CEPHCON1","0","0","0","0","U","N",,,,,,,,,,,,,,,,,,"3",,,5210
0,"CEPHCON2","0","0","0","0","U","N",,,,,,,,,,,,,,,,,,"3",,,5211
0,"CEPHCON3","0","0","0","0","U","N",,,,,,,,,,,,,,,,,,"3",,,5212
0,"CEPHDEN","0","0","0","0","U","N",,,,,,,,,,,,,,,,,,,,,5232
0,"CEPHDIV","0","4","1","1","U","N",,,,,,,,,,,,,,,,,,"2",,,5233
0,"CEPHDIV1","0","0","0","0","U","N",,,,,,,,,,,,,,,,,,"3",,,5234
0,"CEPHDIV2","0","0","0","0","U","N",,,,,,,,,,,,,,,,,,"3",,,5235
0,"CEPHELA","0","0","0","0","U","N",,,,,,,,,,,,,,,,,,"3",,,5236
0,"CEPHGRA","0","0","0","0","U","N",,,,,,,,,,,,,,,,,,,,,5237
0,"CEPHGRI","0","0","0","0","U","N",,,,,,,,,,,,,,,,,,,,,5238
0,"CEPHGRI1","0","0","0","0","U","N",,,,,,,,,,,,,,,,,,,,,5239
0,"CEPHGRI2","0","0","0","0","U","N",,,,,,,,,,,,,,,,,,,,,5240
0,"CEPHHAM","0","0","0","0","U","N",,,,,,,,,,,,,,,,,,,,,5241
0,"CEPHHYA","0","0","0","0","U","N",,,,,,,,,,,,,,,,,,,,,5242
0,"CEPHINT","0","0","0","0","U","N",,,,,,,,,,,,,,,,,,,,,5243
0,"CEPHLAC","0","0","0","0","U","N",,,,,,,,,,,,,,,,,,,,,5213
0,"CEPHLEU","0","3","1","1","U","N",,,,,,,,,,,,,,,,,,,,,5214
0,"CEPHLOI","0","0","0","0","U","N",,,,,,,,,,,,,,,,,,,,,5215
0,"CEPHLUN","0","4","1","1","U","N",,,,,,,,,,,,,,,,,,"3",,,5216
0,"CEPHMAC","0","4","1","1","U","N",,,,,,,,,,,,,,,,,,,,,5217
0,"CEPHMAR","0","0","0","0","U","N",,,,,,,,,,,,,,,,,,,,,5218
0,"CEPHMAR1","0","0","0","0","U","N",,,,,,,,,,,,,,,,,,,,,5219
0,"CEPHMAR2","0","0","0","0","U","N",,,,,,,,,,,,,,,,,,,,,5220
0,"CEPHMAS","0","0","0","0","U","N",,,,,,,,,,,,,,,,,,,,,5244
0,"CEPHMIN","0","0","0","0","U","N",,,,,,,,,,,,,,,,,,,,,5245
0,"CEPHPAT","0","0","0","0","U","N",,,,,,,,,,,,,,,,,,,,,5246
0,"CEPHPHY","0","0","0","0","U","N",,,,,,,,,,,,,,,,,,,,,5247
0,"CEPHPLE","0","0","0","0","U","N",,,,,,,,,,,,,,,,,,"2",,,5221
0,"CEPHPLE1","0","0","0","0","U","N",,,,,,,,,,,,,,,,,,"3",,,5222
0,"CEPHPLE2","0","0","0","0","U","N",,,,,,,,,,,,,,,,,,"3",,,5223
0,"CEPHPLE3","0","0","0","0","U","N",,,,,,,,,,,,,,,,,,"3",,,5224
0,"CEPHRAP","0","0","0","0","U","N",,,,,,,,,,,,,,,,,,,,,5248
0,"CEPHRUB","0","0","0","0","U","N",,,,,,,,,,,,,,,,,,"3",,,5249
0,"CEPHRUB1","0","0","0","0","U","N",,,,,,,,,,,,,,,,,,,,,5250
0,"CEPHRUB2","0","0","0","0","U","N",,,,,,,,,,,,,,,,,,,,,5251
0,"CEPHRUB3","0","0","0","0","U","N",,,,,,,,,,,,,,,,,,,,,5252
0,"CEPHRUB4","0","0","0","0","U","N",,,,,,,,,,,,,,,,,,,,,5253
0,"CEPHRUB5","0","0","0","0","U","N",,,,,,,,,,,,,,,,,,,,,5254
0,"CEPHSPI","0","0","0","0","U","N",,,,,,,,,,,,,,,,,,,,,5256
0,"CEPHSUB","0","0","0","0","U","N",,,,,,,,,,,,,,,,,,,,,5257
0,"CEPHTUR","0","0","0","0","U","N",,,,,,,,,,,,,,,,,,,,,5258
0,"CEPHUNC","0","0","0","0","U","N",,,,,,,,,,,,,,,,,,,,,5259
0,"CEPHUNC1","0","0","0","0","U","N",,,,,,,,,,,,,,,,,,,,,5260
0,"CEPHUNC2","0","0","0","0","U","N",,,,,,,,,,,,,,,,,,,,,5261
0,"CERAARV","0","2","2","3","U","N",,,,,,,,,,,,,,,,,,,,,2614
0,"CERABEE","0","0","0","0","U","N",,,,,,,,,,,,,,,,,,,,,2615
0,"CERABEE1","0","0","0","0","U","N",,,,,,,,,,,,,,,,,,,,,2616
0,"CERABEE2","0","0","0","0","U","N",,,,,,,,,,,,,,,,,,,,,2617
0,"CERACON","0","0","0","0","U","N",,,,,,,,,,,,,,,,,,,,,5263
0,"CERACUB","0","0","0","0","U","N",,,,,,,,,,,,,,,,,,,,,5264
0,"CERADEM","0","6","0","5","U","N",,,,,,,,,,,,,,,,,,"1",,,2627
0,"CERAECH","0","0","0","0","U","N",,,,,,,,,,,,,,,,,,"1",,,2628
0,"CERAFIS","0","0","0","0","U","N",,,,,,,,,,,,,,,,,,,,,2618
0,"CERAFON","0","3","0","3","U","E",,,,,,,,,,,,,,,,,,,,,2619
0,"CERAFON1","0","0","0","0","U","E",,,,,,,,,,,,,,,,,,,,,2620
0,"CERAGLO","0","0","0","0","U","E",,,,,,,,,,,,,,,,,,,,,2621
0,"CERALAE","0","0","0","0","U","N",,,,,,,,,,,,,,,,,,,,,5265
0,"CERANUT","0","0","0","0","U","N",,,,,,,,,,,,,,,,,,,,,2622
0,"CERAPUM","0","0","0","0","U","E",,,,,,,,,,,,,,,,,,,,,860
0,"CERAPUR","0","0","0","0","U","N",,,,,,,,,,,,,,,,,,"3",,,4012
0,"CERAPUR3","0","0","0","0","U","N",,,,,,,,,,,,,,,,,,"4",,,4013
0,"CERAPUR5","0","0","0","0","U","N",,,,,,,,,,,,,,,,,,,,,8080
0,"CERARUB","0","0","0","0","U","N",,,,,,,,,,,,,,,,,,,,,5266
0,"CERASEM","0","0","0","0","U","E",,,,,,,,,,,,,,,,,,,,,2623
0,"CERASTI","0","0","0","0","U","N",,,,,,,,,,,,,,,,,,,,,2624
0,"CERATOD","0","0","0","0","U","N",,,,,,,,,,,,,,,,,,,,,4014
0,"CERATOH","0","0","0","0","U","N",,,,,,,,,,,,,,,,,,,,,2626
0,"CERATOL","0","0","0","0","U","N",,,,,,,,,,,,,,,,,,,,,5267
0,"CERATOM","0","0","0","0","U","E",,,,,,,,,,,,,,,,,,,,,2625
0,"CERATOP","0","0","0","0","U","N",,,,,,,,,,,,,,,,,,,,,2629
0,"MELAAGN","0","0","0","0","U",,,,,,,,,,,,,,,,,,,,,,7947
0,"CETRARE","0","0","0","0","U","N",,,,,,,,,,,,,,,,,,,,,6235
0,"CETRARI","0","0","0","0","U","N",,,,,,,,,,,,,,,,,,,,,6233
0,"KAERCAL","0","0","0","0","U",,,,,,,,,,,,,,,,,,,,,,6213
0,"CETRCET","0","0","0","0","U","N",,,,,,,,,,,,,,,,,,"4",,,6236
0,"TUCKCHL","0","0","0","0","U",,,,,,,,,,,,,,,,,,,,,,6214
0,"CETRCIL","0","0","0","0","U","N",,,,,,,,,,,,,,,,,,,,,6215
0,"TUCKAME","0","0","0","0","U",,,,,,,,,,,,,,,,,,,,,,509
0,"MELACOM","0","0","0","0","U",,,,,,,,,,,,,,,,,,,,,,6216
0,"FLAVCUC","0","0","0","0","U",,,,,,,,,,,,,,,,,,,,,,6217
0,"CETRDEL","0","0","0","0","U","N",,,,,,,,,,,,,,,,,,,,,6218
0,"CETRELI","0","0","0","0","U","N",,,,,,,,,,,,,,,,,,,,,6237
0,"CETRERI","0","0","0","0","U","N",,,,,,,,,,,,,,,,,,,,,6219
0,"CETRERI1","0","0","0","0","U","N",,,,,,,,,,,,,,,,,,,,,6220
0,"MELAHEP","0","0","0","0","U",,,,,,,,,,,,,,,,,,,,,,6221
0,"CETRISL","1","0","0","0","U","N",,,,,,,,,,,,,,,,,,,,,6222
0,"CETRISL1","0","0","0","0","U","N",,,,,,,,,,,,,,,,,,,,,6223
0,"CETRISL2","0","0","0","0","U","N",,,,,,,,,,,,,,,,,,,,,6224
0,"CETRLAE","0","0","0","0","U","N",,,,,,,,,,,,,,,,,,,,,6225
0,"KAERMER","0","0","0","0","U",,,,,,,,,,,,,,,,,,,,,,6226
0,"CETRNIG","0","0","0","0","U","N",,,,,,,,,,,,,,,,,,,,,6227
0,"FLAVNIV","0","0","0","0","U",,,,,,,,,,,,,,,,,,,,,,6228
0,"TUCKORB","0","0","0","0","U",,,,,,,,,,,,,,,,,,,,,,6229
0,"AHTIPAL","0","0","0","0","U",,,,,,,,,,,,,,,,,,,,,,6230
0,"TUCKPLA","0","0","0","0","U",,,,,,,,,,,,,,,,,,,,,,6231
0,"CETRSEP","0","0","0","0","U","N",,,,,,,,,,,,,,,,,,,,,6232
0,"CETRSUB","0","0","0","0","U","N",,,,,,,,,,,,,,,,,,,,,6234
0,"CHAEBRA","0","0","0","0","U","N",,,,,,,,,,,,,,,,,,,,,6238
0,"CHAEBRU","0","0","0","0","U","N",,,,,,,,,,,,,,,,,,,,,6239
0,"CHAECHL","0","0","0","0","U","N",,,,,,,,,,,,,,,,,,,,,6240
0,"CHAECHR","0","0","0","0","U","N",,,,,,,,,,,,,,,,,,,,,6241
0,"CHAECIN","0","0","0","0","U","N",,,,,,,,,,,,,,,,,,,,,6242
0,"CHAECON","0","0","0","0","U","N",,,,,,,,,,,,,,,,,,,,,6254
0,"CHAEDEB","0","0","0","0","U","N",,,,,,,,,,,,,,,,,,,,,6255
0,"CHAEDOU","0","0","0","0","U","N",,,,,,,,,,,,,,,,"P",,,,,2630
0,"CHAEDOU1","0","0","0","0","U","N",,,,,,,,,,,,,,,,,,,,,7468
0,"CHAEEDB","0","0","0","0","U","N",,,,,,,,,,,,,,,,,,,,,6331
0,"CHAEEPI","0","0","0","0","U","N",,,,,,,,,,,,,,,,,,,,,6256
0,"CHAEFER","0","0","0","0","U","N",,,,,,,,,,,,,,,,,,,,,6243
0,"CHAEFUR","0","0","0","0","U","N",,,,,,,,,,,,,,,,,,,,,6244
0,"CHAEGRA","0","0","0","0","U","N",,,,,,,,,,,,,,,,,,,,,6245
0,"CHAEGRC","0","0","0","0","U","N",,,,,,,,,,,,,,,,,,,,,6328
0,"CHAEHAE","0","0","0","0","U","N",,,,,,,,,,,,,,,,,,,,,6332
0,"CHAEHIS","0","0","0","0","U","N",,,,,,,,,,,,,,,,,,,,,6246
0,"CHAEHYG","0","0","0","0","U","N",,,,,,,,,,,,,,,,,,,,,6247
0,"CHAELAE","0","0","0","0","U","N",,,,,,,,,,,,,,,,,,,,,6248
0,"CHAEMIN","0","0","0","0","U","E",,,,,,,,,,,,,,,,,,,,,2632
0,"CHAENAC","0","0","0","0","U","N",,,,,,,,,,,,,,,,,,,,,2631
0,"CHAENAN","0","0","0","0","U","N",,,,,,,,,,,,,,,,,,,,,6257
0,"CHAENOH","0","0","0","0","U","N",,,,,,,,,,,,,,,,,,,,,6260
0,"CHAENOR","0","0","0","0","U","E",,,,,,,,,,,,,,,,,,,,,2633
0,"CHAENOT","0","0","0","0","U","N",,,,,,,,,,,,,,,,,,,,,6249
0,"CHAEPHA","0","0","0","0","U","N",,,,,,,,,,,,,,,,,,,,,6329
0,"CHAEPUI","0","0","0","0","U","N",,,,,,,,,,,,,,,,,,,,,6259
0,"CHAEPUS","0","0","0","0","U","N",,,,,,,,,,,,,,,,,,,,,6258
0,"CHAESAV","0","0","0","0","U","N",,,,,,,,,,,,,,,,,,,,,6333
0,"CHAESPH","0","0","0","0","U","N",,,,,,,,,,,,,,,,,,,,,6330
0,"CHAESTE","0","0","0","0","U","N",,,,,,,,,,,,,,,,,,,,,6250
0,"CHAESUB","0","0","0","0","U","N",,,,,,,,,,,,,,,,,,,,,6251
0,"CHAETAS","0","0","0","0","U","N",,,,,,,,,,,,,,,,,,,,,6334
0,"CHAETRI","0","0","0","0","U","N",,,,,,,,,,,,,,,,,,,,,6252
0,"CHAETSU","0","0","0","0","U","N",,,,,,,,,,,,,,,,,,,,,6335
0,"CHAEVII","0","0","0","0","U","N",,,,,,,,,,,,,,,,,,,,,6262
0,"CHAEVIR","0","0","0","0","U","N",,,,,,,,,,,,,,,,,,,,,6261
0,"CHAEXYL","0","0","0","0","U","N",,,,,,,,,,,,,,,,,,,,,6253
0,"CHAMAEC","0","0","0","0","U","N",,,,,,,,,,,,,,,,,,,,,729
0,"CHAMAED","0","0","0","0","U","N",,,,,,,,,,,,,,,,,,,,,1106
0,"CHAMAER","0","0","0","0","U","N",,,,,,,,,,,,,,,,,,,,,2636
0,"CHAMCAL","0","0","0","0","U","N",,,,,,,,,,,,,,,,,,"2",,,1105
0,"CHAMERE","0","0","0","0","U","N",,,,,,,,,,,,,,,,,,,,,2634
0,"CHAMERE1","0","0","0","0","U","N",,,,,,,,,,,,,,,,,,,,,2635
0,"CHAMGLY","0","0","0","0","U","N",,,,,,,,,"OS",,,,,,,,,,,,2637
0,"CHAMLAW","0","0","0","0","U","E",,,,,,,,,,,,,,,,,,,,,727
0,"CHAMMAC","0","0","0","0","U","E",,,,,,,,,"OS",,,,,,,,,,,,7558
0,"CHAMNOO","2","0","0","0","U","N",,,,,,,,,,,,,,,,,,"4",,,728
0,"CHAMSER","0","0","0","0","U","N",,,,,,,,,"OS",,,,,,,,,,,,2638
0,"CHAMSER1","0","0","0","0","U","N",,,,,,,,,"OS",,,,,,,,,,,,7904
0,"CHANDON","0","0","0","0","U","N",,,,,,,,,,,,,,,,,,,,,5271
0,"CHANFIL","0","0","0","0","U","N",,,,,,,,,,,,,,,,,,,,,5268
0,"CHANHIR","0","0","0","0","U","N",,,,,,,,,,,,,,,,,,,,,5269
0,"CHANSET","0","0","0","0","U","N",,,,,,,,,,,,,,,,,,,,,5270
0,"CHARA","0","0","0","0","U","N",,,,,,,,,,,,,,,,,,"1",,,7450
0,"CHARACE","0","0","0","0","U","N",,,,,,,,,,,,,,,,,,,,,7452
0,"CHARBRA","0","0","0","0","U","N",,,,,,,,,,,,,,,,,,"1",,,7447
0,"CHARCAN","0","0","0","0","U","N",,,,,,,,,,,,,,,,,,"1",,,7448
0,"CHARGLO","0","0","0","0","U","N",,,,,,,,,,,,,,,,,,"1",,,7449
0,"CHARVUL","0","0","0","0","U","N",,,,,,,,,,,,,,,,,,"1",,,7451
0,"CHEICLA","0","0","0","0","U","N",,,,,,,,,,,,,,,,,,,,,5272
0,"CHEIDEC","0","0","0","0","U","N",,,,,,,,,,,,,,,,,,,,,5273
0,"CHEIEVA","0","0","0","0","U","N",,,,,,,,,,,,,,,,,,,,,5274
0,"CHEIFEE","0","0","0","0","U","N",,,,,,,,,,,,,,,,,,,,,1574
0,"CHEIGRA","3","2","2","3","U","N",,,,,,,,,,,,,,,,,,,,,1575
0,"CHEILAN","0","0","0","0","U","N",,,,,,,,,,,,,,,,,,,,,1576
0,"CHEILOL","0","0","0","0","U","N",,,,,,,,,,,,,,,,,,,,,5280
0,"CHEIPAR","0","0","0","0","U","N",,,,,,,,,,,,,,,,,,,,,5275
0,"CHEIPOL","0","0","0","0","U","N",,,,,,,,,,,,,,,,,,,,,5276
0,"CHEIPOL1","0","0","0","0","U","N",,,,,,,,,,,,,,,,,,,,,5277
0,"CHEIPOL2","0","0","0","0","U","N",,,,,,,,,,,,,,,,,,,,,5278
0,"CHEIRIG","0","0","0","0","U","N",,,,,,,,,,,,,,,,,,,,,5279
0,"CHELIDO","0","0","0","0","U","E",,,,,,,,,"OS",,,,,,,,,,,,2640
0,"CHELMAJ","0","0","0","0","U","E",,"H","H",,,"P","I","O","P2","U",,"O-other or unknown",,,,,,,,,2639
0,"CHENALB","0","0","0","0","U","E",,"H,L","H","L",,"P,C,H","I","X,N","P1","U","LE,ST",,,,,,"I",,,,2642
0,"CHENALB1","0","0","0","0","U","E",,"H,L","H","L",,"P,C,H","I","X,N","P1","U","LE,ST",,,,,,"I",,,,2643
0,"CHENALB2","0","0","0","0","U","E",,"H,L","H","L",,"P,C,H","I","X,N","P1","U","LE,ST",,,,,,"I",,,,2644
0,"CHENATR","0","0","0","0","U","N",,,,,,,,,"OS",,,,,,,,,,,,2645
0,"CHENBER","0","0","0","0","U","N",,,,,,,,,"OS",,,,,,,,,,,,1314
0,"CHENBER1","0","0","0","0","U","N",,,,,,,,,"OS",,,,,,,,,,,,1315
0,"CHENCAP","0","0","0","0","U","N",,,,,,,,,"OS",,,,,,,,,,,,2646
0,"CHENCHE","0","0","0","0","U","N",,,,,,,,,"OS",,,,,,,,,,,,1316
0,"CHENDES","0","0","0","0","U","N",,,,,,,,,"OS",,,,,,,,,,,,2647
0,"CHENFIC","0","0","0","0","U","E",,,,,,,,,"OS",,,,,,,,,,,,8234
0,"CHENFRE","0","0","0","0","U","N",,,,,,,,,"OS",,,,,,,,,,,,7537
0,"CHENFRE2","0","0","0","0","U","N",,,,,,,,,"OS",,,,,,,,,,,,7538
0,"CHENGLA","0","0","0","0","U","E",,"L",,"L",,,"I","N","PX","U",,,,,,,,,,,2648
0,"CHENGLA3","0","0","0","0","U","N",,,,,,,,,,,,,,,,,,,,,2649
0,"CHENGLA4","0","0","0","0","U","E",,,,,,,,,,,,,,,,,,,,,1317
0,"CHENHIA","0","0","0","0","U","N",,,,,,,,,"OS",,,,,,,,,,,,437
0,"CHENLEP","0","0","0","0","U","N",,,,,,,,,"OS",,,,,,,,,,,,2650
0,"CHENMAC","0","0","0","0","U","E",,,,,,,,,"OS",,,,,,,,,,,,1319
0,"CHENMUR","0","0","0","0","U","E",,,,,,,,,"OS",,,,,,,,,,,,8235
0,"CHENOPD","0","0","0","0","U","N",,,,,,,,,,,,,,,,,,,,,2641
0,"CHENOPO","0","0","0","0","U","N",,,,,,,,,"OS",,,,,,,,,,,,2654
0,"CHENOVE","0","0","0","0","U","N",,,,,,,,,"OS",,,,,,,,,,,,1320
0,"CHENPOL","0","0","0","0","U","E",,,,,,,,,"OS",,,,,,,,,,,,7539
0,"CHENPRA","0","0","0","0","U","N",,,,,,,,,,,,,,,,,,,,,1321
0,"CHENRUB","0","0","0","0","U","N",,,,,,,,,"OS",,,,,,,,,"4",,,2651
0,"CHENRUB1","0","0","0","0","U","N",,,,,,,,,"OS",,,,,,,,,,,,2652
0,"CHENRUB4","0","0","0","0","U","N",,,,,,,,,"OS",,,,,,,,,,,,2653
0,"CHENSIM","0","0","0","0","U","N",,,,,,,,,"OS",,,,,,,,,,,,1318
0,"CHENSUB","0","0","0","0","U","N",,,,,,,,,"OS",,,,,,,,,,,,8210
0,"CHILGEM","0","0","0","0","U","N",,,,,,,,,,,,,,,,,,,,,5281
0,"CHILOSC","0","0","0","0","U","N",,,,,,,,,,,,,,,,,,,,,5288
0,"CHILPAL","0","0","0","0","U","N",,,,,,,,,,,,,,,,,,,,,5282
0,"CHILPAL1","0","0","0","0","U","N",,,,,,,,,,,,,,,,,,,,,5283
0,"CHILPAL2","0","0","0","0","U","N",,,,,,,,,,,,,,,,,,,,,5284
0,"CHILPOL","0","0","0","0","U","N",,,,,,,,,,,,,,,,,,,,,5285
0,"CHILPOL1","0","0","0","0","U","N",,,,,,,,,,,,,,,,,,,,,5286
0,"CHILPOL2","0","0","0","0","U","N",,,,,,,,,,,,,,,,,,,,,5287
0,"CHIMAPH","0","0","0","0","U","N",,,,,,,,,,,,,,,,,,,,,7389
0,"CHIMMEN","4","3","2","1","U","N",,,,,,,,,,,,,,,,,,,,,7388
0,"CHIMUMB","0","2","1","0","U","N",,,,,,,,,,,,,,,,,,,,,7390
0,"CHIMUMB1","0","0","0","0","U","N",,,,,,,,,,,,,,,,,,,,,7391
0,"CHONDOE","0","0","0","0","U","N",,,,,,,,,,,,,,,,,,,,,5289
0,"CHONDRI","0","0","0","0","U","E",,,,,,,,,,,,,,,,,,,,,2656
0,"CHONECL","0","0","0","0","U","N",,,,,,,,,,,,,,,,,,,,,5291
0,"CHONECO","0","0","0","0","U","N",,,,,,,,,,,,,,,,,,,,,5290
0,"CHONJUN","0","0","0","0","U","E",,,,,,,,,,,,,,,,,"P",,,,2655
0,"CHORISP","0","0","0","0","U","E",,,,,,,,,,,,,,,,,,,,,2657
0,"CHORTEN","0","0","0","0","U","E",,,,,,,,,,,,,,,,,,,,,2658
0,"CHRYCAN","0","0","0","0","U","N",,,,,,,,,,,,,,,,,,,,,6264
0,"CHRYCHL","0","0","0","0","U","N",,,,,,,,,,,,,,,,,,,,,6265
0,"CHRYIOW","0","0","0","0","U","N",,,,,,,,,,,,,,,,,,"4",,,2659
0,"CHRYSOH","0","0","0","0","U","N",,,,,,,,,,,,,,,,,,,,,6266
0,"CHRYSOR","0","0","0","0","U","N",,,,,,,,,,,,,,,,,,,,,6263
0,"CHRYSOS","0","0","0","0","U","N",,,,,,,,,,,,,,,,,,,,,2660
0,"CHRYSOT","0","0","0","0","U","N",,,,,,,,,"OS",,,,,,,,,,,,116
0,"CHRYTET","1","6","3","5","U","N",,,,,,,,,,,,,,,,,,"3",,,2661
0,"CHRYVIS","0","0","0","0","U","N",,"H,L","H","L",,"P","I","O","PX","U",,,,,,,,,,,2663
0,"CHRYVIS2","0","0","0","0","U","N",,"H,L","H","L",,"P","I","O","PX","U",,,,,,,,,,,2664
0,"CHRYWRI","0","0","0","0","U","N",,,,,,,,,,,,,,,,,,"3",,,2662
0,"CICHINT","0","0","0","0","U","E",,,,,,,,,,,,,,,,,"I",,,,2665
0,"CICHORI","0","0","0","0","U","E",,,,,,,,,,,,,,,,,,,,,2666
0,"CICUBUL","0","0","0","0","U","N",,"H,L","H","L",,"P,C,H,S","I","O","PX","SPR",,"O-other or unknown",,,,,,"2",,,2667
0,"CICUDOU","0","6","3","5","U","N",,"H,L","H","L",,"P,C,S,H,Pi","I","O","P1","SPR","LE,RO,SH","O-cicutoxin","1","1","0",,"I","3",,,2668
0,"CICUMAU","0","0","0","0","U","N",,"H,L","H","L",,"P,C,S,Pi","I","O","P1","SPR,SUM,AUT","AL,RO","O-cicutoxin,cicutol, AL,RO-roots toxic in Spring, leaves and stems become toxic later in growing season",,,,,,"3",,,2669
0,"CICUMAU1","0","0","0","0","U","N",,"H,L","H","L",,"P,C,S,Pi","I","O","P1","SPR,SUM,AUT","AL,RO","O-cicutoxin,cicutol, AL,RO-roots toxic in Spring, leaves and stems become toxic later in growing season",,,,,,,,,2670
0,"CICUMAU2","0","0","0","0","U","N",,,,,,,,,,,,,,,,,,,,,2671
0,"CICUTA","0","0","0","0","U","N",,,,,,,,,"OS",,,,"1","1","0",,,,,,2672
0,"CICUVIR","0","0","0","0","U","N",,"H,L","H","L",,"P,H","I","O","P1","U","LE,RO","O-cicutoxin,cicutol",,,,,,"3",,,2673
0,"CIMICIF","0","0","0","0","U","N",,,,,,,,,,,,,,,,,,,,,2674
0,"CINCARC","0","0","0","0","U","N",,,,,,,,,,,,,,,,,,,,,4015
0,"CINCLID","0","0","0","0","U","N",,,,,,,,,,,,,,,,,,,,,4016
0,"CINCSTY","0","0","0","0","U","N",,,,,,,,,,,,,,,,,,"2",,,4017
0,"CINCSUB","0","0","0","0","U","N",,,,,,,,,,,,,,,,,,"3",,,4018
0,"CINNA","0","0","0","0","U","N",,,,,,,,,,,,,,,,,,,,,2011
0,"CINNLAT","0","4","3","0","U","N",,,,,,,,,,,,,,,,"G",,"4",,,2010
0,"CIRCAEA","0","0","0","0","U","N",,,,,,,,,,,,,,,,,,,,,2678
0,"CIRCALP","0","4","2","0","U","N",,,,,,,,,,,,,,,,,,"4",,,2675
0,"CIRCALP1","0","0","0","0","U","N",,,,,,,,,,,,,,,,,,,,,2676
0,"CIRCALP2","0","0","0","0","U","N",,,,,,,,,,,,,,,,,,,,,2677
0,"CIRRCIR","0","0","0","0","U","N",,,,,,,,,,,,,,,,,,,,,4019
0,"CIRRIPH","0","0","0","0","U","N",,,,,,,,,,,,,,,,,,,,,4020
0,"CIRRPIL","0","0","0","0","U","N",,,,,,,,,,,,,,,,,,,,,7928
0,"CIRSARV","0","0","3","3","U","E",,"L",,"L",,,"I","N","PX","U",,,"1","1","0",,"P",,,,2679
0,"CIRSBRE","0","0","0","0","U","N",,,,,,,,,"OS",,,,,,,,,,,,2680
0,"CIRSDRU","0","0","0","0","U","N",,,,,,,,,"OS",,,,,,,,,,,,2681
0,"CIRSEDU","0","5","3","3","U","N",,,,,,,,,"OS",,,,"1","1","0",,,"4",,,2682
0,"CIRSEDU1","0","5","3","3","U","N",,,,,,,,,"OS",,,,,,,,,"4",,,8052
0,"CIRSFLO","0","0","0","0","U","N",,,,,,,,,"OS",,,,,,,,,,,,8003
0,"CIRSFOL","0","0","0","0","U","N",,,,,,,,,"OS",,,,,,,,,,,,2683
0,"CIRSHOO","0","0","0","0","U","N",,,,,,,,,"OS",,,,,,,,,,,,2684
0,"CIRSIUM","0","0","0","0","U","N",,,,,,,,,"OS",,,,"1","1","0","P",,,,,2687
0,"CIRSPAL","0","0","0","0","U","E",,,,,,,,,"OS",,,,,,,,,,,,2685
0,"CIRSSCA","0","0","0","0","U","N",,,,,,,,,"OS",,,,,,,,,,,,2686
0,"CIRSSCA1","0","0","0","0","U","N",,,,,,,,,"OS",,,,,,,,,,,,8053
0,"CIRSUND","0","0","0","0","U","N",,,,,,,,,"OS",,,,,,,,,,,,2688
0,"CIRSVUL","0","0","3","3","U","E",,,,,,,,,"OS",,,,,,,,"I",,,,2689
0,"CISTANT","0","0","0","0","U","N",,,,,,,,,,,,,,,,,,,,,8209
0,"CISTUMB","0","0","0","0","U","N",,,,,,,,,,,,,,,,,,,,,8208
0,"CLADACU","0","0","0","0","U","N",,,,,,,,,,,,,,,,,,,,,6277
0,"CLADALA","0","0","0","0","U","N",,,,,,,,,,,,,,,,,,,,,6336
0,"CLADALB","0","0","0","0","U","N",,,,,,,,,,,,,,,,,,,,,6278
0,"CLADAMA","0","0","0","0","U","N",,,,,,,,,,,,,,,,,,,,,6279
0,"CLADARB","0","1","1","4","U","N",,,,,,,,,,,,,,,,,,,,,6267
0,"CLADARB1","0","0","0","0","U","N",,,,,,,,,,,,,,,,,,,,,6268
0,"CLADASA","0","0","0","0","U","N",,,,,,,,,,,,,,,,,,,,,6280
0,"CLADBAI","0","0","0","0","U","N",,,,,,,,,,,,,,,,,,,,,6281
0,"CLADBEL","0","2","1","4","U","N",,,,,,,,,,,,,,,,,,,,,6282
0,"CLADBOE","0","0","0","0","U","N",,,,,,,,,,,,,,,,,,"4",,,6283
0,"CLADBOY","0","0","0","0","U","N",,,,,,,,,,,,,,,,,,,,,6284
0,"CLADCAI","0","0","0","0","U","N",,,,,,,,,,,,,,,,,,,,,6285
0,"CLADCAN","0","1","1","1","U","N",,,,,,,,,,,,,,,,,,,,,6286
0,"CLADCEN","0","0","0","0","U","N",,,,,,,,,,,,,,,,,,,,,6287
0,"CLADCER","0","0","0","0","U","N",,,,,,,,,,,,,,,,,,,,,6288
0,"CLADCHL","0","2","1","4","U","N",,,,,,,,,,,,,,,,,,,,,6289
0,"CLADCIL","0","0","0","0","U","N",,,,,,,,,,,,,,,,,,,,,6269
0,"CLADCOC","0","0","0","0","U","N",,,,,,,,,,,,,,,,,,,,,6290
0,"CLADCON","0","2","1","4","U","N",,,,,,,,,,,,,,,,,,,,,6291
0,"CLADCOR","0","1","1","4","U","N",,,,,,,,,,,,,,,,,,,,,6292
0,"CLADCOR1","0","0","0","0","U","N",,,,,,,,,,,,,,,,,,,,,6293
0,"CLADCOR2","0","0","0","0","U","N",,,,,,,,,,,,,,,,,,,,,6294
0,"CLADCRI","0","0","0","0","U","N",,,,,,,,,,,,,,,,,,,,,6295
0,"CLADCRI1","0","0","0","0","U","N",,,,,,,,,,,,,,,,,,,,,6296
0,"CLADCRI2","0","0","0","0","U","N",,,,,,,,,,,,,,,,,,,,,6297
0,"CLADCYA","0","0","0","0","U","N",,,,,,,,,,,,,,,,,,,,,6298
0,"CLADDEC","0","0","0","0","U","N",,,,,,,,,,,,,,,,,,,,,6299
0,"CLADDEF","0","3","1","1","U","N",,,,,,,,,,,,,,,,,,,,,6300
0,"CLADDIG","0","0","0","0","U","N",,,,,,,,,,,,,,,,,,,,,6301
0,"CLADDIM","0","0","0","0","U","N",,,,,,,,,,,,,,,,,,,,,6302
0,"CLADECM","0","0","0","0","U","N",,,,,,,,,,,,,,,,,,,,,6303
0,"CLADECM2","0","0","0","0","U","N",,,,,,,,,,,,,,,,,,,,,6304
0,"CLADECM3","0","0","0","0","U","N",,,,,,,,,,,,,,,,,,,,,6339
0,"CLADFIM","0","0","0","0","U","N",,,,,,,,,,,,,,,,,,,,,6340
0,"CLADFLU","0","0","0","0","U","N",,,,,,,,,,,,,,,,,,"2",,,5292
0,"CLADFRA","0","0","0","0","U","N",,,,,,,,,,,,,,,,,,,,,5293
0,"CLADFUR","0","2","1","4","U","N",,,,,,,,,,,,,,,,,,,,,6341
0,"CLADGRA","0","1","1","4","U","N",,,,,,,,,,,,,,,,,,,,,6342
0,"CLADGRA1","0","0","0","0","U","N",,,,,,,,,,,,,,,,,,,,,6343
0,"CLADGRA2","0","0","0","0","U","N",,,,,,,,,,,,,,,,,,,,,6344
0,"CLADGRA3","0","0","0","0","U","N",,,,,,,,,,,,,,,,,,,,,6345
0,"CLADGRY","0","0","0","0","U","N",,,,,,,,,,,,,,,,,,,,,6346
0,"CLADHOM","0","0","0","0","U","N",,,,,,,,,,,,,,,,,,,,,6347
0,"CLADHUM","0","0","0","0","U","N",,,,,,,,,,,,,,,,,,,,,6337
0,"CLADIMB","0","0","0","0","U","N",,,,,,,,,,,,,,,,,,,,,6338
0,"CLADINA","0","0","0","0","U","N",,,,,,,,,,,,,,,,,,,,,6274
0,"CLADKAN","0","0","0","0","U","N",,,,,,,,,,,,,,,,,,,,,6348
0,"CLADLUT","0","0","0","0","U","N",,,,,,,,,,,,,,,,,,,,,6349
0,"CLADMAC","0","0","0","0","U","N",,,,,,,,,,,,,,,,,,,,,6350
0,"CLADMAE","0","0","0","0","U","N",,,,,,,,,,,,,,,,,,,,,6351
0,"CLADMAO","0","0","0","0","U","N",,,,,,,,,,,,,,,,,,,,,6353
0,"CLADMAR","0","0","0","0","U","N",,,,,,,,,,,,,,,,,,,,,6352
0,"CLADMER","0","0","0","0","U","N",,,,,,,,,,,,,,,,,,,,,6354
0,"CLADMET","0","0","0","0","U","N",,,,,,,,,,,,,,,,,,,,,6355
0,"CLADMIT","0","1","1","4","U","N",,,,,,,,,,,,,,,,,,,,,6270
0,"CLADMUL","0","1","1","1","U","N",,,,,,,,,,,,,,,,,,,,,6356
0,"CLADNIP","0","0","0","0","U","N",,,,,,,,,,,,,,,,,,,,,6357
0,"CLADNOR","0","0","0","0","U","N",,,,,,,,,,,,,,,,,,,,,6358
0,"CLADNOV","0","0","0","0","U","N",,,,,,,,,,,,,,,,,,,,,6359
0,"CLADOCH","0","1","1","1","U","N",,,,,,,,,,,,,,,,,,,,,6360
0,"CLADONA","0","0","0","0","U","N",,,,,,,,,,,,,,,,,,,,,6383
0,"CLADONI","0","0","0","0","U","N",,,,,,,,,,,,,,,,,,,,,6371
0,"CLADOPO","0","0","0","0","U","N",,,,,,,,,,,,,,,,,,,,,5294
0,"CLADPAR","0","0","0","0","U","N",,,,,,,,,,,,,,,,,,,,,6361
0,"CLADPHY","0","1","1","1","U","N",,,,,,,,,,,,,,,,,,,,,6362
0,"CLADPLE","0","1","1","4","U","N",,,,,,,,,,,,,,,,,,,,,6363
0,"CLADPOC","0","0","0","0","U","N",,,,,,,,,,,,,,,,,,,,,6364
0,"CLADPOR","0","0","0","0","U","N",,,,,,,,,,,,,,,,,,,,,6271
0,"CLADPOR1","0","0","0","0","U","N",,,,,,,,,,,,,,,,,,,,,6272
0,"CLADPRL","0","0","0","0","U","N",,,,,,,,,,,,,,,,,,,,,6365
0,"CLADPYX","0","1","1","1","U","N",,,,,,,,,,,,,,,,,,,,,6366
0,"CLADRAN","0","1","1","4","U","N",,,,,,,,,,,,,,,,,,"4",,,6273
0,"CLADREI","0","0","0","0","U","N",,,,,,,,,,,,,,,,,,,,,6367
0,"CLADSCA","0","0","0","0","U","N",,,,,,,,,,,,,,,,,,,,,6368
0,"CLADSCH","0","0","0","0","U","N",,,,,,,,,,,,,,,,,,,,,6369
0,"CLADSIN","0","0","0","0","U","N",,,,,,,,,,,,,,,,,,,,,6370
0,"CLADSQU","0","0","0","0","U","N",,,,,,,,,,,,,,,,,,,,,6372
0,"CLADSTE","0","0","0","0","U","N",,,,,,,,,,,,,,,,,,,,,6275
0,"CLADSTI","0","0","0","0","U","N",,,,,,,,,,,,,,,,,,,,,6373
0,"CLADSTY","0","0","0","0","U","N",,,,,,,,,,,,,,,,,,,,,6276
0,"CLADSUF","0","0","0","0","U","N",,,,,,,,,,,,,,,,,,,,,6374
0,"CLADSUL","0","0","0","0","U","N",,,,,,,,,,,,,,,,,,,,,6376
0,"CLADSUU","0","0","0","0","U","N",,,,,,,,,,,,,,,,,,,,,6375
0,"CLADSYM","0","0","0","0","U","N",,,,,,,,,,,,,,,,,,,,,6377
0,"CLADTRA","0","0","0","0","U","N",,,,,,,,,,,,,,,,,,,,,6378
0,"CLADTRS","0","0","0","0","U","N",,,,,,,,,,,,,,,,,,,,,7650
0,"CLADUMB","0","0","0","0","U","N",,,,,,,,,,,,,,,,,,,,,6379
0,"CLADUNC","0","0","0","0","U","N",,,,,,,,,,,,,,,,,,,,,6380
0,"CLADVER","0","0","0","0","U","N",,,,,,,,,,,,,,,,,,,,,6381
0,"CLADWAN","0","0","0","0","U","N",,,,,,,,,,,,,,,,,,,,,6382
0,"CLAOBOL","0","0","0","4","U","N",,,,,,,,,,,,,,,,,,,,,4021
0,"CLAOCRI","5","0","0","4","U","N",,,,,,,,,,,,,,,,,,,,,4022
0,"CLAOPEL","0","0","0","0","U","N",,,,,,,,,,,,,,,,,,,,,4023
0,"CLAOPOD","0","0","0","0","U","N",,,,,,,,,,,,,,,,,,,,,4024
0,"CLAOWHI","0","0","0","0","U","N",,,,,,,,,,,,,,,,,,,,,4025
0,"CLARAMO","0","0","0","0","U","N",,,,,,,,,,,,,,,,,,,,,2690
0,"CLARAMO1","0","0","0","0","U","N",,,,,,,,,,,,,,,,,,,,,2691
0,"CLARAMO2","0","0","0","0","U","N",,,,,,,,,,,,,,,,,,,,,2692
0,"CLARKIA","0","0","0","0","U","N",,,,,,,,,,,,,,,,,,,,,2696
0,"CLARPUL","0","0","0","0","U","N",,,,,,,,,,,,,,,,"P",,,,,2693
0,"CLARPUR","0","0","0","0","U","N",,,,,,,,,,,,,,,,,,,,,2694
0,"CLARPUR2","0","0","0","0","U","N",,,,,,,,,,,,,,,,,,,,,7919
0,"CLARRHO","0","0","0","0","U","N",,,,,,,,,,,,,,,,,,,,,2695
0,"CLAUMON","0","0","0","0","U","N",,,,,,,,,,,,,,,,,,,,,6384
0,"CLAUZAD","0","0","0","0","U","N",,,,,,,,,,,,,,,,,,,,,6385
0,"CLAVARI","0","0","0","0","U","N",,,,,,,,,,,,,,,,,,,,,6386
0,"CLAYCOR","0","5","3","3","U","N",,,,,,,,,,,,,,,,,,"4",,,2697
0,"CLAYEXI","0","0","0","0","U","N",,,,,,,,,,,,,,,,,,,,,1209
0,"CLAYEXI1","0","0","0","0","U","N",,,,,,,,,,,,,,,,,,,,,1210
0,"CLAYEXI2","0","0","0","0","U","N",,,,,,,,,,,,,,,,,,,,,486
0,"CLAYLAN","0","5","3","3","U","N",,,,,,,,,,,,,"2","2","0","P",,"4",,,2698
0,"CLAYMEG","0","0","0","0","U","N",,,,,,,,,,,,,,,,,,,,,2699
0,"CLAYMEG1","0","0","0","0","U","N",,,,,,,,,,,,,,,,,,,,,2700
0,"CLAYMUL","0","0","0","0","U","N",,,,,,,,,,,,,,,,,,,,,7841
0,"CLAYMUL1","0","0","0","0","U","N",,,,,,,,,,,,,,,,,,,,,7842
0,"CLAYPAR","0","0","0","0","U","N",,,,,,,,,,,,,,,,,,,,,8115
0,"CLAYPAR1","0","0","0","0","U","N",,,,,,,,,,,,,,,,,,,,,1211
0,"CLAYPER","0","5","3","2","U","N",,,,,,,,,,,,,,,,,,"4",,,2701
0,"CLAYPER3","0","0","0","0","U","N",,,,,,,,,,,,,,,,,,"4",,,7843
0,"CLAYPER4","0","5","3","2","U","N",,,,,,,,,,,,,,,,,,"4",,,8211
0,"CLAYRUB","0","0","0","0","U","N",,,,,,,,,,,,,,,,,,,,,8116
0,"CLAYRUB1","0","0","0","0","U","N",,,,,,,,,,,,,,,,,,,,,8117
0,"CLAYRUB2","0","0","0","0","U","N",,,,,,,,,,,,,,,,,,,,,8118
0,"CLAYSAR","0","0","0","0","U","N",,,,,,,,,,,,,,,,,,,,,2702
0,"CLAYSIB","5","4","3","2","U","N",,,,,,,,,,,,,"1","1","0",,,,,,2703
0,"CLAYTON","0","0","0","0","U","N",,,,,,,,,,,,,,,,,,,,,2704
0,"CLAYTUB","0","0","0","0","U","N",,,,,,,,,,,,,,,,,,,,,2705
0,"CLAYWAS","0","0","0","0","U","N",,,,,,,,,,,,,,,,,,,,,8119
0,"CLEMATI","0","0","0","0","U","N",,,,,,,,,,,,,,,,,,,,,1242
0,"CLEMLIG","0","0","0","0","U","N",,,,,,,,,,,,,,,,,,,,,1239
0,"CLEMLIG1","0","0","0","0","U","N",,,,,,,,,,,,,,,,,,,,,8130
0,"CLEMOCC","3","3","2","0","U","N",,,,,,,,,,,,,,,,,,,,,1240
0,"CLEMOCC1","0","0","0","0","U","N",,,,,,,,,,,,,,,,,,,,,1241
0,"CLEMTAN","0","0","0","0","U","E",,,,,,,,,,,,,,,,,,,,,1243
0,"CLEMTAN1","0","0","0","0","U","E",,,,,,,,,,,,,,,,,,,,,8131
0,"CLEMVIT","0","0","0","0","U","E",,,,,,,,,,,,,,,,,,,,,1244
0,"CLEOME","0","0","0","0","U","N",,,,,,,,,"OS",,,,,,,,,,,,2707
0,"PERISER","0","0","0","0","U","N",,"H,L","H","L",,"P","I","N","PX","U",,,,,,"P",,,,,2706
0,"CLEVEAC","0","0","0","0","U","N",,,,,,,,,,,,,,,,,,,,,5295
0,"CLIMACA","0","0","0","0","U","N",,,,,,,,,,,,,,,,,,,,,4026
0,"CLIMACI","0","0","0","0","U","N",,,,,,,,,,,,,,,,,,,,,4310
0,"CLIMDEN","0","0","0","0","U","N",,,,,,,,,,,,,,,,,,"4",,,4027
0,"CLINDOU","4","3","3","2","U","N",,,,,,,,,,,,,,,,,,,,,1192
0,"CLINOPO","0","0","0","0","U","N",,,,,,,,,,,,,,,,,,,,,1193
0,"CLINTON","0","0","0","0","U","N",,,,,,,,,,,,,,,,,,,,,2709
0,"CLINUNI","3","3","1","1","U","N",,,,,,,,,,,,,,,,,,,,,2710
0,"CLINVUL","0","0","0","0","U","E",,,,,,,,,,,,,,,,,,,,,2708
0,"CLIOCOR","0","0","0","0","U","N",,,,,,,,,,,,,,,,,,,,,6387
0,"CLIOGRI","0","0","0","0","U","N",,,,,,,,,,,,,,,,,,,,,6388
0,"CLIOSTO","0","0","0","0","U","N",,,,,,,,,,,,,,,,,,,,,6389
0,"CLUSIAC","0","0","0","0","U","N",,,,,,,,,,,,,,,,,,,,,7540
0,"CLYPEOC","0","0","0","0","U","N",,,,,,,,,,,,,,,,,,,,,6392
0,"CLYPGRO","0","0","0","0","U","N",,,,,,,,,,,,,,,,,,,,,6390
0,"CLYPHYP","0","0","0","0","U","N",,,,,,,,,,,,,,,,,,,,,6391
0,"CNIDCNI","0","0","0","0","U","N",,,,,,,,,,,,,,,,,,,,,2711
0,"CNIDIUM","0","0","0","0","U","N",,,,,,,,,,,,,,,,,,,,,2712
0,"COCCMAR","0","0","0","0","U","N",,,,,,,,,,,,,,,,,,,,,6394
0,"COCCOCA","0","0","0","0","U","N",,,,,,,,,,,,,,,,,,,,,6393
0,"COCCOTE","0","0","0","0","U","N",,,,,,,,,,,,,,,,,,,,,6397
0,"COCCOTR","0","0","0","0","U","N",,,,,,,,,,,,,,,,,,,,,6396
0,"COCCPOC","0","0","0","0","U","N",,,,,,,,,,,,,,,,,,,,,6395
0,"COCHGRO","0","0","0","0","U","N",,,,,,,,,,,,,,,,,,"4",,,7508
0,"COCHLEA","0","0","0","0","U","N",,,,,,,,,,,,,,,,,,,,,2713
0,"CODONIA","0","0","0","0","U","N",,,,,,,,,,,,,,,,,,,,,5296
0,"COELACU","0","0","0","0","U","N",,,,,,,,,,,,,,,,,,,,,7681
0,"COELMUR","0","0","0","0","U","N",,,,,,,,,,,,,,,,,,,,,7949
0,"COELOCA","0","0","0","0","U","N",,,,,,,,,,,,,,,,,,,,,7651
0,"COELOGL","0","0","0","0","U","N",,,,,,,,,,,,,,,,,,,,,2714
0,"COELVIR","0","0","0","0","U","N",,,,,,,,,,,,,,,,,,,,,2715
0,"COELVIR2","0","0","0","0","U","N",,,,,,,,,,,,,,,,,,,,,7604
0,"COLEANT","0","0","0","0","U","E",,,,,,,,,,,,,,,,,,,,,2012
0,"COLESUB","0","0","0","0","U","E",,,,,,,,,,,,,,,,,,"4",,,2013
0,"COLLAUI","0","0","0","0","U","N",,,,,,,,,,,,,,,,,,,,,6398
0,"COLLBAC","0","0","0","0","U","N",,,,,,,,,,,,,,,,,,,,,6399
0,"COLLBAC1","0","0","0","0","U","N",,,,,,,,,,,,,,,,,,,,,6400
0,"COLLCAO","0","0","0","0","U","N",,,,,,,,,,,,,,,,,,,,,6401
0,"COLLCAO1","0","0","0","0","U","N",,,,,,,,,,,,,,,,,,,,,6402
0,"COLLCER","0","0","0","0","U","N",,,,,,,,,,,,,,,,,,,,,6403
0,"COLLCOC","0","0","0","0","U","N",,,,,,,,,,,,,,,,,,,,,6404
0,"COLLCRI","0","0","0","0","U","N",,,,,,,,,,,,,,,,,,,,,6405
0,"COLLCRS","0","0","0","0","U","N",,,,,,,,,,,,,,,,,,,,,6406
0,"COLLCRS1","0","0","0","0","U","N",,,,,,,,,,,,,,,,,,,,,6407
0,"COLLEMA","0","0","0","0","U","N",,,,,,,,,,,,,,,,,,,,,6419
0,"COLLEMT","0","0","0","0","U","N",,,,,,,,,,,,,,,,,,,,,6428
0,"COLLFEC","0","0","0","0","U","N",,,,,,,,,,,,,,,,,,,,,6408
0,"COLLFLA","0","0","0","0","U","N",,,,,,,,,,,,,,,,,,,,,6409
0,"COLLFUR","0","0","0","0","U","N",,,,,,,,,,,,,,,,,,,,,6410
0,"COLLFUR1","0","0","0","0","U","N",,,,,,,,,,,,,,,,,,,,,6412
0,"COLLFUR2","0","0","0","0","U","N",,,,,,,,,,,,,,,,,,,,,6411
0,"COLLFUS","0","0","0","0","U","N",,,,,,,,,,,,,,,,,,,,,6413
0,"COLLGLE","0","0","0","0","U","N",,,,,,,,,,,,,,,,,,,,,6414
0,"COLLGRD","4","0","3","4","U","N",,,,,,,,,,,,,,,,,,,,,2716
0,"COLLGRN","0","0","0","0","U","N",,,,,,,,,,,,,,,,,,,,,2719
0,"COLLHET","5","0","2","3","U","N",,,,,,,,,,,,,,,,,,,,,2720
0,"COLLINS","0","0","0","0","U","N",,,,,,,,,,,,,,,,,,,,,2718
0,"COLLLIN","0","0","0","0","U","N",,,,,,,,,,,,,,,,,,,,,2721
0,"COLLMUL","0","0","0","0","U","N",,,,,,,,,,,,,,,,,,,,,6415
0,"COLLNIG","0","0","0","0","U","N",,,,,,,,,,,,,,,,,,,,,6416
0,"COLLOMI","0","0","0","0","U","N",,,,,,,,,,,,,,,,,,,,,2722
0,"COLLPAR","0","2","2","4","U","N",,,,,,,,,,,,,,,,,,,,,2717
0,"COLLPOL","0","0","0","0","U","N",,,,,,,,,,,,,,,,,,,,,6417
0,"COLLPOL1","0","0","0","0","U","N",,,,,,,,,,,,,,,,,,,,,6418
0,"COLLSUL","0","0","0","0","U","N",,,,,,,,,,,,,,,,,,,,,6420
0,"COLLSUP","0","0","0","0","U","N",,,,,,,,,,,,,,,,,,,,,6421
0,"COLLTEE","0","0","0","0","U","N",,,,,,,,,,,,,,,,,,,,,2723
0,"COLLTEN","0","0","0","0","U","N",,,,,,,,,,,,,,,,,,,,,6422
0,"COLLTEN1","0","0","0","0","U","N",,,,,,,,,,,,,,,,,,,,,6423
0,"COLLTEN2","0","0","0","0","U","N",,,,,,,,,,,,,,,,,,,,,6424
0,"COLLTEN3","0","0","0","0","U","N",,,,,,,,,,,,,,,,,,,,,6425
0,"COLLUND","0","0","0","0","U","N",,,,,,,,,,,,,,,,,,,,,6426
0,"COLLUND1","0","0","0","0","U","N",,,,,,,,,,,,,,,,,,,,,6427
0,"COLOBID","0","0","0","0","U","N",,,,,,,,,,,,,,,,,,,,,5297
0,"COLOCAR","0","0","0","0","U","N",,,,,,,,,,,,,,,,,,,,,5298
0,"COLOCON","0","0","0","0","U","N",,,,,,,,,,,,,,,,,,,,,5299
0,"COLOCOR","0","0","0","0","U","N",,,,,,,,,,,,,,,,,,,,,5300
0,"COLODIA","0","0","0","0","U","N",,,,,,,,,,,,,,,,,,,,,5301
0,"COLODIA1","0","0","0","0","U","N",,,,,,,,,,,,,,,,,,,,,5302
0,"COLODIA2","0","0","0","0","U","N",,,,,,,,,,,,,,,,,,,,,5303
0,"COLOEPH","0","0","0","0","U","N",,,,,,,,,,,,,,,,,,,,,5304
0,"COLOLEJ","0","0","0","0","U","N",,,,,,,,,,,,,,,,,,,,,5311
0,"COLOMAC","0","0","0","0","U","N",,,,,,,,,,,,,,,,,,,,,5305
0,"COLOMIN","0","0","0","0","U","N",,,,,,,,,,,,,,,,,,,,,5306
0,"COLOMIN1","0","0","0","0","U","N",,,,,,,,,,,,,,,,,,,,,5307
0,"COLOMIN2","0","0","0","0","U","N",,,,,,,,,,,,,,,,,,,,,5308
0,"COLOORN","0","0","0","0","U","N",,,,,,,,,,,,,,,,,,,,,5309
0,"COLOSET","0","0","0","0","U","N",,,,,,,,,,,,,,,,,,,,,5310
0,"COLOSUB","0","0","0","0","U","N",,,,,,,,,,,,,,,,,,,,,5312
0,"COLOTUB","0","0","0","0","U","N",,,,,,,,,,,,,,,,,,,,,5313
0,"COMANDR","0","0","0","0","U","N",,,,,,,,,"OS",,,,,,,,,,,,2724
0,"COMAPAU","0","0","0","0","U","N",,,,,,,,,,,,,"1","1","0",,,"2",,,7648
0,"COMARUM","0","0","0","0","U","N",,,,,,,,,,,,,,,,,,,,,7647
0,"COMAUMB","0","0","0","0","U","N",,"L",,"L",,,"I","S","PX","U",,,,,,,,,,,2725
0,"COMAUMB1","0","0","0","0","U","N",,"L",,"L",,,"I","S","PX","U",,,,,,,,,,,2726
0,"COMAUMB2","0","0","0","0","U","N",,"L",,"L",,,"I","S","PX","U",,,,,,"P",,,,,2727
0,"COMAUMB3","0","0","0","0","U","N",,"L",,"L",,,"I","S","PX","U",,,,,,,,,,,7961
0,"CONACOM","0","0","0","0","U","N",,,,,,,,,,,,,,,,,,,,,4311
0,"CONARDI","0","0","0","0","U","N",,,,,,,,,,,,,,,,,,,,,843
0,"CONIGME","4","6","3","3","U","N",,,,,,,,,,,,,"1","1","0",,,"4",,,7461
0,"CONIMAC","0","0","0","0","U","E",,"H,L","H","L",,"P,C,H,S,Pi,O","I","A","P1,P2","SPR","FL,LE,FR,RO,SE,ST,SH","A-coniine, gamma-coniceine, N-methylconiine, P1,P2-causes death and crooked calf disease in young pigs and cattle, O-goats, rabbits, poultry, deer",,,,,,"4",,,2729
0,"CONIOCY","0","0","0","0","U","N",,,,,,,,,,,,,,,,,,,,,6429
0,"CONIOSE","0","0","0","0","U","N",,,,,,,,,,,,,,,,,,,,,2728
0,"CONIUM","0","0","0","0","U","E",,,,,,,,,"OS",,,,,,,,,,,,2730
0,"CONOCEH","0","0","0","0","U","N",,,,,,,,,,,,,,,,,,,,,5314
0,"CONOCEP","0","0","0","0","U","N",,,,,,,,,,,,,,,,,,,,,5316
0,"CONOSAL","0","5","3","0","U","N",,,,,,,,,,,,,,,,,,"4",,,5315
0,"CONOSTO","0","0","0","0","U","N",,,,,,,,,,,,,,,,,,,,,4312
0,"CONOTET","0","0","0","0","U","N",,,,,,,,,,,,,,,,,,,,,4313
0,"CONRING","0","0","0","0","U","E",,,,,,,,,,,,,,,,,,,,,2732
0,"CONRORI","5","3","3","3","U","E",,,,,,,,,,,,,,,,,,,,,2731
0,"CONSAJA","0","0","0","0","U","E",,"L",,"L",,"C,H,S","I","A","PX","U",,,,,,,,,,,2733
0,"CONSOLI","0","0","0","0","U","E",,,,,,,,,"OS",,,,,,,,,,,,2734
0,"CONVARV","0","0","0","0","U","E",,,,,,,,,,,,,,,,,"I",,,,2735
0,"CONVOLU","0","0","0","0","U","N",,,,,,,,,,,,,,,,,,,,,117
0,"CONVOLV","0","0","0","0","U","N",,,,,,,,,,,,,,,,,,,,,2736
0,"CONYCAN","4","3","2","3","U","E",,,,,,,,,,,,,,,,,,,,,2737
0,"CONYZA","0","0","0","0","U","E",,,,,,,,,,,,,,,,,,,,,2738
0,"COPTASP","2","4","1","1","U","N",,,,,,,,,,,,,,,,,,"3",,,2739
0,"COPTIS","0","0","0","0","U","N",,,,,,,,,,,,,,,,,,,,,2740
0,"COPTTRI","0","5","1","1","U","N",,,,,,,,,,,,,,,,,,"3",,,2741
0,"CORALLO","0","0","0","0","U","N",,,,,,,,,,,,,,,,,,,,,3827
0,"CORAMAC","0","3","1","1","U","N",,,,,,,,,,,,,,,,,,,,,3825
0,"CORAMAC3","0","3","1","1","U","N",,,,,,,,,,,,,,,,,,,,,8021
0,"CORAMAC4","0","3","1","1","U","N",,,,,,,,,,,,,,,,,,,,,8022
0,"CORAMER","0","0","0","0","U","N",,,,,,,,,,,,,,,,,,,,,3826
0,"CORASTR","5","4","2","2","U","N",,,,,,,,,,,,,,,,,,,,,3828
0,"CORASTR1","5","4","2","2","U","N",,,,,,,,,,,,,,,,,,,,,7605
0,"CORATRI","3","4","1","1","U","N",,,,,,,,,,,,,,,,,,,,,3829
0,"CORELAN","0","0","0","0","U","E",,,,,,,,,,,,,,,,,,,,,2742
0,"COREOPS","0","0","0","0","U","N",,,,,,,,,,,,,,,,,,,,,2743
0,"CORETIN","0","0","0","0","U","N",,,,,,,,,,,,,,,,,,,,,7462
0,"CORETIN1","0","0","0","0","U","N",,,,,,,,,,,,,,,,,,,,,7463
0,"CORIAME","0","0","0","0","U","N",,,,,,,,,,,,,,,,,,,,,8236
0,"CORIAME1","0","0","0","0","U","N",,,,,,,,,,,,,,,,,,,,,8237
0,"CORIHOO","0","0","0","0","U","N",,,,,,,,,,,,,,,,,,,,,1323
0,"CORIPAL","0","0","0","0","U","N",,,,,,,,,,,,,,,,,,,,,7788
0,"CORISPE","0","0","0","0","U","N",,,,,,,,,,,,,,,,,,,,,2744
0,"CORIVIL","0","0","0","0","U","N",,,,,,,,,,,,,,,,,,,,,7789
0,"CORNACE","0","0","0","0","U","N",,,,,,,,,,,,,,,,,,,,,118
0,"CORNCAN","0","0","0","0","U","N",,,,,,,,,,,,,"0","1","1",,,"4",,,2745
0,"CORNICU","0","0","0","0","U","N",,,,,,,,,,,,,,,,,,,,,6431
0,"CORNNOR","0","0","0","0","U","N",,,,,,,,,,,,,,,,,,,,,6430
0,"CORNNUT","4","3","3","0","U","N",,,,,,,,,,,,,,,,,,,,,802
0,"CORNSTO","0","0","0","0","U","N",,,,,,,,,,,,,"0","2","2","F",,"3",,,1245
0,"CORNSUE","0","0","0","0","U","N",,,,,,,,,,,,,,,,,,"4",,,2746
0,"CORNUNA","0","0","0","0","U","N",,,,,,,,,,,,,,,,,,,,,6317
0,"CORNUS","0","0","0","0","U","N",,,,,,,,,,,,,,,,,,,,,119
0,"CORODID","0","0","0","0","U","E",,,,,,,,,,,,,,,,,,,,,2749
0,"CORONIL","0","0","0","0","U","E",,,,,,,,,,,,,,,,,,,,,2747
0,"CORONOP","0","0","0","0","U","E",,,,,,,,,,,,,,,,,,,,,2750
0,"COROVAR","0","0","0","0","U","E",,,,,,,,,,,,,,,,,,,,,2748
0,"CORRIGI","0","0","0","0","U","E",,,,,,,,,,,,,,,,,,,,,2752
0,"CORRLIT","0","0","0","0","U","E",,,,,,,,,,,,,,,,,,,,,2751
0,"CORSCOR","0","0","0","0","U","N",,,,,,,,,,,,,,,,,,,,,5317
0,"CORSINA","0","0","0","0","U","N",,,,,,,,,,,,,,,,,,,,,5319
0,"CORSINI","0","0","0","0","U","N",,,,,,,,,,,,,,,,,,,,,5318
0,"CORTFUC","0","0","0","0","U","N",,,,,,,,,,,,,,,,,,,,,6432
0,"CORTICI","0","0","0","0","U","N",,,,,,,,,,,,,,,,,,,,,6433
0,"CORYAUR","0","0","0","0","U","N",,"L",,"L",,"C,H,S","I","A","PX","U",,,,,,,,,,,2753
0,"CORYAVE","0","0","0","0","U","E",,,,,,,,,,,,,,,,,,,,,1246
0,"CORYCOR","5","3","3","0","U","N",,,,,,,,,,,,,"0","1","1",,,,,,1247
0,"CORYCOR1","0","0","0","0","U","N",,,,,,,,,,,,,,,,,,,,,1248
0,"CORYCOR2","0","0","0","0","U","N",,,,,,,,,,,,,,,,,,,,,1249
0,"CORYDAL","0","0","0","0","U","N",,,,,,,,,"OS",,,,,,,,,,,,2757
0,"CORYLUS","0","0","0","0","U","N",,,,,,,,,,,,,,,,,,,,,1250
0,"CORYPAU","0","0","0","0","U","N",,,,,,,,,"OS",,,,,,,,,,,,2754
0,"CORYSCO","0","0","0","0","U","N",,,,,,,,,"OS",,,,,,,,,,,,2755
0,"CORYSEM","0","0","0","3","U","N",,"L",,"L",,,"I","O","PX","U",,,,,,,,,,,2756
0,"COSCCAL","0","0","0","0","U","N",,,,,,,,,,,,,,,,,,,,,4314
0,"COSCCRI","0","0","0","0","U","N",,,,,,,,,,,,,,,,,,,,,4315
0,"COSCINO","0","0","0","0","U","N",,,,,,,,,,,,,,,,,,,,,4316
0,"COSCYUK","0","0","0","0","U","N",,,,,,,,,,,,,,,,,,,,,859
0,"COTATIN","0","0","0","0","U","E",,,,,,,,,"OS",,,,,,,,,,,,7670
0,"COTODAM","0","0","0","0","U","E",,,,,,,,,,,,,,,,,,,,,8246
0,"COTODIV","0","0","0","0","U","E",,,,,,,,,,,,,,,,,,,,,8247
0,"COTOFRA","0","0","0","0","U","E",,,,,,,,,,,,,,,,,,,,,445
0,"COTOHOR","0","0","0","0","U","E",,,,,,,,,,,,,,,,,,,,,1251
0,"COTOLUC","0","0","0","0","U","E",,,,,,,,,,,,,,,,,,,,,446
0,"COTONEA","0","0","0","0","U","E",,,,,,,,,,,,,,,,,,,,,1253
0,"COTOREH","0","0","0","0","U","E",,,,,,,,,,,,,,,,,,,,,7790
0,"COTOSIM","0","0","0","0","U","E",,,,,,,,,,,,,,,,,,,,,1252
0,"COTUCOR","0","0","0","0","U","E",,,,,,,,,,,,,,,,,,"4",,,2758
0,"COTULA","0","0","0","0","U","E",,,,,,,,,,,,,,,,,,,,,2759
0,"CRASAQU","0","0","0","0","U","N",,,,,,,,,,,,,,,,,,"1",,,2760
0,"CRASCON","0","0","0","0","U","N",,,,,,,,,,,,,,,,,,,,,2761
0,"CRASCON1","0","0","0","0","U","N",,,,,,,,,,,,,,,,,,,,,2762
0,"CRASSUA","0","0","0","0","U","N",,,,,,,,,,,,,,,,,,,,,2764
0,"CRASSUL","0","0","0","0","U","N",,,,,,,,,,,,,,,,,,,,,2763
0,"CRASTIL","0","0","0","0","U","E",,,,,,,,,,,,,,,,,,,,,7791
0,"CRATAEG","0","0","0","0","U","N",,,,,,,,,,,,,"0","1","1",,,,,,1259
0,"CRATCOL","0","0","0","0","U","N",,,,,,,,,,,,,,,,,,,,,1254
0,"CRATDOU","0","5","3","0","U","N",,,,,,,,,,,,,,,,,,"4",,,1255
0,"CRATDOU1","0","0","0","0","U","N",,,,,,,,,,,,,,,,,,,,,1256
0,"CRATDOU2","0","0","0","0","U","N",,,,,,,,,,,,,,,,,,,,,1257
0,"CRATFIL","0","0","0","0","U","N",,,,,,,,,,,,,,,,,,"2",,,4317
0,"CRATMON","0","0","0","0","U","E",,,,,,,,,,,,,,,,,,,,,1258
0,"CRATONE","0","0","0","0","U","N",,,,,,,,,,,,,,,,,,,,,4318
0,"CREPATR","5","1","2","3","U","N",,,,,,,,,,,,,,,,,,,,,2765
0,"CREPCAP","0","0","0","0","U","E",,,,,,,,,,,,,,,,,,,,,2766
0,"ASKEELE","0","0","0","0","U","N",,,,,,,,,,,,,,,,,,,,,2767
0,"CREPINT","0","0","0","0","U","N",,,,,,,,,,,,,,,,,,,,,2768
0,"CREPIS","0","0","0","0","U","N",,,,,,,,,,,,,,,,,,,,,2780
0,"CREPMOD","0","0","0","0","U","N",,,,,,,,,,,,,,,,,,,,,2769
0,"CREPMOD1","0","0","0","0","U","N",,,,,,,,,,,,,,,,,,,,,2770
0,"CREPMOD2","0","0","0","0","U","N",,,,,,,,,,,,,,,,,,,,,2771
0,"ASKENAN","0","0","0","0","U","N",,,,,,,,,,,,,,,,,,,,,2772
0,"CREPNIC","0","0","0","0","U","E",,,,,,,,,,,,,,,,,,,,,2773
0,"CREPOCC","0","0","0","0","U","N",,,,,,,,,,,,,,,,"P",,,,,2774
0,"CREPOCC1","0","0","0","0","U","N",,,,,,,,,,,,,,,,,,,,,2775
0,"CREPOCC2","0","0","0","0","U","N",,,,,,,,,,,,,,,,,,,,,2776
0,"CREPOCC3","0","0","0","0","U","N",,,,,,,,,,,,,,,,,,,,,2777
0,"CREPOCC4","0","0","0","0","U","N",,,,,,,,,,,,,,,,,,,,,444
0,"CREPRUN","0","0","0","0","U","N",,,,,,,,,,,,,,,,,,,,,2778
0,"CREPRUN1","0","0","0","0","U","N",,,,,,,,,,,,,,,,,,,,,2779
0,"CREPTEC","0","0","0","0","U","E",,,,,,,,,,,,,,,,,,,,,2781
0,"CREPVES","0","0","0","0","U","E",,,,,,,,,,,,,,,,,,,,,2782
0,"CREPVES2","0","0","0","0","U","E",,,,,,,,,,,,,,,,,,,,,2783
0,"CROCIDI","0","0","0","0","U","N",,,,,,,,,,,,,,,,,,,,,2785
0,"CROCMUL","0","0","0","0","U","N",,,,,,,,,,,,,,,,,,,,,2784
0,"CROCOSM","0","0","0","0","U","E",,,,,,,,,,,,,,,,,,,,,2786
0,"CROCXCR","0","0","0","0","U","E",,,,,,,,,,,,,,,,,,,,,2787
0,"CROSABE","0","0","0","0","U","N",,,,,,,,,,,,,,,,,,,,,4319
0,"CROSBER","0","0","0","0","U","N",,,,,,,,,,,,,,,,,,,,,5320
0,"CROSROS","0","0","0","0","U","N",,,,,,,,,,,,,,,,,,,,,4320
0,"CROSSER","0","0","0","0","U","N",,,,,,,,,,,,,,,,,,,,,4321
0,"CROSSID","0","0","0","0","U","N",,,,,,,,,,,,,,,,,,,,,4322
0,"CROSSOT","0","0","0","0","U","N",,,,,,,,,,,,,,,,,,,,,5321
0,"CRUMIA","0","0","0","0","U","N",,,,,,,,,,,,,,,,,,,,,4324
0,"CRUMLAT","0","0","0","0","U","N",,,,,,,,,,,,,,,,,,,,,4323
0,"CRUPVUL","0","0","0","0","U","E",,,,,,,,,,,,,,,,,"P",,,,2788
0,"CRYPACR","0","0","0","0","U","N",,,,,,,,,,,,,,,,,,,,,1577
0,"CRYPAFF","0","0","0","0","U","N",,,,,,,,,,,,,,,,,,,,,2789
0,"CRYPALO","0","0","0","0","U","E",,,,,,,,,,,,,,,,,,,,,7787
0,"CRYPAMB","0","0","0","0","U","N",,,,,,,,,,,,,,,,,,,,,2790
0,"CRYPCAS","0","0","0","0","U","N",,,,,,,,,,,,,,,,,,,,,1702
0,"CRYPCEL","0","0","0","0","U","N",,,,,,,,,,,,,,,,,,,,,2791
0,"CRYPIMB","0","0","0","0","U","N",,,,,,,,,,,,,,,,,,,,,5322
0,"CRYPMIR","0","0","0","0","U","N",,,,,,,,,,,,,,,,,,,,,5326
0,"CRYPSIT","0","0","0","0","U","N",,,,,,,,,,,,,,,,,,,,,1703
0,"CRYPSTE","0","0","0","0","U","N",,,,,,,,,,,,,,,,,,,,,1705
0,"CRYPTAN","0","0","0","0","U","N",,,,,,,,,,,,,,,,,,,,,2444
0,"CRYPTEN","0","0","0","0","U","N",,,,,,,,,,,,,,,,,,,,,5325
0,"CRYPTOC","0","0","0","0","U","N",,,,,,,,,,,,,,,,,,,,,5323
0,"CRYPTOG","0","0","0","0","U","N",,,,,,,,,,,,,,,,,,,,,1704
0,"CRYPTOM","0","0","0","0","U","N",,,,,,,,,,,,,,,,,,,,,5324
0,"CRYPTOR","0","0","0","0","U","N",,,,,,,,,,,,,,,,,,,,,2445
0,"CRYPTOT","0","0","0","0","U","N",,,,,,,,,,,,,,,,,,,,,5327
0,"CRYPWAT","0","0","0","0","U","N",,,,,,,,,,,,,,,,,,,,,2446
0,"CTENIDI","0","0","0","0","U","N",,,,,,,,,,,,,,,,,,,,,4326
0,"CTENMOL","0","0","0","0","U","N",,,,,,,,,,,,,,,,,,,,,424
0,"CTENSCH","0","0","0","0","U","N",,,,,,,,,,,,,,,,,,,,,4325
0,"CUCURBI","0","0","0","0","U","N",,,,,,,,,,,,,,,,,,,,,2447
0,"CUPRESS","0","0","0","0","U","N",,,,,,,,,,,,,,,,,,,,,120
0,"CUSCAPP","0","0","0","0","U","E",,,,,,,,,,,,,,,,,"P",,,,3830
0,"CUSCCAM","0","0","0","0","U","N",,,,,,,,,,,,,,,,,"P",,,,7784
0,"CUSCCEP","0","0","0","0","U","E",,,,,,,,,,,,,,,,,"P",,,,3831
0,"CUSCEPI","0","0","0","0","U","E",,,,,,,,,,,,,,,,,"P",,,,3832
0,"CUSCPAC","0","0","0","0","U","N",,,,,,,,,,,,,,,,,"P",,,,8248
0,"CUSCPAC1","0","0","0","0","U","N",,,,,,,,,,,,,,,,,"P",,,,8249
0,"CUSCUTA","0","0","0","0","U","N",,,,,,,,,,,,,,,,,"P",,,,3833
0,"CUSCUTC","0","0","0","0","U","N",,,,,,,,,,,,,,,,,,,,,7548
0,"CYCLACH","0","0","0","0","U","E",,,,,,,,,,,,,,,,,,,,,7860
0,"CYCLHED","0","0","0","0","U","E",,,,,,,,,,,,,,,,,,,,,8057
0,"CYCLXAN","0","0","0","0","U","E",,"H","H",,,"D,A","C","O","P2","U","LE,FL","O-unknown toxin, Mode-hayfever",,,,,,,,,7859
0,"CYLINDR","0","0","0","0","U","N",,,,,,,,,,,,,,,,,,,,,5330
0,"CYLIOBL","0","0","0","0","U","N",,,,,,,,,,,,,,,,,,,,,5328
0,"CYLIRHI","0","0","0","0","U","N",,,,,,,,,,,,,,,,,,,,,5329
0,"CYMBALA","0","0","0","0","U","E",,,,,,,,,,,,,,,,,,,,,2449
0,"CYMBMUR","0","0","0","0","U","E",,,,,,,,,,,,,,,,,,,,,2448
0,"CYNOALP","0","0","0","0","U","N",,,,,,,,,,,,,,,,,,,,,8092
0,"CYNOBOR","0","0","0","0","U","N",,,,,,,,,"OS",,,,,,,,,,,,2450
0,"CYNOCRI","0","0","0","0","U","E",,,,,,,,,,,,,,,,,,,,,2016
0,"CYNODAC","0","0","0","0","U","E",,,,,,,,,,,,,,,,,,,,,2014
0,"CYNODON","0","0","0","0","U","E",,,,,,,,,,,,,,,,,,,,,2015
0,"CYNODOT","0","0","0","0","U","N",,,,,,,,,,,,,,,,,,,,,4328
0,"CYNOECH","4","2","3","3","U","E",,,,,,,,,,,,,,,,,,,,,2017
0,"CYNOGLA","0","0","0","0","U","N",,,,,,,,,,,,,,,,,,,,,8093
0,"CYNOGLO","0","0","0","0","U","N",,,,,,,,,"OS",,,,,,,,,,,,2452
0,"CYNOJEN","0","0","0","0","U","N",,,,,,,,,,,,,,,,,,,,,4327
0,"CYNOOFF","0","0","0","0","U","E",,"L",,"L",,"C,H","I","A","P1","U","LE","A-heliosupine, echinatine, P1,P2-cause death in livestock and phytophotosensitivity in horses",,,,,"P",,,,2451
0,"CYNOPOL","0","0","0","0","U","N",,,,,,,,,,,,,,,,,,,,,436
0,"CYNOSCH","0","0","0","0","U","N",,,,,,,,,,,,,,,,,,,,,8094
0,"CYNOSTR","0","0","0","0","U","N",,,,,,,,,,,,,,,,,,,,,4329
0,"CYNOSUR","0","0","0","0","U","E",,,,,,,,,,,,,,,,,,,,,2018
0,"CYNOTEN","0","0","0","0","U","N",,,,,,,,,,,,,,,,,,,,,4330
0,"CYPEERY","0","0","0","0","U","N",,,,,,,,,,,,,,,,,,"3",,,2020
0,"CYPEESC","0","0","0","0","U","E",,,,,,,,,,,,,,,,,"P",,,,2021
0,"CYPEESC1","0","0","0","0","U","E",,,,,,,,,,,,,,,,,"P",,,,7569
0,"CYPERAC","0","0","0","0","U","N",,,,,,,,,,,,,"2","2","1",,,,,,2019
0,"CYPERUS","0","0","0","0","U","N",,,,,,,,,,,,,,,,,,,,,2022
0,"CYPESQU","0","0","0","0","U","N",,,,,,,,,,,,,,,,,,"3",,,6318
0,"CYPESTR","0","0","0","0","U","E",,,,,,,,,,,,,,,,,,,,,1163
0,"CYPHELU","0","0","0","0","U","N",,,,,,,,,,,,,,,,,,,,,6437
0,"CYPHINQ","0","0","0","0","U","N",,,,,,,,,,,,,,,,,,,,,6434
0,"CYPHKAR","0","0","0","0","U","N",,,,,,,,,,,,,,,,,,,,,6435
0,"CYPHPIN","0","0","0","0","U","N",,,,,,,,,,,,,,,,,,,,,6436
0,"CYPHTIG","0","0","0","0","U","N",,,,,,,,,,,,,,,,,,,,,6438
0,"CYPHTRA","0","0","0","0","U","N",,,,,,,,,,,,,,,,,,,,,6439
0,"CYPRIPE","0","0","0","0","U","N",,,,,,,,,"OS",,,,,,,,,,,,2455
0,"CYPRMON","3","3","3","2","U","N",,,,,,,,,"OS",,,,,,,,,"4",,,2453
0,"CYPRPAR","0","0","0","0","U","N",,"H","H",,,"D","C","O","P2","U","LE","O-cypripedin",,,,,,"4",,,7608
0,"CYPRPAR1","0","0","0","0","U","N",,,,,,,,,,,,,,,,,,,,,7607
0,"CYPRPAR2","0","0","0","0","U","N",,"H","H",,,"D","C","O","P2","U","LE,ST","O-cypripedin",,,,,,"4",,,7606
0,"CYPRPAS","0","0","0","0","U","N",,,,,,,,,"OS",,,,,,,,,"4",,,2454
0,"CYRTHYE","0","0","0","0","U","N",,,,,,,,,,,,,,,,,,,,,4332
0,"CYRTHYM","0","0","0","0","U","N",,,,,,,,,,,,,,,,,,,,,4331
0,"CYRTOMN","0","0","0","0","U","N",,,,,,,,,,,,,,,,,,,,,4333
0,"CYSTEBE","0","0","0","0","U","N",,,,,,,,,,,,,,,,,,,,,6440
0,"CYSTFRA","0","4","2","0","U","N",,,,,,,,,,,,,,,,,,,,,1706
0,"CYSTMON","0","0","0","0","U","N",,,,,,,,,,,,,,,,,,,,,1707
0,"CYSTOCO","0","0","0","0","U","N",,,,,,,,,,,,,,,,,,,,,6441
0,"CYSTOPT","0","0","0","0","U","N",,,,,,,,,,,,,,,,,,,,,1501
0,"CYTISCO","4","2","2","3","U","E",,,,,,,,,,,,,,,,,"I",,,,1260
0,"CYTISUS","0","0","0","0","U","E",,,,,,,,,,,,,,,,,,,,,1261
0,"DACAMPI","0","0","0","0","U","N",,,,,,,,,,,,,,,,,,,,,6442
0,"DACTARC","0","0","0","0","U","N",,,,,,,,,,,,,,,,,,,,,6443
0,"DACTARC1","0","0","0","0","U","N",,,,,,,,,,,,,,,,,,,,,6444
0,"DACTARC2","0","0","0","0","U","N",,,,,,,,,,,,,,,,,,,,,6445
0,"DACTGLO","0","0","3","3","U","E",,,,,,,,,,,,,,,,"G",,,,,2023
0,"DACTLOB","0","0","0","0","U","N",,,,,,,,,,,,,,,,,,,,,6449
0,"DACTMAD","0","0","0","0","U","N",,,,,,,,,,,,,,,,,,,,,6446
0,"DACTRAM","0","0","0","0","U","N",,,,,,,,,,,,,,,,,,,,,6447
0,"DACTYLI","0","0","0","0","U","E",,,,,,,,,,,,,,,,,,,,,2024
0,"DACTYLN","0","0","0","0","U","N",,,,,,,,,,,,,,,,,,,,,6448
0,"DACTYLO","0","0","0","0","U","N",,,,,,,,,,,,,,,,,,,,,6450
0,"DACTYLS","0","0","0","0","U","N",,,,,,,,,,,,,,,,,,,,,6451
0,"DALTONA","0","0","0","0","U","N",,,,,,,,,,,,,,,,,,,,,4336
0,"DALTONI","0","0","0","0","U","N",,,,,,,,,,,,,,,,,,,,,4334
0,"DALTSPL","0","0","0","0","U","N",,,,,,,,,,,,,,,,,,,,,4335
0,"DANTCAL","5","2","2","3","U","N",,,,,,,,,,,,,,,,"F",,,,,2025
0,"DANTDEC","0","0","0","0","U","E",,,,,,,,,,,,,,,,,,,,,2026
0,"DANTHON","0","0","0","0","U","N",,,,,,,,,,,,,,,,,,,,,2028
0,"DANTINT","0","0","0","0","U","N",,,,,,,,,,,,,,,,"F",,"4",,,2027
0,"DANTSPI","0","2","1","4","U","N",,,,,,,,,,,,,,,,"P",,,,,2029
0,"DANTUNI","0","0","0","0","U","N",,,,,,,,,,,,,,,,"F",,,,,2030
0,"DAPHLAU","0","0","0","0","U","E",,,,,,,,,"OS",,,,,,,,,,,,1107
0,"DAPHMEZ","0","0","0","0","U","E",,,,,,,,,"OS",,,,,,,,,,,,8023
0,"DAPHNE","0","0","0","0","U","E",,,,,,,,,"OS",,,,,,,,,,,,1108
0,"DASIFRU","0","0","0","0","U","N",,,,,,,,,,,,,,,,,,"4",,,8220
0,"DASIFRU1","0","0","0","0","U","N",,,,,,,,,,,,,,,,"P",,"4",,,8221
0,"DASIPHO","0","0","0","0","U","N",,,,,,,,,,,,,,,,,,,,,8222
0,"DATURA","0","0","0","0","U","E",,,,,,,,,"OS",,,,,,,,,,,,2456
0,"DATUSTR","0","0","0","0","U","E",,"H,L","H","L",,"P,D,C,H,S","C,I","A","P1","U",,,,,,,,,,,2457
0,"DAUCCAR","0","0","0","0","U","E",,,,,,,,,,,,,,,,,,,,,2458
0,"DAUCPUS","0","0","0","0","U","N",,,,,,,,,,,,,,,,,,,,,2459
0,"DAUCUS","0","0","0","0","U","N",,,,,,,,,,,,,,,,,,,,,2460
0,"DELPBIC","0","0","0","0","U","N",,"L",,"L",,"C,H,S","I","A","P1","U","LE,SE","A-methyllycaconitine",,,,,,,,,2461
0,"DELPBIC1","0","0","0","0","U","N",,"L",,"L",,"C,H,S","I","A","P1","U","LE,SE","A-methyllycaconitine",,,,,,,,,8132
0,"DELPDIS","0","0","0","0","U","N",,,,,,,,,"OS",,,,,,,,,,,,8134
0,"DELPGLA","3","5","3","2","U","N",,"L",,"L",,"C,H,S","I","A","P1","U","AL","A-methyllycaconitine",,,,,,"4",,,2462
0,"DELPGLR","0","0","0","0","U","N",,,,,,,,,"OS",,,,,,,,,,,,8135
0,"DELPHIN","0","0","0","0","U","N",,,,,,,,,"OS",,,,,,,,,,,,2792
0,"DELPMEN","4","2","3","2","U","N",,"L",,"L",,"C,H,S","I","A","P1","U","AL","A-methyllycaconitine",,,,,,,,,2463
0,"DELPMEN1","0","0","0","0","U","N",,"L",,"L",,"C,H,S","I","A","P1","U","AL","A-methyllycaconitine",,,,,,,,,2464
0,"DELPNUT","0","0","0","0","U","N",,"H,L","H","L",,"P,C,H,S","I","A","P1","SPR",,"A-delphinine",,,,,,,,,2465
0,"DELPSUT","0","0","0","0","U","N",,,,,,,,,"OS",,,,,,,,,,,,8136
0,"DELPXBU","0","0","0","0","U","N",,"H,L","H","L",,"P","I","O","PX","U",,"O-other or unknown",,,,,,,,,8133
0,"DENDABI","0","0","0","0","U","N",,,,,,,,,,,,,,,,,,,,,4337
0,"DENDROA","0","0","0","0","U","N",,,,,,,,,,,,,,,,,,,,,4338
0,"DENNSTA","0","0","0","0","U","N",,,,,,,,,,,,,,,,,,,,,1502
0,"DERMATO","0","0","0","0","U","N",,,,,,,,,,,,,,,,,,,,,6459
0,"DERMINT","0","0","0","0","U","N",,,,,,,,,,,,,,,,,,,,,6452
0,"DERMLIN","0","0","0","0","U","N",,,,,,,,,,,,,,,,,,,,,6453
0,"DERMLUR","0","0","0","0","U","N",,,,,,,,,,,,,,,,,,,,,6454
0,"DERMMIN","0","0","0","0","U","N",,,,,,,,,,,,,,,,,,,,,6455
0,"DERMMOU","0","0","0","0","U","N",,,,,,,,,,,,,,,,,,,,,6456
0,"DERMRET","0","0","0","0","U","N",,,,,,,,,,,,,,,,,,,,,6457
0,"DERMRIV","0","0","0","0","U","N",,,,,,,,,,,,,,,,,,,,,6458
0,"DESCCES","0","5","3","3","U","N",,,,,,,,,,,,,"2","1","0","G",,"4",,,2031
0,"DESCCES1","0","0","0","0","U","N",,,,,,,,,,,,,,,,,,,,,2032
0,"DESCCES2","0","0","0","0","U","N",,,,,,,,,,,,,,,,,,,,,2033
0,"DESCDAN","0","4","3","0","U","N",,,,,,,,,,,,,,,,,,,,,2034
0,"DESCELO","5","2","1","0","U","N",,,,,,,,,,,,,,,,"G",,,,,2035
0,"DESCFLE","0","0","0","0","U","E",,,,,,,,,,,,,,,,,,,,,2036
0,"DESCHAM","0","0","0","0","U","N",,,,,,,,,,,,,,,,,,,,,2037
0,"DESCINC","0","0","0","0","U","N",,,,,,,,,"OS",,,,,,,,,,,,7509
0,"DESCINI","0","0","0","0","U","N",,,,,,,,,"OS",,,,,,,,,,,,8024
0,"DESCINI2","0","0","0","0","U","N",,,,,,,,,"OS",,,,,,,,,,,,8025
0,"DESCLON","0","0","0","0","U","N",,,,,,,,,,,,,,,,,,,,,8026
0,"DESCNEL","0","0","0","0","U","N",,"L",,"L",,"C,H,G","I","O","P2","SUM","LE,SE","O-unknown, P2-poisoning after longterm feeding",,,,,,,,,7844
0,"DESCPIN","0","0","0","0","U","N",,"L",,"L",,"C,H,G","I","O","P2","SUM","LE,SE","O-unknown, P2-poisoning after longterm feeding",,,,,,,,,2793
0,"DESCPIN6","0","0","0","0","U","N",,"L",,"L",,"C,H,G","I","O","P2","SUM","LE,SE","O-unknown, P2-poisoning after longterm feeding",,,,,,,,,1164
0,"DESCSOH","0","0","0","0","U","N",,,,,,,,,"OS",,,,,,,,,,,,2795
0,"DESCSOP","0","0","0","0","U","E",,,,,,,,,"OS",,,,,,,,,,,,2794
0,"DESCURA","0","0","0","0","U","N",,,,,,,,,"OS",,,,,,,,,,,,2796
0,"DESMATO","0","0","0","0","U","N",,,,,,,,,,,,,,,,,,,,,4347
0,"DESMCON","0","0","0","0","U",,,,,,,,,,,,,,,,,,,,,,4340
0,"DESMGUE","0","0","0","0","U","N",,,,,,,,,,,,,,,,,,,,,4341
0,"HENNHEI","0","0","0","0","U","N",,,,,,,,,,,,,,,,,,,,,4342
0,"DESMLAT","0","0","0","0","U",,,,,,,,,,,,,,,,,,,,,,4343
0,"TORTHOP","0","0","0","0","U","N",,,,,,,,,,,,,,,,,,,,,7929
0,"TORTLEU","0","0","0","0","U","N",,,,,,,,,,,,,,,,,,,,,4344
0,"TORTOBT","0","0","0","0","U","N",,,,,,,,,,,,,,,,,,,,,4345
1,"TORTCER","0","0","0","0","U","N",,,,,,,,,,,,,,,,,,,,,4346
0,"TORTSYS","0","0","0","0","U","N",,,,,,,,,,,,,,,,,,,,,7930
0,"DIANARM","0","0","0","0","U","E",,,,,,,,,,,,,,,,,,,,,2797
0,"DIANBAR","0","0","0","0","U","E",,,,,,,,,,,,,,,,,,,,,2798
0,"DIANDEL","0","0","0","0","U","E",,,,,,,,,,,,,,,,,,,,,2799
0,"DIANTHU","0","0","0","0","U","N",,,,,,,,,,,,,,,,,,,,,2800
0,"DIAPENI","0","0","0","0","U","N",,,,,,,,,,,,,,,,,,,,,2803
0,"DIAPENS","0","0","0","0","U","N",,,,,,,,,,,,,,,,,,,,,2802
0,"DIAPOBO","0","0","0","0","U","N",,,,,,,,,,,,,,,,,,,,,2801
0,"DIBABAE","0","0","0","0","U","N",,,,,,,,,,,,,,,,,,,,,7683
0,"DIBAEIS","0","0","0","0","U","N",,,,,,,,,,,,,,,,,,,,,7682
0,"DICEFOR","4","4","3","0","U","N",,"L,W",,"L","W","C,O","I","A","P3","U","LE","O-rodents, A-protopine, P3-experimental poisoning in mice",,,,,,,,,2804
0,"DICENTR","0","0","0","0","U","N",,,,,,,,,"OS",,,,,,,,,,,,2805
0,"DICEUNI","0","0","0","0","U","N",,"H,L","H","L",,"D","I","O","PX","U",,,,,,,,,,,2806
0,"DICHACU","0","0","0","0","U","N",,,,,,,,,,,,,,,,,,"4",,,2038
0,"DICHACU1","0","0","0","0","U","N",,,,,,,,,,,,,,,,,,"4",,,7634
0,"DICHANT","0","0","0","0","U","N",,,,,,,,,,,,,,,,,,,,,7616
0,"DICHELY","0","0","0","0","U","N",,,,,,,,,,,,,,,,,,,,,4350
0,"DICHFAL","0","0","0","0","U","N",,,,,,,,,,,,,,,,,,,,,4348
0,"DICHODO","0","0","0","0","U","N",,,,,,,,,,,,,,,,,,,,,4354
0,"DICHOLI","0","0","0","0","U","N",,,,,,,,,,,,,,,,,,,,,7635
0,"DICHOLI1","0","0","0","0","U","N",,,,,,,,,,,,,,,,,,,,,2039
0,"DICHOLY","1","5","2","3","U","N",,,,,,,,,,,,,,,,,,,,,4352
0,"DICHPAL","0","0","0","0","U","N",,,,,,,,,,,,,,,,,,,,,4349
0,"DICHPEL","0","0","0","0","U","N",,,,,,,,,,,,,,,,,,,,,4353
0,"DICHUNC","0","0","0","0","U","N",,,,,,,,,,,,,,,,,,,,,4351
0,"DICRACU","0","0","0","0","U","N",,,,,,,,,,,,,,,,,,"3",,,4377
0,"DICRANA","0","0","0","0","U","N",,,,,,,,,,,,,,,,,,,,,4355
0,"DICRANE","0","0","0","0","U","N",,,,,,,,,,,,,,,,,,,,,4366
1,"DICRSPA","0","0","0","0","U","N",,,,,,,,,,,,,,,,,,,,,4378
0,"DICRANO","0","0","0","0","U","N",,,,,,,,,,,,,,,,,,,,,4371
0,"DICRANU","0","0","0","0","U","N",,,,,,,,,,,,,,,,,,,,,4394
0,"DICRANW","0","0","0","0","U","N",,,,,,,,,,,,,,,,,,,,,4376
0,"DICRASP","0","0","0","0","U","N",,,,,,,,,,,,,,,,,,,,,4369
0,"DICRBON","0","0","0","0","U","N",,,,,,,,,,,,,,,,,,,,,7931
0,"DICRBRE","0","0","0","0","U","N",,,,,,,,,,,,,,,,,,,,,4379
0,"DICRCER","0","0","0","0","U","N",,,,,,,,,,,,,,,,,,,,,4356
0,"DICRCIR","0","0","0","0","U","N",,,,,,,,,,,,,,,,,,,,,4374
0,"DICRCRI","0","0","0","0","U","N",,,,,,,,,,,,,,,,,,,,,4357
0,"DICRCRS","0","0","0","0","U","N",,,,,,,,,,,,,,,,,,,,,4375
0,"DICRCRS3","0","0","0","0","U","N",,,,,,,,,,,,,,,,,,,,,434
0,"DICRDEN","0","0","0","0","U","N",,,,,,,,,,,,,,,,,,,,,4370
0,"DICRELO","0","0","0","0","U","N",,,,,,,,,,,,,,,,,,,,,4380
0,"DICRFLA","0","0","0","0","U","N",,,,,,,,,,,,,,,,,,,,,4381
0,"DICRFRA","0","0","0","0","U","N",,,,,,,,,,,,,,,,,,,,,4382
0,"DICRFUS","0","2","1","1","U","N",,,,,,,,,,,,,,,,,,"4",,,4383
0,"DICRFUS2","0","0","0","0","U","N",,,,,,,,,,,,,,,,,,"4",,,4384
0,"DICRFUS3","0","0","0","0","U","N",,,,,,,,,,,,,,,,,,,,,7932
0,"DICRGRE","0","0","0","0","U","N",,,,,,,,,,,,,,,,,,,,,4358
0,"DICRGRO","0","0","0","0","U","N",,,,,,,,,,,,,,,,,,"4",,,4385
0,"DICRHET","0","0","0","0","U","N",,,,,,,,,,,,,,,,,,,,,4359
0,"DICRMAJ","0","0","0","0","U","N",,,,,,,,,,,,,,,,,,"3",,,4386
0,"DICRMAJ1","0","0","0","0","U","N",,,,,,,,,,,,,,,,,,,,,4387
0,"DICRMAJ2","0","0","0","0","U","N",,,,,,,,,,,,,,,,,,,,,4388
0,"DICRMON","0","0","0","0","U","N",,,,,,,,,,,,,,,,,,,,,4389
0,"DICRMUE","0","5","1","1","U","N",,,,,,,,,,,,,,,,,,"4",,,4390
0,"DICRPAC","0","0","0","0","U","N",,,,,,,,,,,,,,,,,,,,,4360
0,"DICRPAI","0","0","0","0","U","N",,,,,,,,,,,,,,,,,,,,,4391
0,"DICRPAL","1","3","1","1","U","N",,,,,,,,,,,,,,,,,,,,,4361
0,"DICRPOL","3","3","1","1","U","N",,,,,,,,,,,,,,,,,,"4",,,4392
0,"DICRRUF","0","0","0","0","U","N",,,,,,,,,,,,,,,,,,,,,4362
0,"DICRSCH","0","0","0","0","U","N",,,,,,,,,,,,,,,,,,,,,4363
0,"DICRSCH1","0","0","0","0","U","N",,,,,,,,,,,,,,,,,,,,,4364
0,"DICRSCH2","0","0","0","0","U","N",,,,,,,,,,,,,,,,,,,,,4365
0,"DICRSCO","0","3","1","1","U","N",,,,,,,,,,,,,,,,,,"4",,,4393
1,"DICRSUB","0","0","0","0","U","N",,,,,,,,,,,,,,,,,,,,,4367
0,"DICRSUP","0","0","0","0","U","N",,,,,,,,,,,,,,,,,,,,,4372
0,"DICRTAU","0","2","1","1","U","N",,,,,,,,,,,,,,,,,,,,,4396
0,"DICRUNC","0","0","0","0","U","N",,,,,,,,,,,,,,,,,,,,,4373
0,"DICRUND","0","0","0","0","U","N",,,,,,,,,,,,,,,,,,,,,4397
1,"DICRVAR","0","0","0","0","U","N",,,,,,,,,,,,,,,,,,,,,4368
0,"DICTMOO","0","0","0","0","U","N",,,,,,,,,,,,,,,,,,,,,6460
0,"DICTYON","0","0","0","0","U","N",,,,,,,,,,,,,,,,,,,,,6461
0,"DIDYASP","0","0","0","0","U","N",,,,,,,,,,,,,,,,,,,,,4398
0,"DIDYFAL","0","0","0","0","U","N",,,,,,,,,,,,,,,,,,,,,4399
0,"DIDYFAL1","0","0","0","0","U","N",,,,,,,,,,,,,,,,,,,,,4400
0,"DIDYFAL2","0","0","0","0","U","N",,,,,,,,,,,,,,,,,,,,,427
0,"DIDYJOH","0","0","0","0","U","N",,,,,,,,,,,,,,,,,,,,,4401
0,"DIDYLES","0","0","0","0","U","N",,,,,,,,,,,,,,,,,,,,,8083
0,"DIDYMAS","0","0","0","0","U","N",,,,,,,,,,,,,,,,,,,,,4402
0,"DIDYMOD","0","0","0","0","U","N",,,,,,,,,,,,,,,,,,,,,4408
0,"DIDYNEV","0","0","0","0","U","N",,,,,,,,,,,,,,,,,,,,,8084
0,"DIDYNIG","0","0","0","0","U","N",,,,,,,,,,,,,,,,,,,,,4403
0,"DIDYRIG","0","0","0","0","U","N",,,,,,,,,,,,,,,,,,,,,4404
0,"DIDYRIG1","0","0","0","0","U","N",,,,,,,,,,,,,,,,,,,,,4405
0,"DIDYRIG2","0","0","0","0","U","N",,,,,,,,,,,,,,,,,,,,,4406
0,"DIDYRIG4","0","0","0","0","U","N",,,,,,,,,,,,,,,,,,,,,4407
0,"DIDYSUB","0","0","0","0","U","N",,,,,,,,,,,,,,,,,,,,,4409
0,"DIDYTOP","0","0","0","0","U","N",,,,,,,,,,,,,,,,,,,,,4410
0,"DIDYVIN","0","0","0","0","U","N",,,,,,,,,,,,,,,,,,,,,4411
0,"DIDYVIN1","0","0","0","0","U","N",,,,,,,,,,,,,,,,,,,,,4412
0,"DIDYVIN2","0","0","0","0","U","N",,,,,,,,,,,,,,,,,,,,,4413
0,"DIDYVIN3","0","0","0","0","U","N",,,,,,,,,,,,,,,,,,,,,4414
0,"DIDYVIN4","0","0","0","0","U","N",,,,,,,,,,,,,,,,,,,,,4415
0,"DIDYVIN5","0","0","0","0","U","N",,,,,,,,,,,,,,,,,,,,,4416
0,"DIDYVIN6","0","0","0","0","U","N",,,,,,,,,,,,,,,,,,,,,8095
0,"DIETCAN","0","0","0","0","U","N",,,,,,,,,,,,,,,,,,,,,7869
0,"DIETCAN1","0","0","0","0","U","N",,,,,,,,,,,,,,,,,,,,,7870
0,"DIETERI","0","0","0","0","U","N",,,,,,,,,,,,,,,,,,,,,7871
0,"DIGIISC","0","0","0","0","U","E",,,,,,,,,,,,,,,,,,,,,2040
0,"DIGIPUR","4","0","3","3","U","E",,"H,L","H","L",,"P,C,H,S,Pi,O","I","G","P1","U","AL","G-digitoxin, O-goats,poultry, P1-unpalatable, so poisoning infrequent",,,,,,,,,2807
0,"JUNCALP","0","0","0","0","U","N",,,,,,,,,,,,,,,,,,,,,23
0,"JUNCANT","0","0","0","0","U","N",,,,,,,,,,,,,,,,,,,,,7794
0,"JUNCARC","0","6","3","5","U","N",,,,,,,,,,,,,,,,,,"3",,,24
0,"JUNCARC1","0","0","0","0","U","N",,,,,,,,,,,,,,,,,,"4",,,25
0,"JUNCARC4","0","0","0","0","U","N",,,,,,,,,,,,,,,,,,"4",,,26
0,"JUNCART","0","0","0","0","U","N",,,,,,,,,,,,,,,,,,,,,27
0,"JUNCBAL","0","0","0","0","U","N",,,,,,,,,,,,,,,,"F",,"4",,,28
0,"JUNCBIG","0","0","0","0","U","N",,,,,,,,,,,,,,,,,,,,,29
0,"JUNCBOL","0","0","0","0","U","N",,,,,,,,,,,,,,,,,,,,,30
0,"JUNCBRE","0","0","0","0","U","E",,,,,,,,,,,,,,,,,,,,,2128
0,"JUNCBRW","0","0","0","0","U","N",,,,,,,,,,,,,,,,,,,,,2129
0,"DRABPOR","0","0","0","0","U","N",,,,,,,,,,,,,,,,,,,,,2855
0,"DRABPRA","0","0","0","0","U","N",,,,,,,,,,,,,,,,,,,,,2856
0,"DRABREP","0","0","0","0","U","N",,,,,,,,,,,,,,,,,,,,,2857
0,"DRABRUA","0","0","0","0","U","N",,,,,,,,,,,,,,,,,,,,,2858
0,"DRABSTE","0","0","0","0","U","N",,,,,,,,,,,,,,,,,,,,,2860
0,"DRABSTN","0","0","0","0","U","N",,,,,,,,,,,,,,,,,,,,,2861
0,"DRABVEN","0","0","0","0","U","N",,,,,,,,,,,,,,,,,,,,,2862
0,"DRABVER","0","0","0","0","U","E",,,,,,,,,,,,,,,,,,,,,2863
0,"DRACOCE","0","0","0","0","U","N",,,,,,,,,,,,,,,,,,,,,2865
0,"DRACPAR","0","0","0","0","U","N",,,,,,,,,,,,,,,,,,,,,2864
0,"DRACTHY","0","0","0","0","U","E",,,,,,,,,,,,,,,,,,,,,2866
0,"DREPADU","0","0","0","0","U","N",,,,,,,,,,,,,,,,,,"3",,,4436
0,"DREPANL","0","0","0","0","U","N",,,,,,,,,,,,,,,,,,,,,5352
0,"DREPANO","0","0","0","0","U","N",,,,,,,,,,,,,,,,,,,,,4439
0,"DREPAPP","0","0","0","0","U","N",,,,,,,,,,,,,,,,,,,,,5350
0,"DREPCRA","0","0","0","0","U","N",,,,,,,,,,,,,,,,,,"2",,,4437
0,"DREPLON","0","0","0","0","U","N",,,,,,,,,,,,,,,,,,"2",,,888
0,"DREPPOL","0","0","0","0","U","N",,,,,,,,,,,,,,,,,,,,,887
0,"DREPSAB","0","0","0","0","U","N",,,,,,,,,,,,,,,,,,,,,5351
0,"DREPSEN","0","0","0","0","U","N",,,,,,,,,,,,,,,,,,"2",,,4438
0,"DREPSOR","0","0","0","0","U","N",,,,,,,,,,,,,,,,,,,,,889
0,"DROSANG","0","6","2","5","U","N",,,,,,,,,,,,,,,,,,"2",,,2867
0,"DROSERA","0","0","0","0","U","N",,,,,,,,,,,,,,,,,,"3",,,2869
0,"DROSERC","0","0","0","0","U","N",,,,,,,,,,,,,,,,,,,,,2870
0,"DROSLIN","0","0","0","0","U","N",,,,,,,,,,,,,,,,,,"2",,,6316
0,"DROSROT","0","6","1","5","U","N",,,,,,,,,,,,,,,,,,"2",,,2868
0,"DROSROT1","0","6","1","5","U","N",,,,,,,,,,,,,,,,,,"2",,,7550
0,"DROSXOB","0","0","0","0","U","N",,,,,,,,,,,,,,,,,,,,,447
0,"DRYADRU","0","0","0","0","U","N",,,,,,,,,,,,,,,,,,,,,7392
0,"DRYADRU1","0","0","0","0","U","N",,,,,,,,,,,,,,,,,,,,,7393
0,"DRYADRU2","0","0","0","0","U","N",,,,,,,,,,,,,,,,,,,,,7394
0,"DRYADRU3","0","0","0","0","U","N",,,,,,,,,,,,,,,,,,,,,7395
0,"DRYAINT","0","0","0","0","U","N",,,,,,,,,,,,,,,,,,,,,7396
0,"DRYAINT1","0","0","0","0","U","N",,,,,,,,,,,,,,,,,,,,,7397
0,"DRYAINT2","0","0","0","0","U","N",,,,,,,,,,,,,,,,,,,,,7398
0,"DRYAOCT","0","0","0","0","U","N",,,,,,,,,,,,,,,,,,,,,7399
0,"DRYAOCT1","0","0","0","0","U","N",,,,,,,,,,,,,,,,,,,,,7400
0,"DRYAOCT2","0","0","0","0","U","N",,,,,,,,,,,,,,,,,,,,,7401
0,"DRYAOCT3","0","0","0","0","U","N",,,,,,,,,,,,,,,,,,,,,7402
0,"DRYAS","0","0","0","0","U","N",,,,,,,,,,,,,,,,,,,,,7403
0,"DRYMARG","0","0","0","0","U","N",,,,,,,,,,,,,,,,,,,,,8253
0,"DRYMCON","0","0","0","0","U","N",,,,,,,,,,,,,,,,,,,,,8264
0,"DRYMGLA","0","0","0","0","U","N",,,,,,,,,,,,,,,,,,,,,8266
0,"DRYMGLA1","0","0","0","0","U","N",,,,,,,,,,,,,,,,"P",,,,,8267
0,"DRYMOCA","0","0","0","0","U","N",,,,,,,,,,,,,,,,,,,,,8252
0,"DRYMPSE","0","0","0","0","U","N",,,,,,,,,,,,,,,,,,,,,8268
0,"DRYMPSE1","0","0","0","0","U","N",,,,,,,,,,,,,,,,,,,,,8269
0,"DRYOARG","4","0","0","2","U","N",,,,,,,,,"OS",,,,,,,,,,,,1579
0,"DRYOCAR","0","0","0","0","U","N",,,,,,,,,"OS",,,,,,,,,"4",,,1580
0,"DRYOCRI","0","0","0","0","U","N",,,,,,,,,"OS",,,,,,,,,"4",,,1581
0,"DRYOEXP","0","0","0","0","U","N",,,,,,,,,"OS",,,,"1","1","0",,,"4",,,1582
0,"DRYOFIL","0","4","3","2","U","N",,"L",,"L",,,"I","O","PX","U",,"O-other or unknown",,,,,,"4",,,1583
0,"DRYOFIL1","0","4","3","2","U","N",,"L",,"L",,,"I","O","PX","U",,"O-other or unknown",,,,,,"4",,,448
0,"DRYOFRA","0","0","0","0","U","N",,,,,,,,,"OS",,,,,,,,,,,,1584
0,"DRYOMAR","0","0","0","0","U","N",,,,,,,,,"OS",,,,,,,,,,,,1708
0,"DRYOPTE","0","0","0","0","U","N",,,,,,,,,"OS",,,,,,,,,,,,1709
0,"DRYOPTR","0","0","0","0","U","N",,,,,,,,,,,,,,,,,,,,,1578
0,"DRYPPAT","0","1","1","4","U","N",,,,,,,,,,,,,,,,,,,,,4440
0,"DRYPTOD","0","0","0","0","U","N",,,,,,,,,,,,,,,,,,,,,4441
0,"DUCHESN","0","0","0","0","U","E",,,,,,,,,,,,,,,,,,,,,2872
0,"DUCHIND","0","0","0","0","U","E",,,,,,,,,,,,,,,,,,,,,2871
0,"DULIARU","5","6","1","5","U","N",,,,,,,,,,,,,,,,,,"2",,,2047
0,"DULICHI","0","0","0","0","U","N",,,,,,,,,,,,,,,,,,,,,2048
0,"DUMOHIR","0","0","0","0","U","N",,,,,,,,,,,,,,,,,,,,,5353
0,"DUMOHIR1","0","0","0","0","U","N",,,,,,,,,,,,,,,,,,,,,5354
0,"DUMOHIR2","0","0","0","0","U","N",,,,,,,,,,,,,,,,,,,,,5355
0,"DUMORTI","0","0","0","0","U","N",,,,,,,,,,,,,,,,,,,,,5356
0,"DYSPBOT","0","0","0","0","U","E",,,,,,,,,,,,,,,,,,,,,7839
0,"DYSPHANI","0","0","0","0","U","E",,,,,,,,,,,,,,,,,,,,,7840
0,"ECHICRU","0","0","0","0","U","E",,,,,,,,,,,,,,,,,"I",,,,2049
0,"ECHILOB","0","0","0","0","U","E",,,,,,,,,,,,,,,,,,,,,2873
0,"ECHIMUR","0","0","0","0","U","E",,,,,,,,,,,,,,,,,,,,,1166
0,"ECHIMUR1","0","0","0","0","U","E",,,,,,,,,,,,,,,,,,,,,1165
0,"ECHINOC","0","0","0","0","U","E",,,,,,,,,,,,,,,,,,,,,2050
0,"ECHINOP","0","0","0","0","U","E",,,,,,,,,,,,,,,,,,,,,8030
0,"ECHINOT","0","0","0","0","U","N",,,,,,,,,,,,,,,,,,,,,6477
0,"ECHINOY","0","0","0","0","U","E",,,,,,,,,,,,,,,,,,,,,2874
0,"ECHIRET","0","0","0","0","U","N",,,,,,,,,,,,,,,,,,,,,6476
0,"ECHIUM","0","0","0","0","U","E",,,,,,,,,"OS",,,,,,,,,,,,2875
0,"ECHIVUL","0","0","0","0","U","E",,"H","H",,,"D","C,I","O","P2","U","HA","O-possibly pyrrolizidine alkaloids, P3-dermatitis may be mechanical or chemical, toxic in herbal teas",,,,,"R",,,,2876
0,"ECHNSPH","0","0","0","0","U","E",,,,,,,,,,,,,,,,,,,,,8031
0,"GYALJEN","0","0","0","0","U","N",,,,,,,,,,,,,,,,,,,,,6526
0,"HIERALI","0","3","2","3","U","N",,,,,,,,,,,,,"1","1","0","G",,,,,255
0,"ANTHMON","0","0","0","0","U","N",,,,,,,,,,,,,,,,,,,,,3
0,"HIERAUR","0","0","1","3","U","E",,,,,,,,,,,,,,,,,"R",,,,256
0,"HIERCAE","0","0","0","0","U","E",,,,,,,,,,,,,,,,,,,,,7483
0,"HIERCAN","0","0","0","0","U","N",,,,,,,,,,,,,,,,,,,,,492
0,"HIERCYN","0","0","0","0","U","N",,,,,,,,,,,,,,,,,,,,,257
0,"HIERFLA","0","0","0","0","U","E",,,,,,,,,,,,,,,,,,,,,7484
0,"HIERFLA1","0","0","0","0","U","E",,,,,,,,,,,,,,,,,,,,,7485
0,"HIERGLO","0","0","0","0","U","E",,,,,,,,,,,,,,,,,,,,,665
0,"HIERGRA","1","3","1","0","U","N",,,,,,,,,,,,,,,,"G",,,,,258
0,"ANTHHIR","0","0","0","0","U","N",,,,,,,,,,,,,,,,,,"4",,,616
0,"HIERHIR1","0","0","0","0","U",,,,,,,,,,,,,,,,,,,"4",,,617
0,"HIERLAC","0","0","0","0","U","E",,,,,,,,,,,,,,,,,,,,,259
0,"HIERLAE","0","0","0","0","U","E",,,,,,,,,,,,,,,,,,,,,1301
0,"HIERMAC","0","0","0","0","U","E",,,,,,,,,,,,,,,,,,,,,7486
0,"HIERMUR","0","0","0","0","U","E",,,,,,,,,,,,,,,,,,,,,260
0,"HIEROCH","0","0","0","0","U","N",,,,,,,,,,,,,,,,,,,,,4
0,"HIERPIL","0","2","1","3","U","E",,,,,,,,,,,,,,,,,,,,,261
0,"HIERPIO","0","0","0","0","U","E",,,,,,,,,,,,,,,,,,,,,262
0,"HIERPRE","0","0","0","0","U","E",,,,,,,,,,,,,,,,,,,,,7487
0,"HIERSAB","0","0","0","0","U","E",,,,,,,,,,,,,,,,,,,,,7488
0,"HIERSCO","0","0","0","0","U","N",,,,,,,,,,,,,,,,,,,,,263
0,"HIERTRI","1","0","1","3","U","N",,,,,,,,,,,,,,,,,,,,,265
0,"HIERUMB","0","0","0","0","U","E",,,,,,,,,,,,,,,,"G",,,,,266
0,"HIERUMB1","0","0","0","0","U","E",,,,,,,,,,,,,,,,,,,,,267
0,"HIERXFL","0","0","0","0","U","E",,,,,,,,,,,,,,,,,,,,,65
0,"HILPERT","0","0","0","0","U","N",,,,,,,,,,,,,,,,,,,,,875
0,"HILPVEL","0","0","0","0","U","N",,,,,,,,,,,,,,,,,,,,,873
0,"HIPPMON","1","5","2","0","U","N",,,,,,,,,,,,,,,,,,"3",,,269
0,"HIPPTET","0","0","0","0","U","N",,,,,,,,,,,,,,,,,,"2",,,271
0,"HIPPURD","0","0","0","0","U","N",,,,,,,,,,,,,,,,,,,,,268
0,"HIPPURI","0","0","0","0","U","N",,,,,,,,,,,,,,,,,,"2",,,270
0,"HIPPVUL","0","6","3","5","U","N",,,,,,,,,,,,,,,,,,"1",,,272
0,"HOLCLAN","0","4","2","3","U","E",,,,,,,,,,,,,,,,,,,,,5
0,"HOLCMOL","0","0","0","0","U","E",,,,,,,,,,,,,,,,,,,,,6
0,"HOLCUS","0","0","0","0","U","N",,,,,,,,,,,,,,,,,,,,,7
0,"HOLODIC","5","2","2","0","U","N",,,,,,,,,,,,,,,,,,,,,1266
0,"HOLODIU","0","0","0","0","U","N",,,,,,,,,,,,,,,,,,,,,1267
0,"HOLOSTE","0","0","0","0","U","E",,,,,,,,,,,,,,,,,,,,,273
0,"HOLOUMB","0","0","0","0","U","E",,,,,,,,,,,,,,,,,,,,,274
0,"HOMAAEN","0","0","0","0","U","N",,,,,,,,,,,,,,,,,,,,,4547
0,"HOMAARE","0","0","0","0","U","N",,,,,,,,,,,,,,,,,,,,,4548
0,"HYPNHOL","0","0","0","0","U","N",,,,,,,,,,,,,,,,,,,,,832
0,"HYPNLIN","0","0","0","0","U","N",,,,,,,,,,,,,,,,,,"2",,,4589
0,"HYPNPAL","0","0","0","0","U","N",,,,,,,,,,,,,,,,,,,,,4590
0,"HYPNPLI","0","0","0","0","U","N",,,,,,,,,,,,,,,,,,,,,4591
0,"HYPNPRA","0","0","0","0","U","N",,,,,,,,,,,,,,,,,,"3",,,4592
0,"HYPNPRO","0","0","0","0","U","N",,,,,,,,,,,,,,,,,,,,,4593
0,"HYPNREC","0","0","0","0","U","N",,,,,,,,,,,,,,,,,,,,,4594
0,"HYPNREV","0","0","0","0","U","N",,,,,,,,,,,,,,,,,,,,,4595
0,"HYPNSUB","0","0","0","0","U","N",,,,,,,,,,,,,,,,,,,,,4597
0,"HYPNUM","0","0","0","0","U","N",,,,,,,,,,,,,,,,,,,,,4596
0,"HYPNVAU","0","0","0","0","U","N",,,,,,,,,,,,,,,,,,,,,4598
0,"HYPOAPI","0","0","0","0","U","N",,,,,,,,,,,,,,,,,,,,,6564
0,"HYPOAUS","0","0","0","0","U","N",,,,,,,,,,,,,,,,,,,,,6565
0,"HYPOBIT","0","0","0","0","U","N",,,,,,,,,,,,,,,,,,,,,6566
0,"HYPOCAS","0","0","0","0","U","N",,,,,,,,,,,,,,,,,,,,,6559
0,"HYPOCEN","0","0","0","0","U","N",,,,,,,,,,,,,,,,,,,,,6563
0,"HYPOCHA","0","0","0","0","U","E",,,,,,,,,,,,,,,,,,,,,3025
0,"HYPODUP","0","0","0","0","U","N",,,,,,,,,,,,,,,,,,,,,6567
0,"HYPOENT","0","0","0","0","U","N",,,,,,,,,,,,,,,,,,,,,6568
0,"HYPOFLA","4","3","2","4","U","N",,,,,,,,,,,,,,,,,,,,,4600
0,"HYPOFRI","0","0","0","0","U","N",,,,,,,,,,,,,,,,,,,,,6560
0,"HYPOGLA","0","0","0","0","U","E",,,,,,,,,,,,,,,,,,,,,3023
0,"HYPOGYM","0","0","0","0","U","N",,,,,,,,,,,,,,,,,,,,,6577
0,"HYPOHET","0","0","0","0","U","N",,,,,,,,,,,,,,,,,,,,,6569
0,"HYPOIMS","0","0","0","0","U","N",,,,,,,,,,,,,,,,,,,,,6570
0,"HYPOINA","0","0","0","0","U","N",,,,,,,,,,,,,,,,,,,,,6571
0,"HYPOLEU","0","0","0","0","U","N",,,,,,,,,,,,,,,,,,,,,6561
0,"HYPOMET","0","0","0","0","U","N",,,,,,,,,,,,,,,,,,,,,6572
0,"HYPOOCC","0","0","0","0","U","N",,,,,,,,,,,,,,,,,,,,,6573
0,"HYPOOCE","0","0","0","0","U","N",,,,,,,,,,,,,,,,,,,,,6574
0,"HYPOPHY","0","0","0","0","U","N",,,,,,,,,,,,,,,,,,,,,6575
0,"HYPOPIT","0","0","0","0","U","N",,,,,,,,,,,,,,,,,,,,,3836
0,"HYPOPTE","0","0","0","0","U","N",,,,,,,,,,,,,,,,,,,,,4601
0,"HYPOPTR","0","0","0","0","U","N",,,,,,,,,,,,,,,,,,,,,4599
0,"HYPORAD","0","0","0","3","U","E",,,,,,,,,,,,,,,,,,,,,3024
0,"HYPOREV","0","0","0","0","U","N",,,,,,,,,,,,,,,,,,,,,6581
0,"HYPORUG","0","0","0","0","U","N",,,,,,,,,,,,,,,,,,,,,6576
0,"HYPOSCA","0","0","0","0","U","N",,,,,,,,,,,,,,,,,,,,,6562
0,"HYPOSIN","0","0","0","0","U","N",,,,,,,,,,,,,,,,,,,,,6582
0,"HYPOSUO","0","0","0","0","U","N",,,,,,,,,,,,,,,,,,,,,6578
0,"HYPOTRA","0","0","0","0","U","N",,,,,,,,,,,,,,,,,,,,,6583
0,"HYPOTUB","0","0","0","0","U","N",,,,,,,,,,,,,,,,,,,,,6579
0,"HYPOVIT","0","0","0","0","U","N",,,,,,,,,,,,,,,,,,,,,6580
0,"HYSONIG","0","0","0","0","U","E",,,,,,,,,,,,,,,,,,,,,1302
0,"IBERIS","0","0","0","0","U","E",,,,,,,,,,,,,,,,,,,,,7511
0,"IBERUMB","0","0","0","0","U","E",,,,,,,,,,,,,,,,,,,,,7512
0,"ICMADOH","0","0","0","0","U","N",,,,,,,,,,,,,,,,,,,,,6586
0,"ICMADOP","0","0","0","0","U","N",,,,,,,,,,,,,,,,,,,,,6585
0,"ICMAERI","0","0","0","0","U","N",,,,,,,,,,,,,,,,,,,,,6584
0,"IDAHOA","0","0","0","0","U","N",,,,,,,,,,,,,,,,,,,,,3027
0,"IDAHSCA","0","0","0","0","U","N",,,,,,,,,,,,,,,,,,,,,3026
0,"ILEX","0","0","0","0","U","E",,,,,,,,,"OS",,,,,,,,,,,,1113
0,"ILEXAQU","4","0","2","0","U","E",,"H","H",,,"P","I","O","P2","U","FR","O-dihydromandelonitrile, ilicin, P2-cause vomiting and diarrhea",,,,,,,,,1112
0,"ILIAMNA","0","0","0","0","U","N",,,,,,,,,,,,,,,,,,,,,3029
0,"ILIARIV","0","0","0","0","U","N",,,,,,,,,,,,,,,,,,,,,3028
0,"ILIARIV1","0","0","0","0","U","N",,,,,,,,,,,,,,,,,,,,,1194
0,"ILLOCAR","0","0","0","0","U","N",,,,,,,,,,,,,,,,,,,,,6587
0,"ILLOSPO","0","0","0","0","U","N",,,,,,,,,,,,,,,,,,,,,6588
0,"IMPAAUR","0","0","0","0","U","N",,,,,,,,,,,,,,,,,,,,,3030
0,"IMPACAP","0","0","0","0","U","N",,,,,,,,,,,,,,,,,,"3",,,3285
0,"IMPAECO","0","0","0","0","U","N",,,,,,,,,,,,,,,,,,"3",,,3286
0,"IMPAGLA","0","0","0","0","U","E",,,,,,,,,,,,,,,,,,"4",,,3287
0,"IMPANOL","0","5","3","2","U","N",,,,,,,,,,,,,"1","1","0",,,,,,3288
0,"IMPAPAR","0","0","0","0","U","E",,,,,,,,,,,,,,,,,,,,,3289
0,"IMPATIE","0","0","0","0","U","N",,,,,,,,,,,,,,,,,,,,,3290
0,"IMSHALE","0","0","0","0","U","N",,,,,,,,,,,,,,,,,,,,,6589
0,"IMSHAUG","0","0","0","0","U","N",,,,,,,,,,,,,,,,,,,,,6590
0,"INULA","0","0","0","0","U","E",,,,,,,,,,,,,,,,,,,,,3292
0,"INULHEL","0","0","0","0","U","E",,,,,,,,,,,,,,,,,,,,,3291
0,"IONACTI","0","0","0","0","U","N",,,,,,,,,"OS",,,,,,,,,,,,7696
0,"IONALAC","0","0","0","0","U","N",,,,,,,,,,,,,,,,,,,,,6591
0,"IONAODO","0","0","0","0","U","N",,,,,,,,,,,,,,,,,,,,,6592
0,"IONASPI","0","0","0","0","U","N",,,,,,,,,,,,,,,,,,,,,6593
0,"IONASTE","0","0","0","0","U","N",,,,,,,,,"OS",,,,,,,,,,,,7695
0,"IPOMAGG","0","0","0","0","U","N",,,,,,,,,,,,,,,,,,,,,3293
0,"IPOMAGG2","0","0","0","0","U","N",,,,,,,,,,,,,,,,,,,,,3294
0,"IPOMOPS","0","0","0","0","U","N",,,,,,,,,,,,,,,,,,,,,3295
0,"IRIDACE","0","0","0","0","U","N",,,,,,,,,,,,,,,,,,,,,3296
0,"IRIS","0","0","0","0","U","N",,,,,,,,,"OS",,,,,,,,,,,,3300
0,"IRISMIS","0","0","0","0","U","E",,"H,L","H","L",,"D,P","C,I","O","PX","U",,"O-other or unknown",,,,,,,,,3297
0,"IRISPSE","0","0","0","0","U","E",,"H,L","H","L",,"D,C,Pi","C,I","G","P1","U","RO","G-possible iridin, P1-ingestion causes poisoning, RO-plant juices cause dermatitis in humans",,,,,,"2",,,3298
0,"IRISSIB","0","0","0","0","U","E",,,,,,,,,"OS",,,,,,,,,,,,3299
0,"EPILLUT","0","0","0","0","U","N",,,,,,,,,,,,,,,,,,,,,3081
0,"EPILMIN","0","2","2","0","U","N",,,,,,,,,,,,,,,,,,,,,3082
0,"EPILMIR","0","0","0","0","U","N",,,,,,,,,,,,,,,,,,,,,3083
0,"EPILMON","0","0","0","0","U","E",,,,,,,,,,,,,,,,,,,,,1196
0,"EPILOBI","0","0","0","0","U","N",,,,,,,,,,,,,"2","2","0",,,,,,3043
0,"EPILOBS","0","0","0","0","U","E",,,,,,,,,,,,,,,,,,,,,1297
0,"EPILORE","0","0","0","0","U","N",,,,,,,,,,,,,,,,,,"4",,,3039
0,"EPILPAL","3","6","0","5","U","N",,,,,,,,,,,,,,,,,,"3",,,3040
0,"EPILPAR","0","0","0","0","U","E",,,,,,,,,,,,,,,,,,,,,1197
0,"FRAXLAT","0","0","0","0","U","E",,,,,,,,,,,,,,,,,,"4",,,805
0,"FRAXPEN","0","0","0","0","U","E",,,,,,,,,,,,,,,,,,,,,806
0,"FRITAFF","0","0","0","0","U","N",,,,,,,,,,,,,"1","1","1",,,,,,3183
0,"FRITAFF1","0","0","0","0","U","N",,,,,,,,,,,,,,,,,,,,,7580
0,"FRITCAM","0","4","0","3","U","N",,,,,,,,,,,,,"1","1","1",,,"4",,,3184
0,"FRITILL","0","0","0","0","U","N",,,,,,,,,,,,,"1","1","1",,,,,,3186
0,"FRITPUD","0","0","0","0","U","N",,,,,,,,,,,,,,,,,,,,,3185
0,"FRULARI","0","0","0","0","U","N",,,,,,,,,,,,,,,,,,,,,5368
0,"FRULBOL","0","0","0","0","U","N",,,,,,,,,,,,,,,,,,,,,5369
0,"FRULBRI","0","0","0","0","U","N",,,,,,,,,,,,,,,,,,,,,5370
0,"FRULCAL","0","0","0","0","U","N",,,,,,,,,,,,,,,,,,,,,5371
0,"FRULCAT","0","0","0","0","U","N",,,,,,,,,,,,,,,,,,,,,5372
0,"FRULCHI","0","0","0","0","U","N",,,,,,,,,,,,,,,,,,,,,5373
0,"FRULCOB","0","0","0","0","U","N",,,,,,,,,,,,,,,,,,,,,5374
0,"FRULCUC","0","0","0","0","U","N",,,,,,,,,,,,,,,,,,,,,5375
0,"FRULDON","0","0","0","0","U","N",,,,,,,,,,,,,,,,,,,,,5376
0,"FRULEBO","0","0","0","0","U","N",,,,,,,,,,,,,,,,,,,,,5377
0,"FRULFRA","0","0","0","0","U","N",,,,,,,,,,,,,,,,,,,,,5378
0,"FRULGYM","0","0","0","0","U","N",,,,,,,,,,,,,,,,,,,,,5379
0,"FRULINF","0","0","0","0","U","N",,,,,,,,,,,,,,,,,,,,,5380
0,"FRULJAC","0","0","0","0","U","N",,,,,,,,,,,,,,,,,,,,,5381
0,"FRULKUN","0","0","0","0","U","N",,,,,,,,,,,,,,,,,,,,,5382
0,"FRULLAN","0","0","0","0","U","N",,,,,,,,,,,,,,,,,,,,,5388
0,"FRULOAK","0","0","0","0","U","N",,,,,,,,,,,,,,,,,,,,,5383
0,"FRULOBC","0","0","0","0","U","N",,,,,,,,,,,,,,,,,,,,,5384
0,"FRULPLA","0","0","0","0","U","N",,,,,,,,,,,,,,,,,,,,,5385
0,"FRULRIP","0","0","0","0","U","N",,,,,,,,,,,,,,,,,,,,,5386
0,"FRULSEL","0","0","0","0","U","N",,,,,,,,,,,,,,,,,,,,,5387
0,"FRULSQU","0","0","0","0","U","N",,,,,,,,,,,,,,,,,,,,,5389
0,"FRULTAM","0","0","0","0","U","N",,,,,,,,,,,,,,,,,,,,,5390
0,"FRULTAM1","0","0","0","0","U","N",,,,,,,,,,,,,,,,,,,,,5391
0,"FRULTAM2","0","0","0","0","U","N",,,,,,,,,,,,,,,,,,,,,5392
0,"FULGBRA","0","0","0","0","U","N",,,,,,,,,,,,,,,,,,,,,6503
0,"FISSOSM","0","0","0","0","U","N",,,,,,,,,,,,,,,,,,,,,4483
0,"FISSPAU","0","0","0","0","U","N",,,,,,,,,,,,,,,,,,,,,4484
0,"FISSVEN","0","0","0","0","U","N",,,,,,,,,,,,,,,,,,,,,4486
0,"FLAVFLA","0","0","0","0","U","N",,,,,,,,,,,,,,,,,,,,,6501
0,"FLAVOCE","0","0","0","0","U","N",,,,,,,,,,,,,,,,,,,,,6500
0,"FLAVOPU","0","0","0","0","U","N",,,,,,,,,,,,,,,,,,,,,6502
0,"FLOEPRO","0","0","0","0","U","N",,,,,,,,,,,,,,,,,,"3",,,294
0,"FLOERKE","0","0","0","0","U","N",,,,,,,,,,,,,,,,,,,,,3174
0,"FOENICU","0","0","0","0","U","E",,,,,,,,,,,,,,,,,,,,,3175
0,"FOENVUL","0","0","0","0","U","E",,,,,,,,,,,,,,,,,,,,,3176
0,"FONTANT","0","0","0","0","U","N",,,,,,,,,,,,,,,,,,"1",,,4489
0,"FONTANT1","0","0","0","0","U","N",,,,,,,,,,,,,,,,,,"1",,,4490
0,"FONTANT3","0","0","0","0","U","N",,,,,,,,,,,,,,,,,,"1",,,4492
0,"FONTANT4","0","0","0","0","U","N",,,,,,,,,,,,,,,,,,"1",,,4491
0,"FONTHYP","0","0","0","0","U","N",,,,,,,,,,,,,,,,,,,,,4493
0,"FONTINA","0","0","0","0","U","N",,,,,,,,,,,,,,,,,,,,,4495
0,"FONTINL","0","0","0","0","U","N",,,,,,,,,,,,,,,,,,,,,4488
0,"FONTNEO","0","0","0","0","U","N",,,,,,,,,,,,,,,,,,,,,4494
0,"FOSSALA","0","0","0","0","U","N",,,,,,,,,,,,,,,,,,,,,5357
0,"FOSSANG","0","0","0","0","U","N",,,,,,,,,,,,,,,,,,,,,5358
0,"FOSSBRA","0","0","0","0","U","N",,,,,,,,,,,,,,,,,,,,,5359
0,"FOSSCRI","0","0","0","0","U","N",,,,,,,,,,,,,,,,,,,,,5360
0,"FOSSFOV","0","0","0","0","U","N",,,,,,,,,,,,,,,,,,,,,5361
0,"FOSSHIS","0","0","0","0","U","N",,,,,,,,,,,,,,,,,,,,,5362
0,"FOSSLAM","0","0","0","0","U","N",,,,,,,,,,,,,,,,,,,,,5363
0,"FOSSLON","0","0","0","0","U","N",,,,,,,,,,,,,,,,,,,,,5364
0,"FOSSOMB","0","0","0","0","U","N",,,,,,,,,,,,,,,,,,,,,5366
0,"FOSSPUS","0","0","0","0","U","N",,,,,,,,,,,,,,,,,,,,,5365
0,"FOSSWON","0","0","0","0","U","N",,,,,,,,,,,,,,,,,,,,,5367
0,"FRAGARI","0","0","0","0","U","N",,,,,,,,,,,,,"0","1","1",,,,,,3180
0,"FRAGCHI","4","0","0","3","U","N",,,,,,,,,,,,,,,,,,,,,3177
0,"FRAGCHI1","0","0","0","0","U","N",,,,,,,,,,,,,,,,,,,,,3178
0,"FRAGCHI2","0","0","0","0","U","N",,,,,,,,,,,,,,,,,,,,,3179
0,"FRAGVES","0","3","2","3","U","N",,,,,,,,,,,,,,,,,,,,,3181
0,"FRAGVES3","0","0","0","0","U","N",,,,,,,,,,,,,,,,,,,,,8145
0,"FRAGVES4","0","0","0","0","U","N",,,,,,,,,,,,,,,,,,,,,8146
0,"FRAGVIR","0","0","2","3","U","N",,,,,,,,,,,,,"0","1","1","P",,"4",,,3182
0,"FRAGVIR3","0","0","0","0","U","N",,,,,,,,,,,,,,,,,,,,,8147
0,"FRAGVIR4","0","0","0","0","U","N",,,,,,,,,,,,,,,,,,,,,8148
0,"FRAXAME","0","0","0","0","U","E",,,,,,,,,,,,,,,,,,,,,7953
0,"FRAXINU","0","0","0","0","U","E",,,,,,,,,,,,,,,,,,,,,807
0,"DIPLPLI","0","0","0","0","U","N",,,,,,,,,,,,,,,,,,,,,5342
0,"JUNIHOR","0","0","0","0","U","N",,,,,,,,,,,,,,,,,,,,,1115
0,"JUNIMAR","0","0","0","0","U","N",,,,,,,,,,,,,,,,,,,,,670
0,"JUNIPER","0","0","0","0","U","N",,,,,,,,,,,,,,,,,,,,,126
0,"JUNISCO","6","1","2","4","U","N",,,,,,,,,,,,,,,,,,,,,730
0,"KAERNEF","0","0","0","0","U","N",,,,,,,,,,,,,,,,,,,,,6597
0,"KALMIA","0","0","0","0","U","N",,,,,,,,,"OS",,,,,,,,,"3",,,7413
0,"KALMMIC","0","6","1","1","U","N",,"L",,"L",,"C,G,S","I","O","P1","SPR,AUT","AL","O-antromedotoxins",,,,,,"2",,,7410
0,"KALMMIC1","0","0","0","0","U","N",,"L",,"L",,"C,G,S","I","O","P1","SPR,AUT","AL","O-antromedotoxins",,,,,,"2",,,7411
0,"KALMMIC2","0","0","0","0","U","N",,"L",,"L",,"C,G,S","I","O","P1","SPR,AUT","AL","O-antromedotoxins",,,,,,"2",,,7412
0,"KIAEBLY","0","0","0","4","U","N",,,,,,,,,,,,,,,,,,,,,4609
0,"KIAEFAL","0","0","0","4","U","N",,,,,,,,,,,,,,,,,,,,,4610
0,"KIAEGLA","0","0","0","0","U","N",,,,,,,,,,,,,,,,,,,,,4611
0,"KIAERIA","0","0","0","0","U","N",,,,,,,,,,,,,,,,,,,,,4612
0,"KIAESTA","1","0","0","4","U","N",,,,,,,,,,,,,,,,,,,,,4613
0,"KICKELA","0","0","0","0","U","E",,,,,,,,,,,,,,,,,,,,,3308
0,"KICKXIA","0","0","0","0","U","E",,,,,,,,,,,,,,,,,,,,,3309
0,"KNAUARV","0","0","0","0","U","E",,,,,,,,,,,,,,,,,"R",,,,3310
0,"KNAUTIA","0","0","0","0","U","E",,,,,,,,,,,,,,,,,,,,,3311
0,"KOBRESI","0","0","0","0","U","N",,,,,,,,,,,,,,,,,,,,,2169
0,"KOBRMYO","0","0","0","0","U","N",,,,,,,,,,,,,,,,,,,,,2166
0,"KOBRSIB","0","0","0","0","U","N",,,,,,,,,,,,,,,,,,"3",,,2167
0,"KOBRSIM","0","0","0","0","U","N",,,,,,,,,,,,,,,,,,,,,2168
0,"KOCHIA","0","0","0","0","U","E",,,,,,,,,"OS",,,,,,,,,,,,3313
0,"KOCHSCO","0","0","0","0","U","E",,"L",,"L",,"C,H,S","I","X","P2","U","FL,LE,SE","X-also, saponins and alkaloids, P2-cause phytophotosensitivity in cattle",,,,,"R",,,,3312
0,"KOELERI","0","0","0","0","U","N",,,,,,,,,,,,,,,,,,,,,2171
0,"KOELMAC","0","2","2","3","U","N",,,,,,,,,,,,,,,,"G",,"4",,,2170
0,"KOENIGI","0","0","0","0","U","N",,,,,,,,,,,,,,,,,,,,,3315
0,"KOENISL","0","0","0","0","U","N",,,,,,,,,,,,,,,,,,,,,3314
0,"KOERBER","0","0","0","0","U","N",,,,,,,,,,,,,,,,,,,,,6599
0,"KOERSON","0","0","0","0","U","N",,,,,,,,,,,,,,,,,,,,,6598
0,"KOHLCOM","0","0","0","0","U","N",,,,,,,,,,,,,,,,,,,,,6600
0,"KOHLMEY","0","0","0","0","U","N",,,,,,,,,,,,,,,,,,,,,6601
0,"KRIGIA","0","0","0","0","U","E",,,,,,,,,,,,,,,,,,,,,3316
0,"KRIGVIR","0","0","0","0","U","E",,,,,,,,,,,,,,,,,,,,,3317
0,"KURZIA","0","0","0","0","U","N",,,,,,,,,,,,,,,,,,,,,5479
0,"KURZPAU","0","0","0","0","U","N",,,,,,,,,,,,,,,,,,,,,5477
0,"KURZSET","0","0","0","0","U","N",,,,,,,,,,,,,,,,,,,,,5478
0,"KURZSYL","0","0","0","0","U","N",,,,,,,,,,,,,,,,,,,,,5480
0,"LABUANA","0","0","0","0","U","E",,,,,,,,,,,,,,,,,,,,,1269
0,"HOMAFUL","0","0","0","0","U","N",,,,,,,,,,,,,,,,,,,,,4549
0,"HOMALIA","0","0","0","0","U","N",,,,,,,,,,,,,,,,,,,,,4545
0,"HOMALOH","0","0","0","0","U","N",,,,,,,,,,,,,,,,,,,,,4553
0,"HOMANEV","0","0","0","0","U","N",,,,,,,,,,,,,,,,,,,,,4550
0,"HOMANUT","0","0","0","0","U","N",,,,,,,,,,,,,,,,,,,,,4551
0,"HOMAPIN","0","0","0","0","U","N",,,,,,,,,,,,,,,,,,,,,4552
0,"HOMATRI","0","0","0","0","U","N",,,,,,,,,,,,,,,,,,,,,4546
0,"HONKENY","0","0","0","0","U","N",,,,,,,,,,,,,,,,,,,,,277
0,"HONKPEP","0","0","0","0","U","N",,,,,,,,,,,,,,,,,,,,,275
0,"HONKPEP1","0","0","0","0","U","N",,,,,,,,,,,,,,,,,,,,,276
0,"HOOKACU","4","5","1","1","U","N",,,,,,,,,,,,,,,,,,,,,4554
0,"HOOKERA","0","0","0","0","U","N",,,,,,,,,,,,,,,,,,,,,4557
0,"HOOKERI","0","0","0","0","U","N",,,,,,,,,,,,,,,,,,,,,4556
0,"HOOKLUC","4","5","1","1","U","N",,,,,,,,,,,,,,,,,,"4",,,4555
0,"HORDBRA","0","5","3","3","U","N",,"L",,"L",,"C,H,S","I","O","PX","WIN",,"O-other or unknown, WIN-poisoning potential in hay",,,,"F",,"4",,,8
0,"HORDBRA1","0","5","3","3","U","N",,"L",,"L",,"C,H,S","I","O","PX","WIN",,"O-other or unknown, WIN-poisoning potential in hay",,,,,,"4",,,618
0,"HORDEUM","0","0","0","0","U","N",,,,,,,,,"OS",,,,,,,,,,,,17
0,"HORDJUB","0","4","0","3","U","N",,"L",,"L",,"C,H,S","I","O","PX","WIN",,"O-other or unknown, WIN-poisoning potential in hay",,,,"PI","I","4",,,9
0,"HORDJUB1","0","0","0","0","U","N",,"L",,"L",,"C,H,S","I","O","PX","WIN",,"O-other or unknown, WIN-poisoning potential in hay",,,,,,,,,10
0,"HORDJUB2","0","0","0","0","U","N",,"L",,"L",,"C,H,S","I","O","PX","WIN",,"O-other or unknown, WIN-poisoning potential in hay",,,,,,,,,11
0,"HORDMAR","0","0","0","0","U","E",,,,,,,,,"OS",,,,,,,,,,,,12
0,"HORDMAR1","0","0","0","0","U","E",,,,,,,,,"OS",,,,,,,,,,,,13
0,"HORDMUR","0","0","0","0","U","E",,,,,,,,,"OS",,,,,,,,,,,,14
0,"HORDMUR1","0","0","0","0","U","E",,,,,,,,,"OS",,,,,,,,,,,,15
0,"HORDMUR2","0","0","0","0","U","E",,,,,,,,,"OS",,,,,,,,,,,,16
0,"HORDMUR3","0","0","0","0","U","E",,,,,,,,,"OS",,,,,,,,,,,,619
0,"HORDVUL","0","0","0","0","U","E",,"L",,"L",,,"I","O","PX","U",,"O-other or unknown",,,,,,,,,18
0,"HORNPRO","0","0","0","0","U","N",,,,,,,,,,,,,,,,,,,,,8215
0,"HORNUNG","0","0","0","0","U","N",,,,,,,,,,,,,,,,,,,,,8216
0,"HOSACKI","0","0","0","0","U","N",,,,,,,,,,,,,,,,,,,,,7740
0,"HOSAGRA","0","0","0","0","U","N",,,,,,,,,,,,,,,,,,,,,7739
0,"HOSAPIN","0","0","0","0","U","N",,,,,,,,,,,,,,,,,,"3",,,7743
0,"HULTENI","0","0","0","0","U","N",,,,,,,,,"OS",,,,,,,,,,,,7868
0,"HULTINT","0","0","0","0","U","N",,,,,,,,,"OS",,,,,,,,,,,,7867
0,"HUMULUP","0","0","0","0","U","E",,"H","H",,,"D","C","O","P2","U","LE,FR","O-unknown",,,,,,,,,278
0,"HUMULUS","0","0","0","0","U","E",,,,,,,,,"OS",,,,,,,,,,,,279
0,"HUPEHAL","0","0","0","0","U","N",,,,,,,,,,,,,,,,,,,,,1731
0,"HUPEMIY","0","0","0","0","U","N",,,,,,,,,,,,,,,,,,"3",,,1732
0,"HUPEOCC","0","0","0","0","U","N",,,,,,,,,,,,,,,,,,,,,1733
0,"HUPERZI","0","0","0","0","U","N",,,,,,,,,,,,,,,,,,,,,1735
0,"HUPESEL","0","3","1","1","U","N",,,,,,,,,,,,,,,,,,,,,1734
0,"HYACHIS","0","0","0","0","U","E",,,,,,,,,,,,,,,,,,,,,280
0,"HYACINT","0","0","0","0","U","E",,,,,,,,,,,,,,,,,,,,,281
0,"HYACNON","0","0","0","0","U","E",,,,,,,,,,,,,,,,,,,,,8217
0,"HYACXVA","0","0","0","0","U",,,,,,,,,,,,,,,,,,,,,,8255
0,"HYDRANG","0","0","0","0","U","N",,,,,,,,,,,,,,,,,,,,,1268
0,"HYDRCAP","0","0","0","0","U","N",,,,,,,,,,,,,,,,"G",,,,,285
0,"HYDRCAP1","0","0","0","0","U","N",,,,,,,,,,,,,,,,,,,,,286
0,"HYDRFEN","3","5","3","2","U","N",,,,,,,,,,,,,"1","1","0",,,,,,287
0,"HYDRFEN1","0","0","0","0","U","N",,,,,,,,,,,,,,,,,,,,,288
0,"HYDROCH","0","0","0","0","U","N",,,,,,,,,,,,,,,,,,,,,282
0,"HYDROCO","0","0","0","0","U","N",,,,,,,,,,,,,,,,,,"1",,,283
0,"HYDROPH","0","0","0","0","U","N",,,,,,,,,,,,,,,,,,,,,289
0,"HYDROPY","0","0","0","0","U","N",,,,,,,,,,,,,,,,,,,,,284
0,"HYDROTH","0","0","0","0","U","N",,,,,,,,,,,,,,,,,,,,,6552
0,"HYDRRAN","0","0","0","0","U","N",,,,,,,,,,,,,,,,,,"1",,,441
0,"HYDRTEN","0","0","0","0","U","N",,,,,,,,,,,,,,,,,,,,,290
0,"PELTGOW","0","0","0","0","U","N",,,,,,,,,,,,,,,,,,,,,6553
0,"HYGRALA","0","0","0","0","U","N",,,,,,,,,,,,,,,,,,,,,5435
0,"HYGRALI","0","0","0","0","U","N",,,,,,,,,,,,,,,,,,,,,4562
0,"HYGRALP","0","0","0","0","U","N",,,,,,,,,,,,,,,,,,,,,4561
0,"HYGRBES","0","0","0","0","U","N",,,,,,,,,,,,,,,,,,,,,4563
0,"HYGRCOC","0","0","0","0","U","N",,,,,,,,,,,,,,,,,,,,,4564
0,"HYGRDUR","0","0","0","0","U","N",,,,,,,,,,,,,,,,,,,,,4565
0,"HYGRFLU","0","0","0","0","U","N",,,,,,,,,,,,,,,,,,,,,4558
0,"HYGRLAX","0","0","0","0","U","N",,,,,,,,,,,,,,,,,,,,,5433
0,"HYGRLUR","0","0","0","0","U","N",,,,,,,,,,,,,,,,,,,,,4566
0,"HYGRMIC","0","0","0","0","U",,,,,,,,,,,,,,,,,,,,,,839
0,"HYGRMOL","0","0","0","0","U","N",,,,,,,,,,,,,,,,,,,,,4567
0,"HYGRNOR","0","0","0","0","U","N",,,,,,,,,,,,,,,,,,,,,4568
0,"HYGRNOT","0","0","0","0","U","N",,,,,,,,,,,,,,,,,,,,,4559
0,"HYGROAM","0","0","0","0","U","N",,,,,,,,,,,,,,,,,,,,,847
0,"HYGROBI","0","0","0","0","U","N",,,,,,,,,,,,,,,,,,,,,5434
0,"HYGROCH","0","0","0","0","U","N",,,,,,,,,,,,,,,,,,,,,4569
0,"HYGROHY","0","0","0","0","U","N",,,,,,,,,,,,,,,,,,,,,4572
0,"HYGROLE","0","0","0","0","U","N",,,,,,,,,,,,,,,,,,,,,5436
0,"HYGRPOL","0","0","0","0","U","N",,,,,,,,,,,,,,,,,,,,,4570
0,"HYGRSMI","0","0","0","0","U","N",,,,,,,,,,,,,,,,,,,,,4571
0,"HYGRSTY","0","0","0","0","U","N",,,,,,,,,,,,,,,,,,,,,4573
0,"HYGRTEN","0","0","0","0","U","N",,,,,,,,,,,,,,,,,,"2",,,4560
0,"HYLOCOA","0","0","0","0","U","N",,,,,,,,,,,,,,,,,,,,,8103
0,"HYLOCOI","0","0","0","0","U","N",,,,,,,,,,,,,,,,,,,,,4574
0,"HYLOCOM","0","0","0","0","U","N",,,,,,,,,,,,,,,,,,,,,4575
0,"HYLOPYE","0","0","0","0","U","N",,,,,,,,,,,,,,,,,,,,,8101
0,"HYLOSPL","0","0","1","1","U","N",,,,,,,,,,,,,,,,,,"4",,,4576
0,"HYLOUMR","0","0","0","0","U","N",,,,,,,,,,,,,,,,,,,,,8102
0,"HYMEEPU","0","0","0","0","U","N",,,,,,,,,,,,,,,,,,,,,6554
0,"HYMEHET","0","0","0","0","U","N",,,,,,,,,,,,,,,,,,,,,6555
0,"HYMEINS","0","0","0","0","U","N",,,,,,,,,,,,,,,,,,,,,4577
0,"HYMEMEL","0","0","0","0","U","N",,,,,,,,,,,,,,,,,,,,,6556
0,"HYMENEI","0","0","0","0","U","N",,,,,,,,,,,,,,,,,,,,,6558
0,"HYMENEL","0","0","0","0","U","N",,,,,,,,,,,,,,,,,,,,,6557
0,"HYMENOH","0","0","0","0","U","N",,,,,,,,,,,,,,,,,,,,,1736
0,"HYMENOP","0","0","0","0","U","N",,,,,,,,,,,,,,,,,,,,,588
0,"HYMENOS","0","0","0","0","U","N",,,,,,,,,,,,,,,,,,,,,4579
0,"HYMEREC","0","0","0","0","U","N",,,,,,,,,,,,,,,,,,,,,4578
0,"HYMEWRI","0","0","0","0","U","N",,,,,,,,,,,,,,,,,,,,,1737
0,"HYPEANA","4","6","0","5","U","N",,,,,,,,,"OS",,,,,,,,,"2",,,291
0,"HYPEAND","0","0","0","0","U","E",,,,,,,,,"OS",,,,,,,,,,,,7541
0,"HYPEBOR","0","0","0","0","U","E",,,,,,,,,"OS",,,,,,,,,,,,7542
0,"HYPECAL","0","0","0","0","U","E",,,,,,,,,"OS",,,,,,,,,,,,8040
0,"HYPEMAC","0","0","0","0","U","E",,,,,,,,,"OS",,,,,,,,,,,,7543
0,"HYPEMAC1","0","0","0","0","U","E",,,,,,,,,"OS",,,,,,,,,,,,7544
0,"HYPEMAJ","0","0","0","0","U","N",,,,,,,,,"OS",,,,,,,,,,,,3017
0,"HYPEMUT","0","0","0","0","U","E",,,,,,,,,"OS",,,,,,,,,,,,7545
0,"HYPEPER","0","0","0","0","U","E",,"L",,"L",,"C,H,S,Pi,O","I","O","P2","U","FL,LE","O-rabbits, O-hypericin, P2-photosensitizing chemical can produce skin problems, convulsions, staggering, and/or coma",,,,,"I",,,,3018
0,"HYPERIC","0","0","0","0","U","N",,,,,,,,,"OS",,,,,,,,,,,,3022
0,"HYPESCO","0","0","0","0","U","N",,,,,,,,,"OS",,,,,,,,,,,,3019
0,"HYPESCO1","0","0","0","0","U","N",,,,,,,,,"OS",,,,,,,,,,,,3020
0,"HYPESCO2","0","0","0","0","U","N",,,,,,,,,"OS",,,,,,,,,,,,3021
0,"HYPNACE","0","0","0","0","U","N",,,,,,,,,,,,,,,,,,,,,4580
0,"HYPNBAM","0","0","0","0","U","N",,,,,,,,,,,,,,,,,,,,,4581
0,"HYPNCAL","0","3","2","3","U","N",,,,,,,,,,,,,,,,,,"4",,,4582
0,"HYPNCIR","0","0","0","0","U","N",,,,,,,,,,,,,,,,,,"3",,,4583
0,"HYPNCUP","0","0","0","0","U","N",,,,,,,,,,,,,,,,,,,,,4584
0,"HYPNCUP1","0","0","0","0","U","N",,,,,,,,,,,,,,,,,,,,,4585
0,"HYPNCUP2","0","0","0","0","U","N",,,,,,,,,,,,,,,,,,,,,831
0,"HYPNCUP3","0","0","0","0","U","N",,,,,,,,,,,,,,,,,,,,,4587
0,"HYPNCUP5","0","0","0","0","U","N",,,,,,,,,,,,,,,,,,,,,4586
0,"HYPNCUP6","0","0","0","0","U","N",,,,,,,,,,,,,,,,,,,,,895
0,"HYPNDIE","0","4","2","0","U","N",,,,,,,,,,,,,,,,,,,,,4588
0,"JUNCBUF","0","6","0","5","U","N",,,,,,,,,,,,,,,,,,"4",,,2130
0,"JUNCBUL","0","0","0","0","U","E",,,,,,,,,,,,,,,,,,,,,2131
0,"JUNCCAN","0","0","0","0","U","E",,,,,,,,,,,,,,,,,,,,,1326
0,"JUNCCAS","0","0","0","0","U","N",,,,,,,,,,,,,,,,,,,,,2132
0,"JUNCCAS1","0","0","0","0","U","N",,,,,,,,,,,,,,,,,,,,,2133
0,"JUNCCAS2","0","0","0","0","U","N",,,,,,,,,,,,,,,,,,,,,2134
0,"JUNCCOG","0","0","0","0","U","E",,,,,,,,,,,,,,,,,,,,,2136
0,"JUNCCOM","0","0","0","0","U","E",,,,,,,,,,,,,,,,,,,,,1327
0,"JUNCCON","0","0","0","0","U","N",,,,,,,,,,,,,,,,,,,,,2135
0,"JUNCCOV","0","0","0","0","U","N",,,,,,,,,,,,,,,,,,,,,2137
0,"JUNCDRU","1","6","2","5","U","N",,,,,,,,,,,,,,,,,,"3",,,2138
0,"JUNCDRU1","0","0","0","0","U","N",,,,,,,,,,,,,,,,,,,,,2139
0,"JUNCDRU2","0","0","0","0","U","N",,,,,,,,,,,,,,,,,,,,,2140
0,"JUNCDUD","0","0","0","0","U","N",,,,,,,,,,,,,,,,,,,,,1328
0,"JUNCEFF","0","5","2","5","U","N",,,,,,,,,,,,,,,,,"I","3",,,2141
0,"JUNCEFF3","0","0","0","0","U","N",,,,,,,,,,,,,,,,,"I",,,,2142
0,"JUNCEFF7","0","0","0","0","U","N",,,,,,,,,,,,,,,,,,,,,7795
0,"JUNCEFF8","0","0","0","0","U","N",,,,,,,,,,,,,,,,,,,,,7796
0,"JUNCENS","0","5","2","5","U","N",,,,,,,,,,,,,,,,,,"3",,,2143
0,"JUNCENS1","0","0","0","0","U","N",,,,,,,,,,,,,,,,,,,,,2144
0,"JUNCENS2","0","0","0","0","U","N",,,,,,,,,,,,,,,,,,,,,2145
0,"JUNCFAL","4","5","0","5","U","N",,,,,,,,,,,,,,,,,,"3",,,2146
0,"JUNCFIL","0","0","0","0","U","N",,,,,,,,,,,,,,,,,,,,,2147
0,"JUNCGER","0","0","0","0","U","E",,,,,,,,,,,,,,,,,,,,,2148
0,"JUNCHAE","0","0","0","0","U","N",,,,,,,,,,,,,,,,,,,,,2149
0,"JUNCHEM","0","0","0","0","U","N",,,,,,,,,,,,,,,,,,,,,8256
0,"JUNCHEM1","0","0","0","0","U","N",,,,,,,,,,,,,,,,,,,,,8257
0,"JUNCHES","0","0","0","0","U","N",,,,,,,,,,,,,,,,,"I",,,,7797
0,"JUNCINT","0","0","0","0","U","N",,,,,,,,,,,,,,,,,,,,,1329
0,"JUNCKEL","0","0","0","0","U","N",,,,,,,,,,,,,,,,,,"3",,,2150
0,"JUNCLAC","0","0","0","0","U","N",,,,,,,,,,,,,,,,,"I",,,,7798
0,"JUNCLON","0","0","0","0","U","N",,,,,,,,,,,,,,,,,,"3",,,2151
0,"JUNCMAR","0","0","0","0","U","E",,,,,,,,,,,,,,,,,,,,,864
0,"JUNCMER","2","5","0","3","U","N",,,,,,,,,,,,,,,,,,"3",,,2152
0,"JUNCNEV","0","0","0","0","U","N",,,,,,,,,,,,,,,,,,,,,2153
0,"JUNCNOD","0","0","0","0","U","N",,,,,,,,,,,,,,,,,,,,,2154
0,"JUNCOCC","0","0","0","0","U","E",,,,,,,,,,,,,,,,,,,,,2155
0,"JUNCOXY","0","0","0","0","U","N",,,,,,,,,,,,,,,,,,"3",,,2156
0,"JUNCPAR","0","0","0","0","U","N",,,,,,,,,,,,,,,,,,,,,2157
0,"JUNCPEL","0","0","0","0","U","E",,,,,,,,,,,,,,,,,,,,,1330
0,"JUNCPYL","0","0","0","0","U","E",,,,,,,,,,,,,,,,,,,,,7799
0,"JUNCREG","0","0","0","0","U","N",,,,,,,,,,,,,,,,,,"3",,,2158
0,"ECTOLEC","0","0","0","0","U","N",,,,,,,,,,,,,,,,,,,,,6478
0,"EGERDEN","0","0","0","0","U","E",,,,,,,,,,,,,,,,,,"1",,,2877
0,"EGERIA","0","0","0","0","U","E",,,,,,,,,,,,,,,,,,,,,2878
0,"ELAEAGA","0","0","0","0","U","N",,,,,,,,,,,,,,,,,,,,,121
0,"ELAEAGN","0","0","0","0","U","N",,,,,,,,,,,,,,,,,,,,,122
0,"ELAEANG","0","0","0","0","U","E",,,,,,,,,,,,,,,,,,,,,803
0,"ELAECOM","0","0","0","0","U","N",,,,,,,,,,,,,"0","1","1",,,"4",,,1262
0,"ELATBRA","0","0","0","0","U","N",,,,,,,,,,,,,,,,,,"2",,,1167
0,"ELATINA","0","0","0","0","U","N",,,,,,,,,,,,,,,,,,,,,2879
0,"ELATINE","0","0","0","0","U","N",,,,,,,,,,,,,,,,,,"2",,,2881
0,"ELATRUB","0","0","0","0","U","N",,,,,,,,,,,,,,,,,,"3",,,2880
0,"ELEOACI","0","0","0","0","U","N",,,,,,,,,,,,,,,,,,"2",,,2051
0,"ELEOCHA","0","0","0","0","U","N",,,,,,,,,,,,,,,,,,,,,2061
0,"ELEOCOL","0","0","0","0","U","N",,,,,,,,,,,,,,,,,,,,,449
0,"ELEOELL","0","0","0","0","U","N",,,,,,,,,,,,,,,,,,"2",,,2052
0,"ELEOENG","0","0","0","0","U","N",,,,,,,,,,,,,,,,,,,,,1168
0,"ELEOGEN","0","0","0","0","U","N",,,,,,,,,,,,,,,,,,,,,450
0,"ELEOKAM","0","0","0","0","U","N",,,,,,,,,,,,,,,,,,"3",,,2053
0,"ELEOMAC","0","0","0","0","U","N",,,,,,,,,,,,,,,,,,,,,2054
0,"ELEOMAM","0","0","0","0","U","N",,,,,,,,,,,,,,,,,,,,,1170
0,"ELEOMAM1","0","0","0","0","U","N",,,,,,,,,,,,,,,,,,,,,1169
0,"ELEONIT","0","0","0","0","U","N",,,,,,,,,,,,,,,,,,,,,7982
0,"ELEOOBT","0","0","0","0","U","N",,,,,,,,,,,,,,,,,,"2",,,2055
0,"ELEOOVA","0","0","0","0","U","N",,,,,,,,,,,,,,,,,,"2",,,2056
0,"ELEOPAL","0","6","0","5","U","N",,,,,,,,,,,,,,,,,,"2",,,2057
0,"ELEOPAR","0","0","0","0","U","N",,,,,,,,,,,,,,,,,,"3",,,2058
0,"ELEOQUI","0","0","0","0","U","N",,,,,,,,,,,,,,,,,,"2",,,2059
0,"ELEOROS","0","0","0","0","U","N",,,,,,,,,,,,,,,,,,"2",,,2060
0,"ELEOSUK","0","0","0","0","U","N",,,,,,,,,,,,,,,,,,,,,1295
0,"ELEOUNI","0","0","0","0","U","N",,,,,,,,,,,,,,,,,,,,,2062
0,"ELLINYC","0","0","0","0","U","N",,,,,,,,,,,,,,,,,,,,,2882
0,"ELLIOTT","0","0","0","0","U","N",,,,,,,,,,,,,,,,,,,,,7552
0,"ELLIPYR","2","0","1","1","U","N",,,,,,,,,,,,,,,,,,"4",,,7551
0,"ELLISIA","0","0","0","0","U","N",,,,,,,,,,,,,,,,,,,,,3224
0,"ELMERA","0","0","0","0","U","N",,,,,,,,,,,,,,,,,,,,,3227
0,"ELMERAC","0","0","0","0","U","N",,,,,,,,,,,,,,,,,,,,,3225
0,"ELMERAC1","0","0","0","0","U","N",,,,,,,,,,,,,,,,,,,,,3226
0,"ELODCAN","0","6","0","5","U","N",,,,,,,,,,,,,,,,,,"1",,,3228
0,"ELODEA","0","0","0","0","U","N",,,,,,,,,,,,,,,,,,,,,3230
0,"ELODNUT","0","0","0","0","U","N",,,,,,,,,,,,,,,,,,"1",,,3229
0,"ELYHMAC","0","0","0","0","U","N",,,,,,,,,,,,,,,,,,,,,430
0,"ELYMALA","0","0","0","0","U","N",,,,,,,,,,,,,,,,,,,,,2063
0,"ERIOCHA4","0","6","1","5","U","N",,,,,,,,,,,,,,,,,,,,,7571
0,"ERIODER","0","0","0","0","U","N",,,,,,,,,,,,,,,,,,,,,6488
0,"ERIOFLA","0","0","0","0","U","N",,,,,,,,,,,,,,,,"P",,,,,3099
0,"ERIOFLA3","0","0","0","0","U","N",,,,,,,,,,,,,,,,,,,,,1207
0,"ERIOGON","0","0","0","0","U","N",,,,,,,,,,,,,,,,,,,,,3109
0,"ERIOGRA","0","6","1","5","U","N",,,,,,,,,,,,,,,,"P",,"2",,,2091
0,"ERIOHER","0","0","0","0","U","N",,,,,,,,,,,,,,,,"P",,,,,3100
0,"ERIOHER1","0","0","0","0","U","N",,,,,,,,,,,,,,,,,,,,,3101
0,"ERIOLAN","5","1","2","4","U","N",,,,,,,,,,,,,,,,,,,,,3114
0,"ERIOLAN2","0","0","0","0","U","N",,,,,,,,,,,,,,,,,,,,,8054
0,"ERIONIV","0","0","0","0","U","N",,,,,,,,,,,,,,,,"P",,,,,3102
0,"ERIOOVA","0","0","0","0","U","N",,,,,,,,,,,,,,,,,,,,,3103
0,"ERIOOVA3","0","0","0","0","U","N",,,,,,,,,,,,,,,,,,,,,3104
0,"ERIOPAU","0","0","0","0","U","N",,,,,,,,,,,,,,,,,,,,,3105
0,"ERIOPAU1","0","0","0","0","U","N",,,,,,,,,,,,,,,,,,,,,3106
0,"ERIOPHO","0","0","0","0","U","N",,,,,,,,,,,,,,,,,,,,,2093
0,"ERIOPHY","0","0","0","0","U","N",,,,,,,,,,,,,,,,,,,,,3115
0,"ERIOPYR","0","0","0","0","U","N",,,,,,,,,,,,,,,,,,,,,3107
0,"ERIOPYR1","0","0","0","0","U","N",,,,,,,,,,,,,,,,,,,,,3108
0,"ERIOSCH","0","0","0","0","U","N",,,,,,,,,,,,,,,,,,"2",,,2092
0,"ERIOSOR","0","0","0","0","U","N",,,,,,,,,,,,,,,,,,,,,6487
0,"ERIOSTR","0","0","0","0","U","N",,,,,,,,,,,,,,,,,,,,,3110
0,"ERIOSTR2","0","0","0","0","U","N",,,,,,,,,,,,,,,,,,,,,863
0,"ERIOUMB","0","0","0","0","U","N",,,,,,,,,,,,,,,,"P",,,,,3111
0,"ERIOUMB1","0","0","0","0","U","N",,,,,,,,,,,,,,,,,,,,,3112
0,"ERIOUMB2","0","0","0","0","U","N",,,,,,,,,,,,,,,,,,,,,3113
0,"ERIOVAG","0","0","0","0","U","N",,,,,,,,,,,,,,,,,,"4",,,2094
0,"ERIOVAG1","0","0","0","0","U","N",,,,,,,,,,,,,,,,,,,,,7572
0,"ERIOVIG","0","0","0","0","U","E",,,,,,,,,,,,,,,,,,"2",,,2095
0,"ERIOVIR","0","0","0","0","U","N",,,,,,,,,,,,,,,,,,"2",,,2096
0,"ERODCIC","0","0","0","3","U","E",,,,,,,,,,,,,,,,"F",,,,,3116
0,"ERODCIC1","0","0","0","3","U","E",,,,,,,,,,,,,,,,,,,,,1182
0,"ERODIUM","0","0","0","0","U","E",,,,,,,,,,,,,,,,,,,,,3117
0,"ERUCA","0","0","0","0","U","E",,,,,,,,,,,,,,,,,,,,,7510
0,"ERUCAST","0","0","0","0","U","E",,,,,,,,,,,,,,,,,,,,,3119
0,"ERUCGAL","0","0","0","0","U","E",,,,,,,,,,,,,,,,,,,,,3118
0,"ERYNGIU","0","0","0","0","U","E",,,,,,,,,,,,,,,,,,,,,3121
0,"ERYNPLA","0","0","0","0","U","E",,,,,,,,,,,,,,,,,,,,,3120
0,"ERYSARE","0","0","0","0","U","N",,,,,,,,,"OS",,,,,,,,,,,,3122
0,"ERYSARE1","0","0","0","0","U","N",,,,,,,,,"OS",,,,,,,,,,,,3123
0,"ERYSASP","0","0","0","0","U","N",,,,,,,,,"OS",,,,,,,,,,,,3124
0,"ERYSCHE","0","0","0","0","U","E",,"L",,"L",,"C,Pi","I","G","P1","U","SE","G-glucosinolates",,,,,,,,,3125
0,"ERYSCHI","0","0","0","0","U","E",,,,,,,,,"OS",,,,,,,,,,,,3126
0,"ERYSCOA","0","0","0","0","U","N",,,,,,,,,"OS",,,,,,,,,,,,452
0,"ERYSIMU","0","0","0","0","U","N",,,,,,,,,"OS",,,,,,,,,,,,3238
0,"ERYSINC","0","0","0","0","U","N",,,,,,,,,"OS",,,,,,,,,,,,3127
0,"ERYTGRA","0","0","0","0","U","N",,,,,,,,,,,,,"2","2","0","P",,,,,3239
0,"ERYTGRA1","0","0","0","0","U","N",,,,,,,,,,,,,,,,,,,,,1341
0,"ERYTHRO","0","0","0","0","U","N",,,,,,,,,,,,,,,,,,,,,3243
0,"ERYTMON","1","3","2","0","U","N",,,,,,,,,,,,,,,,,,,,,3240
0,"ERYTORE","4","3","2","0","U","N",,,,,,,,,,,,,,,,,,,,,3241
0,"ERYTORE1","4","3","2","0","U","N",,,,,,,,,,,,,,,,,,,,,1342
0,"ERYTREV","4","4","3","0","U","N",,,,,,,,,,,,,,,,,,,,,3242
0,"ESCHCAL","0","0","0","0","U","E",,,,,,,,,,,,,,,,,,,,,3244
0,"ESCHSCH","0","0","0","0","U","E",,,,,,,,,,,,,,,,,,,,,3245
0,"ESSLIDA","0","0","0","0","U","N",,,,,,,,,,,,,,,,,,,,,6489
0,"ESSLING","0","0","0","0","U","N",,,,,,,,,,,,,,,,,,,,,6490
0,"EUCEENG","0","3","2","0","U","N",,,,,,,,,"OS",,,,,,,"F",,,,,7715
0,"EUCEPAU","0","0","0","0","U","N",,,,,,,,,"OS",,,,,,,,,,,,477
0,"EUCEPHA","0","0","0","0","U","N",,,,,,,,,,,,,,,,,,,,,7718
0,"EUCLADI","0","0","0","0","U","N",,,,,,,,,,,,,,,,,,,,,4466
0,"EUCLVER","0","0","0","0","U","N",,,,,,,,,,,,,,,,,,,,,4467
0,"EUONOCC","0","0","0","0","U","N",,,,,,,,,"OS",,,,,,,,,,,,1263
0,"EUONOCC1","0","0","0","0","U","N",,,,,,,,,"OS",,,,,,,,,,,,7534
0,"EUONYMU","0","0","0","0","U","N",,,,,,,,,"OS",,,,,,,,,,,,1264
0,"EUPACAN","0","0","0","0","U","E",,,,,,,,,"OS",,,,,,,,,,,,7482
0,"EUPATOR","0","0","0","0","U","N",,,,,,,,,"OS",,,,,,,,,,,,3246
0,"EUPHCYP","0","0","0","0","U","E",,"H,L","H","L",,"P,D,C,H","C,I","O","P1","U","SE,LA","O-5-deoxyingenol, P1-latex can cause sickness or death in humans if ingested, dermatitis with contact, usually not eaten by livestock, poisoning when in hay",,,,,,,,,3247
0,"EUPHESU","0","0","0","0","U","E",,"H,L","H","L",,"P,D,C,H","C,I","O","P1","U","LA","O-5-deoxyingenol, P1-latex can cause sickness or death in humans if ingested, dermatitis with contact, usually not eaten by livestock, poisoning when in hay",,,,,"P",,,,3165
0,"EUPHEXI","0","0","0","0","U","E",,,,,,,,,"OS",,,,,,,,,,,,3166
0,"EUPHHEL","0","0","0","0","U","E",,"H,L","H","L",,"D,P,C,H,S","C,I","O","P1","U","LA","O-other or unknown, P1-latex can cause sickness or death in humans if ingested, dermatitis with contact",,,,,,,,,3167
0,"EUPHLAT","0","0","0","0","U","E",,"H,L","H","L",,"P,D,G","C,I","O","P1","U","SE,LA","O-5-deoxyingenol, P1-latex can cause sickness or death in humans if ingested, toxins accumulate in goat milk, humans poisoned by seeds, human dermatitis caused by latex",,,,,,,,,3168
0,"EUPHNEM","0","0","0","0","U","E",,,,,,,,,,,,,,,,,,,,,3015
0,"EUPHORB","0","0","0","0","U","N",,,,,,,,,"OS",,,,,,,,,,,,3216
0,"EUPHORI","0","0","0","0","U","N",,,,,,,,,,,,,,,,,,,,,3014
0,"EUPHPEP","0","0","0","0","U","E",,"H,L","H","L",,"P,D,C","C,I","O","P1","U","LA","O-5-deoxyingenol, P1-latex can cause sickness or death in humans if ingested, experimental poisoning in a calf, dermatitis in humans",,,,,,,,,3215
0,"EUPHRAS","0","0","0","0","U","N",,,,,,,,,,,,,,,,,,,,,3016
0,"EUPHSUB","0","0","0","0","U","N",,,,,,,,,,,,,,,,,,,,,7965
0,"EURHORE","0","0","0","0","U","N",,,,,,,,,,,,,,,,,,,,,4468
0,"JUNCSTY","0","0","0","0","U","N",,,,,,,,,,,,,,,,,,"3",,,2160
0,"JUNCSUP","2","6","0","5","U","N",,,,,,,,,,,,,,,,,,"3",,,2161
0,"JUNCTEN","0","0","0","3","U","N",,,,,,,,,,,,,,,,,,,,,2162
0,"JUNCTOR","0","0","0","0","U","N",,,,,,,,,,,,,,,,,,,,,2163
0,"JUNCTRA","0","0","0","0","U","N",,,,,,,,,,,,,,,,,,,,,668
0,"JUNCTRI","2","5","3","0","U","N",,,,,,,,,,,,,,,,,,"4",,,2164
0,"JUNCUS","0","0","0","0","U","N",,,,,,,,,,,,,"1","0","0",,,,,,2159
0,"JUNCVAS","0","0","0","0","U","N",,,,,,,,,,,,,,,,,,"4",,,2165
0,"JUNGATR","0","0","0","0","U","N",,,,,,,,,,,,,,,,,,,,,5447
0,"JUNGCAE","0","0","0","0","U","N",,,,,,,,,,,,,,,,,,,,,5448
0,"JUNGCON","0","0","0","0","U","N",,,,,,,,,,,,,,,,,,,,,5449
0,"JUNGCRE","0","0","0","0","U","N",,,,,,,,,,,,,,,,,,,,,5450
0,"JUNGERA","0","0","0","0","U","N",,,,,,,,,,,,,,,,,,,,,5476
0,"JUNGERM","0","0","0","0","U","N",,,,,,,,,,,,,,,,,,,,,5472
0,"JUNGEVA","0","0","0","0","U","N",,,,,,,,,,,,,,,,,,,,,5451
0,"JUNGEXS","0","0","0","0","U","N",,,,,,,,,,,,,,,,,,,,,5452
0,"JUNGEXS1","0","0","0","0","U","N",,,,,,,,,,,,,,,,,,,,,5453
0,"JUNGEXS2","0","0","0","0","U","N",,,,,,,,,,,,,,,,,,,,,5454
0,"JUNGEXS3","0","0","0","0","U","N",,,,,,,,,,,,,,,,,,,,,5455
0,"JUNGFOS","0","0","0","0","U","N",,,,,,,,,,,,,,,,,,,,,5456
0,"JUNGGRA","0","0","0","0","U","N",,,,,,,,,,,,,,,,,,,,,5457
0,"JUNGHYA","0","0","0","0","U","N",,,,,,,,,,,,,,,,,,,,,5458
0,"JUNGKAR","0","0","0","0","U","N",,,,,,,,,,,,,,,,,,,,,5459
0,"JUNGKAR1","0","0","0","0","U","N",,,,,,,,,,,,,,,,,,,,,5461
0,"JUNGKAR2","0","0","0","0","U","N",,,,,,,,,,,,,,,,,,,,,5460
0,"JUNGLEI","0","4","2","0","U","N",,,,,,,,,,,,,,,,,,,,,5462
0,"JUNGOBO","0","0","0","0","U","N",,,,,,,,,,,,,,,,,,,,,5463
0,"JUNGPOL","0","0","0","0","U","N",,,,,,,,,,,,,,,,,,,,,5464
0,"JUNGPUM","0","0","0","0","U","N",,,,,,,,,,,,,,,,,,,,,5465
0,"JUNGPYR","0","0","0","0","U","N",,,,,,,,,,,,,,,,,,,,,5466
0,"JUNGPYR1","0","0","0","0","U","N",,,,,,,,,,,,,,,,,,,,,5467
0,"JUNGPYR2","0","0","0","0","U","N",,,,,,,,,,,,,,,,,,,,,5468
0,"JUNGPYR3","0","0","0","0","U","N",,,,,,,,,,,,,,,,,,,,,5469
0,"JUNGPYR4","0","0","0","0","U","N",,,,,,,,,,,,,,,,,,,,,5470
0,"JUNGRUB","0","0","0","0","U","N",,,,,,,,,,,,,,,,,,,,,5471
0,"JUNGSPH","0","0","0","0","U","N",,,,,,,,,,,,,,,,,,,,,5473
0,"JUNGSUB","0","0","0","0","U","N",,,,,,,,,,,,,,,,,,,,,5474
0,"JUNGSUU","0","0","0","0","U","N",,,,,,,,,,,,,,,,,,,,,5475
0,"JUNICOM","0","2","2","0","U","N",,,,,,,,,,,,,,,,,,"4",,,1114
0,"JUNICOM1","0","2","2","0","U","N",,,,,,,,,,,,,,,,,,"4",,,8041
0,"JUNICOM2","0","2","2","0","U","N",,,,,,,,,,,,,,,,,,"4",,,8042
0,"JUNICOM3","0","2","2","0","U","N",,,,,,,,,,,,,,,,,,"4",,,7735
0,"LABURNU","0","0","0","0","U","E",,,,,,,,,,,,,,,,,,,,,1270
0,"LACTBIE","0","5","3","3","U","N",,,,,,,,,,,,,,,,,,,,,3318
0,"LACTCAN","0","0","0","0","U","E",,,,,,,,,,,,,,,,,,,,,3319
0,"LACTLUD","0","0","0","0","U","E",,,,,,,,,,,,,,,,,,,,,7800
0,"LACTSER","0","0","0","0","U","E",,,,,,,,,,,,,,,,,,,,,3320
0,"LACTUCA","0","0","0","0","U","N",,,,,,,,,,,,,"1","1","0",,,,,,3321
0,"LAMIACE","0","0","0","0","U","N",,,,,,,,,,,,,,,,,,,,,3322
0,"LAMIAMP","0","0","0","0","U","E",,"L",,"L",,"C,H,S","I","O","PX","U",,"O-other or unknown",,,,,"I",,,,3323
0,"LAMIGAL","0","0","0","0","U","E",,,,,,,,,"OS",,,,,,,,,,,,7801
0,"LAMIPUR","0","0","0","0","U","E",,,,,,,,,"OS",,,,,,,,,,,,3324
0,"LAMIPUR1","0","0","0","0","U","E",,,,,,,,,"OS",,,,,,,,,,,,1212
0,"LAMIPUR2","0","0","0","0","U","E",,,,,,,,,"OS",,,,,,,,,,,,1213
0,"LAMIUM","0","0","0","0","U","E",,,,,,,,,"OS",,,,,,,,,,,,3325
0,"LAPPOCC","0","0","0","0","U","N",,,,,,,,,,,,,,,,,,,,,7500
0,"LAPPOCC1","0","0","0","0","U","N",,,,,,,,,,,,,,,,,,,,,3326
0,"LAPPOCC2","0","0","0","0","U","N",,,,,,,,,,,,,,,,,,,,,7501
0,"LAPPSQU","0","0","0","0","U","E",,,,,,,,,,,,,,,,,,,,,401
0,"LAPPULA","0","0","0","0","U","N",,,,,,,,,,,,,,,,,,,,,400
0,"LAPSANA","0","0","0","0","U","E",,,,,,,,,,,,,,,,,,,,,403
0,"LAPSCOM","5","3","3","3","U","E",,,,,,,,,,,,,,,,,,,,,402
0,"LARIDEC","0","0","0","0","U","E",,,,,,,,,,,,,,,,,,,,,731
0,"LARIGME","0","0","0","0","U","E",,,,,,,,,,,,,,,,,,,,,899
0,"LARIKAE","0","0","0","0","U","E",,,,,,,,,,,,,,,,,,,,,732
0,"LARILAR","0","0","0","0","U","N",,,,,,,,,,,,,,,,,,"3",,,733
0,"LARILYA","0","0","0","0","U","N",,,,,,,,,,,,,,,,,,,,,734
0,"LARIOCC","0","0","0","0","U","N",,,,,,,,,,,,,,,,,,,,,735
0,"LARISIB","0","0","0","0","U","E",,,,,,,,,,,,,,,,,,,,,736
0,"LARIX","0","0","0","0","U","N",,,,,,,,,,,,,,,,,,,,,737
0,"LASALLI","0","0","0","0","U","N",,,,,,,,,,,,,,,,,,,,,6603
0,"LASAPEN","0","0","0","0","U","N",,,,,,,,,,,,,,,,,,,,,6602
0,"LASTGLA","0","0","0","0","U","N",,,,,,,,,,,,,,,,,,,,,1171
0,"LASTHEN","0","0","0","0","U","N",,,,,,,,,,,,,,,,,,,,,1148
0,"LASTMAR","0","0","0","0","U","N",,,,,,,,,,,,,,,,,,,,,404
0,"LATHJAP","0","0","0","0","U","N",,,,,,,,,"OS",,,,,,,,,,,,1149
0,"LATHJAP2","0","0","0","0","U","N",,,,,,,,,"OS",,,,,,,,,,,,7639
0,"LATHLAN","0","0","0","0","U","N",,,,,,,,,"OS",,,,,,,,,,,,8218
0,"LATHLAN1","0","0","0","0","U","N",,,,,,,,,"OS",,,,,,,,,,,,8219
0,"LATHLAT","0","0","0","0","U","E",,"H,L","H","L",,"P,H","I","O","PX","U",,"O-other or unknown",,,,,,,,,1150
0,"LATHLIT","0","0","0","0","U","N",,,,,,,,,"OS",,,,,,,,,,,,1151
0,"LATHNEV","0","3","3","2","U","N",,,,,,,,,"OS",,,,,,,"G",,,,,1152
0,"GYALMUS","0","0","0","0","U","N",,,,,,,,,,,,,,,,,,,,,7685
0,"GYALPIC","0","0","0","0","U","N",,,,,,,,,,,,,,,,,,,,,6532
0,"GYMNACU","0","0","0","0","U","N",,,,,,,,,,,,,,,,,,,,,5398
0,"GYMNAER","0","0","0","0","U","N",,,,,,,,,,,,,,,,,,,,,4527
0,"GYMNAPI","0","0","0","0","U","N",,,,,,,,,,,,,,,,,,,,,5404
0,"GYMNCON","1","1","1","4","U","N",,,,,,,,,,,,,,,,,,,,,5405
0,"GYMNCOR","0","0","0","0","U","N",,,,,,,,,,,,,,,,,,,,,5406
0,"GYMNDIS","0","0","0","0","U","N",,,,,,,,,,,,,,,,,,,,,1726
0,"GYMNDRY","0","4","3","0","U","N",,,,,,,,,,,,,,,,,,"4",,,1727
0,"GYMNINF","0","0","0","0","U","N",,,,,,,,,,,,,,,,,,"3",,,5399
0,"GYMNINF1","0","0","0","0","U","N",,,,,,,,,,,,,,,,,,,,,5400
0,"GYMNINF2","0","0","0","0","U","N",,,,,,,,,,,,,,,,,,,,,5401
0,"GYMNJES","0","0","0","0","U","N",,,,,,,,,,,,,,,,,,,,,1728
0,"GYMNJES1","0","0","0","0","U","N",,,,,,,,,,,,,,,,,,,,,1729
0,"GYMNLAC","0","0","0","0","U","N",,,,,,,,,,,,,,,,,,,,,5407
0,"GYMNOBT","0","0","0","0","U","N",,,,,,,,,,,,,,,,,,,,,5408
0,"GYMNOCA","0","0","0","0","U","N",,,,,,,,,,,,,,,,,,,,,1730
0,"GYMNOCO","0","0","0","0","U","N",,,,,,,,,,,,,,,,,,,,,5402
0,"GYMNOMI","0","0","0","0","U","N",,,,,,,,,,,,,,,,,,,,,5410
0,"GYMNOMT","0","0","0","0","U","N",,,,,,,,,,,,,,,,,,,,,5403
0,"GYMNOSO","0","0","0","0","U","N",,,,,,,,,,,,,,,,,,,,,4528
0,"GYMNPAC","0","0","0","0","U","N",,,,,,,,,,,,,,,,,,,,,5409
0,"GYPSMAC","0","0","0","0","U","N",,,,,,,,,,,,,,,,,,,,,6534
0,"GYPSOPA","0","0","0","0","U","N",,,,,,,,,,,,,,,,,,,,,6536
0,"GYPSOPH","0","0","0","0","U","E",,,,,,,,,,,,,,,,,,,,,829
0,"GYPSOPL","0","0","0","0","U","N",,,,,,,,,,,,,,,,,,,,,6535
0,"GYPSPAN","0","0","0","0","U","E",,,,,,,,,,,,,,,,,,,,,828
0,"GYPSSCO","0","0","0","0","U","E",,,,,,,,,,,,,,,,,,,,,7521
0,"GYROTHR","0","0","0","0","U","N",,,,,,,,,,,,,,,,,,,,,5413
0,"GYROTHY","0","0","0","0","U","N",,,,,,,,,,,,,,,,,,,,,5411
0,"GYROUND","0","0","0","0","U","N",,,,,,,,,,,,,,,,,,,,,5412
0,"HACKCIL","0","0","0","0","U","N",,,,,,,,,,,,,,,,,,,,,901
0,"HACKDEF","0","0","0","0","U","N",,,,,,,,,,,,,,,,,,,,,902
0,"HACKDEF1","0","0","0","0","U","N",,,,,,,,,,,,,,,,,,,,,903
0,"HACKDIF","0","0","0","0","U","N",,,,,,,,,,,,,,,,,,,,,904
0,"HACKDIF1","0","0","0","0","U","N",,,,,,,,,,,,,,,,,,,,,8212
0,"HACKELI","0","0","0","0","U","N",,,,,,,,,,,,,,,,,,,,,907
0,"HACKFLO","0","0","0","0","U","N",,,,,,,,,,,,,,,,,,,,,905
0,"HACKMIC","0","0","0","0","U","N",,,,,,,,,,,,,,,,,,,,,906
0,"HAEMATO","0","0","0","0","U","N",,,,,,,,,,,,,,,,,,,,,6537
0,"HAFECAL","0","0","0","0","U","N",,,,,,,,,,,,,,,,,,,,,6538
0,"HAFEFOS","0","0","0","0","U","N",,,,,,,,,,,,,,,,,,,,,6539
0,"HAFELLI","0","0","0","0","U","N",,,,,,,,,,,,,,,,,,,,,6540
0,"HALEALP","0","0","0","0","U","N",,,,,,,,,,,,,,,,,,,,,6541
0,"HALECAN","0","0","0","0","U","N",,,,,,,,,,,,,,,,,,,,,6542
0,"HALEDEF","0","0","0","0","U","N",,,,,,,,,,,,,,,,,,,,,908
0,"HALEDEF1","0","0","0","0","U","N",,,,,,,,,,,,,,,,,,,,,909
0,"HALENIA","0","0","0","0","U","N",,,,,,,,,,,,,,,,,,,,,910
0,"HALIMOL","0","0","0","0","U","N",,,,,,,,,,,,,,,,,,,,,911
0,"HALORAG","0","0","0","0","U","N",,,,,,,,,,,,,,,,,,,,,912
0,"HAMALAP","0","0","0","0","U","N",,,,,,,,,,,,,,,,,,"2",,,8096
0,"HAMATOC","0","0","0","0","U","N",,,,,,,,,,,,,,,,,,,,,844
0,"HAMAVER","0","0","0","0","U","N",,,,,,,,,,,,,,,,,,"2",,,8098
0,"HAPLHOO","0","0","0","0","U","N",,,,,,,,,,,,,,,,,,,,,5415
0,"HAPLHOO1","0","0","0","0","U","N",,,,,,,,,,,,,,,,,,,,,896
0,"HAPLOMI","0","0","0","0","U","N",,,,,,,,,,,,,,,,,,,,,5416
0,"HAPLOMT","0","0","0","0","U","N",,,,,,,,,,,,,,,,,,,,,5414
0,"HARPALE","0","0","0","0","U","N",,,,,,,,,,,,,,,,,,,,,5419
0,"HARPANT","0","0","0","0","U","N",,,,,,,,,,,,,,,,,,,,,5424
0,"HARPDRU","0","0","0","0","U","N",,,,,,,,,,,,,,,,,,,,,5421
0,"HARPFLO","0","0","0","0","U","N",,,,,,,,,,,,,,,,,,,,,5422
0,"HARPOVA","0","0","0","0","U","N",,,,,,,,,,,,,,,,,,,,,5417
0,"HARPOVA1","0","0","0","0","U","N",,,,,,,,,,,,,,,,,,,,,5418
0,"HARPSCU","0","0","0","0","U","N",,,,,,,,,,,,,,,,,,,,,5423
0,"HARPSTR","0","0","0","0","U","N",,,,,,,,,,,,,,,,,,,,,5420
0,"HARRIMA","0","0","0","0","U","N",,,,,,,,,,,,,,,,,,,,,7554
0,"HARRSTE","1","4","1","1","U","N",,,,,,,,,,,,,,,,,,,,,7553
0,"HAWKPEL","0","0","0","0","U","N",,,,,,,,,,,,,,,,,,,,,6543
0,"HAWKSWO","0","0","0","0","U","N",,,,,,,,,,,,,,,,,,,,,6544
0,"HEDEHEL","4","0","0","0","U","E",,"H","H",,,"P,D","C,I","O","P2","U","FR,LE","O-other or unknown",,,,,,,,,1110
0,"HEDEHIS","0","0","0","0","U","N",,,,,,,,,,,,,,,,,,,,,913
0,"HEDEOMA","0","0","0","0","U","N",,,,,,,,,,,,,,,,,,,,,914
0,"HEDERA","0","0","0","0","U","E",,,,,,,,,"OS",,,,,,,,,,,,1111
0,"HEDWCIL","0","0","0","0","U","N",,,,,,,,,,,,,,,,,,,,,4529
0,"HEDWIGA","0","0","0","0","U","N",,,,,,,,,,,,,,,,,,,,,4531
0,"HEDWIGI","0","0","0","0","U","N",,,,,,,,,,,,,,,,,,,,,4530
0,"HEDWSTE","0","0","0","0","U","N",,,,,,,,,,,,,,,,,,,,,423
0,"HEDYALP","0","0","0","0","U","N",,,,,,,,,,,,,"2","1","2",,,,,,915
0,"HEDYBOR","0","0","0","0","U","N",,,,,,,,,,,,,"1","1","1","G",,,,,916
0,"HEDYBOR1","0","0","0","0","U","N",,,,,,,,,,,,,,,,,,,,,917
0,"HEDYBOR2","0","0","0","0","U","N",,,,,,,,,,,,,,,,,,,,,918
0,"HEDYOCC","0","0","0","0","U","N",,,,,,,,,,,,,,,,,,,,,919
0,"HEDYSAR","0","0","0","0","U","N",,,,,,,,,,,,,"2","1","2",,,,,,920
0,"HEDYSUL","0","0","0","0","U","N",,,,,,,,,,,,,"2","1","2","G",,,,,921
0,"HELEAUT","0","0","0","0","U","N",,"L",,"L",,"C,H","I","O","P1","U","LE,ST","O-helenalin",,,,"P",,,,,922
0,"HELEAUT1","0","0","0","0","U","N",,"L",,"L",,"C,H","I","O","P1","U","LE,ST","O-helenalin",,,,,,,,,923
0,"HELEAUT2","0","0","0","0","U","N",,"H,L","H","L",,"A,C,H","I","O","P1","U","LE,ST","O-helenalin",,,,,,,,,3222
0,"HELENIU","0","0","0","0","U","N",,,,,,,,,"OS",,,,,,,,,,,,3223
0,"HELIANH","0","0","0","0","U","N",,,,,,,,,,,,,,,,,,,,,3209
0,"HELIANN","0","0","0","0","U","E",,,,,,,,,,,,,,,,"P",,,,,3207
0,"HELIANT","0","0","0","0","U","N",,,,,,,,,,,,,,,,,,,,,3204
0,"HELICTO","0","0","0","0","U","N",,,,,,,,,,,,,,,,,,,,,2
0,"HELIHOO","0","0","0","0","U",,,,,,,,,,,,,,,,,,,,,,1
0,"HELIMAX","0","0","0","0","U","N",,,,,,,,,,,,,,,,,,,,,1300
0,"HELINUT","0","0","0","0","U","N",,,,,,,,,,,,,,,,,,,,,3208
0,"HELINUT2","0","0","0","0","U","N",,,,,,,,,,,,,,,,,,,,,7857
0,"HELIPAU","0","0","0","0","U","E",,,,,,,,,,,,,,,,,,,,,490
0,"HELIPAU1","0","0","0","0","U","E",,,,,,,,,,,,,,,,,,,,,463
0,"HELITUB","0","0","0","0","U","E",,,,,,,,,,,,,,,,,,,,,491
0,"HELIUNI","0","0","0","0","U","N",,,,,,,,,,,,,,,,"P",,,,,3205
0,"HELIUNI1","0","0","0","0","U","N",,,,,,,,,,,,,,,,,,,,,3206
0,"HELOBLA","0","0","0","0","U","N",,,,,,,,,,,,,,,,,,"2",,,4533
0,"HELOBLA1","0","0","0","0","U","N",,,,,,,,,,,,,,,,,,,,,4534
0,"HELOBLA2","0","0","0","0","U","N",,,,,,,,,,,,,,,,,,,,,4535
0,"HELODIA","0","0","0","0","U","N",,,,,,,,,,,,,,,,,,,,,4532
0,"HELODIU","0","0","0","0","U","N",,,,,,,,,,,,,,,,,,,,,4536
0,"HEMICON","4","4","2","0","U","N",,,,,,,,,,,,,,,,,,,,,3834
0,"HEMIMIN","0","0","0","0","U","N",,,,,,,,,,,,,,,,,,,,,7874
0,"HEMITOM","0","0","0","0","U","N",,,,,,,,,,,,,,,,,,,,,3835
0,"HEMIZON","0","0","0","0","U","N",,,,,,,,,,,,,,,,,,,,,7875
0,"HEPPIA","0","0","0","0","U","N",,,,,,,,,,,,,,,,,,,,,6546
0,"HEPPIAC","0","0","0","0","U","N",,,,,,,,,,,,,,,,,,,,,6547
0,"HEPPLUT","0","0","0","0","U","N",,,,,,,,,,,,,,,,,,,,,6545
0,"HERACLE","0","0","0","0","U","N",,,,,,,,,"OS",,,,,,,,,,,,296
0,"HERAMAN","0","0","0","0","U","E",,"H","H",,,"D","C","O","P2","U","LE","O-other or unknown, P2-rash and blisters when handling of leaves is followed by exposure to sunlight","1","1","0",,,,,,295
0,"HERAMAX","0","0","0","0","U","N",,,,,,,,,"OS",,,,"2","2","2","F",,"4",,,7467
0,"HERBADU","4","0","0","0","U","N",,,,,,,,,,,,,,,,,,"3",,,5426
0,"HERBADU1","0","0","0","0","U","N",,,,,,,,,,,,,,,,,,,,,5427
0,"HERBADU2","0","0","0","0","U","N",,,,,,,,,,,,,,,,,,,,,5428
0,"HERBERA","0","0","0","0","U","N",,,,,,,,,,,,,,,,,,,,,5425
0,"HERBERT","0","0","0","0","U","N",,,,,,,,,,,,,,,,,,,,,5431
0,"HERBHAW","0","0","0","0","U","N",,,,,,,,,,,,,,,,,,,,,5429
0,"HERBHIM","0","0","0","0","U","N",,,,,,,,,,,,,,,,,,,,,5430
0,"HERBSTR","0","0","0","0","U","N",,,,,,,,,,,,,,,,,,,,,5432
0,"HERZADS","0","0","0","0","U","N",,,,,,,,,,,,,,,,,,,,,4537
0,"HERZOGI","0","0","0","0","U","N",,,,,,,,,,,,,,,,,,,,,4539
0,"HERZSEL","0","0","0","0","U","N",,,,,,,,,,,,,,,,,,,,,4538
0,"HERZSTR","0","4","1","0","U","N",,,,,,,,,,,,,,,,,,,,,4540
0,"HESPCOM","0","0","0","0","U","N",,,,,,,,,,,,,,,,"GI",,,,,611
0,"HESPCOM1","0","0","0","0","U","N",,,,,,,,,,,,,,,,,,,,,612
0,"HESPCOM2","0","0","0","0","U","N",,,,,,,,,,,,,,,,,,,,,613
0,"HESPCUR","0","0","0","0","U","N",,,,,,,,,,,,,,,,,,,,,614
0,"HESPERI","0","0","0","0","U","N",,,,,,,,,,,,,,,,,,,,,236
0,"HESPERO","0","0","0","0","U","N",,,,,,,,,,,,,,,,,,,,,238
0,"HESPMAT","0","0","0","0","U","E",,,,,,,,,,,,,,,,,,,,,235
0,"HESPPUM","0","0","0","0","U","N",,,,,,,,,,,,,,,,,,"3",,,237
0,"HESPSPA","0","0","0","0","U","N",,,,,,,,,,,,,,,,"GI",,,,,615
0,"HETEDIM","0","0","0","0","U","N",,,,,,,,,,,,,,,,,,,,,4541
0,"HETEHAI","0","0","0","0","U","N",,,,,,,,,,,,,,,,,,,,,830
0,"HETELEU","0","0","0","0","U","N",,,,,,,,,,,,,,,,,,,,,6548
0,"HETEMAC","0","0","0","0","U","N",,,,,,,,,,,,,,,,,,,,,4542
0,"HETEPRO","0","0","0","0","U","N",,,,,,,,,,,,,,,,,,,,,4543
0,"HETERAR","0","0","0","0","U","N",,,,,,,,,,,,,,,,,,,,,239
0,"HETEROC","0","0","0","0","U","N",,,,,,,,,,,,,,,,,,,,,240
0,"HETEROD","0","0","0","0","U","N",,,,,,,,,,,,,,,,,,,,,6550
0,"HETEROL","0","0","0","0","U","N",,,,,,,,,,,,,,,,,,,,,4544
0,"HETEROT","0","0","0","0","U","N",,,,,,,,,,,,,,,,,,,,,241
0,"HETESIT","0","0","0","0","U","N",,,,,,,,,,,,,,,,,,,,,6549
0,"HETESPE","0","0","0","0","U","N",,,,,,,,,,,,,,,,,,,,,6551
0,"HETEVIL","0","0","0","0","U","N",,,,,,,,,,,,,,,,,,,,,242
0,"HETEVIL2","0","0","0","0","U","N",,,,,,,,,,,,,,,,,,,,,243
0,"HETEVIL3","0","0","0","0","U","N",,,,,,,,,,,,,,,,,,,,,7858
0,"HEUCCHL","4","2","0","0","U","N",,,,,,,,,,,,,,,,,,,,,244
0,"HEUCCYL","0","2","2","3","U","N",,,,,,,,,,,,,,,,"P",,,,,245
0,"HEUCCYL1","0","0","0","0","U","N",,,,,,,,,,,,,,,,,,,,,246
0,"HEUCCYL2","0","0","0","0","U","N",,,,,,,,,,,,,,,,,,,,,247
0,"HEUCCYL3","0","0","0","0","U","N",,,,,,,,,,,,,,,,,,,,,248
0,"HEUCCYL4","0","0","0","0","U","N",,,,,,,,,,,,,,,,,,,,,249
0,"HEUCGLA","0","6","3","2","U","N",,,,,,,,,,,,,,,,,,,,,250
0,"HEUCHER","0","0","0","0","U","N",,,,,,,,,,,,,,,,,,,,,254
0,"HEUCMIC","2","0","3","2","U","N",,,,,,,,,,,,,,,,,,,,,251
0,"HEUCMIC1","0","0","0","0","U","N",,,,,,,,,,,,,,,,,,,,,252
0,"HEUCRIC","0","0","0","0","U","N",,,,,,,,,,,,,,,,,,,,,253
0,"HIERACI","0","0","0","0","U","N",,,,,,,,,,,,,,,,,,,,,264
0,"EURHPRA","0","0","0","0","U","N",,,,,,,,,,,,,,,,,,,,,4469
0,"EURHPUL","0","3","2","0","U","N",,,,,,,,,,,,,,,,,,,,,4470
0,"EURHPUL1","0","0","0","0","U","N",,,,,,,,,,,,,,,,,,,,,4471
0,"EURHPUL2","0","0","0","0","U","N",,,,,,,,,,,,,,,,,,,,,4472
0,"EURHYNC","0","0","0","0","U","N",,,,,,,,,,,,,,,,,,,,,4473
0,"EURYBIA","0","0","0","0","U","N",,,,,,,,,,,,,,,,,,,,,7714
0,"EURYCON","3","3","3","2","U","N",,,,,,,,,"OS",,,,,,,"G",,,,,7713
0,"EURYMER","0","0","0","0","U","N",,,,,,,,,"OS",,,,,,,,,,,,481
0,"EURYRAD","0","0","0","0","U","N",,,,,,,,,"OS",,,,,,,,,,,,480
0,"EURYSIB","0","0","0","0","U","N",,,,,,,,,,,,,,,,,,,,,7694
0,"EUTHAMI","0","0","0","0","U","N",,,,,,,,,,,,,,,,,,,,,227
0,"EUTHGRA","0","0","0","0","U","N",,,,,,,,,,,,,,,,,,,,,225
0,"EUTHOCC","0","0","0","0","U","N",,,,,,,,,,,,,,,,,,,,,226
0,"EUTREDW","0","0","0","0","U","N",,,,,,,,,,,,,,,,,,,,,228
0,"EUTREMA","0","0","0","0","U","N",,,,,,,,,,,,,,,,,,,,,229
0,"EUTRMAC","0","0","0","0","U","N",,,,,,,,,"OS",,,,,,,,,,,,454
0,"EUTRMAC1","0","0","0","0","U","N",,,,,,,,,"OS",,,,,,,,,,,,453
0,"EUTROCH","0","0","0","0","U","N",,,,,,,,,,,,,,,,,,,,,455
0,"EUTRSAL","0","0","0","0","U","N",,,,,,,,,,,,,,,,,,,,,8179
0,"EVERDIV","0","0","0","0","U","N",,,,,,,,,,,,,,,,,,,,,6491
0,"EVERMES","0","0","0","0","U","N",,,,,,,,,,,,,,,,,,,,,6492
0,"EVERNIA","0","0","0","0","U","N",,,,,,,,,,,,,,,,,,,,,6495
0,"EVERPER","0","0","0","0","U","N",,,,,,,,,,,,,,,,,,,,,6493
0,"EVERPRU","0","0","0","0","U","N",,,,,,,,,,,,,,,,,,,,,6494
0,"FABACEA","0","0","0","0","U","N",,,,,,,,,,,,,,,,,,,,,124
0,"FABRONA","0","0","0","0","U","N",,,,,,,,,,,,,,,,,,,,,4476
0,"FABRONI","0","0","0","0","U","N",,,,,,,,,,,,,,,,,,,,,4475
0,"FABRPUS","0","0","0","0","U","N",,,,,,,,,,,,,,,,,,,,,4474
0,"FAGACEA","0","0","0","0","U","N",,,,,,,,,,,,,,,,,,,,,804
0,"FAGOESC","0","0","0","0","U","E",,"L",,"L",,"C,H,S","I","O","PX","U",,"O-other or unknown",,,,,,,,,230
0,"FAGOPYR","0","0","0","0","U","E",,,,,,,,,"OS",,,,,,,,,,,,231
0,"FALLCON","0","0","0","0","U","E",,,,,,,,,,,,,,,,,"I",,,,232
0,"FALLJAP","0","0","0","0","U","E",,,,,,,,,,,,,,,,,,,,,704
0,"FALLSAC","0","0","0","0","U","E",,,,,,,,,,,,,,,,,,,,,707
0,"FALLXBO","0","0","0","0","U","E",,,,,,,,,,,,,,,,,,,,,708
0,"FARNJUR","0","0","0","0","U","N",,,,,,,,,,,,,,,,,,,,,6496
0,"FARNOLD","0","0","0","0","U","N",,,,,,,,,,,,,,,,,,,,,6497
0,"FAURCRI","2","6","1","5","U","N",,,,,,,,,,,,,,,,,,"3",,,233
0,"FAURIA","0","0","0","0","U","N",,,,,,,,,,,,,,,,,,,,,234
0,"FELLBOU","0","0","0","0","U","N",,,,,,,,,,,,,,,,,,,,,6498
0,"FELLHAN","0","0","0","0","U","N",,,,,,,,,,,,,,,,,,,,,6499
0,"FESTALT","0","0","0","0","U","N",,,,,,,,,"OS",,,,,,,"G",,,,,2097
0,"FESTBAF","0","0","0","0","U","N",,,,,,,,,"OS",,,,,,,,,,,,2098
0,"FESTBRA","1","0","1","0","U","N",,,,,,,,,"OS",,,,,,,,,,,,2099
0,"FESTCAM","0","0","0","0","U","N",,,,,,,,,"OS",,,,,,,"G",,,,,2100
0,"FESTFIL","0","0","0","0","U","E",,,,,,,,,"OS",,,,,,,,,,,,2101
0,"FESTHET","0","0","0","0","U","E",,,,,,,,,"OS",,,,,,,,,,,,428
0,"FESTIDA","6","1","2","0","U","N",,,,,,,,,"OS",,,,,,,"G",,,,,2102
0,"FESTMIN","0","0","0","0","U","N",,,,,,,,,"OS",,,,,,,,,,,,2103
0,"FESTOCC","0","0","1","0","U","N",,,,,,,,,"OS",,,,,,,"G",,,,,2104
0,"FESTPSE","0","0","0","0","U","N",,,,,,,,,"OS",,,,,,,,,,,,458
0,"FESTROE","0","0","0","0","U","N",,,,,,,,,,,,,,,,,,,,,2105
0,"FESTROE1","0","0","0","0","U","N",,,,,,,,,,,,,,,,,,,,,456
0,"FESTRUB","0","0","0","3","U","N",,"L",,"L",,"C,H,S","I","O","PX","U",,"O-other or unknown",,,,"G",,,,,2106
0,"FESTRUB1","0","0","0","3","U","N",,,,,,,,,,,,,,,,,,,,,2108
0,"FESTRUB3","0","0","0","3","U","E",,,,,,,,,,,,,,,,,,,,,2109
0,"FESTRUB5","0","0","0","3","U","N",,,,,,,,,,,,,,,,,,,,,2107
0,"FESTRUB7","0","0","0","3","U","N",,,,,,,,,,,,,,,,,,,,,2110
0,"FESTRUB9","0","0","0","3","U","N",,,,,,,,,,,,,,,,,,,,,2111
0,"FESTRUBa","0","0","0","3","U","E",,,,,,,,,,,,,,,,,,,,,8034
0,"FESTRUBb","0","0","0","3","U","N",,,,,,,,,,,,,,,,,,,,,8035
0,"FESTRUBc","0","0","0","3","U","E",,,,,,,,,,,,,,,,,,,,,8036
0,"FESTRUBd","0","0","0","3","U","N",,,,,,,,,,,,,,,,,,,,,8037
0,"FESTSAX","0","0","0","0","U","N",,,,,,,,,"OS",,,,,,,"G",,,,,2112
0,"FESTSUB","4","5","3","0","U","N",,,,,,,,,"OS",,,,,,,,,,,,2114
0,"FESTSUU","4","5","3","0","U","N",,,,,,,,,"OS",,,,,,,,,,,,2115
0,"FESTTRA","0","0","0","0","U","E",,,,,,,,,"OS",,,,,,,,,,,,2116
0,"FESTUCA","0","0","0","0","U","N",,,,,,,,,"OS",,,,,,,,,,,,2113
0,"FESTVII","0","0","0","0","U","N",,,,,,,,,"OS",,,,,,,,,,,,2118
0,"FESTVIR","0","0","0","0","U","N",,,,,,,,,"OS",,,,,,,,,,,,2117
0,"FESTWAS","0","0","0","0","U","N",,,,,,,,,"OS",,,,,,,,,,,,460
0,"FILAGO","0","0","0","0","U","E",,,,,,,,,,,,,,,,,,,,,292
0,"FILAVUL","0","0","0","0","U","E",,,,,,,,,,,,,,,,,,,,,293
0,"FISSADI","0","0","0","0","U","N",,,,,,,,,,,,,,,,,,,,,4477
0,"FISSAPH","0","0","0","0","U","N",,,,,,,,,,,,,,,,,,,,,4478
0,"FISSBRY","0","0","0","0","U","N",,,,,,,,,,,,,,,,,,,,,4479
0,"FISSFON","0","0","0","0","U","N",,,,,,,,,,,,,,,,,,,,,4480
0,"FISSGRA","0","0","0","0","U","N",,,,,,,,,,,,,,,,,,,,,4481
0,"FISSIDE","0","0","0","0","U","N",,,,,,,,,,,,,,,,,,,,,4485
0,"FISSIDN","0","0","0","0","U","N",,,,,,,,,,,,,,,,,,,,,4487
0,"FISSLIM","0","0","0","0","U","N",,,,,,,,,,,,,,,,,,,,,4482
0,"LATHNEV2","0","0","0","0","U","N",,,,,,,,,"OS",,,,,,,,,,,,1153
0,"LATHOCH","3","3","3","2","U","N",,,,,,,,,"OS",,,,"1","1","0","G",,,,,1154
0,"LATHPAL","0","0","0","0","U","N",,,,,,,,,"OS",,,,,,,,,"3",,,1155
0,"LATHPRA","0","0","0","0","U","E",,,,,,,,,"OS",,,,,,,,,,,,1156
0,"LATHSPH","0","0","0","0","U","E",,,,,,,,,"OS",,,,,,,,,,,,1158
0,"LATHSYL","0","0","0","0","U","E",,"H,L","H","L",,"P,H","I","O","PX","U",,"O-other or unknown",,,,,,,,,1159
0,"LATHTEN","0","0","0","0","U","N",,,,,,,,,,,,,,,,,,,,,7724
0,"LATHYRU","0","0","0","0","U","N",,,,,,,,,"OS",,,,"1","1","0",,,,,,1157
0,"LECAABI","0","0","0","0","U","N",,,,,,,,,,,,,,,,,,,,,6604
0,"LECAAKO","0","0","0","0","U","N",,,,,,,,,,,,,,,,,,,,,6605
0,"LECACYR","0","0","0","0","U","N",,,,,,,,,,,,,,,,,,,,,6607
0,"LECADUB","0","0","0","0","U","N",,,,,,,,,,,,,,,,,,,,,6608
0,"LECADUD","0","0","0","0","U","N",,,,,,,,,,,,,,,,,,,,,6609
0,"LECAERY","0","0","0","0","U","N",,,,,,,,,,,,,,,,,,,,,6610
0,"LECAFRU","0","0","0","0","U","N",,,,,,,,,,,,,,,,,,,,,6611
0,"LECAHAS","0","0","0","0","U","N",,,,,,,,,,,,,,,,,,,,,6612
0,"LECANAC","0","0","0","0","U","N",,,,,,,,,,,,,,,,,,,,,6606
0,"LECANIA","0","0","0","0","U","N",,,,,,,,,,,,,,,,,,,,,6614
0,"LECANOA","0","0","0","0","U","N",,,,,,,,,,,,,,,,,,,,,6617
0,"LECANOR","0","0","0","0","U","N",,,,,,,,,,,,,,,,,,,,,6616
0,"LECANYL","0","0","0","0","U","N",,,,,,,,,,,,,,,,,,,,,6613
0,"LECASCO","0","0","0","0","U","N",,,,,,,,,,,,,,,,,,,,,6615
0,"LECIASE","0","0","0","0","U","N",,,,,,,,,,,,,,,,,,,,,6621
0,"LECICAA","0","0","0","0","U","N",,,,,,,,,,,,,,,,,,,,,6622
0,"LECIDEA","0","0","0","0","U","N",,,,,,,,,,,,,,,,,,,,,6619
0,"LECIDEE","0","0","0","0","U","N",,,,,,,,,,,,,,,,,,,,,6620
0,"LECIDEU","0","0","0","0","U","N",,,,,,,,,,,,,,,,,,,,,6631
0,"LECIDLL","0","0","0","0","U","N",,,,,,,,,,,,,,,,,,,,,6627
0,"LECIDOM","0","0","0","0","U","N",,,,,,,,,,,,,,,,,,,,,6632
0,"LECIELO","0","0","0","0","U","N",,,,,,,,,,,,,,,,,,,,,6623
0,"LECIEUP","0","0","0","0","U","N",,,,,,,,,,,,,,,,,,,,,6624
0,"LECIFIN","0","0","0","0","U","N",,,,,,,,,,,,,,,,,,,,,6633
0,"LECIFUU","0","0","0","0","U","N",,,,,,,,,,,,,,,,,,,,,6634
0,"LECILUR","0","0","0","0","U","N",,,,,,,,,,,,,,,,,,,,,6618
0,"LECIOPH","0","0","0","0","U","N",,,,,,,,,,,,,,,,,,,,,6635
0,"LECIPAA","0","0","0","0","U","N",,,,,,,,,,,,,,,,,,,,,6625
0,"LECISCB","0","0","0","0","U","N",,,,,,,,,,,,,,,,,,,,,6626
0,"LECISTI","0","0","0","0","U","N",,,,,,,,,,,,,,,,,,,,,6628
0,"DIGISAN","0","0","0","0","U","E",,,,,,,,,,,,,,,,,,,,,2041
0,"DIGITAL","0","0","0","0","U","E",,,,,,,,,"OS",,,,,,,,,,,,2808
0,"DIGITAR","0","0","0","0","U","E",,,,,,,,,,,,,,,,,,,,,2042
0,"DIMELAE","0","0","0","0","U","N",,,,,,,,,,,,,,,,,,,,,6463
0,"DIMELUT","0","0","0","0","U","N",,,,,,,,,,,,,,,,,,,,,6465
0,"DIMEORE","0","0","0","0","U","N",,,,,,,,,,,,,,,,,,,,,6462
0,"DIMEPIN","0","0","0","0","U","N",,,,,,,,,,,,,,,,,,,,,6466
0,"DIMEREL","0","0","0","0","U","N",,,,,,,,,,,,,,,,,,,,,6467
0,"DIMETHY","0","0","0","0","U","N",,,,,,,,,,,,,,,,,,,,,6464
0,"DIPHALP","1","3","2","0","U","N",,,,,,,,,,,,,,,,,,,,,1503
0,"DIPHCOM","3","3","1","1","U","N",,,,,,,,,,,,,,,,,,,,,1504
0,"DIPHFOL","0","0","0","0","U","N",,,,,,,,,,,,,,,,,,,,,4417
0,"DIPHSIT","1","4","1","1","U","N",,,,,,,,,,,,,,,,,,,,,1678
0,"DIPHYSC","0","0","0","0","U","N",,,,,,,,,,,,,,,,,,,,,4418
0,"DIPLALB","2","0","0","4","U","N",,,,,,,,,,,,,,,,,,,,,5333
0,"DIPLALO","0","0","0","0","U","N",,,,,,,,,,,,,,,,,,,,,6473
0,"DIPLAND","0","0","0","0","U","N",,,,,,,,,,,,,,,,,,,,,5334
0,"DIPLAPI","0","0","0","4","U","N",,,,,,,,,,,,,,,,,,,,,5335
0,"DIPLAPI1","0","0","0","0","U","N",,,,,,,,,,,,,,,,,,,,,5336
0,"DIPLAPI2","0","0","0","0","U","N",,,,,,,,,,,,,,,,,,,,,5337
0,"DIPLASI","0","0","0","0","U","N",,,,,,,,,,,,,,,,,,,,,5332
0,"DIPLBIS","0","0","0","0","U","N",,,,,,,,,,,,,,,,,,,,,6468
0,"DIPLCHL","0","0","0","0","U","N",,,,,,,,,,,,,,,,,,,,,6474
0,"DIPLIMB","0","0","0","0","U","N",,,,,,,,,,,,,,,,,,,,,5338
0,"DIPLMIC","0","0","0","0","U","N",,,,,,,,,,,,,,,,,,,,,5339
0,"DIPLMUS","0","0","0","0","U","N",,,,,,,,,,,,,,,,,,,,,6469
0,"DIPLMUS1","0","0","0","0","U","N",,,,,,,,,,,,,,,,,,,,,6470
0,"DIPLOBT","5","4","1","0","U","N",,,,,,,,,,,,,,,,,,,,,5340
0,"DIPLOBU","0","0","0","0","U","N",,,,,,,,,,,,,,,,,,,,,5341
0,"DIPLOPH","0","0","0","0","U","N",,,,,,,,,,,,,,,,,,,,,5343
0,"DIPLOSC","0","0","0","0","U","N",,,,,,,,,,,,,,,,,,,,,6472
0,"DIPLOTA","0","0","0","0","U","E",,,,,,,,,"OS",,,,,,,,,,,,8027
0,"DIPLOTO","0","0","0","0","U","N",,,,,,,,,,,,,,,,,,,,,6475
0,"EPILPYG","0","0","0","0","U","N",,,,,,,,,,,,,,,,,,,,,3041
0,"EPILSAX","0","0","0","0","U","N",,,,,,,,,,,,,,,,,,,,,3042
0,"EPILTET","0","0","0","0","U","E",,,,,,,,,,,,,,,,,,,,,7845
0,"EPILTET1","0","0","0","0","U","E",,,,,,,,,,,,,,,,,,,,,7846
0,"EPILTOR","0","0","0","0","U","N",,,,,,,,,,,,,,,,,,,,,3044
0,"EPILXTR","0","0","0","0","U","N",,,,,,,,,,,,,,,,,,,,,1298
0,"EPIPACT","0","0","0","0","U","N",,,,,,,,,,,,,,,,,,,,,3047
0,"EPIPGIG","0","0","0","0","U","N",,,,,,,,,,,,,,,,,,"3",,,3045
0,"EPIPHEL","5","2","0","3","U","E",,,,,,,,,,,,,,,,,,"4",,,3046
0,"EPIPTER","0","0","0","0","U","N",,,,,,,,,,,,,,,,,,,,,4464
0,"EPIPTOZ","0","0","0","0","U","N",,,,,,,,,,,,,,,,,,,,,4465
0,"ERIOCHA3","0","6","1","5","U","N",,,,,,,,,,,,,,,,,,,,,7570
0,"EQUIARV","0","0","2","0","U","N",,"L",,"L",,"C,H,S","I","O","P2","SPR","LE,SE,ST","O-thiaminase, P2-cause thiamine deficiency","2","2","1","P","I","4",,,1711
0,"EQUIFLU","0","0","0","0","U","N",,"L",,"L",,,"I","O","PX","U",,,"1","1","0",,,"2",,,1712
0,"EQUIHYE","0","4","3","3","U","N",,"L",,"L",,,"I","O","PX","U",,"O-other or unknown",,,,,,,,,1713
0,"EQUIHYE1","0","0","0","0","U","N",,"L",,"L",,,"I","O","PX","U",,"O-other or unknown",,,,,,,,,1714
0,"EQUILAE","5","3","2","3","U","N",,"L",,"L",,,"I","O","PX","U",,"O-other or unknown",,,,,,"4",,,1715
0,"EQUIPAL","0","5","1","1","U","N",,"L",,"L",,"C,H,S","I","A,O","P2","SPR","LE,ST","A-palustrine, O-thiaminase",,,,,,"3",,,1716
0,"EQUIPRA","0","0","3","3","U","N",,"L",,"L",,,"I","O","PX","U",,,"2","2","0",,,"4",,,1717
0,"EQUISCI","0","0","3","2","U","N",,,,,,,,,"OS",,,,,,,,,"4",,,1718
0,"EQUISEA","0","0","0","0","U","N",,,,,,,,,,,,,,,,,,,,,1710
0,"EQUISET","0","0","0","0","U","N",,,,,,,,,"OS",,,,"2","2","1",,,,,,1719
0,"EQUISYL","3","5","1","1","U","N",,"L",,"L",,,"I","O","PX","U",,,,,,,,"3",,,1720
0,"EQUITEL","4","4","3","3","U","N",,"L",,"L",,,"I","O","PX","U",,,,,,,,,,,1721
0,"EQUITEL2","0","0","0","0","U","N",,,,,,,,,"OS",,,,,,,,,,,,1722
0,"EQUIVAR","0","5","3","3","U","N",,"L",,"L",,,"I","O","PX","U",,,,,,,,"3",,,1723
0,"EQUIVAR1","0","0","0","0","U","N",,"L",,"L",,,"I","O","PX","U",,,,,,,,,,,1724
0,"EQUIVAR2","0","0","0","0","U","N",,"L",,"L",,,"I","O","PX","U",,,,,,,,,,,1725
0,"ERAGCIL","0","0","0","0","U","E",,"L",,"L",,"H","I","O","PX","U",,"O-other or unknown",,,,,,,,,2080
0,"ERAGMEX","0","0","0","0","U","N",,,,,,,,,"OS",,,,,,,,,,,,7619
0,"ERAGMEX1","0","0","0","0","U","E",,,,,,,,,"OS",,,,,,,,,,,,7618
0,"ERAGMIN","0","0","0","0","U","E",,,,,,,,,"OS",,,,,,,,,,,,2081
0,"ERAGMUL","0","0","0","0","U","E",,,,,,,,,"OS",,,,,,,,,,,,7847
0,"ERAGPEC","0","0","0","0","U","E",,,,,,,,,"OS",,,,,,,,,,,,2082
0,"ERAGPIL","0","0","0","0","U","E",,,,,,,,,"OS",,,,,,,,,,,,2083
0,"ERAGROS","0","0","0","0","U","N",,,,,,,,,"OS",,,,,,,,,,,,2084
0,"EREMCAP","0","0","0","0","U","N",,,,,,,,,,,,,,,,"P",,,,,7674
0,"EREMCAP1","0","0","0","0","U","N",,,,,,,,,,,,,,,,,,,,,7673
0,"EREMOPY","0","0","0","0","U","E",,,,,,,,,,,,,,,,,,,,,2085
0,"EREMORI","0","0","0","0","U","E",,,,,,,,,,,,,,,,,,,,,7620
0,"EREMTRI","0","0","0","0","U","E",,,,,,,,,,,,,,,,,,,,,2086
0,"ERICACE","0","0","0","0","U","N",,,,,,,,,,,,,,,,,,,,,123
0,"ERICAME",,,,,"U","N",,,,,,,,,,,,,,,,,,,,,3049
0,"ERICBLO","0","0","0","0","U","N",,,,,,,,,,,,,,,,,,,,,3048
0,"ERICNAU","0","0","0","0","U","N",,,,,,,,,,,,,,,,"P",,,,,7459
0,"ERICNAU1","0","0","0","0","U","N",,"L",,"L",,"C","I","O","P3","U","LE","P3-poisoning rare, unpalatable, O-unknown toxin",,,,,,,,,7460
0,"ERIGACR","0","0","0","0","U","N",,,,,,,,,,,,,,,,,,"4",,,3050
0,"ERIGACR6","0","0","0","0","U","N",,,,,,,,,,,,,,,,,,"4",,,7827
0,"ERIGANN","5","5","3","3","U","E",,,,,,,,,,,,,,,,,,,,,3051
0,"ERIGAUR","1","2","2","0","U","N",,,,,,,,,,,,,,,,,,,,,3052
0,"ERIGCAE","0","0","0","0","U","N",,,,,,,,,,,,,,,,,,,,,3053
0,"ERIGCOM","0","0","0","0","U","N",,,,,,,,,,,,,,,,"P",,,,,3054
0,"ERIGCOR","0","0","0","0","U","N",,,,,,,,,,,,,,,,,,,,,3055
0,"ERIGDEN","0","0","0","0","U","N",,,,,,,,,,,,,,,,,,,,,8254
0,"ERIGDIV","0","0","0","0","U","N",,,,,,,,,,,,,,,,,,,,,3056
0,"ERIGELA","0","0","0","0","U","N",,,,,,,,,,,,,,,,,,,,,3057
0,"ERIGERO","0","0","0","0","U","N",,,,,,,,,,,,,,,,,,,,,3091
0,"ERIGFIL","0","0","0","0","U","N",,,,,,,,,,,,,,,,"P",,,,,3058
0,"ERIGFLA","0","0","0","0","U","N",,,,,,,,,,,,,,,,"P",,,,,3059
0,"ERIGGLA","0","0","0","0","U","N",,,,,,,,,,,,,,,,,,,,,3060
0,"ERIGGLA2","0","0","0","0","U","N",,,,,,,,,,,,,,,,,,,,,3061
0,"ERIGGRA","0","0","0","0","U","N",,,,,,,,,,,,,,,,,,,,,3062
0,"ERIGHUM","0","0","0","0","U","N",,,,,,,,,,,,,,,,,,"4",,,3063
0,"ERIGLAN","0","0","0","0","U","N",,,,,,,,,,,,,,,,,,,,,3064
0,"ERIGLEI","0","0","0","0","U","N",,,,,,,,,,,,,,,,,,,,,3065
0,"ERIGLIN","0","0","0","0","U","N",,,,,,,,,,,,,,,,"P",,,,,3066
0,"ERIGLON","0","0","0","0","U","N",,,,,,,,,,,,,,,,,,,,,3067
0,"ERIGNIV","0","0","0","0","U","N",,,,,,,,,,,,,,,,,,,,,7828
0,"ERIGOCH",,,,,"U","N",,,,,,,,,,,,,,,,,,,,,3068
0,"ERIGPAL","0","0","0","0","U","N",,,,,,,,,,,,,,,,,,,,,3069
0,"ERIGPER","1","4","3","0","U","N",,,,,,,,,,,,,,,,"F",,"4",,,3070
0,"ERIGGLC1","0","0","0","0","U","N",,,,,,,,,,,,,,,,,,,,,3071
0,"ERIGPER2","0","0","0","0","U","N",,,,,,,,,,,,,,,,,,,,,3084
0,"ERIGPHI","0","5","3","3","U","N",,,,,,,,,,,,,,,,,,,,,3085
0,"ERIGPOL","6","2","2","3","U","N",,,,,,,,,,,,,,,,,,,,,3086
0,"ERIGPOL1","0","0","0","0","U","N",,,,,,,,,,,,,,,,,,,,,3087
0,"ERIGPUM","0","0","0","0","U","N",,,,,,,,,,,,,,,,"P",,,,,3088
0,"ERIGPUM2","0","0","0","0","U","N",,,,,,,,,,,,,,,,,,,,,3089
0,"ERIGSAL","0","0","0","0","U","N",,,,,,,,,,,,,,,,,,,,,3090
0,"ERIGSPE","3","0","2","3","U","N",,,,,,,,,,,,,,,,"F",,,,,3092
0,"ERIGSTR","0","0","0","0","U","N",,,,,,,,,,,,,,,,,,,,,3093
0,"ERIGSTR1","0","0","0","0","U","N",,,,,,,,,,,,,,,,,,,,,3094
0,"ERIGTRI","0","0","0","0","U","N",,,,,,,,,,,,,,,,,,,,,3095
0,"ERIGUNI","0","0","0","0","U","N",,,,,,,,,,,,,,,,,,,,,3096
0,"ERIGUNI2","0","0","0","0","U","N",,,,,,,,,,,,,,,,,,,,,3097
0,"ERIOAND","0","0","0","0","U","N",,,,,,,,,,,,,,,,,,,,,3098
0,"ERIOANG","0","6","1","5","U","N",,,,,,,,,,,,,,,,,,"2",,,2087
0,"ERIOBRA","0","0","0","0","U","N",,,,,,,,,,,,,,,,,,"2",,,2088
0,"ERIOCAL","0","0","0","0","U","N",,,,,,,,,,,,,,,,,,"3",,,2089
0,"ERIOCHA","0","6","1","5","U","N",,,,,,,,,,,,,,,,"P",,"2",,,2090
0,"FULGDES","0","0","0","0","U","N",,,,,,,,,,,,,,,,,,,,,6504
0,"FULGENS","0","0","0","0","U","N",,,,,,,,,,,,,,,,,,,,,6505
0,"FUMAMAR","0","0","0","0","U","E",,,,,,,,,,,,,,,,,,,,,7723
0,"FUMAMUR","0","0","0","0","U","E",,,,,,,,,,,,,,,,,,,,,8038
0,"FUMAOFF","0","0","0","0","U","E",,,,,,,,,,,,,,,,,,,,,3187
0,"FUMARIA","0","0","0","0","U","E",,,,,,,,,,,,,,,,,,,,,3188
0,"FUMARIC","0","0","0","0","U","N",,,,,,,,,,,,,,,,,,,,,3189
0,"FUNAHYG","0","0","0","0","U","N",,,,,,,,,,,,,,,,,,,,,4496
0,"FUNAMUH","0","0","0","0","U","N",,,,,,,,,,,,,,,,,,,,,4497
0,"FUNARIA","0","0","0","0","U","N",,,,,,,,,,,,,,,,,,,,,4498
0,"FUNARIC","0","0","0","0","U","N",,,,,,,,,,,,,,,,,,,,,4499
0,"FUSCAHL","0","0","0","0","U","N",,,,,,,,,,,,,,,,,,,,,6509
0,"FUSCIDA","0","0","0","0","U","N",,,,,,,,,,,,,,,,,,,,,6508
0,"FUSCIDE","0","0","0","0","U","N",,,,,,,,,,,,,,,,,,,,,6507
0,"FUSCLEO","0","0","0","0","U","N",,,,,,,,,,,,,,,,,,,,,6510
0,"FUSCMED","0","0","0","0","U","N",,,,,,,,,,,,,,,,,,,,,6511
0,"FUSCMOL","0","0","0","0","U","N",,,,,,,,,,,,,,,,,,,,,6506
0,"FUSCOPA","0","0","0","0","U","N",,,,,,,,,,,,,,,,,,,,,6514
0,"FUSCPRE","0","0","0","0","U","N",,,,,,,,,,,,,,,,,,,,,6512
0,"VAHLSAU","0","0","0","0","U","N",,,,,,,,,,,,,,,,,,,,,6513
0,"GADELAC","0","0","0","0","U","E",,,,,,,,,,,,,,,,,,,,,7516
0,"GAILARI","0","0","0","0","U","N",,,,,,,,,,,,,,,,"P",,,,,3190
0,"GAILLAR","0","0","0","0","U","N",,,,,,,,,,,,,,,,,,,,,3191
0,"GALEBIF","0","0","0","0","U","E",,,,,,,,,,,,,,,,,,,,,3192
0,"GALEOPS","0","0","0","0","U","E",,,,,,,,,,,,,,,,,,,,,3193
0,"GALETET","0","0","0","0","U","E",,,,,,,,,,,,,,,,,"I",,,,3194
0,"GALETET2","0","0","0","0","U","E",,,,,,,,,,,,,,,,,"I",,,,3195
0,"GALIANG","0","0","0","0","U","E",,,,,,,,,,,,,,,,,,,,,461
0,"GALIAPA","5","0","3","0","U","N",,,,,,,,,,,,,,,,,"R","4",,,3198
0,"GALIBIF","0","0","0","0","U","N",,,,,,,,,,,,,,,,,,,,,3199
0,"GALIBOR","0","5","2","0","U","N",,,,,,,,,,,,,,,,"P",,,,,3200
0,"GALIKAM","0","5","3","2","U","N",,,,,,,,,,,,,,,,,,,,,3201
0,"GALILAB","0","0","0","0","U","N",,,,,,,,,,,,,,,,,,"3",,,3202
0,"GALIMEX","0","0","0","0","U","N",,,,,,,,,,,,,,,,,,,,,3203
0,"GALIMOL","0","0","0","0","U","E",,,,,,,,,,,,,,,,,,,,,2883
0,"GALIMUL","0","0","0","0","U","N",,,,,,,,,,,,,,,,,,,,,2884
0,"GALINSO","0","0","0","0","U","E",,,,,,,,,,,,,,,,,,,,,3197
0,"GALIODO","0","0","0","0","U","E",,,,,,,,,,,,,,,,,,,,,2939
0,"GALIPAL","0","0","0","0","U","N",,,,,,,,,,,,,,,,,,,,,462
0,"GALIPAR","0","0","0","0","U","E",,,,,,,,,,,,,,,,,,,,,3196
0,"GALIPAR1","0","0","0","0","U","E",,,,,,,,,,,,,,,,,,,,,7984
0,"GALIQUA","0","0","0","0","U","E",,,,,,,,,,,,,,,,,,,,,7464
0,"GENTTEN1","0","0","0","0","U","N",,,,,,,,,,,,,,,,,,,,,1119
0,"GEOCALC","0","0","0","0","U","N",,,,,,,,,,,,,,,,,,,,,5393
0,"GEOCALY","0","0","0","0","U","N",,,,,,,,,,,,,,,,,,,,,5395
0,"GEOCAUL","0","0","0","0","U","N",,,,,,,,,,,,,,,,,,,,,1121
0,"GEOCGRA","0","0","0","0","U","N",,,,,,,,,,,,,,,,,,"4",,,5394
0,"GEOCLIV","3","0","1","1","U","N",,,,,,,,,,,,,,,,"P",,"4",,,1120
0,"GEOTHAL","0","0","0","0","U","N",,,,,,,,,,,,,,,,,,,,,5396
0,"GEOTTUB","0","0","0","0","U","N",,,,,,,,,,,,,,,,,,,,,5397
0,"GERABIC","3","0","0","3","U","N",,,,,,,,,,,,,,,,,,,,,1123
0,"GERACAR","0","0","0","0","U","N",,,,,,,,,,,,,,,,,,,,,1124
0,"GERADIS","0","0","0","0","U","E",,,,,,,,,,,,,,,,,,,,,1125
0,"GERAERI","0","0","0","0","U","N",,,,,,,,,,,,,,,,,,,,,1126
0,"GERALUC","0","0","0","0","U","E",,,,,,,,,,,,,,,,,,,,,8039
0,"GERAMOL","4","2","2","3","U","E",,,,,,,,,,,,,,,,,,,,,1127
0,"GERANIA","0","0","0","0","U","N",,,,,,,,,,,,,,,,,,,,,1122
0,"GERANIU","0","0","0","0","U","N",,,,,,,,,,,,,,,,,,,,,1131
0,"GERAPUS","4","0","3","3","U","E",,,,,,,,,,,,,,,,,,,,,1128
0,"GERARIC","0","0","0","0","U","N",,,,,,,,,,,,,,,,"F",,,,,1129
0,"GERAROB","0","0","3","3","U","E",,,,,,,,,,,,,,,,,,,,,1130
0,"GERAVIS","0","0","0","0","U","N",,,,,,,,,,,,,,,,"F",,,,,1132
0,"GERAVIS2","0","0","0","0","U","N",,,,,,,,,,,,,,,,,,,,,1133
0,"GEUM","0","0","0","0","U","N",,,,,,,,,,,,,,,,,,,,,1143
0,"GEUMALE","5","5","3","2","U","N",,,,,,,,,,,,,,,,,,"4",,,1134
0,"GEUMCAL","1","6","2","0","U","N",,,,,,,,,,,,,,,,,,"4",,,1135
0,"GEUMMAC","0","4","3","3","U","N",,,,,,,,,,,,,,,,,,"4",,,1136
0,"GEUMMAC1","0","0","0","0","U","N",,,,,,,,,,,,,,,,,,,,,1137
0,"GEUMMAC2","0","0","0","0","U","N",,,,,,,,,,,,,,,,,,"4",,,1138
0,"GEUMRIV","0","0","0","0","U","N",,,,,,,,,,,,,,,,,,"4",,,1139
0,"GEUMROS","0","0","0","0","U","N",,,,,,,,,,,,,,,,,,,,,1140
0,"GEUMROS1","0","0","0","0","U","N",,,,,,,,,,,,,,,,,,,,,1141
0,"GEUMSCH","0","0","0","0","U","N",,,,,,,,,,,,,,,,,,,,,1142
0,"GEUMTRI","0","0","0","0","U","N",,,,,,,,,,,,,,,,"P",,,,,1144
0,"GEUMTRI1","0","0","0","0","U","N",,,,,,,,,,,,,,,,,,,,,1145
0,"GEUMTRI2","0","0","0","0","U","N",,,,,,,,,,,,,,,,,,,,,1146
0,"GILIA","0","0","0","0","U","N",,,,,,,,,,,,,,,,,,,,,138
0,"GILICAP","0","0","0","0","U","N",,,,,,,,,,,,,,,,,,,,,135
0,"GILICAP2","0","0","0","0","U","E",,,,,,,,,,,,,,,,,,,,,136
0,"GILISIN","0","0","0","0","U","N",,,,,,,,,,,,,,,,,,,,,137
0,"GITHOPS","0","0","0","0","U","N",,,,,,,,,,,,,,,,,,,,,139
0,"GITHSPE","0","0","0","0","U","N",,,,,,,,,,,,,,,,,,"3",,,140
0,"GLAUMAR","0","0","0","0","U","N",,,,,,,,,,,,,,,,,,"3",,,141
0,"GLAUMAR1","0","0","0","0","U","N",,,,,,,,,,,,,,,,,,,,,142
0,"GLAUMAR2","0","0","0","0","U","N",,,,,,,,,,,,,,,,,,,,,143
0,"GLAUX","0","0","0","0","U","N",,,,,,,,,,,,,,,,,,,,,144
0,"GLECHED","0","0","0","0","U","E",,"L",,"L",,"H","I","O","P1","U","LE,ST",,,,,,,,,,145
0,"GLECHOM","0","0","0","0","U","E",,,,,,,,,"OS",,,,,,,,,,,,146
0,"GLEHLIT","0","0","0","0","U","N",,,,,,,,,,,,,,,,,,,,,147
0,"GLEHLIT1","0","0","0","0","U","N",,,,,,,,,,,,,,,,,,,,,148
0,"GLEHNIA","0","0","0","0","U","N",,,,,,,,,,,,,,,,,,,,,149
0,"GLYCBOR","0","6","0","5","U","N",,,,,,,,,"OS",,,,,,,,,"2",,,2119
0,"GLYCCAN","0","0","0","0","U","E",,,,,,,,,"OS",,,,,,,,,"2",,,2120
0,"GLYCDEC","0","0","0","0","U","E",,,,,,,,,"OS",,,,,,,,,,,,1639
0,"GLYCELA","0","6","3","5","U","N",,,,,,,,,"OS",,,,,,,,,"3",,,2121
0,"GLYCERI","0","0","0","0","U","N",,,,,,,,,"OS",,,,,,,,,,,,2126
0,"GLYCFLU","0","0","0","0","U","N",,,,,,,,,,,,,,,,,,,,,1299
0,"GLYCGRA","0","6","3","5","U","N",,"L",,"L",,"C","I","O","P1","SPR","LE,ST","O-an  unknown cyanogenic glycoside",,,,"G",,"2",,,2122
0,"GLYCLEI","0","0","0","0","U","N",,,,,,,,,,,,,,,,,,,,,150
0,"GLYCLEP","0","0","0","0","U","N",,,,,,,,,"OS",,,,,,,,,"3",,,2123
0,"GLYCMAX","0","0","0","0","U","E",,,,,,,,,"OS",,,,,,,,,"2",,,2124
0,"GLYCPUL","0","0","0","0","U","N",,,,,,,,,,,,,,,,,,"3",,,2125
0,"GLYCSTR","0","6","3","5","U","N",,"L",,"L",,"C","I","G","PX","U",,,,,,"G",,"3",,,2127
0,"GLYCXOC","0","0","0","0","U","N",,,,,,,,,"OS",,,,,,,,,,,,443
0,"GLYPHOL","0","0","0","0","U","N",,,,,,,,,,,,,,,,,,,,,6516
0,"GLYPSCA","0","0","0","0","U","N",,,,,,,,,,,,,,,,,,,,,6515
0,"GNAPHAL","0","0","0","0","U","N",,,,,,,,,,,,,,,,,,,,,152
0,"GNAPPAL","0","0","0","0","U","N",,,,,,,,,,,,,,,,"P",,,,,151
0,"GNAPULI","0","0","0","0","U","E",,,,,,,,,,,,,,,,,"I",,,,153
0,"GOLLANI","0","0","0","0","U","N",,,,,,,,,,,,,,,,,,,,,4502
0,"GOLLTUR","0","0","0","0","U","N",,,,,,,,,,,,,,,,,,,,,4503
0,"GOMPHIL","0","0","0","0","U","N",,,,,,,,,,,,,,,,,,,,,6517
0,"GONOHYM","0","0","0","0","U","N",,,,,,,,,,,,,,,,,,,,,6519
0,"GONONIG","0","0","0","0","U","N",,,,,,,,,,,,,,,,,,,,,6518
0,"GOODOBL","0","3","1","1","U","N",,,,,,,,,,,,,,,,,,,,,154
0,"GOODREP","3","3","1","1","U","N",,,,,,,,,,,,,,,,,,,,,155
0,"GOODYER","0","0","0","0","U","N",,,,,,,,,,,,,,,,,,,,,156
0,"GRAPANG","0","0","0","0","U","N",,,,,,,,,,,,,,,,,,,,,6521
0,"GRAPELE","0","0","0","0","U","N",,,,,,,,,,,,,,,,,,,,,6523
0,"GRAPHID","0","0","0","0","U","N",,,,,,,,,,,,,,,,,,,,,6520
0,"GRAPHIN","0","0","0","0","U","N",,,,,,,,,,,,,,,,,,,,,6522
0,"GRAPHIS","0","0","0","0","U","N",,,,,,,,,,,,,,,,,,,,,6525
0,"GRAPSCR","0","0","0","0","U","N",,,,,,,,,,,,,,,,,,,,,6524
0,"GRATEBR","0","0","0","0","U","N",,,,,,,,,,,,,,,,,,,,,157
0,"GRATIOL","0","0","0","0","U","N",,,,,,,,,,,,,,,,,,,,,159
0,"GRATNEG","0","0","0","0","U","N",,,,,,,,,,,,,,,,,,,,,158
0,"GRIMLON","0","0","0","0","U","N",,,,,,,,,,,,,,,,,,,,,4504
0,"GRIMANM","0","0","0","0","U","N",,,,,,,,,,,,,,,,,,,,,4506
0,"GRIMANO","0","0","0","0","U","N",,,,,,,,,,,,,,,,,,,,,4505
0,"GRIMBRI","0","0","0","0","U","N",,,,,,,,,,,,,,,,,,,,,4507
0,"GRIMDON","0","0","0","0","U","N",,,,,,,,,,,,,,,,,,,,,4508
0,"GRIMELA","0","0","0","0","U","N",,,,,,,,,,,,,,,,,,,,,4509
0,"GRIMELO","0","0","0","0","U","N",,,,,,,,,,,,,,,,,,,,,4510
0,"GRIMINC","0","0","0","0","U","N",,,,,,,,,,,,,,,,,,,,,7934
0,"GRIMLAE","0","0","0","0","U","N",,,,,,,,,,,,,,,,,,,,,4511
0,"GRIMMIA","0","0","0","0","U","N",,,,,,,,,,,,,,,,,,,,,4519
0,"GRIMMIC","0","0","0","0","U","N",,,,,,,,,,,,,,,,,,,,,4526
0,"GRIMMOL","0","0","0","0","U","N",,,,,,,,,,,,,,,,,,,,,4512
0,"GRIMMON","0","0","0","0","U","N",,,,,,,,,,,,,,,,,,,,,4513
0,"GRIMOVA","0","0","0","0","U","N",,,,,,,,,,,,,,,,,,,,,4514
0,"GRIMPLA","0","0","0","0","U","N",,,,,,,,,,,,,,,,,,,,,4515
0,"GRIMPUL","0","0","0","0","U","N",,,,,,,,,,,,,,,,,,,,,4516
0,"GRIMPUL1","0","0","0","0","U","N",,,,,,,,,,,,,,,,,,,,,4517
0,"GRIMPUL2","0","0","0","0","U","N",,,,,,,,,,,,,,,,,,,,,4518
0,"GRIMTEE","0","0","0","0","U",,,,,,,,,,,,,,,,,,,,,,8100
0,"GRIMTER","0","0","0","0","U","N",,,,,,,,,,,,,,,,,,,,,4520
0,"GRIMTOR","0","0","0","0","U","N",,,,,,,,,,,,,,,,,,,,,4521
0,"GRIMTOR1","0","0","0","0","U","N",,,,,,,,,,,,,,,,,,,,,4522
0,"GRIMTOR2","0","0","0","0","U","N",,,,,,,,,,,,,,,,,,,,,4523
0,"GRIMTRI","0","0","0","0","U","N",,,,,,,,,,,,,,,,,,,,,4524
0,"GRIMUNI","0","0","0","0","U","N",,,,,,,,,,,,,,,,,,,,,4525
0,"GRINDEL","0","0","0","0","U","N",,,,,,,,,"OS",,,,,,,,,,,,823
0,"GRINHIR","0","0","0","0","U","N",,,,,,,,,,,,,,,,,,,,,6322
0,"GRINHIR1","0","0","0","0","U","N",,,,,,,,,,,,,,,,,,,,,6323
0,"GRINSQU","0","0","0","0","U","N",,"H,L","H","L",,"P","I","S","PX","U",,,,,,,,,,,824
0,"GRINSQU1","0","0","0","0","U","N",,"H,L","H","L",,"P","I","S","PX","U",,,,,,,,,,,825
0,"GRINSQU2","0","0","0","0","U","N",,"H,L","H","L",,"P","I","S","PX","U",,,,,,,,,,,826
0,"GRINSQU3","0","0","0","0","U","N",,"H,L","H","L",,"P","I","S","PX","U",,,,,,,,,,,827
0,"GRINSTR","4","0","0","3","U","N",,,,,,,,,"OS",,,,,,,,,,,,7856
0,"GROSSUL","0","0","0","0","U","N",,,,,,,,,,,,,,,,,,,,,1265
0,"GYALANA","0","0","0","0","U","N",,,,,,,,,,,,,,,,,,,,,6531
0,"GYALECA","0","0","0","0","U","N",,,,,,,,,,,,,,,,,,,,,6528
0,"GYALECT","0","0","0","0","U","N",,,,,,,,,,,,,,,,,,,,,6527
0,"GYALHYA","0","0","0","0","U","N",,,,,,,,,,,,,,,,,,,,,6529
0,"GYALIDE","0","0","0","0","U","N",,,,,,,,,,,,,,,,,,,,,6530
0,"GYALIDO","0","0","0","0","U","N",,,,,,,,,,,,,,,,,,,,,6533
0,"GALISPU","0","0","0","0","U","E",,,,,,,,,,,,,,,,,,,,,6314
0,"GALITRD","0","6","1","5","U","N",,,,,,,,,,,,,,,,,,"3",,,2941
0,"GALITRD2","0","0","0","0","U","N",,,,,,,,,,,,,,,,,,"3",,,2944
0,"GALITRD3","0","0","0","0","U","N",,,,,,,,,,,,,,,,,,,,,2942
0,"GALITRD4","0","0","0","0","U","N",,,,,,,,,,,,,,,,,,,,,2943
0,"GALITRF","0","4","3","2","U","N",,,,,,,,,,,,,,,,"P",,"4",,,2945
0,"GALIUM","0","0","0","0","U","N",,,,,,,,,,,,,,,,,,,,,2940
0,"GALIVER","0","0","0","0","U","E",,,,,,,,,,,,,,,,,,,,,2946
0,"GAMOCHA","0","0","0","0","U","E",,,,,,,,,,,,,,,,,,,,,7851
0,"GAMOUST","0","0","0","0","U","E",,,,,,,,,,,,,,,,,,,,,7850
0,"GAULHIS","3","5","1","1","U","N",,,,,,,,,,,,,,,,,,"3",,,7407
0,"GAULHUM","1","4","1","1","U","N",,,,,,,,,,,,,,,,,,,,,7408
0,"GAULOVA","3","2","1","1","U","N",,,,,,,,,,,,,,,,,,,,,7409
0,"GAULSHA","4","0","1","1","U","N",,,,,,,,,,,,,"0","2","2",,,"4",,,1109
0,"GAULTHE","0","0","0","0","U","N",,,,,,,,,,,,,,,,,,,,,125
0,"GAURA","0","0","0","0","U","N",,,,,,,,,,,,,,,,,,,,,2948
0,"GAURCOC","0","0","0","0","U","N",,,,,,,,,,,,,,,,,,,,,2947
0,"GAYODIF","0","0","0","0","U","N",,,,,,,,,,,,,,,,,,,,,2949
0,"GAYODIF1","0","0","0","0","U","N",,,,,,,,,,,,,,,,,,,,,2950
0,"GAYOHUM","0","0","0","0","U","N",,,,,,,,,,,,,,,,,,,,,2951
0,"GAYOPHY","0","0","0","0","U","N",,,,,,,,,,,,,,,,,,,,,2953
0,"GAYORAC","0","0","0","0","U","N",,,,,,,,,,,,,,,,,,,,,1198
0,"GAYORAM","0","0","0","0","U","N",,,,,,,,,,,,,,,,,,,,,2952
0,"GEHEEBI","0","0","0","0","U","N",,,,,,,,,,,,,,,,,,,,,4501
0,"GEHEGIG","0","0","0","0","U","N",,,,,,,,,,,,,,,,,,,,,4500
0,"GENTAFF","0","0","0","0","U","N",,,,,,,,,,,,,,,,,,,,,2954
0,"GENTAMA","0","5","2","0","U","N",,,,,,,,,,,,,,,,"P",,"4",,,3219
0,"GENTAMA1","0","0","0","0","U","N",,,,,,,,,,,,,,,,,,,,,3220
0,"GENTCAL","0","0","0","0","U","N",,,,,,,,,,,,,,,,,,,,,2955
0,"GENTDOU","4","6","1","5","U","N",,,,,,,,,,,,,,,,,,"3",,,2956
0,"GENTGLA","0","0","0","0","U","N",,,,,,,,,,,,,,,,"P",,,,,2957
0,"GENTIAA","0","0","0","0","U","N",,,,,,,,,,,,,,,,,,,,,3218
0,"GENTIAE","0","0","0","0","U","N",,,,,,,,,,,,,,,,,,,,,1117
0,"GENTIAN","0","0","0","0","U","N",,,,,,,,,,,,,,,,,,,,,2961
0,"GENTIAO","0","0","0","0","U","N",,,,,,,,,,,,,,,,,,,,,8058
0,"GENTMAO","0","0","0","0","U","N",,,,,,,,,,,,,,,,,,,,,1181
0,"GENTPLA","0","0","0","0","U","N",,,,,,,,,,,,,,,,,,,,,2958
0,"GENTPRP","0","0","0","0","U","N",,,,,,,,,,,,,,,,,,,,,3221
0,"GENTPRP1","0","0","0","0","U","N",,,,,,,,,,,,,,,,,,,,,1116
0,"GENTPRS","0","0","0","0","U","N",,,,,,,,,,,,,,,,,,,,,2959
0,"GENTSCE","4","6","2","5","U","N",,,,,,,,,,,,,,,,,,"3",,,2960
0,"GENTTEN","0","0","0","0","U","N",,,,,,,,,,,,,,,,,,,,,1118
0,"ELYMALA2","0","0","0","0","U","N",,,,,,,,,,,,,,,,,,,,,8032
0,"ELYMALB","0","0","0","0","U","N",,,,,,,,,,,,,,,,"G",,,,,1296
0,"ELYMCAN","2","3","2","0","U","N",,,,,,,,,,,,,,,,,,"4",,,2064
0,"ELYMELY","0","0","0","0","U","N",,,,,,,,,,,,,,,,,,,,,2065
0,"ELYMELY1","0","0","0","0","U","N",,,,,,,,,,,,,,,,,,,,,2066
0,"ELYMELY2","0","0","0","0","U","N",,,,,,,,,,,,,,,,,,,,,2067
0,"ELYMGLA","5","3","3","0","U","N",,,,,,,,,,,,,,,,"G",,,,,2068
0,"ELYMGLA2","0","0","0","0","U","N",,,,,,,,,,,,,,,,,,,,,2069
0,"ELYMGLA4","0","0","0","0","U","N",,,,,,,,,,,,,,,,,,,,,2070
0,"ELYMHIR","0","5","3","0","U","N",,,,,,,,,,,,,,,,,,"4",,,2071
0,"ELYMLAN","0","0","0","0","U","N",,,,,,,,,,,,,,,,,,,,,2072
0,"ELYMLAN2","0","0","0","0","U","N",,,,,,,,,,,,,,,,,,,,,2073
0,"ELYMLAN4","0","0","0","0","U","N",,,,,,,,,,,,,,,,,,,,,451
0,"ELYMREP","0","0","0","0","U","E",,,,,,,,,,,,,,,,"G","R",,,,2074
0,"ELYMSIB","0","0","0","0","U","N",,,,,,,,,,,,,,,,,,,,,7617
0,"ELYMTRA","0","0","0","0","U","N",,,,,,,,,,,,,,,,"G",,,,,2076
0,"ELYMTRA1","0","0","0","0","U","N",,,,,,,,,,,,,,,,,,,,,2077
0,"ELYMTRA2","0","0","0","0","U","N",,,,,,,,,,,,,,,,,,,,,2078
0,"ELYMUS","0","0","0","0","U","N",,,,,,,,,,,,,,,,,,,,,2075
0,"ELYMVIO","0","0","0","0","U","N",,,,,,,,,,,,,,,,,,,,,8033
0,"ELYMVIR","0","0","0","0","U","N",,,,,,,,,,,,,,,,,,,,,861
0,"ELYMVIR1","0","0","0","0","U","N",,,,,,,,,,,,,,,,,,,,,862
0,"ELYMXSA","0","0","0","0","U","N",,,,,,,,,,,,,,,,,,,,,2079
0,"EMPENIG","0","0","1","1","U","N",,,,,,,,,,,,,"2","0","2",,,"4",,,7405
0,"EMPETRA","0","0","0","0","U","N",,,,,,,,,,,,,,,,,,,,,7404
0,"EMPETRU","0","0","0","0","U","N",,,,,,,,,,,,,,,,,,,,,7406
0,"ENCAAFF","0","0","0","0","U","N",,,,,,,,,,,,,,,,,,,,,4442
0,"ENCAAFF1","0","0","0","0","U","N",,,,,,,,,,,,,,,,,,,,,4443
0,"ENCAAFF2","0","0","0","0","U","N",,,,,,,,,,,,,,,,,,,,,7933
0,"ENCAALP","0","0","0","0","U","N",,,,,,,,,,,,,,,,,,,,,4444
0,"ENCABRE","0","0","0","0","U","N",,,,,,,,,,,,,,,,,,,,,4445
0,"ENCABRP","0","0","0","0","U","N",,,,,,,,,,,,,,,,,,,,,4446
0,"ENCACIL","0","0","0","0","U","N",,,,,,,,,,,,,,,,,,,,,4447
0,"ENCAINT","0","0","0","0","U","N",,,,,,,,,,,,,,,,,,,,,4448
0,"ENCALON","0","0","0","0","U","N",,,,,,,,,,,,,,,,,,,,,4449
0,"ENCALYP","0","0","0","0","U","N",,,,,,,,,,,,,,,,,,,,,4453
0,"ENCALYT","0","0","0","0","U","N",,,,,,,,,,,,,,,,,,,,,4456
0,"ENCAMUT","0","0","0","0","U","N",,,,,,,,,,,,,,,,,,,,,4450
0,"ENCAPRO","0","0","0","0","U","N",,,,,,,,,,,,,,,,,,,,,4451
0,"ENCARHA","0","0","0","0","U","N",,,,,,,,,,,,,,,,,,,,,4452
0,"ENCASPA","0","0","0","0","U","N",,,,,,,,,,,,,,,,,,,,,4454
0,"ENCAVUL","0","0","0","0","U","N",,,,,,,,,,,,,,,,,,,,,4455
0,"ENDOCAR","0","0","0","0","U","N",,,,,,,,,,,,,,,,,,,,,6483
0,"ENDOPUL","0","0","0","0","U","N",,,,,,,,,,,,,,,,,,,,,6479
0,"ENDOPUS","0","0","0","0","U","N",,,,,,,,,,,,,,,,,,,,,6480
0,"ENDOPUS1","0","0","0","0","U","N",,,,,,,,,,,,,,,,,,,,,6481
0,"ENDOPUS2","0","0","0","0","U","N",,,,,,,,,,,,,,,,,,,,,6482
0,"ENEMION","0","0","0","0","U","N",,,,,,,,,,,,,,,,,,,,,7946
0,"ENEMSAV","2","5","3","2","U","N",,,,,,,,,,,,,,,,,,"4",,,8137
0,"ENTOCON","0","0","0","0","U","N",,,,,,,,,,,,,,,,,,,,,4457
0,"ENTODON","0","0","0","0","U","N",,,,,,,,,,,,,,,,,,,,,4458
0,"ENTODOT","0","0","0","0","U","N",,,,,,,,,,,,,,,,,,,,,4459
0,"ENTOFAS","0","0","0","0","U","N",,,,,,,,,,,,,,,,,,,,,4460
0,"ENTORUB","0","0","0","0","U","N",,,,,,,,,,,,,,,,,,,,,4461
0,"ENTOSTH","0","0","0","0","U","N",,,,,,,,,,,,,,,,,,,,,4462
0,"EPHEBE","0","0","0","0","U","N",,,,,,,,,,,,,,,,,,,,,6486
0,"EPHEHIS","0","0","0","0","U","N",,,,,,,,,,,,,,,,,,,,,6484
0,"EPHELAN","0","0","0","0","U","N",,,,,,,,,,,,,,,,,,,,,6485
0,"EPHEMER","0","0","0","0","U","N",,,,,,,,,,,,,,,,,,,,,4463
0,"EPHESOL","0","0","0","0","U","N",,,,,,,,,,,,,,,,,,,,,7684
0,"EPILANA","1","5","2","3","U","N",,,,,,,,,,,,,,,,,,"4",,,3231
0,"EPILANG","0","0","3","0","U","N",,,,,,,,,,,,,"2","2","0","P",,"4",,,3232
0,"EPILANG1","0","0","0","0","U","N",,,,,,,,,,,,,,,,,,,,,3233
0,"EPILANG2","0","0","0","0","U","N",,,,,,,,,,,,,,,,,,,,,3234
0,"EPILBRA","0","0","0","0","U","N",,,,,,,,,,,,,,,,,,,,,3235
0,"EPILCIL","0","0","0","0","U","N",,,,,,,,,,,,,"1","1","0",,,"4",,,3236
0,"EPILCIL1","0","0","0","0","U","N",,,,,,,,,,,,,,,,,,"4",,,3237
0,"EPILCIL2","0","0","0","0","U","N",,,,,,,,,,,,,,,,,,,,,3031
0,"EPILCIL3","0","0","0","0","U","N",,,,,,,,,,,,,,,,,,,,,3032
0,"EPILCLA","0","0","0","0","U","N",,,,,,,,,,,,,,,,,,,,,3033
0,"EPILDAV","1","5","1","0","U","N",,,,,,,,,,,,,,,,,,"4",,,3034
0,"EPILDEN","0","0","0","0","U","N",,,,,,,,,,,,,,,,,,,,,3035
0,"EPILFOL","0","0","0","0","U","N",,,,,,,,,,,,,,,,,,,,,3036
0,"EPILGLA","0","0","0","0","U","N",,,,,,,,,,,,,,,,,,,,,3037
0,"EPILGLA1","0","0","0","0","U","N",,,,,,,,,,,,,,,,,,,,,3038
0,"EPILHAL","0","0","0","0","U","N",,,,,,,,,,,,,,,,,,"4",,,3072
0,"EPILHIR","0","0","0","0","U","E",,,,,,,,,,,,,,,,,,,,,3073
0,"EPILHOR","0","0","0","0","U","N",,,,,,,,,,,,,,,,,,,,,3074
0,"EPILHOR1","0","0","0","0","U","N",,,,,,,,,,,,,,,,,,,,,3075
0,"EPILHOR2","0","0","0","0","U","N",,,,,,,,,,,,,,,,,,,,,3076
0,"EPILLAC","0","0","0","0","U","N",,,,,,,,,,,,,,,,,,"4",,,3077
0,"EPILLAT","1","0","3","0","U","N",,,,,,,,,,,,,,,,,,,,,3078
0,"EPILLEP","0","0","0","0","U","N",,,,,,,,,,,,,,,,,,,,,3079
0,"EPILLET","0","0","0","0","U","N",,,,,,,,,,,,,,,,,,,,,3080
0,"DIPLRUD","0","0","0","0","U","N",,,,,,,,,,,,,,,,,,,,,5331
0,"DIPLSCR","0","0","0","0","U","N",,,,,,,,,,,,,,,,,,,,,6471
0,"DIPLTAX","0","3","1","0","U","N",,,,,,,,,,,,,,,,,,,,,5344
0,"DIPLTAX1","0","0","0","0","U","N",,,,,,,,,,,,,,,,,,,,,5345
0,"DIPLTAX2","0","0","0","0","U","N",,,,,,,,,,,,,,,,,,,,,5346
0,"DIPLTAX3","0","0","0","0","U","N",,,,,,,,,,,,,,,,,,,,,5347
0,"DIPLTEN","0","0","0","0","U","E",,,,,,,,,"OS",,,,,,,,,,,,8028
0,"DIPSACA","0","0","0","0","U","N",,,,,,,,,,,,,,,,,,,,,2809
0,"DIPSACU","0","0","0","0","U","E",,,,,,,,,,,,,,,,,,,,,2811
0,"DIPSFUL","0","0","0","0","U","E",,,,,,,,,,,,,,,,,,,,,2810
0,"DIPSFUL1","0","0","0","0","U","E",,,,,,,,,,,,,,,,,,,,,7549
0,"DISCELA","0","0","0","0","U","N",,,,,,,,,,,,,,,,,,,,,4419
0,"DISCELI","0","0","0","0","U","N",,,,,,,,,,,,,,,,,,,,,4421
0,"DISCNUD","0","0","0","0","U","N",,,,,,,,,,,,,,,,,,,,,4420
0,"DISTCAP","0","0","0","0","U","N",,,,,,,,,,,,,,,,,,"3",,,4422
0,"DISTICH","0","0","0","0","U","N",,,,,,,,,,,,,,,,,,,,,2043
0,"DISTICI","0","0","0","0","U","N",,,,,,,,,,,,,,,,,,,,,4424
0,"DISTINC","0","0","0","0","U","N",,,,,,,,,,,,,,,,,,"4",,,4423
0,"DISTSPI","0","0","0","0","U","N",,,,,,,,,,,,,,,,"P",,"3",,,2044
0,"DISTSPI2","0","0","0","0","U","N",,,,,,,,,,,,,,,,,,,,,2045
0,"DISTSPI4","0","0","0","0","U","N",,,,,,,,,,,,,,,,,,"4",,,2046
0,"DITRAMB","4","4","3","3","U","N",,,,,,,,,,,,,,,,,,,,,4426
0,"DITRFLE","0","0","0","0","U","N",,,,,,,,,,,,,,,,,,"3",,,4427
0,"DITRHET","0","0","0","0","U",,,,,,,,,,,,,,,,,,,"4",,,4428
0,"DITRICA","0","0","0","0","U","N",,,,,,,,,,,,,,,,,,,,,4425
0,"DITRICH","0","0","0","0","U","N",,,,,,,,,,,,,,,,,,,,,4432
0,"DITRMON","0","3","2","3","U","N",,,,,,,,,,,,,,,,,,,,,4429
0,"DITRPUS","0","0","0","0","U","N",,,,,,,,,,,,,,,,,,,,,4430
0,"DITRSCH","0","0","0","0","U","N",,,,,,,,,,,,,,,,,,,,,4431
0,"DITRZON","0","0","0","0","U","N",,,,,,,,,,,,,,,,,,,,,4433
0,"DITRZON1","0","0","0","0","U","N",,,,,,,,,,,,,,,,,,,,,4434
0,"DITRZON2","0","0","0","0","U","N",,,,,,,,,,,,,,,,,,,,,4435
0,"DODECAT","0","0","0","0","U","N",,,,,,,,,,,,,,,,"F",,,,,2822
0,"DODECON","0","0","0","0","U","N",,,,,,,,,,,,,,,,,,,,,2812
0,"DODECON4","0","0","0","0","U","N",,,,,,,,,,,,,,,,,,,,,8121
0,"DODECON5","0","0","0","0","U","N",,,,,,,,,,,,,,,,,,,,,8122
0,"DODEDEN","0","0","0","0","U","N",,,,,,,,,,,,,,,,,,,,,2813
0,"DODEDEN1","0","0","0","0","U","N",,,,,,,,,,,,,,,,,,,,,2814
0,"DODEFRI","0","0","0","0","U","N",,,,,,,,,,,,,,,,,,,,,2815
0,"DODEHEN","4","3","3","2","U","N",,,,,,,,,,,,,,,,,,,,,2816
0,"DODEHEN1","0","0","0","0","U","N",,,,,,,,,,,,,,,,,,,,,2817
0,"DODEJEF","2","5","3","0","U","N",,,,,,,,,,,,,,,,,,"3",,,2818
0,"DODEJEF1","0","0","0","0","U","N",,,,,,,,,,,,,,,,,,"4",,,2819
0,"DODEPUL","0","3","3","2","U","N",,,,,,,,,,,,,,,,,,"4",,,2820
0,"DODEPUL7","0","0","0","0","U","N",,,,,,,,,,,,,,,,,,,,,2821
0,"DODEPUL8","0","0","0","0","U","N",,,,,,,,,,,,,,,,,,,,,8029
0,"DODEPUL9","0","0","0","0","U","N",,,,,,,,,,,,,,,,,,,,,8226
0,"DORONIC","0","0","0","0","U","E",,,,,,,,,,,,,,,,,,,,,2824
0,"DOROPAR","0","0","0","0","U","E",,,,,,,,,,,,,,,,,,,,,2823
0,"DOUGALA","0","0","0","0","U","N",,,,,,,,,,,,,,,,,,,,,2825
0,"DOUGGOR","0","0","0","0","U","N",,,,,,,,,,,,,,,,,,,,,2826
0,"DOUGLAE","0","0","0","0","U","N",,,,,,,,,,,,,,,,,,,,,2827
0,"DOUGLAS","0","0","0","0","U","N",,,,,,,,,,,,,,,,,,,,,2828
0,"DOUINIA","0","0","0","0","U","N",,,,,,,,,,,,,,,,,,,,,5349
0,"DOUIOVA","0","0","0","0","U","N",,,,,,,,,,,,,,,,,,,,,5348
0,"DOWNELE","0","0","0","0","U","N",,,,,,,,,,,,,,,,,,"3",,,2829
0,"DOWNING","0","0","0","0","U","N",,,,,,,,,,,,,,,,,,,,,2830
0,"DRABA","0","0","0","0","U","N",,,,,,,,,,,,,,,,"P",,,,,2859
0,"DRABALB","0","0","0","0","U","N",,,,,,,,,,,,,,,,,,,,,2831
0,"DRABAUR","0","0","0","0","U","N",,,,,,,,,,,,,,,,,,,,,2832
0,"DRABBOR","0","0","0","0","U","N",,,,,,,,,,,,,,,,,,,,,2833
0,"DRABCAN","0","0","0","0","U","N",,,,,,,,,,,,,,,,,,,,,2834
0,"DRABCHA","0","0","0","0","U","N",,,,,,,,,,,,,,,,,,,,,8250
0,"DRABCIN","0","0","0","0","U","N",,,,,,,,,,,,,,,,,,,,,2835
0,"DRABCOR","0","0","0","0","U","N",,,,,,,,,,,,,,,,,,,,,2836
0,"DRABCRA","0","0","0","0","U","N",,,,,,,,,,,,,,,,,,,,,2837
0,"DRABDEN","0","0","0","0","U","N",,,,,,,,,,,,,,,,,,,,,2838
0,"DRABFLA","0","0","0","0","U","N",,,,,,,,,,,,,,,,,,,,,2839
0,"DRABGLA","0","0","0","0","U","N",,,,,,,,,,,,,,,,,,,,,2840
0,"DRABGLA1","0","0","0","0","U","N",,,,,,,,,,,,,,,,,,,,,2841
0,"DRABGRA","0","0","0","0","U","N",,,,,,,,,,,,,,,,,,,,,2842
0,"DRABINC","0","0","0","0","U","N",,,,,,,,,,,,,,,,,,,,,2843
0,"DRABJUV","0","0","0","0","U","N",,,,,,,,,,,,,,,,,,,,,8251
0,"DRABLAC","0","0","0","0","U","N",,,,,,,,,,,,,,,,,,,,,2844
0,"DRABLON","0","0","0","0","U","N",,,,,,,,,,,,,,,,,,,,,2845
0,"DRABLON1","0","0","0","0","U","N",,,,,,,,,,,,,,,,,,,,,2846
0,"DRABLON2","0","0","0","0","U","N",,,,,,,,,,,,,,,,,,,,,2847
0,"DRABLON3","0","0","0","0","U","N",,,,,,,,,,,,,,,,,,,,,2848
0,"DRABMAC","0","0","0","0","U","N",,,,,,,,,,,,,,,,,,,,,2849
0,"DRABNEM","0","0","0","0","U","N",,,,,,,,,,,,,,,,,,,,,2850
0,"DRABNIV","0","0","0","0","U","N",,,,,,,,,,,,,,,,,,,,,2851
0,"DRABOLI","0","0","0","0","U","N",,,,,,,,,,,,,,,,,,,,,2852
0,"DRABPAL","0","0","0","0","U","N",,,,,,,,,,,,,,,,,,,,,2853
0,"DRABPAY","0","0","0","0","U","N",,,,,,,,,,,,,,,,,,,,,2854
0,"ISATIS","0","0","0","0","U","E",,,,,,,,,,,,,,,,,,,,,3301
0,"ISATTIN","0","0","0","0","U","E",,,,,,,,,,,,,,,,,,,,,3302
0,"ISOEBOL","0","0","0","0","U","N",,,,,,,,,,,,,,,,,,"3",,,1739
0,"ISOEFLE","0","0","0","0","U","N",,,,,,,,,,,,,,,,,,,,,1740
0,"ISOEHOW","0","0","0","0","U","N",,,,,,,,,,,,,,,,,,"2",,,1741
0,"ISOEMAR","0","0","0","0","U","N",,,,,,,,,,,,,,,,,,"2",,,1742
0,"ISOEMIN","0","0","0","0","U","N",,,,,,,,,,,,,,,,,,,,,7792
0,"ISOENUT","0","0","0","0","U","N",,,,,,,,,,,,,,,,,,"3",,,1743
0,"ISOEOCC","0","0","0","0","U","N",,,,,,,,,,,,,,,,,,"1",,,1744
0,"ISOETAC","0","0","0","0","U","N",,,,,,,,,,,,,,,,,,,,,1738
0,"ISOETEN","0","0","0","0","U","N",,,,,,,,,,,,,,,,,,"1",,,666
0,"ISOETES","0","0","0","0","U","N",,,,,,,,,,,,,,,,,,,,,1745
0,"ISOEXTR","0","0","0","0","U","N",,,,,,,,,,,,,,,,,,"2",,,7793
0,"ISOLCER","0","0","0","0","U","N",,,,,,,,,"OS",,,,,,,,,"2",,,7573
0,"ISOLSET","0","0","0","0","U","E",,,,,,,,,"OS",,,,,,,,,"4",,,19
0,"ISOPMUE","0","0","0","0","U","N",,,,,,,,,,,,,,,,,,,,,4602
0,"ISOPPUL","0","0","0","0","U","N",,,,,,,,,,,,,,,,,,,,,4603
0,"ISOPTER","0","0","0","0","U","N",,,,,,,,,,,,,,,,,,,,,4604
0,"ISOTCRI","0","0","0","0","U","N",,,,,,,,,,,,,,,,,,,,,4605
0,"ISOTHEC","0","0","0","0","U","N",,,,,,,,,,,,,,,,,,,,,4606
0,"ISOTMYO","0","0","0","0","U","N",,,,,,,,,,,,,,,,,,,,,8104
0,"IVA","0","0","0","0","U","N",,,,,,,,,"OS",,,,,,,,,,,,3304
0,"IVA AXI","0","0","0","0","U","N",,"H","H",,,"A",,"O","PX","U","FL","Mode-hayfever",,,,,,,,,3303
0,"IWATLEU","0","0","0","0","U","N",,,,,,,,,,,,,,,,,,,,,4607
0,"IWATSUK","0","0","0","0","U","N",,,,,,,,,,,,,,,,,,,,,4608
0,"JAMEAUT","0","0","0","0","U","N",,,,,,,,,,,,,,,,,,,,,5437
0,"JAMEAUT1","0","0","0","0","U","N",,,,,,,,,,,,,,,,,,,,,5438
0,"JAMEAUT2","0","0","0","0","U","N",,,,,,,,,,,,,,,,,,,,,5439
0,"JAMEAUT3","0","0","0","0","U","N",,,,,,,,,,,,,,,,,,,,,5440
0,"JAMEAUT4","0","0","0","0","U","N",,,,,,,,,,,,,,,,,,,,,5441
0,"JAMESON","0","0","0","0","U","N",,,,,,,,,,,,,,,,,,,,,5442
0,"JAMEUND","0","0","0","0","U","N",,,,,,,,,,,,,,,,,,,,,5443
0,"JAPESUB","0","0","0","0","U","N",,,,,,,,,,,,,,,,,,,,,6595
0,"JAPETOR","0","0","0","0","U","N",,,,,,,,,,,,,,,,,,,,,6596
0,"JAPEWIA","0","0","0","0","U","N",,,,,,,,,,,,,,,,,,,,,6594
0,"JAUMCAR","0","0","0","0","U","N",,,,,,,,,,,,,,,,,,"3",,,3305
0,"JAUMEA","0","0","0","0","U","N",,,,,,,,,,,,,,,,,,,,,3306
0,"JUBULA","0","0","0","0","U","N",,,,,,,,,,,,,,,,,,,,,5445
0,"JUBULAC","0","0","0","0","U","N",,,,,,,,,,,,,,,,,,,,,5446
0,"JUBUPEN","0","0","0","0","U","N",,,,,,,,,,,,,,,,,,,,,5444
0,"JUGLAIL","0","0","0","0","U","E",,,,,,,,,,,,,,,,,,,,,667
0,"JUGLAND","0","0","0","0","U","E",,,,,,,,,,,,,,,,,,,,,7954
0,"JUGLANS","0","0","0","0","U","E",,,,,,,,,,,,,,,,,,,,,669
0,"JUNCACE","0","0","0","0","U","N",,,,,,,,,,,,,,,,,,,,,20
0,"JUNCACU","5","6","0","5","U","N",,,,,,,,,,,,,,,,,,,,,21
0,"JUNCAGI","0","0","0","0","U","N",,,,,,,,,,,,,,,,,,,,,3307
0,"JUNCALB","0","0","0","0","U","N",,,,,,,,,,,,,,,,,,"3",,,22
0,"LECISUI","0","0","0","0","U","N",,,,,,,,,,,,,,,,,,,,,6629
0,"LECIWUL","0","0","0","0","U","N",,,,,,,,,,,,,,,,,,,,,6630
0,"LEDUM","0","0","0","0","U","N",,,,,,,,,"OS",,,,,,,,,,,,1352
0,"LEERORY","0","0","0","0","U","N",,,,,,,,,,,,,,,,,,"2",,,2172
0,"LEERSIA","0","0","0","0","U","N",,,,,,,,,,,,,,,,,,"2",,,2173
0,"LEIODER","0","0","0","0","U","N",,,,,,,,,,,,,,,,,,,,,6637
0,"LEIOSOR","0","0","0","0","U","N",,,,,,,,,,,,,,,,,,,,,6636
0,"LEJEAUT","0","0","0","0","U","N",,,,,,,,,,,,,,,,,,,,,5481
0,"LEJEBLO","0","0","0","0","U","N",,,,,,,,,,,,,,,,,,,,,5482
0,"LEJECAE","0","0","0","0","U","N",,,,,,,,,,,,,,,,,,,,,5483
0,"LEJECAL","0","0","0","0","U","N",,,,,,,,,,,,,,,,,,,,,5484
0,"LEJECAL1","0","0","0","0","U","N",,,,,,,,,,,,,,,,,,,,,5485
0,"LEJECAL2","0","0","0","0","U","N",,,,,,,,,,,,,,,,,,,,,5486
0,"LEJECAR","0","0","0","0","U","N",,,,,,,,,,,,,,,,,,,,,5487
0,"LEJECAV","0","0","0","0","U","N",,,,,,,,,,,,,,,,,,,,,5488
0,"LEJECLA","0","0","0","0","U","N",,,,,,,,,,,,,,,,,,,,,5489
0,"LEJEFLA","0","0","0","0","U","N",,,,,,,,,,,,,,,,,,,,,5490
0,"LEJEFLA1","0","0","0","0","U","N",,,,,,,,,,,,,,,,,,,,,5491
0,"LEJEFLO","0","0","0","0","U","N",,,,,,,,,,,,,,,,,,,,,5492
0,"LEJEGLA","0","0","0","0","U","N",,,,,,,,,,,,,,,,,,,,,5493
0,"LEJEGLA1","0","0","0","0","U","N",,,,,,,,,,,,,,,,,,,,,5494
0,"LEJEGLA2","0","0","0","0","U","N",,,,,,,,,,,,,,,,,,,,,5495
0,"LEJEGLA3","0","0","0","0","U","N",,,,,,,,,,,,,,,,,,,,,5496
0,"LEJELAE","0","0","0","0","U","N",,,,,,,,,,,,,,,,,,,,,5497
0,"LEJELAM","0","0","0","0","U","N",,,,,,,,,,,,,,,,,,,,,5498
0,"LEJELAM1","0","0","0","0","U","N",,,,,,,,,,,,,,,,,,,,,5499
0,"LEJEMIN","0","0","0","0","U","N",,,,,,,,,,,,,,,,,,,,,5500
0,"LEJEMIN1","0","0","0","0","U","N",,,,,,,,,,,,,,,,,,,,,5501
0,"LEJEMIN2","0","0","0","0","U","N",,,,,,,,,,,,,,,,,,,,,5502
0,"LEJEPIL","0","0","0","0","U","N",,,,,,,,,,,,,,,,,,,,,5503
0,"LEJERUT","0","0","0","0","U","N",,,,,,,,,,,,,,,,,,,,,5504
0,"LEJESPI","0","0","0","0","U","N",,,,,,,,,,,,,,,,,,,,,5506
0,"LEJEULI","0","0","0","0","U","N",,,,,,,,,,,,,,,,,,,,,5507
0,"LEJEULI1","0","0","0","0","U","N",,,,,,,,,,,,,,,,,,,,,5508
0,"LEJEULI2","0","0","0","0","U","N",,,,,,,,,,,,,,,,,,,,,5509
0,"LEJEUNA","0","0","0","0","U","N",,,,,,,,,,,,,,,,,,,,,5510
0,"LEJEUNE","0","0","0","0","U","N",,,,,,,,,,,,,,,,,,,,,5505
0,"LEMNA","0","0","0","0","U","N",,,,,,,,,,,,,,,,,,"2",,,1161
0,"LEMNACE","0","0","0","0","U","N",,,,,,,,,,,,,,,,,,,,,1858
0,"LEMNMIN","0","0","0","0","U","N",,,,,,,,,,,,,,,,,,"1",,,1160
0,"LEMNMIU","0","0","0","0","U","N",,,,,,,,,,,,,,,,,,"1",,,7725
0,"LEMNTRI","0","0","0","0","U","N",,,,,,,,,,,,,,,,,,"1",,,1162
0,"LEMNTUR","0","0","0","0","U","N",,,,,,,,,,,,,,,,,,,,,1857
0,"LEMPFEN","0","0","0","0","U","N",,,,,,,,,,,,,,,,,,,,,7818
0,"LEMPHOL","0","0","0","0","U","N",,,,,,,,,,,,,,,,,,,,,6640
0,"LEMPPOL","0","0","0","0","U","N",,,,,,,,,,,,,,,,,,,,,6638
0,"LEMPRAD","0","0","0","0","U","N",,,,,,,,,,,,,,,,,,,,,6639
0,"LENTIBU","0","0","0","0","U","N",,,,,,,,,,,,,,,,,,,,,1859
0,"LEONAUT","0","0","0","0","U","E",,,,,,,,,,,,,,,,,,,,,1860
0,"LEONCAR","0","0","0","0","U","E",,"H","H",,,"P,D","I,C","O","P2","U","LE","P,D-ingestion of derived oil causes photosensitivity, contact causes dermatitis",,,,,,,,,1862
0,"LEONSAX","0","0","0","0","U","E",,,,,,,,,,,,,,,,,,,,,7864
0,"LEONSAX2","0","0","0","0","U","E",,,,,,,,,,,,,,,,,,,,,7863
0,"LEONTOD","0","0","0","0","U","E",,,,,,,,,,,,,,,,,,,,,1861
0,"LEONURU","0","0","0","0","U","E",,,,,,,,,"OS",,,,,,,,,,,,1863
0,"LEPIAPP","0","0","0","0","U","E",,,,,,,,,"OS",,,,,,,,"R",,,,8017
0,"LEPIBOU","0","0","0","0","U","N",,,,,,,,,,,,,,,,,,,,,1864
0,"LEPICAM","0","0","0","0","U","E",,,,,,,,,,,,,,,,,,,,,1865
0,"LEPICHA","0","0","0","0","U","E",,"L",,"L",,,"I","O","PX","U",,"O-other or unknown",,,,,"R",,,,8015
0,"LEPIDEN","0","0","0","0","U","N",,,,,,,,,,,,,,,,,,,,,1866
0,"LEPIDIU","0","0","0","0","U","N",,,,,,,,,,,,,,,,,,,,,417
0,"LEPIDOI","0","0","0","0","U","N",,,,,,,,,,,,,,,,,,,,,5515
0,"LEPIDOZ","0","0","0","0","U","N",,,,,,,,,,,,,,,,,,,,,5514
0,"LEPIDRA","0","0","0","0","U","E",,"L",,"L",,,"I","O","PX","U",,"O-other or unknown",,,,,"R",,,,8016
0,"LEPIFIL","2","3","1","1","U","N",,,,,,,,,,,,,,,,,,"4",,,5511
0,"LEPIHET","0","0","0","0","U","E",,,,,,,,,,,,,,,,,,,,,1867
0,"LEPILAT","0","0","0","0","U","E",,,,,,,,,,,,,,,,,"R",,,,7513
0,"LEPIOXY","0","0","0","0","U","N",,,,,,,,,,,,,,,,,,,,,7802
0,"LEPIPER","0","0","0","0","U","E",,,,,,,,,,,,,,,,,,,,,414
0,"LEPIRAM","0","0","0","0","U","N",,,,,,,,,,,,,,,,,,,,,415
0,"LEPIREP","0","4","1","1","U","N",,,,,,,,,,,,,,,,,,,,,5512
0,"LEPIRUD","0","0","0","0","U","E",,,,,,,,,,,,,,,,,,,,,7803
0,"LEPISAN","0","0","0","0","U","N",,,,,,,,,,,,,,,,,,,,,5513
0,"LEPISAT","0","0","0","0","U","E",,,,,,,,,,,,,,,,,,,,,416
0,"LEPIVIR","0","0","0","0","U","N",,,,,,,,,,,,,,,,,,,,,418
0,"LEPIVIR1","0","0","0","0","U","N",,,,,,,,,,,,,,,,,,,,,7804
0,"LEPRALB","0","0","0","0","U","N",,,,,,,,,,,,,,,,,,,,,6649
0,"LEPRARI","0","0","0","0","U","N",,,,,,,,,,,,,,,,,,,,,6648
0,"LEPRCAC","0","0","0","0","U","N",,,,,,,,,,,,,,,,,,,,,6641
0,"LEPRCRA","0","0","0","0","U","N",,,,,,,,,,,,,,,,,,,,,6642
0,"LEPRDIF","0","0","0","0","U","N",,,,,,,,,,,,,,,,,,,,,6653
0,"LEPRDIF1","0","0","0","0","U","N",,,,,,,,,,,,,,,,,,,,,6654
0,"LEPREBU","0","0","0","0","U","N",,,,,,,,,,,,,,,,,,,,,6643
0,"LEPRFRI","0","0","0","0","U","N",,,,,,,,,,,,,,,,,,,,,6644
0,"LEPRINC","0","0","0","0","U","N",,,,,,,,,,,,,,,,,,,,,6645
0,"LEPRMEB","0","0","0","0","U","N",,,,,,,,,,,,,,,,,,,,,6655
0,"LEPRMIC","0","0","0","0","U","N",,,,,,,,,,,,,,,,,,,,,6650
0,"LEPRNEG","0","0","0","0","U","N",,,,,,,,,,,,,,,,,,,,,6646
0,"LEPROCA","0","0","0","0","U","N",,,,,,,,,,,,,,,,,,,,,6651
0,"LEPROLO","0","0","0","0","U","N",,,,,,,,,,,,,,,,,,,,,6656
0,"LEPRRIG","0","0","0","0","U","N",,,,,,,,,,,,,,,,,,,,,6647
0,"LEPRSUB","0","0","0","0","U","N",,,,,,,,,,,,,,,,,,,,,6652
0,"LEPRVOU","0","0","0","0","U","N",,,,,,,,,,,,,,,,,,,,,6657
0,"LEPTALB","0","0","0","0","U","N",,,,,,,,,,,,,,,,,,,,,6658
0,"LEPTARR","0","0","0","0","U","N",,,,,,,,,,,,,,,,,,,,,420
0,"LEPTBRB","0","0","0","0","U","N",,,,,,,,,,,,,,,,,,,,,6660
0,"LEPTBUN","0","0","0","0","U","N",,,,,,,,,,,,,,,,,,,,,6661
0,"LEPTBUN1","0","0","0","0","U","N",,,,,,,,,,,,,,,,,,,,,6662
0,"LEPTCAL","0","0","0","0","U","N",,,,,,,,,,,,,,,,,,,,,6663
0,"LEPTPAL","0","0","0","0","U",,,,,,,,,,,,,,,,,,,,,,6664
0,"LEPTCUN","0","0","0","0","U","N",,,,,,,,,,,,,,,,,,,,,5518
0,"LEPTCYA","0","0","0","0","U","N",,,,,,,,,,,,,,,,,,,,,6665
0,"LEPTELL","0","0","0","0","U","N",,,,,,,,,,,,,,,,,,,,,5516
0,"LEPTFUR","0","0","0","0","U","N",,,,,,,,,,,,,,,,,,,,,6666
0,"LEPTGEL","0","0","0","0","U","N",,,,,,,,,,,,,,,,,,,,,6667
0,"LEPTHAR","0","0","0","0","U","N",,,,,,,,,,,,,,,,,,,,,7727
0,"LEPTHUM","0","0","0","0","U","N",,,,,,,,,,,,,,,,,,,,,4616
0,"LEPTLIC","0","0","0","0","U","N",,,,,,,,,,,,,,,,,,,,,6668
0,"LEPTMII","4","2","0","3","U","N",,,,,,,,,,,,,,,,,,,,,7733
0,"LEPTOBR","0","0","0","0","U","N",,,,,,,,,,,,,,,,,,,,,4615
0,"LEPTOCH","0","0","0","0","U","E",,,,,,,,,,,,,,,,,,,,,2174
0,"LEPTOCI","0","0","0","0","U","N",,,,,,,,,,,,,,,,,,,,,6659
0,"LEPTODA","0","0","0","0","U","N",,,,,,,,,,,,,,,,,,,,,421
0,"LEPTODI","0","0","0","0","U","N",,,,,,,,,,,,,,,,,,,,,848
0,"LEPTOGI","0","0","0","0","U","N",,,,,,,,,,,,,,,,,,,,,6673
0,"LEPTOLE","0","0","0","0","U","N",,,,,,,,,,,,,,,,,,,,,5517
0,"LEPTOSC","0","0","0","0","U","N",,,,,,,,,,,,,,,,,,,,,5519
0,"LEPTOSI","0","0","0","0","U","N",,,,,,,,,,,,,,,,,,,,,7728
0,"LEPTPLA","0","0","0","0","U","N",,,,,,,,,,,,,,,,,,,,,6669
0,"LEPTPOL","0","0","0","0","U","N",,,,,,,,,,,,,,,,,,,,,6670
0,"LEPTPYI","0","0","0","0","U","N",,,,,,,,,,,,,,,,,,"4",,,4614
0,"LEPTPYR","1","5","2","0","U","N",,,,,,,,,,,,,,,,,,"3",,,419
0,"LEPTRIP","0","0","0","0","U","N",,,,,,,,,,,,,,,,,,"2",,,4617
0,"LEPTRIV","0","0","0","0","U","N",,,,,,,,,,,,,,,,,,,,,510
0,"LEPTSAT","0","0","0","0","U","N",,,,,,,,,,,,,,,,,,,,,6671
0,"LEPTSCH","0","0","0","0","U","N",,,,,,,,,,,,,,,,,,,,,6672
0,"LEPTSEP","0","0","0","0","U","N",,,,,,,,,,,,,,,,,,,,,7734
0,"LEPTSUA","0","0","0","0","U","N",,,,,,,,,,,,,,,,,,,,,6674
0,"LEPTSUB","0","0","0","0","U","N",,,,,,,,,,,,,,,,,,,,,6675
0,"LEPTTEN","0","0","0","0","U","N",,,,,,,,,,,,,,,,,,,,,6676
0,"LEPTTER","0","0","0","0","U","N",,,,,,,,,,,,,,,,,,,,,6677
0,"LESCSAX","0","0","0","0","U","N",,,,,,,,,,,,,,,,,,,,,4618
0,"LESCURA","0","0","0","0","U","N",,,,,,,,,,,,,,,,,,,,,4619
0,"LESKEA","0","0","0","0","U","N",,,,,,,,,,,,,,,,,,,,,4621
0,"LESKEAC","0","0","0","0","U","N",,,,,,,,,,,,,,,,,,,,,4622
0,"LESKEEL","0","0","0","0","U","N",,,,,,,,,,,,,,,,,,,,,4624
0,"LESKNER","0","0","0","0","U","N",,,,,,,,,,,,,,,,,,,,,4623
0,"LESKPOL","0","0","0","0","U","N",,,,,,,,,,,,,,,,,,,,,4620
0,"LETHARI","0","0","0","0","U","N",,,,,,,,,,,,,,,,,,,,,6679
0,"LETHCOL","0","0","0","0","U","N",,,,,,,,,,,,,,,,,,,,,6678
0,"LETHVUL","6","0","0","0","U","N",,,,,,,,,,,,,,,,,,,,,6680
0,"LEUCACA","0","0","0","0","U","N",,,,,,,,,,,,,,,,,,,,,4626
0,"LEUCANT","0","0","0","0","U","N",,,,,,,,,"OS",,,,,,,,,,,,180
0,"LEUCCLY","0","0","0","0","U","N",,,,,,,,,,,,,,,,,,,,,5520
0,"LEUCCON","0","0","0","0","U","N",,,,,,,,,,,,,,,,,,,,,5521
0,"LEUCMAX","0","0","0","0","U","E",,,,,,,,,"OS",,,,,,,,,,,,8258
0,"LEUCODO","0","0","0","0","U","N",,,,,,,,,,,,,,,,,,,,,4625
0,"LEUCOLE","0","0","0","0","U","N",,,,,,,,,,,,,,,,,,,,,4627
0,"LEUCOLJ","0","0","0","0","U","N",,,,,,,,,,,,,,,,,,,,,5522
0,"LEUCUNC","0","0","0","0","U","N",,,,,,,,,,,,,,,,,,,,,5523
0,"LEUCVUL","0","0","0","3","U","E",,,,,,,,,"OS",,,,,,,,"R",,,,181
0,"LEUCXAN","0","0","0","0","U","N",,,,,,,,,,,,,,,,,,,,,5524
0,"LEWICOL","0","0","0","0","U","N",,,,,,,,,,,,,,,,,,,,,182
0,"LEWICOL1","0","0","0","0","U","N",,,,,,,,,,,,,,,,,,,,,183
0,"LEWICOL2","0","0","0","0","U","N",,,,,,,,,,,,,,,,,,,,,7731
0,"LEWIPYG","0","0","0","0","U","N",,,,,,,,,,,,,,,,,,,,,184
0,"LEWIPYG1","0","0","0","0","U","N",,,,,,,,,,,,,,,,,,,,,185
0,"LEWIRED","0","0","0","0","U","N",,,,,,,,,,,,,,,,,,,,,186
0,"LEWISIA","0","0","0","0","U","N",,,,,,,,,,,,,,,,,,,,,187
0,"LEWITRI","0","0","0","0","U","N",,,,,,,,,,,,,,,,,,,,,188
0,"LEWITWE","0","0","0","0","U","N",,,,,,,,,,,,,,,,,,,,,8259
0,"LEYMANG","0","0","0","0","U","E",,,,,,,,,,,,,,,,,,,,,8260
0,"LEYMCIN","0","0","0","0","U","N",,,,,,,,,,,,,,,,"P",,,,,2175
0,"LEYMINN","0","0","0","0","U","N",,,,,,,,,,,,,,,,"G",,,,,2176
0,"LEYMMOL","0","0","0","0","U","N",,,,,,,,,,,,,,,,,,,,,2177
0,"LEYMMOL2","0","0","0","0","U","N",,,,,,,,,,,,,,,,,,,,,620
0,"LEYMTRI","0","0","0","0","U","N",,,,,,,,,,,,,,,,,,,,,2179
0,"LEYMUS","0","0","0","0","U","N",,,,,,,,,,,,,,,,,,,,,2178
0,"LEYMXVA","0","0","0","0","U","N",,,,,,,,,,,,,,,,,,,,,7805
0,"LICHALC","0","0","0","0","U","N",,,,,,,,,,,,,,,,,,,,,6685
0,"LICHCAN","0","0","0","0","U","N",,,,,,,,,,,,,,,,,,,,,6692
0,"LICHENC","0","0","0","0","U","N",,,,,,,,,,,,,,,,,,,,,6681
0,"LICHENI","0","0","0","0","U","N",,,,,,,,,,,,,,,,,,,,,6686
0,"LICHENN","0","0","0","0","U","N",,,,,,,,,,,,,,,,,,,,,6683
0,"LICHENO","0","0","0","0","U","N",,,,,,,,,,,,,,,,,,,,,6689
0,"LICHENT","0","0","0","0","U","N",,,,,,,,,,,,,,,,,,,,,6688
0,"LICHINA","0","0","0","0","U","N",,,,,,,,,,,,,,,,,,,,,6690
0,"LICHINE","0","0","0","0","U","N",,,,,,,,,,,,,,,,,,,,,6691
0,"LICHINO","0","0","0","0","U","N",,,,,,,,,,,,,,,,,,,,,6693
0,"LICHMET","0","0","0","0","U","N",,,,,,,,,,,,,,,,,,,,,6687
0,"LICHSIR","0","0","0","0","U","N",,,,,,,,,,,,,,,,,,,,,493
0,"LICHSTI","0","0","0","0","U","N",,,,,,,,,,,,,,,,,,,,,7819
0,"LICHTHA","0","0","0","0","U","N",,,,,,,,,,,,,,,,,,,,,6682
0,"LICHUSN","0","0","0","0","U","N",,,,,,,,,,,,,,,,,,,,,6684
0,"LIGUCAL","2","5","3","2","U","N",,,,,,,,,,,,,,,,,,"4",,,189
0,"LIGUCAN","0","0","0","0","U","N",,,,,,,,,,,,,,,,,,,,,190
0,"LIGUSCO","0","0","0","0","U","N",,,,,,,,,,,,,"1","1","1",,,,,,191
0,"LIGUSCO1","0","0","0","0","U","N",,,,,,,,,,,,,,,,,,,,,192
0,"LIGUSTI","0","0","0","0","U","N",,,,,,,,,,,,,,,,,,,,,193
0,"LIGUSTR","0","0","0","0","U","E",,,,,,,,,"OS",,,,,,,,,,,,1271
0,"LIGUVUL","0","0","0","0","U","E",,"H","H",,,"P","I","O","PX","U","FR","O-other or unknown",,,,,,,,,1272
0,"LILAEA","0","0","0","0","U","N",,,,,,,,,,,,,,,,,,,,,195
0,"LILAEOP","0","0","0","0","U","N",,,,,,,,,,,,,,,,,,,,,197
0,"LILAOCC","0","0","0","0","U","N",,,,,,,,,,,,,,,,,,"4",,,196
0,"LILASCI","0","0","0","0","U","N",,,,,,,,,,,,,,,,,,"3",,,194
0,"LILIACE","0","0","0","0","U","N",,,,,,,,,,,,,,,,,,,,,198
0,"LILICOL","0","3","2","0","U","N",,,,,,,,,,,,,,,,"F",,,,,199
0,"LILIPHI","0","0","0","0","U","N",,,,,,,,,,,,,,,,,,,,,200
0,"LILIPHI1","0","0","0","0","U","N",,,,,,,,,,,,,,,,,,,,,201
0,"LILIUM","0","0","0","0","U","N",,,,,,,,,,,,,,,,,,,,,202
0,"LIMNANH","0","0","0","0","U","N",,,,,,,,,,,,,,,,,,,,,203
0,"LIMNANT","0","0","0","0","U","N",,,,,,,,,,,,,,,,,,,,,205
0,"LIMNMAC","0","0","0","0","U","N",,,,,,,,,,,,,,,,,,"3",,,204
0,"LIMOACA","0","0","0","0","U","N",,,,,,,,,,,,,,,,,,"1",,,7732
0,"LIMOAQU","0","0","0","0","U","N",,,,,,,,,,,,,,,,,,"1",,,206
0,"LIMOSEL","0","0","0","0","U","N",,,,,,,,,,,,,,,,,,,,,207
0,"LIMPRIC","0","0","0","0","U","N",,,,,,,,,,,,,,,,,,,,,849
0,"LINACEA","0","0","0","0","U","N",,,,,,,,,,,,,,,,,,,,,208
0,"LINAGEN","0","0","0","0","U","E",,,,,,,,,"OS",,,,,,,,"P",,,,210
0,"LINAGEN1","0","0","0","0","U","E",,,,,,,,,"OS",,,,,,,,"P",,,,211
0,"LINANTH","0","0","0","0","U","N",,,,,,,,,,,,,,,,,,,,,209
0,"LINAPUN","0","0","0","0","U","N",,,,,,,,,,,,,,,,,,,,,7726
0,"LINAPUR","0","0","0","0","U","E",,,,,,,,,"OS",,,,,,,,,,,,212
0,"LINARIA","0","0","0","0","U","N",,,,,,,,,"OS",,,,,,,,,,,,213
0,"LINAVUL","0","0","0","0","U","E",,"L",,"L",,"C","I","O","P3","U","LE","O-prunasin, antirrinoside, P3-no recorded poisonings, usually avoided by livestock, higher poisoning potential in hay",,,,,"P",,,,214
0,"LINDDUB","0","0","0","0","U","N",,,,,,,,,,,,,,,,,,,,,7966
0,"LINDDUB1","0","0","0","0","U","N",,,,,,,,,,,,,,,,,,,,,215
0,"LINDDUB2","0","0","0","0","U","N",,,,,,,,,,,,,,,,,,,,,675
0,"LINDERN","0","0","0","0","U","N",,,,,,,,,,,,,,,,,,,,,216
0,"LINNAEA","0","0","0","0","U","N",,,,,,,,,,,,,,,,,,,,,7417
0,"LINNBOR","0","3","0","1","U","N",,,,,,,,,,,,,,,,,,,,,7414
0,"LINNBOR2","0","0","0","0","U","N",,,,,,,,,,,,,,,,,,,,,7416
0,"LINNBOR3","0","0","0","0","U","N",,,,,,,,,,,,,,,,,,,,,7415
0,"LINUBIE","0","0","0","0","U","E",,,,,,,,,"OS",,,,,,,,,,,,217
0,"LINULEW","0","0","0","0","U","N",,"L",,"L",,,"I","O","PX","U",,"O-other or unknown",,,,"F",,,,,218
0,"LINUPER","0","0","0","0","U","E",,"L",,"L",,,"I","O","PX","U",,"O-other or unknown",,,,,,,,,219
0,"LINUM","0","0","0","0","U","N",,,,,,,,,"OS",,,,,,,,,,,,932
0,"LINUUSI","0","0","0","0","U","E",,"L",,"L",,"C,H,S","I","G","PX","U",,,,,,,,,,,933
0,"LIPALOE","0","0","0","0","U","N",,,,,,,,,,,,,,,,,,"3",,,934
0,"LIPARIS","0","0","0","0","U","N",,,,,,,,,,,,,,,,,,,,,1015
0,"LIPOCAR","0","0","0","0","U","N",,,,,,,,,,,,,,,,,,,,,7574
0,"LIPOMIC","0","0","0","0","U","N",,,,,,,,,,,,,,,,,,,,,2180
0,"LISTBOR","3","5","3","5","U","N",,,,,,,,,,,,,,,,,,"4",,,1016
0,"LISTCAU","0","4","2","0","U","N",,,,,,,,,,,,,,,,,,"4",,,1017
0,"LISTCON","5","4","3","5","U","N",,,,,,,,,,,,,,,,,,"4",,,1018
0,"LISTCOR","0","0","1","1","U","N",,,,,,,,,,,,,,,,,,"4",,,1019
0,"LISTERA","0","0","0","0","U","N",,,,,,,,,,,,,,,,,,,,,1020
0,"LITHGLA","0","0","0","0","U","N",,,,,,,,,,,,,,,,,,,,,1021
0,"LITHINC","0","0","0","0","U","N",,,,,,,,,,,,,,,,,,,,,1025
0,"LITHOFF","0","0","0","0","U","E",,,,,,,,,,,,,,,,,,,,,7972
0,"LITHOPH","0","0","0","0","U","N",,,,,,,,,,,,,,,,"P",,,,,1023
0,"LITHOSP","0","0","0","0","U","N",,,,,,,,,,,,,,,,,,,,,1027
0,"LITHPAR","0","0","0","0","U","N",,,,,,,,,,,,,,,,,,,,,1022
0,"LITHPAR1","0","0","0","0","U","N",,,,,,,,,,,,,,,,,,,,,7962
0,"LITHRUD","0","0","0","0","U","N",,,,,,,,,,,,,,,,"F",,,,,1026
0,"LITHTEN","0","0","0","0","U","N",,,,,,,,,,,,,,,,,,,,,1024
0,"LLOYDIA","0","0","0","0","U","N",,,,,,,,,,,,,,,,,,,,,1031
0,"LLOYSER","0","0","0","0","U","N",,,,,,,,,,,,,,,,,,,,,1028
0,"LLOYSER1","0","0","0","0","U","N",,,,,,,,,,,,,,,,,,,,,1029
0,"LLOYSER2","0","0","0","0","U","N",,,,,,,,,,,,,,,,,,,,,1030
0,"LOASACE","0","0","0","0","U","N",,,,,,,,,,,,,,,,,,,,,1032
0,"LOBAHAL","0","0","0","0","U","N",,,,,,,,,,,,,,,,,,,,,6694
0,"LOBALIN","4","0","0","0","U","N",,,,,,,,,,,,,,,,,,,,,6695
0,"LOBALIN1","0","0","0","0","U","N",,,,,,,,,,,,,,,,,,,,,6696
0,"LOBALIN2","0","0","0","0","U","N",,,,,,,,,,,,,,,,,,,,,6697
0,"LOBAORE","4","0","0","0","U","N",,,,,,,,,,,,,,,,,,,,,6698
0,"LOBAPSE","0","0","0","0","U","N",,,,,,,,,,,,,,,,,,,,,511
0,"LOBAPUL","0","0","0","0","U","N",,,,,,,,,,,,,,,,,,,,,6699
0,"LOBARET","0","0","0","0","U","N",,,,,,,,,,,,,,,,,,,,,6700
0,"LOBARIA","0","0","0","0","U","N",,,,,,,,,,,,,,,,,,,,,6702
0,"LOBARIC","0","0","0","0","U","N",,,,,,,,,,,,,,,,,,,,,6703
0,"LOBASCR","0","0","0","0","U","N",,,,,,,,,,,,,,,,,,,,,6701
0,"LOBEDOR","4","6","0","5","U","N",,"H,L","H","L",,"P","I","O","PX","U",,,,,,,,"1",,,1033
0,"LOBEINF","0","0","0","0","U","E",,"H","H",,,"P","I","A","P1","U","LE","A-lobeline",,,,,,,,,1034
0,"LOBEKAL","0","0","0","0","U","N",,,,,,,,,"OS",,,,,,,,,"3",,,1035
0,"LOBELIA","0","0","0","0","U","N",,,,,,,,,"OS",,,,,,,,,,,,1036
0,"LOBOALP","0","0","0","0","U","N",,,,,,,,,,,,,,,,,,,,,6704
0,"LOBOMEL","0","0","0","0","U","N",,,,,,,,,,,,,,,,,,,,,6705
0,"LOBOTHA","0","0","0","0","U","N",,,,,,,,,,,,,,,,,,,,,6706
0,"LOBULAR","0","0","0","0","U","E",,,,,,,,,,,,,,,,,,,,,1038
0,"LOBUMAR","0","0","0","0","U","E",,,,,,,,,,,,,,,,,,,,,1037
0,"LOESBAD","0","0","0","0","U","N",,,,,,,,,,,,,,,,,,,,,4628
0,"LOESKYP","0","0","0","0","U","N",,,,,,,,,,,,,,,,,,,,,4629
0,"LOESWIC","0","0","0","0","U","N",,,,,,,,,,,,,,,,,,,,,4630
0,"LOGFARV","0","0","0","0","U","E",,,,,,,,,,,,,,,,,,,,,8055
0,"LOGFIA","0","0","0","0","U","E",,,,,,,,,,,,,,,,,,,,,8056
0,"LOGFMIN","0","0","0","0","U","E",,,,,,,,,,,,,,,,,,,,,7983
0,"LOISELE","0","0","0","0","U","N",,,,,,,,,,,,,,,,,,,,,7419
0,"LOISPRO","0","5","1","1","U","N",,,,,,,,,,,,,,,,,,"3",,,7418
0,"LOLIMUL","5","0","3","3","U","E",,,,,,,,,,,,,,,,,,,,,2181
0,"LOLIPER","0","0","3","3","U","E",,,,,,,,,,,,,,,,,,,,,2182
0,"LOLITEM","0","0","0","0","U","E",,,,,,,,,,,,,,,,,,,,,2184
0,"LOLIUM","0","0","0","0","U","E",,,,,,,,,,,,,,,,,,,,,2183
0,"LOMAAMB","0","0","0","0","U","N",,,,,,,,,,,,,,,,,,,,,1039
0,"LOMABRA","0","0","0","0","U","N",,,,,,,,,,,,,,,,,,,,,1040
0,"LOMADIS","0","2","3","3","U","N",,,,,,,,,,,,,,,,,,,,,1041
0,"LOMADIS1","0","0","0","0","U","N",,,,,,,,,,,,,,,,,,,,,1042
0,"LOMADIS2","0","0","0","0","U","N",,,,,,,,,,,,,,,,,,,,,1043
0,"LOMAFOE","0","0","0","0","U","N",,,,,,,,,,,,,,,,,,,,,1044
0,"LOMAFOE2","0","0","0","0","U","N",,,,,,,,,,,,,,,,,,,,,1045
0,"LOMAGEY","0","0","0","0","U","N",,,,,,,,,,,,,,,,,,,,,1046
0,"LOMAGRA","0","0","0","0","U","N",,,,,,,,,,,,,,,,,,,,,1047
0,"LOMAMAC","0","0","0","0","U","N",,,,,,,,,,,,,,,,"F",,,,,1048
0,"LOMAMAR","1","0","0","3","U","N",,,,,,,,,,,,,,,,,,,,,1049
0,"LOMAMAR1","1","0","0","3","U","N",,,,,,,,,,,,,,,,,,,,,7472
0,"LOMAMAR2","1","0","0","3","U","N",,,,,,,,,,,,,,,,,,,,,7736
0,"LOMANUD","0","0","3","3","U","N",,,,,,,,,,,,,,,,"F",,,,,1050
0,"LOMAROT","0","0","0","0","U","N",,,,,,,,,,,,,,,,,,"3",,,2888
0,"LOMASAN","0","0","0","0","U","N",,,,,,,,,,,,,,,,,,,,,1051
0,"LOMATIU","0","0","0","0","U","N",,,,,,,,,,,,,"1","1","0",,,,,,1052
0,"LOMATOG","0","0","0","0","U","N",,,,,,,,,,,,,,,,,,,,,1987
0,"LOMATRI","0","0","0","0","U","N",,,,,,,,,,,,,,,,"F",,,,,3217
0,"LOMATRI1","0","0","0","0","U","N",,,,,,,,,,,,,,,,,,,,,2885
0,"LOMATRI2","0","0","0","0","U","N",,,,,,,,,,,,,,,,,,,,,2886
0,"LOMAUTR","4","2","2","3","U","N",,,,,,,,,,,,,,,,,,,,,2887
0,"LONICER","0","0","0","0","U","N",,,,,,,,,,,,,,,,,,,,,1278
0,"LONICIL","5","2","2","0","U","N",,,,,,,,,,,,,,,,,,,,,1273
0,"LONIDIO","0","0","0","0","U","N",,,,,,,,,,,,,,,,,,,,,1274
0,"LONIDIO1","0","0","0","0","U","N",,,,,,,,,,,,,,,,,,,,,1275
0,"LONIHIS","4","2","2","0","U","N",,,,,,,,,,,,,,,,,,,,,1276
0,"LONIINV","0","5","3","0","U","N",,,,,,,,,,,,,"2","2","0",,,"4",,,1277
0,"LONIPER","0","0","0","0","U","E",,,,,,,,,,,,,,,,,,,,,679
0,"LONITAT","0","0","0","0","U","E",,,,,,,,,,,,,,,,,,,,,7973
0,"LONIUTA","3","0","2","0","U","N",,,,,,,,,,,,,,,,,,,,,1279
0,"LOPADIS","0","0","0","0","U","N",,,,,,,,,,,,,,,,,,,,,6707
0,"LOPADIU","0","0","0","0","U","N",,,,,,,,,,,,,,,,,,,,,6709
0,"LOPAPEZ","0","0","0","0","U","N",,,,,,,,,,,,,,,,,,,,,6708
0,"LOPHALB","0","0","0","0","U","N",,,,,,,,,,,,,,,,,,,,,5538
0,"LOPHALP","0","0","0","0","U","N",,,,,,,,,,,,,,,,,,,,,5539
0,"LOPHASC","0","0","0","0","U","N",,,,,,,,,,,,,,,,,,,,,5540
0,"LOPHBAD","0","0","0","0","U","N",,,,,,,,,,,,,,,,,,,,,5541
0,"LOPHBAD1","0","0","0","0","U","N",,,,,,,,,,,,,,,,,,,,,5542
0,"LOPHBAD2","0","0","0","0","U","N",,,,,,,,,,,,,,,,,,,,,5543
0,"LOPHBAN","0","0","0","0","U","N",,,,,,,,,,,,,,,,,,,,,5544
0,"LOPHBIC","0","0","0","0","U","N",,,,,,,,,,,,,,,,,,,,,5545
0,"LOPHBID","0","0","0","0","U","N",,,,,,,,,,,,,,,,,,,,,5525
0,"LOPHCAP","0","0","0","0","U","N",,,,,,,,,,,,,,,,,,,,,5546
0,"LOPHCOL","0","0","0","0","U","N",,,,,,,,,,,,,,,,,,,,,5547
0,"LOPHCUS","0","0","0","0","U","N",,,,,,,,,,,,,,,,,,,,,5526
0,"LOPHCUS1","0","0","0","0","U","N",,,,,,,,,,,,,,,,,,,,,5527
0,"LOPHCUS2","0","0","0","0","U","N",,,,,,,,,,,,,,,,,,,,,5528
0,"LOPHELO","0","0","0","0","U","N",,,,,,,,,,,,,,,,,,,,,5548
0,"LOPHEXC","0","0","0","0","U","N",,,,,,,,,,,,,,,,,,,,,5549
0,"LOPHEXC1","0","0","0","0","U","N",,,,,,,,,,,,,,,,,,,,,5550
0,"LOPHEXC2","0","0","0","0","U","N",,,,,,,,,,,,,,,,,,,,,5551
0,"LOPHEXC3","0","0","0","0","U","N",,,,,,,,,,,,,,,,,,,,,5552
0,"LOPHEXC4","0","0","0","0","U","N",,,,,,,,,,,,,,,,,,,,,5553
0,"LOPHGIL","0","0","0","0","U","N",,,,,,,,,,,,,,,,,,,,,5554
0,"LOPHGIL1","0","0","0","0","U","N",,,,,,,,,,,,,,,,,,,,,5555
0,"LOPHGIL2","0","0","0","0","U","N",,,,,,,,,,,,,,,,,,,,,5556
0,"LOPHGRA","0","0","0","0","U","N",,,,,,,,,,,,,,,,,,,,,5557
0,"LOPHGRA1","0","0","0","0","U","N",,,,,,,,,,,,,,,,,,,,,5558
0,"LOPHGRA2","0","0","0","0","U","N",,,,,,,,,,,,,,,,,,,,,5559
0,"LOPHGRO","0","0","0","0","U","N",,,,,,,,,,,,,,,,,,,,,5560
0,"LOPHGUT","0","0","0","0","U","N",,,,,,,,,,,,,,,,,,,,,5561
0,"LOPHHEE","0","0","0","0","U","N",,,,,,,,,,,,,,,,,,,,,5562
0,"LOPHHEE1","0","0","0","0","U","N",,,,,,,,,,,,,,,,,,,,,5563
0,"LOPHHEE2","0","0","0","0","U","N",,,,,,,,,,,,,,,,,,,,,5564
0,"LOPHHEE3","0","0","0","0","U","N",,,,,,,,,,,,,,,,,,,,,5565
0,"LOPHHER","0","0","0","0","U","N",,,,,,,,,,,,,,,,,,,,,5566
0,"LOPHHET","0","0","0","0","U","N",,,,,,,,,,,,,,,,,,"4",,,5529
0,"LOPHHYP","0","0","0","0","U","N",,,,,,,,,,,,,,,,,,,,,5567
0,"LOPHINC","0","0","0","0","U","N",,,,,,,,,,,,,,,,,,"4",,,5568
0,"LOPHINC1","0","0","0","0","U","N",,,,,,,,,,,,,,,,,,,,,5569
0,"LOPHINC2","0","0","0","0","U","N",,,,,,,,,,,,,,,,,,,,,5570
0,"LOPHLAT","0","0","0","0","U","N",,,,,,,,,,,,,,,,,,,,,5571
0,"LOPHLAX","0","0","0","0","U","N",,,,,,,,,,,,,,,,,,"4",,,5572
0,"LOPHLON","0","0","0","0","U","N",,,,,,,,,,,,,,,,,,,,,5573
0,"LOPHLON1","0","0","0","0","U","N",,,,,,,,,,,,,,,,,,,,,5574
0,"LOPHLON2","0","0","0","0","U","N",,,,,,,,,,,,,,,,,,,,,5575
0,"LOPHMAR","0","0","0","0","U","N",,,,,,,,,,,,,,,,,,,,,5530
0,"LOPHMIN","0","0","0","0","U","N",,,,,,,,,,,,,,,,,,,,,5531
0,"LOPHMUE","0","0","0","0","U","N",,,,,,,,,,,,,,,,,,,,,5535
0,"LOPHMUR","0","0","0","0","U","N",,,,,,,,,,,,,,,,,,,,,5532
0,"LOPHOBT","1","3","1","1","U","N",,,,,,,,,,,,,,,,,,"4",,,5576
0,"LOPHOCL","0","0","0","0","U","N",,,,,,,,,,,,,,,,,,,,,5534
0,"LOPHOCO","0","0","0","0","U","N",,,,,,,,,,,,,,,,,,,,,5533
0,"LOPHOLE","0","0","0","0","U","N",,,,,,,,,,,,,,,,,,,,,5536
0,"LOPHOPA","0","0","0","0","U","N",,,,,,,,,,,,,,,,,,,,,5577
0,"LOPHOZI","0","0","0","0","U","N",,,,,,,,,,,,,,,,,,,,,5587
0,"LOPHPEL","0","0","0","0","U","N",,,,,,,,,,,,,,,,,,,,,5578
0,"LOPHPEL1","0","0","0","0","U","N",,,,,,,,,,,,,,,,,,,,,5579
0,"LOPHPEL2","0","0","0","0","U","N",,,,,,,,,,,,,,,,,,,,,5580
0,"LOPHPER","0","0","0","0","U","N",,,,,,,,,,,,,,,,,,,,,5581
0,"LOPHPOL","0","0","0","0","U","N",,,,,,,,,,,,,,,,,,,,,5582
0,"LOPHPOL1","0","0","0","0","U","N",,,,,,,,,,,,,,,,,,,,,5583
0,"LOPHPOL2","0","0","0","0","U","N",,,,,,,,,,,,,,,,,,,,,5584
0,"LOPHRUB","0","0","0","0","U","N",,,,,,,,,,,,,,,,,,,,,5585
0,"LOPHRUT","0","0","0","0","U","N",,,,,,,,,,,,,,,,,,,,,5586
0,"LOPHSUA","0","0","0","0","U","N",,,,,,,,,,,,,,,,,,,,,5588
0,"LOPHSUB","0","0","0","0","U","N",,,,,,,,,,,,,,,,,,,,,5537
0,"LOPHSUD","0","0","0","0","U","N",,,,,,,,,,,,,,,,,,,,,5589
0,"LOPHVEN","0","3","1","1","U","N",,,,,,,,,,,,,,,,,,,,,5590
0,"LOPHVEN1","0","0","0","0","U","N",,,,,,,,,,,,,,,,,,,,,5591
0,"LOPHVEN2","0","0","0","0","U","N",,,,,,,,,,,,,,,,,,,,,5592
0,"LOPHVEN3","0","0","0","0","U","N",,,,,,,,,,,,,,,,,,,,,5593
0,"LOPHVEN4","0","0","0","0","U","N",,,,,,,,,,,,,,,,,,,,,5594
0,"LOPHVEN5","0","0","0","0","U","N",,,,,,,,,,,,,,,,,,,,,5595
0,"LOPHVEN6","0","0","0","0","U","N",,,,,,,,,,,,,,,,,,,,,5596
0,"LOPHWEN","1","5","1","1","U","N",,,,,,,,,,,,,,,,,,"4",,,5597
0,"LOPHWEN1","0","0","0","0","U","N",,,,,,,,,,,,,,,,,,,,,5598
0,"LOPHWEN2","0","0","0","0","U","N",,,,,,,,,,,,,,,,,,,,,5599
0,"LOTUCOR","0","2","3","0","U","E",,,,,,,,,,,,,,,,"G",,,,,1988
0,"LOTUKRY","0","0","0","0","U","E",,,,,,,,,,,,,,,,,,,,,7806
0,"LOTUS","0","0","0","0","U","N",,,,,,,,,,,,,,,,,,,,,2894
0,"LOTUTEN","0","0","0","0","U","E",,,,,,,,,,,,,,,,,,,,,2895
0,"LOTUULI","0","0","0","0","U","E",,,,,,,,,,,,,,,,,,,,,7742
0,"LOXOCOR","0","0","0","0","U","N",,,,,,,,,,,,,,,,,,,,,6713
0,"LOXOELA","0","0","0","0","U","N",,,,,,,,,,,,,,,,,,,,,6710
0,"LOXOOCH","0","0","0","0","U","N",,,,,,,,,,,,,,,,,,,,,6711
0,"LOXOSPO","0","0","0","0","U","N",,,,,,,,,,,,,,,,,,,,,6712
0,"LOXOSPR","0","0","0","0","U","N",,,,,,,,,,,,,,,,,,,,,6714
0,"LUDWIGI","0","0","0","0","U","N",,,,,,,,,,,,,,,,,,,,,2897
0,"LUDWPAL","4","6","0","5","U","N",,,,,,,,,,,,,,,,,,"1",,,2896
0,"LUETKEA","0","0","0","0","U","N",,,,,,,,,,,,,,,,,,,,,7421
0,"LUETPEC","1","4","2","0","U","N",,,,,,,,,,,,,,,,,,,,,7420
0,"LUINA","0","0","0","0","U","N",,,,,,,,,,,,,,,,,,,,,2899
0,"LUINHYP","0","0","0","0","U","N",,,,,,,,,,,,,,,,,,,,,2898
0,"LUNAANN","0","0","0","0","U","E",,,,,,,,,,,,,,,,,,,,,2900
0,"LUNARIA","0","0","0","0","U","E",,,,,,,,,,,,,,,,,,,,,2901
0,"LUNUCRU","0","0","0","0","U","N",,,,,,,,,,,,,,,,,,,,,5600
0,"LUNULAI","0","0","0","0","U","N",,,,,,,,,,,,,,,,,,,,,5602
0,"LUNULAR","0","0","0","0","U","N",,,,,,,,,,,,,,,,,,,,,5601
0,"LUPIARB","0","0","0","0","U","E",,,,,,,,,"OS",,,,,,,,,,,,2902
0,"LUPIARC","1","0","3","0","U","N",,,,,,,,,"OS",,,,"1","0","2","P",,,,,2935
0,"LUPIARC1","0","0","0","0","U","N",,,,,,,,,"OS",,,,,,,,,,,,2936
0,"LUPIARC3","0","0","0","0","U","N",,,,,,,,,"OS",,,,,,,,,,,,2937
0,"LUPIARG","0","0","0","0","U","N",,"L",,"L",,"C,S","I","A","P1","AUT","LE,SE","A-lupanine,sparteine, P1-cause death in sheep, teratogenic effects in calves",,,,,,,,,2938
0,"PLANMAC","0","0","0","0","U","N",,,,,,,,,,,,,,,,,,"4",,,3523
0,"PLANMAJ","0","0","0","0","U","N",,,,,,,,,,,,,,,,,"I",,,,3524
0,"PLANMAR","0","0","0","0","U","N",,,,,,,,,,,,,,,,,,"3",,,3525
0,"PLANMAR1","0","0","0","0","U","N",,,,,,,,,,,,,,,,,,,,,3526
0,"PLANMED","0","0","0","0","U","E",,,,,,,,,,,,,,,,,,,,,3527
0,"PLANPAT","0","0","0","0","U","N",,,,,,,,,,,,,,,,,,,,,3528
0,"PLANPSY","0","0","0","0","U","E",,,,,,,,,,,,,,,,,,,,,3529
0,"PLANTAG","0","0","0","0","U","N",,,,,,,,,,,,,,,,,,,,,3530
0,"PLANTAI","0","0","0","0","U","N",,,,,,,,,,,,,,,,,,,,,3517
0,"PLATANT","0","0","0","0","U","N",,,,,,,,,,,,,,,,,,,,,3538
0,"PLATAQU","0","5","0","5","U","N",,,,,,,,,,,,,,,,,,"3",,,7612
0,"PLATCHO","2","6","1","5","U","N",,,,,,,,,,,,,,,,,,"3",,,3531
0,"PLATDIL","0","6","2","5","U","N",,,,,,,,,,,,,,,,,,"3",,,3532
0,"OCHRTUR","0","0","0","0","U","N",,,,,,,,,,,,,,,,,,,,,6823
0,"OCHRUPS","0","0","0","0","U","N",,,,,,,,,,,,,,,,,,,,,6824
0,"ODONDEN","0","0","0","0","U","N",,,,,,,,,,,,,,,,,,"2",,,5683
0,"ODONDEN1","0","0","0","0","U","N",,,,,,,,,,,,,,,,,,,,,5684
0,"ODONDEN2","0","0","0","0","U","N",,,,,,,,,,,,,,,,,,,,,5685
0,"ODONELO","0","0","0","0","U","N",,,,,,,,,,,,,,,,,,,,,5686
0,"ODONGIB","0","0","0","0","U","N",,,,,,,,,,,,,,,,,,,,,5687
0,"ODONMAC","0","0","0","0","U","N",,,,,,,,,,,,,,,,,,,,,5688
0,"ODONPRO","0","0","0","0","U","N",,,,,,,,,,,,,,,,,,,,,5689
0,"ODONSPH","0","0","0","0","U","N",,,,,,,,,,,,,,,,,,,,,5691
0,"ODONTOS","0","0","0","0","U","N",,,,,,,,,,,,,,,,,,,,,5690
0,"OEDIGRI","0","0","0","0","U","N",,,,,,,,,,,,,,,,,,,,,4664
0,"OEDIPOD","0","0","0","0","U","N",,,,,,,,,,,,,,,,,,,,,4665
0,"OEDIPOI","0","0","0","0","U","N",,,,,,,,,,,,,,,,,,,,,4663
0,"OEMLCER","4","4","3","0","U","N",,,,,,,,,,,,,,,,,,,,,1290
0,"OEMLERI","0","0","0","0","U","N",,,,,,,,,,,,,,,,,,,,,1291
0,"OENANTH","0","0","0","0","U","N",,,,,,,,,,,,,,,,,,,,,3339
0,"OENASAR","4","6","3","5","U","N",,,,,,,,,,,,,"1","1","0",,,"3",,,3338
0,"PLAGDEN","0","4","1","0","U","N",,,,,,,,,,,,,,,,,,,,,4743
0,"PENSNIT1","0","0","0","0","U","N",,,,,,,,,,,,,,,,,,,,,512
0,"PENSOVA","0","0","0","0","U","N",,,,,,,,,,,,,,,,,,,,,3458
0,"PENSPRO","0","2","2","0","U","N",,,,,,,,,,,,,,,,"F",,,,,3459
0,"PENSPRO1","0","0","0","0","U","N",,,,,,,,,,,,,,,,,,,,,3460
0,"PENSPRO2","0","0","0","0","U","N",,,,,,,,,,,,,,,,,,,,,3461
0,"PENSPRU","0","0","0","0","U","N",,,,,,,,,,,,,,,,,,,,,3462
0,"PENSRIC","0","0","0","0","U","N",,,,,,,,,,,,,,,,,,,,,3463
0,"PENSRIC1","0","0","0","0","U","N",,,,,,,,,,,,,,,,,,,,,3464
0,"PENSSER","0","5","2","0","U","N",,,,,,,,,,,,,,,,,,,,,3465
0,"PENSTEM","0","0","0","0","U","N",,,,,,,,,,,,,,,,,,,,,3466
0,"PENTAGR","0","0","0","0","U","N",,,,,,,,,,,,,,,,,,,,,1510
0,"PENTHOR","0","0","0","0","U","N",,,,,,,,,,,,,,,,,,,,,866
0,"PENTSED","0","0","0","0","U","E",,,,,,,,,,,,,,,,,,,,,867
0,"PENTSEM","0","0","0","0","U","E",,,,,,,,,,,,,,,,,,,,,7906
0,"PENTTRI","0","0","0","0","U","N",,,,,,,,,,,,,,,,,,,,,1511
0,"PENTTRI1","0","0","0","0","U","N",,,,,,,,,,,,,,,,,,,,,592
0,"PERIDER","0","0","0","0","U","N",,,,,,,,,,,,,,,,,,,,,3467
0,"PERIMON","4","3","2","0","U","N",,,,,,,,,,,,,"1","1","0",,,,,,7758
0,"PERSAMP","0","0","0","0","U","N",,,,,,,,,,,,,,,,,,"2",,,702
0,"PERSAMP1","0","0","0","0","U","N",,,,,,,,,,,,,,,,,,"2",,,3468
0,"PERSAMP2","0","0","0","0","U","N",,,,,,,,,,,,,,,,,,"2",,,7693
0,"PERSHYD","0","0","0","0","U","E",,,,,,,,,,,,,,,,,,"4",,,3469
0,"PERSHYR","0","0","0","0","U","N",,,,,,,,,,,,,,,,,,"3",,,3470
0,"PERSICA","0","0","0","0","U","N",,,,,,,,,,,,,,,,,,,,,703
0,"PERSLAP","0","0","0","0","U","N",,,,,,,,,,,,,,,,,,"3",,,3471
0,"PERSLON","0","0","0","0","U","E",,,,,,,,,,,,,,,,,,,,,684
0,"PERSMAC","0","0","0","0","U","E",,,,,,,,,,,,,,,,,"I",,,,3472
0,"PERSMIN","0","0","0","0","U","E",,,,,,,,,,,,,,,,,,,,,705
0,"PERSNEP","0","0","0","0","U","E",,,,,,,,,,,,,,,,,,,,,3473
0,"PERSPEN","0","0","0","0","U","N",,,,,,,,,,,,,,,,,,,,,7759
0,"PERSPUN","0","0","0","0","U","N",,,,,,,,,,,,,,,,,,"3",,,3474
0,"PERSWAL","0","0","0","0","U","E",,,,,,,,,,,,,,,,,,,,,706
0,"PERTALB","0","0","0","0","U","N",,,,,,,,,,,,,,,,,,,,,6903
0,"PERTAMA","0","0","0","0","U","N",,,,,,,,,,,,,,,,,,,,,6904
0,"PERTBOR","0","0","0","0","U","N",,,,,,,,,,,,,,,,,,,,,6905
0,"PERTCAR","0","0","0","0","U","N",,,,,,,,,,,,,,,,,,,,,6906
0,"PERTCHI","0","0","0","0","U","N",,,,,,,,,,,,,,,,,,,,,6907
0,"PERTDAC","0","0","0","0","U","N",,,,,,,,,,,,,,,,,,,,,6908
0,"PERTGEM","0","0","0","0","U","N",,,,,,,,,,,,,,,,,,,,,6909
0,"PERTGLA","0","0","0","0","U","N",,,,,,,,,,,,,,,,,,,,,6910
0,"OXYMITA","0","0","0","0","U","N",,,,,,,,,,,,,,,,,,,,,5695
0,"OXYMITR","0","0","0","0","U","N",,,,,,,,,,,,,,,,,,,,,5694
0,"OXYMPAL","0","0","0","0","U","N",,,,,,,,,,,,,,,,,,,,,5693
0,"OXYPOCC","0","0","0","0","U","N",,,,,,,,,,,,,,,,,,,,,7811
0,"OXYPOLI","0","0","0","0","U","N",,,,,,,,,,,,,,,,,,,,,7812
0,"OXYRDIG","0","0","0","0","U","N",,,,,,,,,,,,,"1","1","0",,,,,,3383
0,"OXYRIA","0","0","0","0","U","N",,,,,,,,,,,,,,,,,,,,,3384
0,"OXYSTEG","0","0","0","0","U","N",,,,,,,,,,,,,,,,,,,,,4704
0,"OXYSTEN","0","0","0","0","U",,,,,,,,,,,,,,,,,,,,,,4705
0,"OXYTBOR","0","0","0","0","U","N",,,,,,,,,,,,,,,,,,,,,7817
0,"OXYTBOR1","0","0","0","0","U","N",,,,,,,,,,,,,,,,,,,,,7816
0,"OXYTCAM","0","0","0","0","U","N",,,,,,,,,,,,,"1","2","1","PP",,,,,7955
0,"OXYTCAM2","0","0","0","0","U","N",,,,,,,,,"OS",,,,,,,,,,,,3385
0,"OXYTCAM3","0","0","0","0","U","N",,,,,,,,,,,,,,,,,,,,,3386
0,"OXYTCAM6","0","0","0","0","U","N",,,,,,,,,,,,,,,,,,,,,3387
0,"OXYTCAM7","0","0","0","0","U","N",,,,,,,,,"OS",,,,,,,,,,,,3388
0,"OXYTCAM9","0","0","0","0","U","N",,,,,,,,,"OS",,,,,,,,,,,,7813
0,"OXYTDEF","0","0","0","0","U","N",,,,,,,,,"OS",,,,,,,,,,,,3389
0,"OXYTDEF1","0","0","0","0","U","N",,,,,,,,,,,,,,,,,,,,,7780
0,"OXYTDEF2","0","0","0","0","U","N",,,,,,,,,,,,,,,,,,,,,7781
0,"OXYTHUD","0","0","0","0","U","N",,,,,,,,,"OS",,,,,,,,,,,,3390
0,"OXYTJOR","0","0","0","0","U","N",,,,,,,,,"OS",,,,,,,,,,,,3391
0,"OXYTMAY","0","0","0","0","U","N",,,,,,,,,"OS",,,,,,,,,,,,3392
0,"OXYTNIG","0","0","0","0","U","N",,,,,,,,,"OS",,,,,,,,,,,,3393
0,"OXYTNIG1","0","0","0","0","U","N",,,,,,,,,"OS",,,,,,,,,,,,7814
0,"OXYTNIG2","0","0","0","0","U","N",,,,,,,,,"OS",,,,,,,,,,,,431
0,"OXYTPOD","0","0","0","0","U","N",,,,,,,,,"OS",,,,,,,,,,,,3394
0,"OXYTROP","0","0","0","0","U","N",,,,,,,,,"OS",,,,,,,,,,,,3397
0,"OXYTSCA","0","0","0","0","U","N",,,,,,,,,"OS",,,,,,,,,,,,3395
0,"OXYTSER","0","0","0","0","U","N",,"L",,"L",,"C","I","A,O","P1","SPR","FL,LE,FR,SE,ST","A-swainsoninine,O-slaframine",,,,"PP",,,,,3396
0,"OXYTSER2","0","0","0","0","U","N",,"L",,"L",,"C","I","A,O","P1","SPR","FL,LE,FR,SE,ST","A-swainsoninine,O-slaframine",,,,,,,,,7815
0,"OXYTSPL","0","0","0","0","U","N",,,,,,,,,"OS",,,,,,,,,,,,3398
0,"PACKCAN","0","0","0","0","U","N",,,,,,,,,"OS",,,,,,,"P",,,,,7884
0,"PACKCON","0","0","0","0","U","N",,,,,,,,,"OS",,,,,,,,,,,,7887
0,"PACKCYM","0","0","0","0","U","N",,,,,,,,,"OS",,,,,,,,,,,,7888
0,"PACKERA","0","0","0","0","U","N",,,,,,,,,,,,,,,,,,,,,7885
0,"PACKIND","0","0","0","0","U","N",,,,,,,,,"OS",,,,,,,,,"4",,,7892
0,"PACKMAC","0","0","0","0","U","N",,,,,,,,,"OS",,,,,,,,,,,,7893
0,"PACKOGO","0","0","0","0","U","N",,,,,,,,,"OS",,,,,,,,,,,,7895
0,"PACKPAC","3","0","3","2","U","N",,,,,,,,,"OS",,,,,,,"G",,"3",,,7896
0,"PACKPAP","0","0","0","0","U","N",,,,,,,,,"OS",,,,,,,,,"4",,,7987
0,"PACKPLA","0","0","0","0","U","N",,"L",,"L",,"C,H,S","I","A","PX","SPR,SUM",,,,,,,,,,,7988
0,"PACKPSE","0","0","0","0","U","N",,,,,,,,,"OS",,,,,,,,,,,,7989
0,"PACKPSE1","0","0","0","0","U","N",,,,,,,,,"OS",,,,,,,,,,,,7990
0,"PACKSTR","0","0","0","0","U","N",,,,,,,,,"OS",,,,,,,,,,,,7991
0,"PACKSUB","1","5","2","3","U","N",,,,,,,,,"OS",,,,,,,,,"4",,,7889
0,"PACKSUB1","1","5","2","3","U","N",,,,,,,,,"OS",,,,,,,,,"4",,,7890
0,"PACKSUB2","0","0","0","0","U","N",,,,,,,,,"OS",,,,,,,,,"3",,,7894
0,"PALLAVC","0","0","0","0","U","N",,,,,,,,,,,,,,,,,,,,,5698
0,"PALLAVI","0","0","0","0","U","N",,,,,,,,,,,,,,,,,,,,,5697
0,"PALLLYE","0","0","0","0","U","N",,,,,,,,,,,,,,,,,,,,,5696
0,"PALUDEL","0","0","0","0","U","N",,,,,,,,,,,,,,,,,,,,,4706
0,"PALUFAL","0","0","0","0","U","N",,,,,,,,,,,,,,,,,,"2",,,880
0,"PALUSQU","0","0","0","0","U","N",,,,,,,,,,,,,,,,,,"2",,,4707
0,"PALUSTR","0","0","0","0","U","N",,,,,,,,,,,,,,,,,,,,,851
0,"PANICAP","0","0","0","0","U","N",,,,,,,,,,,,,,,,,"I",,,,2217
0,"PANICUM","0","0","0","0","U","N",,,,,,,,,,,,,,,,,,,,,2220
0,"PANIDIC","0","0","0","0","U","E",,,,,,,,,,,,,,,,,,,,,2218
0,"PANIMIL","0","0","0","0","U","E",,,,,,,,,,,,,,,,,,,,,2219
0,"PANIMIL1","0","0","0","0","U","E",,,,,,,,,,,,,,,,,,,,,7755
0,"PANIMIL2","0","0","0","0","U","E",,,,,,,,,,,,,,,,,,,,,7757
0,"PANIRIG","0","0","0","0","U","E",,,,,,,,,,,,,,,,,,,,,622
0,"PANIRIG1","0","0","0","0","U","E",,,,,,,,,,,,,,,,,,,,,621
0,"PANNAHL","0","0","0","0","U","N",,,,,,,,,,,,,,,,,,,,,6838
0,"PANNARA","0","0","0","0","U","N",,,,,,,,,,,,,,,,,,,,,6849
0,"PANNARI","0","0","0","0","U","N",,,,,,,,,,,,,,,,,,,,,6848
0,"PANNCYA","0","0","0","0","U","N",,,,,,,,,,,,,,,,,,,,,6839
0,"PANNLAC","0","0","0","0","U","N",,,,,,,,,,,,,,,,,,,,,6840
0,"PANNLEC","0","0","0","0","U","N",,,,,,,,,,,,,,,,,,,,,6841
0,"PANNMAE","0","0","0","0","U","N",,,,,,,,,,,,,,,,,,,,,6842
0,"PANNMED","0","0","0","0","U","N",,,,,,,,,,,,,,,,,,,,,6843
0,"PANNPEZ","0","0","0","0","U","N",,,,,,,,,,,,,,,,,,,,,6844
0,"PANNPRA","0","0","0","0","U","N",,,,,,,,,,,,,,,,,,,,,6845
0,"PANNRUB","0","0","0","0","U","N",,,,,,,,,,,,,,,,,,,,,6846
0,"PANNSAU","0","0","0","0","U","N",,,,,,,,,,,,,,,,,,,,,6847
0,"PAPAALB","0","0","0","0","U","N",,"H,L","H","L",,"P","I","O","PX","U","LE,FL",,,,,,,,,,3400
0,"PAPAARG","0","0","0","0","U","E",,,,,,,,,"OS",,,,,,,,,,,,1201
0,"PAPADUB","0","0","0","0","U","E",,,,,,,,,"OS",,,,,,,,,,,,1202
0,"PAPALAP","0","0","0","0","U","N",,"H,L","H","L",,"P","I","O","PX","U","LE,FL",,,,,,,,,,3401
0,"PAPANUD","0","0","0","0","U","E",,"H,L","H","L",,"P","I","A","PX","U","LE,FL",,,,,,,,,,3402
0,"LUPILEU1","0","0","0","0","U","N",,"L",,"L",,"C,S,H","I","A","P1","AUT",,"A-lupinine, P1-fatally poisonous to sheep,cause crooked calf disease",,,,,,,,,7746
0,"PAPAPYG","0","0","0","0","U","N",,,,,,,,,"OS",,,,,,,,,,,,3403
0,"PAPARAD","0","0","0","0","U","N",,,,,,,,,"OS",,,,,,,,,,,,1206
0,"PAPARAD1","0","0","0","0","U","N",,,,,,,,,"OS",,,,,,,,,,,,1203
0,"PAPARHO","0","0","0","0","U","E",,"H,L","H","L",,"P","I","O","PX","U","LE,FL",,,,,,,,,,3404
0,"PAPASOM","0","0","0","0","U","E",,"H,L","H","L",,"P","I","O","PX","U","LE,FL",,,,,,,,,,3405
0,"PAPAVEA","0","0","0","0","U","N",,,,,,,,,,,,,,,,,,,,,3399
0,"PAPAVER","0","0","0","0","U","N",,,,,,,,,"OS",,,,,,,,,,,,3406
0,"PARAENE","0","0","0","0","U","N",,,,,,,,,,,,,,,,,,,,,4709
0,"PARAINC","0","0","0","0","U","E",,,,,,,,,,,,,,,,,,,,,683
0,"PARALEP","0","0","0","0","U","N",,,,,,,,,,,,,,,,,,,,,8105
0,"PARALEU","0","0","0","0","U","N",,,,,,,,,,,,,,,,,,,,,4711
0,"PARALON","0","0","0","0","U","N",,,,,,,,,,,,,,,,,,,,,4710
0,"PARAREC","0","0","0","0","U","N",,,,,,,,,,,,,,,,,,,,,4708
0,"PARENTU","0","0","0","0","U","E",,,,,,,,,,,,,,,,,,,,,3407
0,"PAREVIS","0","0","0","0","U","E",,,,,,,,,,,,,,,,,,,,,3408
0,"PARIETA","0","0","0","0","U","N",,,,,,,,,,,,,,,,,,,,,3410
0,"PARIPEN","0","0","0","0","U","N",,,,,,,,,,,,,,,,,,,,,3409
0,"PARMAMB","0","0","0","0","U","N",,,,,,,,,,,,,,,,,,,,,6862
0,"PARMARO","0","0","0","0","U","N",,,,,,,,,,,,,,,,,,,,,6865
0,"PARMCHE","0","0","0","0","U","N",,,,,,,,,,,,,,,,,,,,,6859
0,"PARMCHN","0","0","0","0","U","N",,,,,,,,,,,,,,,,,,,,,6866
0,"PARMCRN","0","0","0","0","U","N",,,,,,,,,,,,,,,,,,,,,6867
0,"PARMELA","0","0","0","0","U","N",,,,,,,,,,,,,,,,,,,,,6858
0,"PARMELI","0","0","0","0","U","N",,,,,,,,,,,,,,,,,,,,,6856
0,"PARMELL","0","0","0","0","U","N",,,,,,,,,,,,,,,,,,,,,6860
0,"PARMELO","0","0","0","0","U","N",,,,,,,,,,,,,,,,,,,,,6864
0,"PARMFRA","0","0","0","0","U","N",,,,,,,,,,,,,,,,,,,,,6850
0,"PARMHYE","0","0","0","0","U","N",,,,,,,,,,,,,,,,,,,,,6863
0,"PARMHYG","0","0","0","0","U","N",,,,,,,,,,,,,,,,,,,,,6851
0,"PARMOMP","0","0","0","0","U","N",,,,,,,,,,,,,,,,,,,,,6852
0,"PARMOMP1","0","0","0","0","U","N",,,,,,,,,,,,,,,,,,,,,6853
0,"PARMOTR","0","0","0","0","U","N",,,,,,,,,,,,,,,,,,,,,6868
0,"PARMPSE","0","0","0","0","U","N",,,,,,,,,,,,,,,,,,,,,6854
0,"PLATDIL1","0","0","0","0","U","N",,,,,,,,,,,,,,,,,,"3",,,3533
0,"PLATDIL2","0","0","0","0","U","N",,,,,,,,,,,,,,,,,,"3",,,3534
0,"PLATDIL3","0","0","0","0","U","N",,,,,,,,,,,,,,,,,,"3",,,3535
0,"PLATGLA","0","0","0","0","U","N",,,,,,,,,,,,,,,,,,,,,7000
0,"PLATHER","0","0","0","0","U","N",,,,,,,,,,,,,,,,,,,,,7001
0,"PLATHUR","0","0","0","0","U","N",,,,,,,,,,,,,,,,,,,,,7613
0,"PLATISM","0","0","0","0","U","N",,,,,,,,,,,,,,,,,,,,,7004
0,"PLATJUN","0","0","0","0","U","N",,,,,,,,,,,,,,,,,,,,,4748
0,"MAHOREP","0","0","0","0","U","N",,,,,,,,,,,,,,,,"F",,,,,1355
0,"MAIACAN","3","0","1","1","U","N",,,,,,,,,,,,,,,,,,,,,2997
0,"MAIADIL","4","5","3","2","U","N",,,,,,,,,,,,,,,,,,"4",,,2998
0,"MAIANTH","0","0","0","0","U","N",,,,,,,,,,,,,,,,,,,,,2999
0,"MAIARAC","5","0","3","2","U","N",,,,,,,,,,,,,"0","1","1",,,,,,7581
0,"MAIARAC1","0","0","0","0","U","N",,,,,,,,,,,,,,,,,,,,,7582
0,"MAIASTE","0","0","3","2","U","N",,,,,,,,,,,,,"0","1","1",,,"4",,,7583
0,"MAIATRI","0","0","0","0","U","N",,,,,,,,,,,,,,,,,,"3",,,7584
0,"MALABRA","0","0","0","0","U","N",,,,,,,,,,,,,,,,,,"3",,,6319
0,"MALADIP","0","0","0","0","U","N",,,,,,,,,,,,,,,,,,"3",,,6320
0,"MALAPAL","0","0","0","0","U","N",,,,,,,,,,,,,,,,,,"3",,,3000
0,"MALAXIS","0","0","0","0","U","N",,,,,,,,,,,,,,,,,,,,,3001
0,"MALUFUS","4","6","3","5","U","N",,,,,,,,,,,,,"0","1","2",,,"3",,,808
0,"MALUPUM","0","0","0","0","U","E",,,,,,,,,,,,,,,,,,,,,809
0,"MALUS","0","0","0","0","U","N",,,,,,,,,,,,,,,,,,,,,810
0,"MALVA","0","0","0","0","U","E",,,,,,,,,"OS",,,,,,,,,,,,3006
0,"MALVACE","0","0","0","0","U","N",,,,,,,,,,,,,,,,,,,,,3008
0,"MALVMOS","0","0","0","0","U","E",,,,,,,,,"OS",,,,,,,,,,,,3002
0,"MALVNEG","0","0","0","0","U","E",,,,,,,,,"OS",,,,,,,,"I",,,,3003
0,"MALVPAR","0","0","0","0","U","E",,"L",,"L",,"C,H,S","I","O","PX","U",,"O-other or unknown",,,,,,,,,3004
0,"MALVROT","0","0","0","0","U","E",,,,,,,,,"OS",,,,,,,,,,,,3005
0,"MALVSYL","0","0","0","0","U","E",,,,,,,,,"OS",,,,,,,,,,,,3007
0,"MANNCAL","0","0","0","0","U","N",,,,,,,,,,,,,,,,,,,,,5603
0,"MANNFRA","0","0","0","0","U","N",,,,,,,,,,,,,,,,,,,,,5604
0,"MANNIA","0","0","0","0","U","N",,,,,,,,,,,,,,,,,,,,,5607
0,"MANNPIL","0","0","0","0","U","N",,,,,,,,,,,,,,,,,,,,,5605
0,"MANNSIB","0","0","0","0","U","N",,,,,,,,,,,,,,,,,,,,,5606
0,"MANNTRI","0","0","0","0","U","N",,,,,,,,,,,,,,,,,,,,,5608
0,"MARAH","0","0","0","0","U","N",,,,,,,,,,,,,,,,,,,,,3010
0,"MARAORE","0","0","0","0","U","N",,,,,,,,,,,,,,,,,,,,,3009
0,"MARCALP","0","0","0","0","U","N",,,,,,,,,,,,,,,,,,,,,5609
0,"MARCDOM","0","0","0","0","U","N",,,,,,,,,,,,,,,,,,,,,5610
0,"MARCHAN","0","0","0","0","U","N",,,,,,,,,,,,,,,,,,,,,5613
0,"MARCHAT","0","0","0","0","U","N",,,,,,,,,,,,,,,,,,,,,5614
0,"MARCPAL","0","0","0","0","U","N",,,,,,,,,,,,,,,,,,,,,5611
0,"MARCPOL","0","5","3","3","U","N",,,,,,,,,,,,,,,,,,"4",,,5612
0,"MARRUBI","0","0","0","0","U","E",,,,,,,,,,,,,,,,,,,,,3011
0,"MARRVUL","0","0","0","0","U","E",,,,,,,,,,,,,,,,,,,,,3012
0,"MARSALP","0","0","0","0","U","N",,,,,,,,,,,,,,,,,,,,,5615
0,"MARSARC","0","0","0","0","U","N",,,,,,,,,,,,,,,,,,,,,5616
0,"MARSBOE","0","0","0","0","U","N",,,,,,,,,,,,,,,,,,,,,5617
0,"MARSBOL","0","0","0","0","U","N",,,,,,,,,,,,,,,,,,,,,5618
0,"MARSBRE","1","4","1","1","U","N",,,,,,,,,,,,,,,,,,,,,5619
0,"MARSCOM","0","0","0","0","U","N",,,,,,,,,,,,,,,,,,,,,5620
0,"MARSCON","0","0","0","0","U","N",,,,,,,,,,,,,,,,,,,,,5621
0,"MARSEMA","0","0","0","0","U","N",,,,,,,,,,,,,,,,,,,,,5622
0,"MARSEMA1","0","0","0","0","U","N",,,,,,,,,,,,,,,,,,,,,5623
0,"MARSEMA2","0","0","0","0","U","N",,,,,,,,,,,,,,,,,,,,,5624
0,"MARSEMA3","0","0","0","0","U","N",,,,,,,,,,,,,,,,,,,,,5625
0,"MARSEMA4","0","0","0","0","U","N",,,,,,,,,,,,,,,,,,,,,5626
0,"MARSEMA5","0","0","0","0","U","N",,,,,,,,,,,,,,,,,,,,,5627
0,"MARSEMA6","0","0","0","0","U","N",,,,,,,,,,,,,,,,,,,,,5628
0,"MARSFUN","0","0","0","0","U","N",,,,,,,,,,,,,,,,,,,,,5629
0,"MARSILA","0","0","0","0","U","N",,,,,,,,,,,,,,,,,,,,,1775
0,"MARSILE","0","0","0","0","U","N",,,,,,,,,,,,,,,,,,,,,1756
0,"MARSPAR","0","0","0","0","U","N",,,,,,,,,,,,,,,,,,,,,5630
0,"MARSREV","0","0","0","0","U","N",,,,,,,,,,,,,,,,,,,,,5631
0,"MARSSPA","1","4","2","3","U","N",,,,,,,,,,,,,,,,,,,,,5633
0,"MARSSPH","0","0","0","0","U","N",,,,,,,,,,,,,,,,,,,,,5634
0,"MARSUPE","0","0","0","0","U","N",,,,,,,,,,,,,,,,,,,,,5632
0,"MARSUST","0","0","0","0","U","N",,,,,,,,,,,,,,,,,,,,,5635
0,"MARSUST1","0","0","0","0","U","N",,,,,,,,,,,,,,,,,,,,,5636
0,"MARSUST2","0","0","0","0","U","N",,,,,,,,,,,,,,,,,,,,,5637
0,"MARSVES","0","0","0","0","U","N",,,,,,,,,,,,,,,,,,"1",,,1774
0,"MASONHA","0","0","0","0","U","N",,,,,,,,,,,,,,,,,,,,,6716
0,"MASORIC","0","0","0","0","U","N",,,,,,,,,,,,,,,,,,,,,6715
0,"MASSALO","0","0","0","0","U","N",,,,,,,,,,,,,,,,,,,,,6719
0,"MASSCAR","0","0","0","0","U","N",,,,,,,,,,,,,,,,,,,,,6717
0,"MASSMIC","0","0","0","0","U","N",,,,,,,,,,,,,,,,,,,,,6718
0,"MASTAUR","0","0","0","0","U","N",,,,,,,,,,,,,,,,,,,,,5638
0,"MASTIGH","0","0","0","0","U","N",,,,,,,,,,,,,,,,,,,,,5642
0,"MASTIGO","0","0","0","0","U","N",,,,,,,,,,,,,,,,,,,,,5639
0,"MASTIGP","0","0","0","0","U","N",,,,,,,,,,,,,,,,,,,,,5640
0,"MASTODI","0","0","0","0","U","N",,,,,,,,,,,,,,,,,,,,,6720
0,"MASTWOO","0","0","0","0","U","N",,,,,,,,,,,,,,,,,,,,,5641
0,"MATRDIS","0","0","0","0","U","N",,,,,,,,,,,,,,,,,"I",,,,3013
0,"MATRICA","0","0","0","0","U","E",,,,,,,,,,,,,,,,,,,,,1054
0,"MATRREC","0","0","0","0","U","E",,,,,,,,,,,,,,,,,,,,,1053
0,"MATTEUC","0","0","0","0","U","N",,,,,,,,,,,,,,,,,,,,,1776
0,"MATTSTR","3","5","3","2","U","N",,,,,,,,,,,,,"1","1","0",,,"3",,,1777
0,"MECOCAM","0","0","0","0","U","E",,,,,,,,,,,,,,,,,,,,,680
0,"MECONEL","0","0","0","0","U","N",,,,,,,,,,,,,,,,,,,,,1056
0,"MECONOP","0","0","0","0","U","E",,,,,,,,,,,,,,,,,,,,,681
0,"MECOORE","0","0","0","0","U","N",,,,,,,,,,,,,,,,,,,,,1055
0,"MEDIARA","0","0","0","0","U","E",,,,,,,,,"OS",,,,,,,,,,,,1057
0,"MEDICAG","0","0","0","0","U","E",,,,,,,,,"OS",,,,,,,"G",,,,,1061
0,"MEDILUP","0","0","0","3","U","E",,,,,,,,,"OS",,,,,,,,,,,,1058
0,"MEDIPOL","0","0","0","0","U","E",,,,,,,,,"OS",,,,,,,,,,,,1059
0,"MEDISAT","0","0","0","0","U","E",,"H,L","H","L",,"P,C,S,O","I","O","P2","SPR,SUM,AUT,WIN","LE,ST","O-poultry, O-coumestrol,coumestan,medicagenic acid, P2-cause photosensitization, infertility,reduction of egg-laying in chickens",,,,,,,,,1060
0,"MEDISAT1","0","0","0","0","U","E",,"H,L","H","L",,"P,C,S,O","I","O","P2","SPR,SUM,AUT,WIN","LE,ST","O-poultry, O-coumestrol,coumestan,medicagenic acid, P2-cause photosensitization, infertility,reduction of egg-laying in chickens",,,,,,,,,7645
0,"MEDISAT2","0","0","0","0","U","E",,"H,L","H","L",,"P,C,S,O","I","O","P2","SPR,SUM,AUT,WIN","LE,ST","O-poultry, O-coumestrol,coumestan,medicagenic acid, P2-cause photosensitization, infertility,reduction of egg-laying in chickens",,,,,,,,,7646
0,"MEESIA","0","0","0","0","U","N",,,,,,,,,,,,,,,,,,,,,4632
0,"MEESIAC","0","0","0","0","U","N",,,,,,,,,,,,,,,,,,,,,4635
0,"MEESLON","0","0","0","0","U","N",,,,,,,,,,,,,,,,,,"2",,,4631
0,"MEESTRI","0","0","0","0","U","N",,,,,,,,,,,,,,,,,,"2",,,4633
0,"MEESULI","0","0","0","0","U","N",,,,,,,,,,,,,,,,,,"2",,,4634
0,"MEGABEC","0","0","0","0","U","N",,,,,,,,,"OS",,,,,,,,,"1",,,1062
0,"MEGASPO","0","0","0","0","U","N",,,,,,,,,,,,,,,,,,,,,6721
0,"MEGASPR","0","0","0","0","U","N",,,,,,,,,,,,,,,,,,,,,6723
0,"MEGAVEU","0","0","0","0","U","N",,,,,,,,,,,,,,,,,,,,,6722
0,"MELAALE","0","0","0","0","U","N",,,,,,,,,,,,,,,,,,,,,7935
0,"MELADIS","0","0","0","0","U","N",,,,,,,,,,,,,,,,,,,,,6724
0,"MELAELE","0","0","0","0","U","N",,,,,,,,,,,,,,,,,,,,,6725
0,"MELAEXS","0","0","0","0","U","N",,,,,,,,,,,,,,,,,,,,,6726
0,"MELAFUL","0","0","0","0","U","N",,,,,,,,,,,,,,,,,,,,,6727
0,"MELAINF","0","0","0","0","U","N",,,,,,,,,,,,,,,,,,,,,6728
0,"MELALIN","3","3","1","1","U","N",,,,,,,,,,,,,,,,,,,,,1063
0,"MELALIN1","0","0","0","0","U","N",,,,,,,,,,,,,,,,,,,,,1064
0,"MELAMPY","0","0","0","0","U","N",,,,,,,,,,,,,,,,,,,,,1065
0,"MELAMUL","0","0","0","0","U","N",,,,,,,,,,,,,,,,,,,,,6729
0,"MELANEL","0","0","0","0","U","N",,,,,,,,,,,,,,,,,,,,,6734
0,"MELAOLI","0","0","0","0","U","N",,,,,,,,,,,,,,,,,,,,,6730
0,"MELAPAN","0","0","0","0","U","N",,,,,,,,,,,,,,,,,,,,,6731
0,"MELASET","0","0","0","0","U","N",,,,,,,,,,,,,,,,,,,,,6732
0,"MELASOR","0","0","0","0","U","N",,,,,,,,,,,,,,,,,,,,,6733
0,"MELASTY","0","0","0","0","U","N",,,,,,,,,,,,,,,,,,,,,6735
0,"MELASUA","0","0","0","0","U","N",,,,,,,,,,,,,,,,,,,,,6736
0,"MELASUE","0","0","0","0","U","N",,,,,,,,,,,,,,,,,,,,,6738
0,"MELASUO","0","0","0","0","U","N",,,,,,,,,,,,,,,,,,,,,6739
0,"MELASUU","0","0","0","0","U","N",,,,,,,,,,,,,,,,,,,,,6737
0,"MELATOM","0","0","0","0","U","N",,,,,,,,,,,,,,,,,,,,,6740
0,"MICRGRA","0","0","0","3","U","N",,,,,,,,,,,,,,,,"P",,,,,319
0,"MICRGRA1","0","0","0","3","U","N",,,,,,,,,,,,,,,,,,,,,7655
0,"MICRGRA2","0","0","0","0","U","N",,,,,,,,,,,,,,,,,,,,,7656
0,"MICRHIE","0","0","0","0","U","N",,,,,,,,,,,,,,,,,,,,,8224
0,"MICRIDA","0","0","0","0","U","N",,,,,,,,,,,,,,,,,,,,,7977
0,"MICRINT","0","0","0","4","U","N",,,,,,,,,,,,,,,,,,,,,7778
0,"MICRLYA","0","0","0","0","U","N",,,,,,,,,,,,,,,,,,,,,7779
0,"MICRMIN","0","0","0","0","U","N",,,,,,,,,,,,,,,,,,,,,7979
0,"MICRNEL","0","0","0","0","U","N",,,,,,,,,,,,,,,,,,,,,8159
0,"MICRNEL1","0","0","0","0","U","N",,,,,,,,,,,,,,,,,,,,,8161
0,"MICRNEL2","0","0","0","0","U","N",,,,,,,,,,,,,,,,,,,,,8160
0,"MICRNEL4","0","0","0","0","U","N",,,,,,,,,,,,,,,,,,,,,8162
0,"MICRNID","0","0","0","0","U","N",,,,,,,,,,,,,,,,,,,,,8163
0,"MICRNIV","0","0","0","0","U","N",,,,,,,,,,,,,,,,,,,,,8165
0,"MICRNUT","0","0","0","0","U","N",,,,,,,,,,,,,,,,,,,,,317
0,"MICROBR","0","0","0","0","U","N",,,,,,,,,,,,,,,,,,,,,876
0,"MICROCA","0","0","0","0","U","N",,,,,,,,,,,,,,,,,,,,,6758
0,"MICROCC","0","0","0","0","U","N",,,,,,,,,,,,,,,,,,,,,8164
0,"MICROCL","0","0","0","0","U","N",,,,,,,,,,,,,,,,,,,,,6755
0,"MICRODO","2","5","2","0","U","N",,,,,,,,,,,,,,,,,,,,,8166
0,"MICROGIL","0","0","0","0","U","N",,,,,,,,,,,,,,,,,,,,,7980
0,"MICROLY","0","0","0","0","U","N",,,,,,,,,,,,,,,,,,,,,6760
0,"MICROMI","0","0","0","0","U","N",,,,,,,,,,,,,,,,,,,,,4638
0,"MICROSE","0","0","0","0","U","N",,,,,,,,,,,,,,,,,,,,,318
0,"MICRRAZ","0","0","0","0","U","N",,,,,,,,,,,,,,,,,,,,,8225
0,"MICRREF","0","0","0","0","U","N",,,,,,,,,,,,,,,,,,,,,8168
0,"MICRRUF","0","0","0","0","U","N",,,,,,,,,,,,,,,,,,,,,8169
0,"MICRTEN","0","0","0","0","U","N",,,,,,,,,,,,,,,,,,,,,4639
0,"MICRTEU","0","0","0","0","U","N",,,,,,,,,,,,,,,,,,,,,7747
0,"MICRTIS","0","0","0","0","U","N",,,,,,,,,,,,,,,,,,,,,7978
0,"MICRTOL","1","5","0","3","U","N",,,,,,,,,,,,,,,,,,,,,8170
0,"MICRVLA","0","0","0","0","U","N",,,,,,,,,,,,,,,,,,,,,874
0,"MIELICH","0","0","0","0","U","N",,,,,,,,,,,,,,,,,,,,,4642
0,"HAPLMAC","0","0","0","0","U","N",,,,,,,,,,,,,,,,,,,,,4640
0,"MIELMIE","0","0","0","0","U","N",,,,,,,,,,,,,,,,,,,,,4641
0,"MIMUALS","4","5","3","2","U","N",,,,,,,,,,,,,,,,,,,,,320
0,"MIMUBRV","0","0","0","0","U","N",,,,,,,,,,,,,,,,,,,,,321
0,"MIMUBRW","0","0","0","0","U","N",,,,,,,,,,,,,,,,,,,,,322
0,"MIMUDEN","0","0","0","0","U","N",,,,,,,,,,,,,,,,,,,,,323
0,"MIMUFLO","0","0","0","0","U","N",,,,,,,,,,,,,,,,,,,,,324
0,"MIMUGUT","0","6","3","5","U","N",,,,,,,,,,,,,,,,,,"3",,,3171
0,"MIMULEW","1","6","3","5","U","N",,,,,,,,,,,,,,,,,,"3",,,3172
0,"MIMULUS","0","0","0","0","U","N",,,,,,,,,,,,,,,,,,,,,3210
0,"MIMUMOS","5","6","3","5","U","N",,,,,,,,,,,,,,,,,,"4",,,3173
0,"MIMUMOS1","5","6","3","5","U","N",,,,,,,,,,,,,,,,,,"4",,,7748
0,"MIMUMOS2","5","6","3","5","U","N",,,,,,,,,,,,,,,,,,"4",,,7749
0,"MIMUPAT","0","0","0","0","U","N",,,,,,,,,,,,,,,,,,,,,7750
0,"MIMUPAT1","0","0","0","0","U","N",,,,,,,,,,,,,,,,,,,,,7751
0,"MIMUSUK","0","0","0","0","U","N",,,,,,,,,,,,,,,,,,,,,7810
0,"MIMUTIL","1","6","3","5","U","N",,,,,,,,,,,,,,,,,,"3",,,3211
0,"MIMUTIL1","0","0","0","0","U","N",,,,,,,,,,,,,,,,,,,,,3212
0,"MIMUTIL2","0","0","0","0","U","N",,,,,,,,,,,,,,,,,,,,,3213
0,"MINUARC","0","0","0","0","U","N",,,,,,,,,,,,,,,,,,,,,7981
0,"MINUART","0","0","0","0","U","N",,,,,,,,,,,,,,,,,,,,,3255
0,"MINUAUS","0","0","0","0","U","N",,,,,,,,,,,,,,,,,,,,,3214
0,"MINUBIF","0","0","0","0","U","N",,,,,,,,,,,,,,,,,,,,,3332
0,"MINUDAW","0","0","0","0","U","N",,,,,,,,,,,,,,,,,,,,,3248
0,"MINUELE","0","0","0","0","U","N",,,,,,,,,,,,,,,,,,,,,3249
0,"MINUNUT","0","0","0","0","U","N",,,,,,,,,,,,,,,,,,,,,3250
0,"MINUNUT1","0","0","0","0","U","N",,,,,,,,,,,,,,,,,,,,,3251
0,"MINUOBT","0","0","0","0","U","N",,,,,,,,,,,,,,,,,,,,,3252
0,"MINUPUS","0","0","0","0","U","N",,,,,,,,,,,,,,,,,,,,,3253
0,"MINURUB","0","0","0","0","U","N",,,,,,,,,,,,,,,,,,,,,3254
0,"MINUSTR","0","0","0","0","U","N",,,,,,,,,,,,,,,,,,,,,3256
0,"MINUTEN","0","0","0","0","U","N",,,,,,,,,,,,,,,,,,,,,3257
0,"MIRABIL","0","0","0","0","U","N",,,,,,,,,,,,,,,,,,,,,3260
0,"MIRAHIR","0","0","0","0","U","E",,,,,,,,,,,,,,,,,,,,,3258
0,"MIRANYC","0","0","0","0","U","E",,,,,,,,,,,,,,,,,,,,,3259
0,"PECTBRE","3","5","3","2","U","N",,,,,,,,,,,,,,,,,,"4",,,3261
0,"MITECAU","2","6","3","5","U","N",,,,,,,,,,,,,,,,,,,,,3262
0,"MITELLA","0","0","0","0","U","N",,,,,,,,,,,,,,,,,,,,,3266
0,"MITENUD","3","4","2","0","U","N",,,,,,,,,,,,,,,,,,"4",,,3263
0,"PECTOVA","4","5","3","2","U","N",,,,,,,,,,,,,,,,,,"4",,,3264
0,"PECTPET","0","5","3","2","U","N",,,,,,,,,,,,,,,,,,"4",,,3265
0,"OZOMTRI","0","0","0","0","U","N",,,,,,,,,,,,,,,,,,,,,3267
0,"MNIACEA","0","0","0","0","U","N",,,,,,,,,,,,,,,,,,,,,4643
0,"MNIUAMB","0","0","0","0","U","N",,,,,,,,,,,,,,,,,,,,,4644
0,"MNIUARI","0","0","0","0","U","N",,,,,,,,,,,,,,,,,,,,,4645
0,"MNIUBLY","0","0","0","0","U","N",,,,,,,,,,,,,,,,,,,,,4646
0,"MNIUM","0","0","0","0","U","N",,,,,,,,,,,,,,,,,,,,,4648
0,"MNIUMAR","0","0","0","0","U","N",,,,,,,,,,,,,,,,,,,,,4647
0,"MNIUSPN","0","0","0","0","U","N",,,,,,,,,,,,,,,,,,,,,4649
0,"MNIUTHO","0","0","0","0","U","N",,,,,,,,,,,,,,,,,,,,,4650
0,"MOEHLAT","3","3","2","0","U","N",,,,,,,,,,,,,,,,,,,,,3268
0,"MOEHMAC","5","3","3","2","U","N",,,,,,,,,,,,,,,,,,,,,3269
0,"MOEHRIN","0","0","0","0","U","N",,,,,,,,,,,,,,,,,,,,,3270
0,"MOENCHI","0","0","0","0","U","E",,,,,,,,,,,,,,,,,,,,,3273
0,"MOENERE","0","0","0","0","U","E",,,,,,,,,,,,,,,,,,,,,3271
0,"MOENERE1","0","0","0","0","U","E",,,,,,,,,,,,,,,,,,,,,3272
0,"MOERBLY","0","0","0","0","U","N",,,,,,,,,,,,,,,,,,,,,5659
0,"MOERCKI","0","0","0","0","U","N",,,,,,,,,,,,,,,,,,,,,5661
0,"MOERHIB","0","0","0","0","U","N",,,,,,,,,,,,,,,,,,,,,5660
0,"MOLENDO","0","0","0","0","U","N",,,,,,,,,,,,,,,,,,,,,850
0,"MOLLUGI","0","0","0","0","U","E",,,,,,,,,,,,,,,,,,,,,3274
0,"MOLLUGO","0","0","0","0","U","E",,,,,,,,,,,,,,,,,,,,,3275
0,"MOLLVER","0","0","0","0","U","E",,,,,,,,,,,,,,,,,,,,,3276
0,"MONAFIS","0","0","0","0","U","N",,,,,,,,,,,,,,,,,,,,,3277
0,"MONAFIS1","0","0","0","0","U","N",,,,,,,,,,,,,,,,,,,,,3279
0,"MONAFIS2","0","0","0","0","U","N",,,,,,,,,,,,,,,,,,,,,3278
0,"MONAODO","0","0","0","0","U","N",,,,,,,,,,,,,,,,,,,,,3129
0,"MONAODO1","0","0","0","0","U","N",,,,,,,,,,,,,,,,,,,,,1217
0,"MONAODO2","0","0","0","0","U","N",,,,,,,,,,,,,,,,,,,,,7652
0,"MONARDA","0","0","0","0","U","N",,,,,,,,,,,,,,,,,,,,,3128
0,"MONARDE","0","0","0","0","U","N",,,,,,,,,,,,,,,,,,,,,3130
0,"MONESES","0","0","0","0","U","N",,,,,,,,,,,,,,,,,,,,,3131
0,"MONEUNI","0","4","2","0","U","N",,,,,,,,,,,,,,,,"P",,,,,3132
0,"MONOBLA","0","0","0","0","U","N",,,,,,,,,,,,,,,,,,,,,6761
0,"HYPOMON","0","0","0","0","U","N",,,,,,,,,,,,,,,,,,,,,3837
0,"MONOLEP","0","0","0","0","U","E",,,,,,,,,,,,,,,,,,,,,3134
0,"MONONUT","0","0","0","0","U","E",,,,,,,,,,,,,,,,,,,,,3133
0,"MONOTRO","0","0","0","0","U","N",,,,,,,,,,,,,,,,,,,,,3838
0,"MONOTRP","0","0","0","0","U","N",,,,,,,,,,,,,,,,,,,,,127
0,"MONOUNI","0","4","2","0","U","N",,,,,,,,,,,,,,,,,,,,,3839
0,"MONTBOS","0","0","0","0","U","N",,,,,,,,,,,,,,,,,,,,,3135
0,"MONTCHA","0","0","0","0","U","N",,,,,,,,,,,,,,,,,,"3",,,3136
0,"MONTDIC","0","0","0","0","U","N",,,,,,,,,,,,,,,,,,,,,3137
0,"MONTDIF","0","0","0","0","U","N",,,,,,,,,,,,,,,,,,,,,3138
0,"MONTFON","0","0","0","0","U","N",,,,,,,,,,,,,,,,,,"1",,,3139
0,"MONTHOW","0","0","0","0","U","N",,,,,,,,,,,,,,,,,,"3",,,2962
0,"MONTIA","0","0","0","0","U","N",,,,,,,,,,,,,,,,"P",,,,,2967
0,"MONTLIN","0","0","0","0","U","N",,,,,,,,,,,,,,,,,,,,,2963
0,"MONTPAR","5","0","2","4","U","N",,,,,,,,,,,,,,,,,,,,,2964
0,"MONTPAR3","0","0","0","0","U","N",,,,,,,,,,,,,,,,,,,,,2965
0,"MONTPAR4","0","0","0","0","U","N",,,,,,,,,,,,,,,,,,,,,2966
0,"MORACEA","0","0","0","0","U","E",,,,,,,,,,,,,,,,,,,,,1286
0,"MORUALB","0","0","0","0","U","E",,,,,,,,,,,,,,,,,,,,,1287
0,"MYOSOTI","0","0","0","0","U","N",,,,,,,,,,,,,,,,"P",,,,,3145
0,"MYOSOTO","0","0","0","0","U","E",,,,,,,,,,,,,,,,,,,,,3150
0,"MYOSSCO","0","0","0","0","U","E",,,,,,,,,,,,,,,,,,,,,3144
0,"MYOSSTR","0","2","1","1","U","E",,,,,,,,,,,,,,,,,,,,,3146
0,"MYOSSYL","0","0","0","0","U","E",,,,,,,,,,,,,,,,,,,,,3147
0,"MYOSURU","0","0","0","0","U","N",,,,,,,,,,,,,,,,,,,,,3154
0,"MYOSVER","0","0","0","0","U","E",,,,,,,,,,,,,,,,,,,,,3148
0,"MYRIAQU","0","0","0","0","U","E",,,,,,,,,,,,,,,,,,"1",,,3155
0,"MYRICA","0","0","0","0","U","N",,,,,,,,,,,,,,,,,,,,,128
0,"MYRICAC","0","0","0","0","U","N",,,,,,,,,,,,,,,,,,,,,129
0,"MYRICAL","4","5","3","0","U","N",,,,,,,,,,,,,,,,,,"4",,,1357
0,"MYRIFAR","5","6","0","5","U","N",,,,,,,,,,,,,,,,,,"1",,,3156
0,"MYRIGAL","0","6","2","5","U","N",,,,,,,,,,,,,,,,,,"3",,,1289
0,"MYRIHET","0","0","0","0","U","E",,,,,,,,,,,,,,,,,,"1",,,3157
0,"MYRIHIP","0","0","0","0","U","N",,,,,,,,,,,,,,,,,,"1",,,3158
0,"MYRINIA","0","0","0","0","U","N",,,,,,,,,,,,,,,,,,,,,4653
0,"MYRINIC","0","0","0","0","U","N",,,,,,,,,,,,,,,,,,,,,4654
0,"MYRIOPH","0","0","0","0","U","N",,,,,,,,,,,,,,,,,,,,,3162
0,"MYRIPIN","0","0","0","0","U","N",,,,,,,,,,,,,,,,,,,,,3159
0,"MYRIPUL","0","0","0","0","U","N",,,,,,,,,,,,,,,,,,,,,4652
0,"MYRIQUI","0","0","0","0","U","N",,,,,,,,,,,,,,,,,,"1",,,3160
0,"MYRISIB","0","0","0","0","U","N",,,,,,,,,,,,,,,,,,"1",,,3161
0,"MYRISPI","0","0","0","0","U","E",,,,,,,,,,,,,,,,,,"1",,,3163
0,"MYRIUSS","0","0","0","0","U","N",,,,,,,,,,,,,,,,,,"1",,,3164
0,"MYRIVER","0","6","3","5","U","N",,,,,,,,,,,,,,,,,,"1",,,3333
0,"MYRRHIS","0","0","0","0","U","N",,,,,,,,,,,,,,,,,,,,,7474
0,"MYRRODO","0","0","0","0","U","E",,,,,,,,,,,,,,,,,,,,,7473
0,"MYURELL","0","0","0","0","U","N",,,,,,,,,,,,,,,,,,,,,4657
0,"MYURJUL","0","0","0","0","U","N",,,,,,,,,,,,,,,,,,"2",,,4655
0,"MYURSIB","0","0","0","0","U","N",,,,,,,,,,,,,,,,,,,,,4656
0,"MYURTEN","0","0","0","0","U","N",,,,,,,,,,,,,,,,,,,,,4658
0,"NAJADAC","0","0","0","0","U","N",,,,,,,,,,,,,,,,,,,,,3334
0,"NAJAFLE","5","6","0","5","U","N",,,,,,,,,,,,,,,,,,"1",,,3335
0,"NAJAS","0","0","0","0","U","N",,,,,,,,,,,,,,,,,,,,,1868
0,"NANOPEL","0","0","0","0","U","N",,,,,,,,,,,,,,,,,,,,,6777
0,"NANOSTI","0","0","0","0","U","N",,,,,,,,,,,,,,,,,,,,,6778
0,"NARCISS","0","0","0","0","U","E",,,,,,,,,"OS",,,,,,,,,,,,1871
0,"NARCPOE","0","0","0","0","U","E",,"H","H",,,"P,D","C,I","O","P2","U","RO","O-other or unknown; RO-bulbs",,,,,,,,,1869
0,"NARCPSE","0","0","0","0","U","E",,"H","H",,,"P,D","C,I","O","P2","U","RO","O-other or unknown; RO-bulbs",,,,,,,,,1870
0,"NARDBRE","0","0","0","0","U","N",,,,,,,,,,,,,,,,,,,,,5665
0,"NARDCOM","0","0","0","0","U","N",,,,,,,,,,,,,,,,,,,,,5666
0,"NARDGEO","1","0","0","0","U","N",,,,,,,,,,,,,,,,,,,,,5667
0,"NARDGEO1","0","0","0","0","U","N",,,,,,,,,,,,,,,,,,,,,5668
0,"NARDGEO2","0","0","0","0","U","N",,,,,,,,,,,,,,,,,,,,,5669
0,"NARDIA","0","0","0","0","U","N",,,,,,,,,,,,,,,,,,,,,5675
0,"NARDINS","0","0","0","0","U","N",,,,,,,,,,,,,,,,,,,,,5670
0,"NARDLES","0","0","0","0","U","N",,,,,,,,,,,,,,,,,,,,,5671
0,"NARDSCA","0","0","0","0","U","N",,,,,,,,,,,,,,,,,,,,,5672
0,"NARDSCA1","0","0","0","0","U","N",,,,,,,,,,,,,,,,,,,,,5673
0,"NARDSCA2","0","0","0","0","U","N",,,,,,,,,,,,,,,,,,,,,5674
0,"NASSELL","0","0","0","0","U","N",,,,,,,,,,,,,,,,,,,,,2213
0,"NASSVIR","0","0","0","0","U","N",,,,,,,,,,,,,,,,"GI",,,,,2214
0,"NASTMIC","0","0","0","0","U","E",,,,,,,,,,,,,,,,,,"4",,,1872
0,"NASTOFF","0","0","0","0","U","E",,,,,,,,,,,,,,,,,,"1",,,1873
0,"NAVADIV","0","0","0","0","U","N",,,,,,,,,,,,,,,,,,,,,7905
0,"NAVADIV1","0","0","0","0","U","N",,,,,,,,,,,,,,,,,,,,,7916
0,"NAVAINT","0","0","0","0","U","N",,,,,,,,,,,,,,,,,,"3",,,1874
0,"NAVAPRO","0","0","0","0","U","N",,,,,,,,,,,,,,,,,,,,,7653
0,"NAVARRE","0","0","0","0","U","N",,,,,,,,,,,,,,,,,,,,,1875
0,"NAVASQU","0","0","0","0","U","N",,,,,,,,,,,,,,,,,,,,,1876
0,"NECKDOU","0","0","0","0","U","N",,,,,,,,,,,,,,,,,,,,,4659
0,"NECKERA","0","0","0","0","U","N",,,,,,,,,,,,,,,,,,,,,4661
0,"NECKERC","0","0","0","0","U","N",,,,,,,,,,,,,,,,,,,,,4662
0,"NECKPEN","0","0","0","0","U","N",,,,,,,,,,,,,,,,,,,,,4660
0,"NEMOBRE","0","0","0","0","U","N",,,,,,,,,,,,,,,,,,,,,1877
0,"NEMOPAR","4","3","3","2","U","N",,,,,,,,,,,,,,,,,,,,,1878
0,"NEMOPAR1","0","0","0","0","U","N",,,,,,,,,,,,,,,,,,,,,1879
0,"NEMOPED","0","0","0","0","U","N",,,,,,,,,,,,,,,,,,,,,1880
0,"NEMOPHI","0","0","0","0","U","N",,,,,,,,,,,,,,,,,,,,,1881
0,"NEOFLOX","0","0","0","0","U","N",,,,,,,,,,,,,,,,,,,,,6779
0,"NEOFSUB","0","0","0","0","U","N",,,,,,,,,,,,,,,,,,,,,6781
0,"NEOFUSC","0","0","0","0","U","N",,,,,,,,,,,,,,,,,,,,,6780
0,"NEOFVER","0","0","0","0","U","N",,,,,,,,,,,,,,,,,,,,,6782
0,"NEPECAT","0","0","0","0","U","E",,,,,,,,,,,,,,,,,,,,,1882
0,"NEPETA","0","0","0","0","U","E",,,,,,,,,,,,,,,,,,,,,1883
0,"NEPHARC","2","0","0","0","U","N",,,,,,,,,,,,,,,,,,,,,6783
0,"NEPHBEL","0","0","0","0","U","N",,,,,,,,,,,,,,,,,,,,,6784
0,"NEPHEXP","0","0","0","0","U","N",,,,,,,,,,,,,,,,,,,,,6785
0,"NEPHHEL","0","0","0","0","U","N",,,,,,,,,,,,,,,,,,,,,6786
0,"NEPHHEL1","0","0","0","0","U","N",,,,,,,,,,,,,,,,,,,,,6787
0,"NEPHHEL2","0","0","0","0","U","N",,,,,,,,,,,,,,,,,,,,,6788
0,"NEPHISI","0","0","0","0","U","N",,,,,,,,,,,,,,,,,,,,,6789
0,"NEPHLAE","0","0","0","0","U","N",,,,,,,,,,,,,,,,,,,,,6790
0,"NEPHOCC","0","0","0","0","U","N",,,,,,,,,,,,,,,,,,,,,6791
0,"NEPHPAR","0","0","0","0","U","N",,,,,,,,,,,,,,,,,,,,,6792
0,"NEPHRES","0","0","0","0","U","N",,,,,,,,,,,,,,,,,,,,,6793
0,"NEPHROA","0","0","0","0","U","N",,,,,,,,,,,,,,,,,,,,,6796
0,"NEPHROM","0","0","0","0","U","N",,,,,,,,,,,,,,,,,,,,,6795
0,"NEPHSIL","0","0","0","0","U","N",,,,,,,,,,,,,,,,,,,,,6794
0,"NESLIA","0","0","0","0","U","E",,,,,,,,,,,,,,,,,,,,,1885
0,"NESLPAN","0","0","0","0","U","E",,,,,,,,,,,,,,,,"P",,,,,1884
0,"NEURBRE","0","0","0","0","U","N",,,,,,,,,,,,,,,,,,,,,5676
0,"NEUROLE","0","0","0","0","U","N",,,,,,,,,,,,,,,,,,,,,5677
0,"NICOATT","0","0","0","0","U","N",,,,,,,,,"OS",,,,,,,,,,,,1886
0,"NICOTIA",,,,,"U","N",,,,,,,,,"OS",,,,,,,,,,,,1887
0,"NIEBCEP","0","0","0","0","U","N",,,,,,,,,,,,,,,,,,,,,6797
0,"NIEBLA","0","0","0","0","U","N",,,,,,,,,,,,,,,,,,,,,6798
0,"NODOABB","0","0","0","0","U","N",,,,,,,,,,,,,,,,,,,,,6799
0,"NODOBRY","0","0","0","0","U","N",,,,,,,,,,,,,,,,,,,,,6801
0,"NODOORE","0","0","0","0","U","N",,,,,,,,,,,,,,,,,,,,,6800
0,"NODOSUB","0","0","0","0","U","N",,,,,,,,,,,,,,,,,,,,,6802
0,"NORMAND","0","0","0","0","U","N",,,,,,,,,,,,,,,,,,,,,6804
0,"NORMPUL","0","0","0","0","U","N",,,,,,,,,,,,,,,,,,,,,6803
0,"NOTHNEM","0","0","0","0","U","N",,,,,,,,,,,,,,,,,,,,,1890
0,"NOTHOCA","0","0","0","0","U","N",,,,,,,,,,,,,,,,,,,,,1888
0,"NOTHOCH","0","0","0","0","U","N",,,,,,,,,,,,,,,,,,,,,405
0,"NOTHTRO","6","1","2","3","U","N",,,,,,,,,,,,,,,,,,,,,1889
0,"NOTOBRE","0","0","0","0","U","N",,,,,,,,,,,,,,,,,,,,,5678
0,"NOTOORB","0","0","0","0","U","N",,,,,,,,,,,,,,,,,,,,,5679
0,"NOTOTHY","0","0","0","0","U","N",,,,,,,,,,,,,,,,,,,,,5680
0,"NOWECUR","0","0","0","0","U","N",,,,,,,,,,,,,,,,,,,,,5681
0,"NOWELLI","0","0","0","0","U","N",,,,,,,,,,,,,,,,,,,,,5682
0,"NUPHAR","0","0","0","0","U","N",,,,,,,,,,,,,,,,,,"1",,,407
0,"NUPHPOL","0","6","0","5","U","N",,,,,,,,,,,,,,,,,,"1",,,406
0,"NUPHVAR","0","0","0","0","U","N",,,,,,,,,,,,,,,,,,"1",,,408
0,"NUTTALL","0","0","0","0","U","N",,,,,,,,,,,,,,,,,,,,,674
0,"NUTTCAN","0","0","0","0","U","E",,,,,,,,,,,,,,,,,,,,,7754
0,"NUTTTEX","0","0","0","0","U","N",,,,,,,,,,,,,,,,,,,,,673
0,"NYCTAGI","0","0","0","0","U","N",,,,,,,,,,,,,,,,,,,,,409
0,"NYMPALB","0","0","0","0","U","E",,,,,,,,,,,,,,,,,,"1",,,410
0,"NYMPHAA","0","0","0","0","U","N",,,,,,,,,,,,,,,,,,,,,3337
0,"NYMPHAE","0","0","0","0","U","N",,,,,,,,,,,,,,,,,,,,,413
0,"NYMPLEI","0","0","0","0","U","N",,,,,,,,,,,,,,,,,,"1",,,1195
0,"NYMPMEX","0","0","0","0","U","E",,,,,,,,,,,,,,,,,,"1",,,411
0,"PIPTCAN","0","0","0","0","U","N",,,,,,,,,,,,,,,,,,,,,634
0,"PIPTEXI","0","0","0","0","U","N",,,,,,,,,,,,,,,,,,,,,7687
0,"PIPTMIC","0","0","0","0","U","N",,,,,,,,,,,,,,,,,,,,,7689
0,"PIPTPUN","0","0","0","0","U","N",,,,,,,,,,,,,,,,,,,,,7690
0,"PLACASE","0","0","0","0","U","N",,,,,,,,,,,,,,,,,,,,,6993
0,"PLACCRI","0","0","0","0","U","N",,,,,,,,,,,,,,,,,,,,,6984
0,"PLACEFF","0","0","0","0","U","N",,,,,,,,,,,,,,,,,,,,,6985
0,"PLACFLA","0","0","0","0","U","N",,,,,,,,,,,,,,,,,,,,,6994
0,"PLACGEL","0","0","0","0","U","N",,,,,,,,,,,,,,,,,,,,,6986
0,"PLACICM","0","0","0","0","U","N",,,,,,,,,,,,,,,,,,,,,6989
0,"PLACIDI","0","0","0","0","U","N",,,,,,,,,,,,,,,,,,,,,6983
0,"PLACNIG","0","0","0","0","U","N",,,,,,,,,,,,,,,,,,,,,6995
0,"PLACOLI","0","0","0","0","U","N",,,,,,,,,,,,,,,,,,,,,6990
0,"PLACOPS","0","0","0","0","U","N",,,,,,,,,,,,,,,,,,,,,6987
0,"PLACPSE","0","0","0","0","U","N",,,,,,,,,,,,,,,,,,,,,6982
0,"PLACSTE","0","0","0","0","U","N",,,,,,,,,,,,,,,,,,,,,6997
0,"PLACSTE1","0","0","0","0","U","N",,,,,,,,,,,,,,,,,,,,,6998
0,"PLACSUR","0","0","0","0","U","N",,,,,,,,,,,,,,,,,,,,,6999
0,"PLACULI","0","0","0","0","U","N",,,,,,,,,,,,,,,,,,,,,6992
0,"PLACYNH","0","0","0","0","U","N",,,,,,,,,,,,,,,,,,,,,6991
0,"PLACYNI","0","0","0","0","U","N",,,,,,,,,,,,,,,,,,,,,6988
0,"PLACYNT","0","0","0","0","U","N",,,,,,,,,,,,,,,,,,,,,6996
0,"PLAGACA","0","0","0","0","U","N",,,,,,,,,,,,,,,,,,,,,5720
0,"PLAGACA1","0","0","0","0","U","N",,,,,,,,,,,,,,,,,,,,,5722
0,"PLAGACA2","0","0","0","0","U","N",,,,,,,,,,,,,,,,,,,,,5721
0,"PLAGAPP","0","0","0","0","U","N",,,,,,,,,,,,,,,,,,,,,5723
0,"PLAGARC","0","0","0","0","U","N",,,,,,,,,,,,,,,,,,,,,5724
0,"PLAGARC1","0","0","0","0","U","N",,,,,,,,,,,,,,,,,,,,,5725
0,"PLAGARC2","0","0","0","0","U","N",,,,,,,,,,,,,,,,,,,,,5726
0,"PLAGARC3","0","0","0","0","U","N",,,,,,,,,,,,,,,,,,,,,5727
0,"PLAGASL","0","4","1","1","U","N",,,,,,,,,,,,,,,,,,"4",,,5729
0,"PLAGASL1","0","0","0","0","U","N",,,,,,,,,,,,,,,,,,,,,5730
0,"PLAGASP","0","4","1","1","U","N",,,,,,,,,,,,,,,,,,,,,5728
0,"PLAGAUS","0","0","0","0","U","N",,,,,,,,,,,,,,,,,,,,,5731
0,"PLAGCAD","0","0","0","0","U","N",,,,,,,,,,,,,,,,,,,,,5732
0,"PLAGCAV","0","0","0","0","U","N",,,,,,,,,,,,,,,,,,,,,4742
0,"PLAGCIL","0","0","0","0","U","N",,,,,,,,,,,,,,,,,,,,,4729
0,"PLAGCOL","0","0","0","0","U","N",,,,,,,,,,,,,,,,,,,,,5733
0,"PLAGCOR","0","0","0","0","U","N",,,,,,,,,,,,,,,,,,,,,5734
0,"PLAGCUN","0","0","0","0","U","N",,,,,,,,,,,,,,,,,,,,,5716
0,"PLAGCUS","0","0","0","0","U","N",,,,,,,,,,,,,,,,,,,,,4730
0,"PLAGDEM","0","0","0","0","U","N",,,,,,,,,,,,,,,,,,,,,4726
0,"PLAGDIF","0","0","0","0","U","N",,,,,,,,,,,,,,,,,,,,,5735
0,"PLAGDRU","0","0","0","0","U","N",,,,,,,,,,,,,,,,,,,,,4731
0,"PLAGDUB","0","0","0","0","U","N",,,,,,,,,,,,,,,,,,,,,5736
0,"PLAGDUB1","0","0","0","0","U","N",,,,,,,,,,,,,,,,,,,,,5737
0,"PLAGDUB2","0","0","0","0","U","N",,,,,,,,,,,,,,,,,,,,,5738
0,"PLAGELL","0","0","0","0","U","N",,,,,,,,,,,,,,,,,,"2",,,4732
0,"PLAGEUR","0","0","0","0","U","N",,,,,,,,,,,,,,,,,,,,,5739
0,"PLAGEUR1","0","0","0","0","U","N",,,,,,,,,,,,,,,,,,,,,5740
0,"PLAGFIG","0","0","0","0","U","N",,,,,,,,,,,,,,,,,,,,,3513
0,"PLAGFIG1","0","0","0","0","U","N",,,,,,,,,,,,,,,,,,,,,635
0,"PLAGFLO","0","0","0","0","U","N",,,,,,,,,,,,,,,,,,,,,5741
0,"PLAGHYP","0","0","0","0","U","N",,,,,,,,,,,,,,,,,,,,,5742
0,"PLAGINS","0","0","0","0","U","N",,,,,,,,,,,,,,,,,,,,,4733
0,"PLAGINV","0","0","0","0","U","N",,,,,,,,,,,,,,,,,,,,,5743
0,"PLAGIOB","0","0","0","0","U","N",,,,,,,,,,,,,,,,,,,,,3515
0,"PLAGIOC","0","0","0","0","U","N",,,,,,,,,,,,,,,,,,,,,5718
0,"PLAGIOE","0","0","0","0","U","N",,,,,,,,,,,,,,,,,,,,,4741
0,"PLAGIOH","0","0","0","0","U","N",,,,,,,,,,,,,,,,,,,,,5757
0,"PLAGIOI","0","0","0","0","U","N",,,,,,,,,,,,,,,,,,,,,5768
0,"PLAGIOM","0","0","0","0","U","N",,,,,,,,,,,,,,,,,,,,,4737
0,"PLAGIOP","0","0","0","0","U","N",,,,,,,,,,,,,,,,,,,,,4740
0,"PLAGIOR","0","0","0","0","U","N",,,,,,,,,,,,,,,,,,,,,4727
0,"PLAGIOT","0","0","0","0","U","N",,,,,,,,,,,,,,,,,,,,,4746
0,"PLAGLAE","0","4","1","0","U","N",,,,,,,,,,,,,,,,,,,,,4744
0,"PLAGLEP","0","0","0","0","U","N",,,,,,,,,,,,,,,,,,,,,7657
0,"PLAGLUD","0","0","0","0","U","N",,,,,,,,,,,,,,,,,,,,,5744
0,"PLAGMED","0","0","0","0","U","N",,,,,,,,,,,,,,,,,,"3",,,4734
0,"PLAGMED1","0","0","0","0","U","N",,,,,,,,,,,,,,,,,,,,,4735
0,"PLAGMIR","0","0","0","0","U","N",,,,,,,,,,,,,,,,,,,,,5745
0,"PLAGMIR1","0","0","0","0","U","N",,,,,,,,,,,,,,,,,,,,,5746
0,"PLAGMIR2","0","0","0","0","U","N",,,,,,,,,,,,,,,,,,,,,5747
0,"PLAGNEM","0","0","0","0","U","N",,,,,,,,,,,,,,,,,,,,,8085
0,"PLAGOED","0","0","0","0","U","N",,,,,,,,,,,,,,,,,,,,,4739
0,"PLAGPIL","0","4","1","0","U","N",,,,,,,,,,,,,,,,,,,,,4745
0,"PLAGPOR","0","4","2","0","U","N",,,,,,,,,,,,,,,,,,,,,5748
0,"PLAGROS","0","0","0","0","U","N",,,,,,,,,,,,,,,,,,,,,4736
0,"PLAGRUP","0","0","0","0","U","N",,,,,,,,,,,,,,,,,,,,,5717
0,"PLAGSAT","0","0","0","0","U","N",,,,,,,,,,,,,,,,,,,,,5749
0,"PLAGSCH","0","0","0","0","U","N",,,,,,,,,,,,,,,,,,,,,5750
0,"PLAGSCO","0","0","0","0","U","N",,,,,,,,,,,,,,,,,,,,,3514
0,"PLAGSCO1","0","0","0","0","U","N",,,,,,,,,,,,,,,,,,,,,7502
0,"NYMPODO","0","0","0","0","U","E",,,,,,,,,,,,,,,,,,"1",,,412
0,"NYMPTET","0","0","0","0","U","N",,,,,,,,,,,,,,,,,,"1",,,3336
0,"OCHRAND","0","0","0","0","U","N",,,,,,,,,,,,,,,,,,,,,6805
0,"OCHRARB","0","0","0","0","U","N",,,,,,,,,,,,,,,,,,,,,6806
0,"OCHRFAR","0","0","0","0","U","N",,,,,,,,,,,,,,,,,,,,,6807
0,"OCHRFRI","0","0","0","0","U","N",,,,,,,,,,,,,,,,,,,,,6808
0,"OCHRGOW","0","0","0","0","U","N",,,,,,,,,,,,,,,,,,,,,6809
0,"OCHRGYA","0","0","0","0","U","N",,,,,,,,,,,,,,,,,,,,,6810
0,"OCHRJUV","0","0","0","0","U","N",,,,,,,,,,,,,,,,,,,,,6811
0,"OCHRLAE","0","0","0","0","U","N",,,,,,,,,,,,,,,,,,,,,6812
0,"OCHRMON","0","0","0","0","U","N",,,,,,,,,,,,,,,,,,,,,6813
0,"OCHROLE","0","0","0","0","U","N",,,,,,,,,,,,,,,,,,,,,6817
0,"OCHRORE","0","0","0","0","U","N",,,,,,,,,,,,,,,,,,,,,6814
0,"OCHRPAR","0","0","0","0","U","N",,,,,,,,,,,,,,,,,,,,,6815
0,"OCHRRHO","0","0","0","0","U","N",,,,,,,,,,,,,,,,,,,,,6816
0,"OCHRSUB","0","0","0","0","U","N",,,,,,,,,,,,,,,,,,,,,6818
0,"OCHRSUL","0","0","0","0","U","N",,,,,,,,,,,,,,,,,,,,,6819
0,"OCHRSUL1","0","0","0","0","U","N",,,,,,,,,,,,,,,,,,,,,6820
0,"OCHRSZA","0","0","0","0","U","N",,,,,,,,,,,,,,,,,,,,,6821
0,"OCHRTAR","0","0","0","0","U","N",,,,,,,,,,,,,,,,,,,,,6822
0,"PARMSAX","0","0","0","0","U","N",,,,,,,,,,,,,,,,,,,,,6855
0,"PARMSQU","0","0","0","0","U","N",,,,,,,,,,,,,,,,,,,,,7936
0,"PARMSUL","0","0","0","0","U","N",,,,,,,,,,,,,,,,,,,,,6857
0,"PARMTRI","0","0","0","0","U","N",,,,,,,,,,,,,,,,,,,,,6861
0,"PARNASI","0","0","0","0","U","N",,,,,,,,,,,,,,,,,,,,,3416
0,"PARNASS","0","0","0","0","U","N",,,,,,,,,,,,,,,,,,,,,3415
0,"PARNFIM","3","5","3","2","U","N",,,,,,,,,,,,,,,,,,"3",,,3411
0,"PARNKOT","0","0","0","0","U","N",,,,,,,,,,,,,,,,,,"4",,,3412
0,"PARNPAL","0","0","0","0","U","N",,,,,,,,,,,,,,,,,,"3",,,3413
0,"PARNPAR","0","0","0","0","U","N",,,,,,,,,,,,,,,,,,"3",,,3414
0,"PARRNUD","0","0","0","0","U","N",,,,,,,,,,,,,,,,,,,,,3417
0,"PARRYA","0","0","0","0","U","N",,,,,,,,,,,,,,,,,,,,,3418
0,"PARTHEN","0","0","0","0","U","E",,,,,,,,,,,,,,,,,,,,,625
0,"PARTVIT","0","0","0","0","U","E",,,,,,,,,,,,,,,,,,,,,624
0,"PASCOPY","0","0","0","0","U","N",,,,,,,,,,,,,,,,,,,,,7686
0,"PASCSMI","6","1","3","2","U","N",,,,,,,,,,,,,,,,"G",,,,,2221
0,"PASTINA","0","0","0","0","U","E",,,,,,,,,"OS",,,,,,,,,,,,3420
0,"PASTSAT","0","0","0","0","U","E",,"H","H",,,"P,D","I,C","O","P2","U","RO,LE,ST,SE","O-phototoxic furocoumarins, psoralens, RO-ingestion of psoralens toxic; leaves, stems, seeds and plant juices cause dermatitis",,,,,,,,,3419
0,"PAXIMYR","3","3","1","1","U","N",,,,,,,,,,,,,,,,"P",,,,,1358
0,"PAXISTI","0","0","0","0","U","N",,,,,,,,,,,,,,,,,,,,,7535
0,"PECTOCA","0","0","0","0","U","N",,,,,,,,,,,,,,,,,,,,,3422
0,"PECTPEN","0","0","0","0","U","N",,,,,,,,,,,,,,,,,,,,,3421
0,"PEDIBRA","3","4","2","0","U","N",,,,,,,,,,,,,"1","1","0","P",,,,,3423
0,"PEDIBRA1","0","0","0","0","U","N",,,,,,,,,,,,,,,,,,,,,3424
0,"PEDIBRA2","0","0","0","0","U","N",,,,,,,,,,,,,,,,,,,,,3425
0,"PEDICAP","0","0","0","0","U","N",,,,,,,,,,,,,,,,,,,,,3426
0,"PEDICON","0","0","0","0","U","N",,,,,,,,,,,,,,,,,,,,,3427
0,"PEDICON1","0","0","0","0","U","N",,,,,,,,,,,,,,,,,,,,,7967
0,"PEDICUL","0","0","0","0","U","N",,,,,,,,,,,,,,,,,,,,,3439
0,"PEDIGRO","1","5","3","0","U","N",,,,,,,,,,,,,,,,,,"4",,,3428
0,"PEDIINT","0","0","0","0","U","N",,,,,,,,,,,,,,,,,,,,,5699
0,"PEDILAB","0","0","0","0","U","N",,,,,,,,,,,,,,,,,,,,,3429
0,"PEDILAG","0","0","0","0","U","N",,,,,,,,,,,,,,,,,,,,,3432
0,"PEDILAG1","0","0","0","0","U","N",,,,,,,,,,,,,,,,,,,,,3433
0,"PEDILAN","0","0","0","0","U","N",,,,,,,,,,,,,,,,,,,,,3430
0,"PEDILAN1","0","0","0","0","U","N",,,,,,,,,,,,,,,,,,,,,3431
0,"PEDINOP","0","0","0","0","U","N",,,,,,,,,,,,,,,,,,,,,5700
0,"PEDIOED","0","0","0","0","U","N",,,,,,,,,,,,,,,,,,,,,3434
0,"PEDIORN","1","0","0","3","U","N",,,,,,,,,,,,,,,,,,,,,3435
0,"PEDIPAR","0","0","0","0","U","N",,,,,,,,,,,,,,,,,,"3",,,3436
0,"PEDIMAC","0","0","0","0","U","N",,,,,,,,,,,,,,,,,,"3",,,3437
0,"PEDIRAC","3","3","2","0","U","N",,,,,,,,,,,,,,,,"G",,,,,3438
0,"PEDISUD","0","0","0","0","U","N",,,,,,,,,,,,,,,,,,,,,3440
0,"PEDISUD1","0","0","0","0","U","N",,,,,,,,,,,,,,,,,,,,,3441
0,"PEDIVER","0","0","0","0","U","N",,,,,,,,,,,,,,,,,,"4",,,3442
0,"PELLAEA","0","0","0","0","U","N",,,,,,,,,,,,,,,,,,,,,1509
0,"PELLEND","0","0","0","0","U","N",,,,,,,,,,,,,,,,,,,,,5701
0,"PELLEPI","0","5","3","5","U","N",,,,,,,,,,,,,,,,,,,,,5702
0,"PELLGAS","0","0","0","0","U","N",,,,,,,,,,,,,,,,,,,,,590
0,"PELLGLA","0","0","0","0","U","N",,,,,,,,,,,,,,,,,,,,,591
0,"PELLGLA3","0","0","0","0","U","N",,,,,,,,,,,,,,,,,,,,,7601
0,"PELLGLA4","0","0","0","0","U","N",,,,,,,,,,,,,,,,,,,,,429
0,"PELLIA","0","0","0","0","U","N",,,,,,,,,,,,,,,,,,,,,5704
0,"PELLIAC","0","0","0","0","U","N",,,,,,,,,,,,,,,,,,,,,5705
0,"PELLNEE","0","5","3","0","U","N",,,,,,,,,,,,,,,,,,"4",,,5703
0,"PELTAPH","0","2","1","1","U","N",,,,,,,,,,,,,,,,,,,,,6869
0,"PELTBRI","0","0","0","0","U","N",,,,,,,,,,,,,,,,,,,,,6870
0,"PELTCAN","0","2","1","0","U","N",,,,,,,,,,,,,,,,,,,,,6871
0,"PELTCHI","0","0","0","0","U","N",,,,,,,,,,,,,,,,,,,,,6872
0,"PELTCIN","0","0","0","0","U","N",,,,,,,,,,,,,,,,,,,,,6873
0,"PELTCOL","0","0","0","0","U","N",,,,,,,,,,,,,,,,,,,,,6874
0,"PELTDEG","0","0","0","0","U","N",,,,,,,,,,,,,,,,,,,,,6875
0,"PELTDID","0","0","0","0","U","N",,,,,,,,,,,,,,,,,,,,,6876
0,"PELTDID1","0","0","0","0","U","N",,,,,,,,,,,,,,,,,,,,,6877
0,"PELTDID2","0","0","0","0","U","N",,,,,,,,,,,,,,,,,,,,,6878
0,"PELTELI","0","0","0","0","U","N",,,,,,,,,,,,,,,,,,,,,6879
0,"PELTEUP","0","0","0","0","U","N",,,,,,,,,,,,,,,,,,,,,6900
0,"PELTEVA","0","0","0","0","U","N",,,,,,,,,,,,,,,,,,,,,6880
0,"PELTHOR","0","0","0","0","U","N",,,,,,,,,,,,,,,,,,,,,6881
0,"PELTIGE","0","0","0","0","U","N",,,,,,,,,,,,,,,,,,,,,6897
0,"PELTIGR","0","0","0","0","U","N",,,,,,,,,,,,,,,,,,,,,6899
0,"PELTKRI","0","0","0","0","U","N",,,,,,,,,,,,,,,,,,,,,6882
0,"PELTHYM","0","0","0","0","U",,,,,,,,,,,,,,,,,,,,,,7937
0,"PELTLEP","0","0","0","0","U","N",,,,,,,,,,,,,,,,,,,,,6883
0,"PELTLEU","0","2","1","1","U","N",,,,,,,,,,,,,,,,,,,,,6884
0,"PELTMAL","0","0","0","0","U","N",,,,,,,,,,,,,,,,,,,,,6885
0,"PELTMEM","0","2","1","1","U","N",,,,,,,,,,,,,,,,,,,,,6886
0,"PELTNEC","0","0","0","0","U","N",,,,,,,,,,,,,,,,,,,,,6887
0,"PELTNEO","0","0","0","0","U","N",,,,,,,,,,,,,,,,,,,,,6888
0,"PELTOCC","0","0","0","0","U","N",,,,,,,,,,,,,,,,,,,,,6889
0,"PELTOLE","0","0","0","0","U","N",,,,,,,,,,,,,,,,,,,,,5707
0,"PELTPAC","0","0","0","0","U","N",,,,,,,,,,,,,,,,,,,,,6890
0,"PELTPON","0","0","0","0","U","N",,,,,,,,,,,,,,,,,,,,,6892
0,"PELTPOY","0","0","0","0","U","N",,,,,,,,,,,,,,,,,,,,,6891
0,"PELTPRA","0","0","0","0","U","N",,,,,,,,,,,,,,,,,,,,,6893
0,"PELTQUA","0","0","0","0","U","N",,,,,,,,,,,,,,,,,,,,,5706
0,"PELTRET","0","0","0","0","U","N",,,,,,,,,,,,,,,,,,,,,6894
0,"PELTRUF","0","0","0","0","U","N",,,,,,,,,,,,,,,,,,,,,6895
0,"PELTSCA","0","0","0","0","U","N",,,,,,,,,,,,,,,,,,,,,6896
0,"PELTULA","0","0","0","0","U","N",,,,,,,,,,,,,,,,,,,,,6901
0,"PELTULC","0","0","0","0","U","N",,,,,,,,,,,,,,,,,,,,,6902
0,"PELTVEN","0","0","0","0","U","N",,,,,,,,,,,,,,,,,,,,,6898
0,"PENSALB","0","0","0","0","U","N",,,,,,,,,,,,,,,,,,,,,3443
0,"PENSCON","0","0","0","0","U","N",,,,,,,,,,,,,,,,"F",,,,,3444
0,"PENSDAV","1","2","1","3","U","N",,,,,,,,,,,,,,,,,,,,,3445
0,"PENSDAV1","0","0","0","0","U","N",,,,,,,,,,,,,,,,,,,,,3446
0,"PENSDAV2","0","0","0","0","U","N",,,,,,,,,,,,,,,,,,,,,3447
0,"PENSELL","0","0","0","0","U","N",,,,,,,,,,,,,,,,,,,,,3448
0,"PENSERI","0","0","0","0","U","N",,,,,,,,,,,,,,,,,,,,,3449
0,"PENSERI1","0","0","0","0","U","N",,,,,,,,,,,,,,,,,,,,,3450
0,"PENSFRU","6","2","2","3","U","N",,,,,,,,,,,,,,,,,,,,,3451
0,"PENSFRU1","0","0","0","0","U","N",,,,,,,,,,,,,,,,,,,,,3452
0,"PENSFRU2","0","0","0","0","U","N",,,,,,,,,,,,,,,,,,,,,3453
0,"PENSGOR","0","0","0","0","U","N",,,,,,,,,,,,,,,,,,,,,3454
0,"PENSGRA","0","0","0","0","U","N",,,,,,,,,,,,,,,,,,,,,3455
0,"PENSLYA","0","0","0","0","U","N",,,,,,,,,,,,,,,,,,,,,3456
0,"PICESIT","4","0","3","0","U","N",,,,,,,,,,,,,,,,,,"4",,,746
0,"PICESIX","0","0","0","0","U","N",,,,,,,,,,,,,,,,,,,,,747
0,"PICEXLU","0","0","0","0","U","N",,,,,,,,,,,,,,,,,,"4",,,750
0,"PICRHIE","0","0","0","0","U","E",,,,,,,,,,,,,,,,,,,,,632
0,"PICRHIE1","0","0","0","0","U","E",,,,,,,,,,,,,,,,,,,,,633
0,"PICRIS","0","0","0","0","U","E",,,,,,,,,,,,,,,,,,,,,631
0,"PILOACI","0","0","0","0","U","N",,,,,,,,,,,,,,,,,,,,,6974
0,"PILOCER","0","0","0","0","U","N",,,,,,,,,,,,,,,,,,,,,6975
0,"PILOCLA","2","0","0","3","U","N",,,,,,,,,,,,,,,,,,,,,6976
0,"PILODOV","0","0","0","0","U","N",,,,,,,,,,,,,,,,,,,,,6977
0,"PILONIG","0","0","0","0","U","N",,,,,,,,,,,,,,,,,,,,,6978
0,"PILOPHO","0","0","0","0","U","N",,,,,,,,,,,,,,,,,,,,,6980
0,"PILOROB","0","0","0","0","U","N",,,,,,,,,,,,,,,,,,,,,6979
0,"PILOVEG","0","0","0","0","U","N",,,,,,,,,,,,,,,,,,,,,6981
0,"PINACEA","0","0","0","0","U","N",,,,,,,,,,,,,,,,,,,,,751
0,"PINGUIC","0","0","0","0","U","N",,,,,,,,,,,,,,,,,,,,,3507
0,"PINGVIL","0","0","0","0","U","N",,,,,,,,,,,,,,,,,,"3",,,3508
0,"PINGVUL","3","6","1","5","U","N",,,,,,,,,,,,,,,,,,"3",,,3509
0,"PINGVUL1","0","0","0","0","U","N",,,,,,,,,,,,,,,,,,,,,1343
0,"PINGVUL2","0","0","0","0","U","N",,,,,,,,,,,,,,,,,,,,,1344
0,"PINUALB","1","3","2","0","U","N",,,,,,,,,"OS",,,,"0","0","2",,,,,,752
0,"PINUBAN","0","0","0","0","U","N",,,,,,,,,"OS",,,,,,,,,,,,753
0,"PINUCON","0","0","0","0","U","N",,,,,,,,,"OS",,,,"1","1","0",,,"4",,,754
0,"PINUCON1","0","0","0","0","U","N",,,,,,,,,"OS",,,,,,,,,"3",,,755
0,"PINUCON2","0","0","0","0","U","N",,,,,,,,,"OS",,,,,,,,,"4",,,756
0,"PINUFLE","0","0","0","0","U","N",,,,,,,,,"OS",,,,,,,,,,,,757
0,"PINULAM","0","0","0","0","U","E",,,,,,,,,"OS",,,,,,,,,,,,758
0,"PINUMON","0","0","2","0","U","N",,,,,,,,,"OS",,,,,,,,,,,,759
0,"PINUPON","6","2","2","0","U","N",,"L",,"L",,"C","I","O","P1","SPR,AUT,WIN","LE,SH","O-unknown, P1-cause abortion in cows, retention of placenta,death",,,,,,,,,760
0,"PINURAD","0","0","0","0","U","E",,,,,,,,,"OS",,,,,,,,,,,,761
0,"PINURES","0","0","0","0","U","E",,,,,,,,,"OS",,,,,,,,,,,,762
0,"PINUS","0","0","0","0","U","N",,,,,,,,,"OS",,,,,,,,,,,,763
0,"PINUSX","0","0","0","0","U","N",,,,,,,,,,,,,,,,,,,,,764
0,"PINUSYL","0","0","0","0","U","E",,,,,,,,,,,,,,,,,,,,,765
0,"PIPECAN","0","0","0","0","U","N",,,,,,,,,,,,,,,,,,,,,7609
0,"PIPEELE","0","0","0","0","U","N",,,,,,,,,,,,,,,,,,,,,3510
0,"PIPEELO","0","0","0","0","U","N",,,,,,,,,,,,,,,,,,,,,7610
0,"PIPERIA","0","0","0","0","U","N",,,,,,,,,,,,,,,,,,,,,3511
0,"PIPETRA","0","0","0","0","U","N",,,,,,,,,,,,,,,,,,,,,7611
0,"PIPEUNA","0","0","0","0","U","N",,,,,,,,,,,,,,,,,,,,,3512
0,"PIPTATH","0","0","0","0","U","N",,,,,,,,,,,,,,,,,,,,,7688
0,"PENSNIT","0","0","0","0","U","N",,,,,,,,,,,,,,,,,,,,,3457
0,"PLATLAC","0","0","0","0","U","N",,,,,,,,,,,,,,,,,,,,,7002
0,"PLATNOR","0","0","0","0","U","N",,,,,,,,,,,,,,,,,,,,,7003
0,"PLATOBT","3","5","1","1","U","N",,,,,,,,,,,,,,,,,,"4",,,3536
0,"PLATOBT1","3","5","1","1","U","N",,,,,,,,,,,,,,,,,,"4",,,7614
0,"PLATORB","3","3","1","1","U","N",,,,,,,,,,,,,,,,,,"4",,,3537
0,"PLATREP","0","0","0","0","U","N",,,,,,,,,,,,,,,,,,,,,4750
0,"PLATRIP","0","0","0","0","U","N",,,,,,,,,,,,,,,,,,,,,8099
0,"PLATSTE","0","0","0","0","U","N",,,,,,,,,,,,,,,,,,,,,7005
0,"PLATSTR","0","6","1","5","U","N",,,,,,,,,,,,,,,,,,"3",,,3539
0,"PLATYDI","0","0","0","0","U","N",,,,,,,,,,,,,,,,,,,,,4749
0,"PLATYGY","0","0","0","0","U","N",,,,,,,,,,,,,,,,,,,,,4751
0,"PLATYHY","0","0","0","0","U","N",,,,,,,,,,,,,,,,,,,,,852
0,"PLECBRA","4","0","2","3","U","N",,,,,,,,,,,,,,,,,,,,,636
0,"PLECCON","4","0","2","3","U","N",,,,,,,,,,,,,,,,,,,,,3540
0,"PLECMAC","0","5","3","3","U","N",,,,,,,,,,,,,,,,,,,,,3541
0,"PLECTRI","0","0","0","0","U","N",,,,,,,,,,,,,,,,,,,,,3542
0,"PLEOCHL","0","0","0","0","U","N",,,,,,,,,,,,,,,,,,,,,7006
0,"PLEOPSI","0","0","0","0","U","N",,,,,,,,,,,,,,,,,,,,,7007
0,"PLEUACU","0","0","0","0","U","N",,,,,,,,,,,,,,,,,,,,,8108
0,"PLEUALB","0","0","0","0","U","N",,,,,,,,,,,,,,,,,,,,,5769
0,"PLEUALB1","0","0","0","0","U","N",,,,,,,,,,,,,,,,,,,,,5770
0,"PLEUALB2","0","0","0","0","U","N",,,,,,,,,,,,,,,,,,,,,5771
0,"LUPIARG3","0","0","0","0","U","N",,"L",,"L",,"C,S","I","A","P1","AUT","LE,SE","A-lupanine,sparteine, P1-cause death in sheep, teratogenic effects in calves",,,,,,,,,1200
0,"LUPIARU","0","0","0","0","U","N",,"L",,"L",,"C,H,S","I","A","PX","SUM",,,,,,,,,,,2903
0,"LUPIARU1","0","0","0","0","U","N",,"L",,"L",,"C,H,S","I","A","PX","SUM",,,,,,,,,,,2904
0,"LUPIARU2","0","0","0","0","U","N",,"L",,"L",,"C,H,S","I","A","PX","SUM",,,,,,,,,,,2934
0,"LUPIBIC","4","2","2","3","U","N",,,,,,,,,"OS",,,,,,,,,,,,3280
0,"LUPIBIC1","4","2","2","3","U","N",,,,,,,,,"OS",,,,,,,,,,,,7640
0,"LUPIBIN1","0","0","0","0","U","N",,,,,,,,,"OS",,,,,,,,,,,,7641
0,"LUPIBUR","0","0","0","0","U","N",,"L",,"L",,"C","I","O","P2","U","LE,ST","O-anagyrine, P2-cause teratogenic effects in calves",,,,,,,,,3281
0,"LUPIBUR1","0","0","0","0","U","N",,"L",,"L",,"C","I","O","P2","U","LE,ST","O-anagyrine",,,,,,,,,7642
0,"LUPIDEN","0","0","0","0","U","N",,,,,,,,,"OS",,,,,,,,,,,,3282
0,"LUPIDEN2","0","0","0","0","U","N",,,,,,,,,"OS",,,,,,,,,,,,7643
0,"LUPIKUS","0","0","0","0","U","N",,,,,,,,,"OS",,,,,,,,,,,,3283
0,"LUPILAT","0","0","0","0","U","E",,,,,,,,,,,,,,,,,,,,,7974
0,"LUPILAT3","0","0","0","0","U","E",,,,,,,,,,,,,,,,,,,,,7975
0,"LUPILEP","5","0","2","3","U","N",,,,,,,,,"OS",,,,,,,,,,,,53
0,"LUPILEU","0","0","0","0","U","N",,"L",,"L",,"C,S,H","I","A","P1","AUT",,"A-lupinine, P1-fatally poisonous to sheep,cause crooked calf disease",,,,,,,,,54
0,"MELATRA","0","0","0","0","U","N",,,,,,,,,,,,,,,,,,,,,6741
0,"MELIALB","0","0","3","3","U","E",,"L",,"L",,"C,H,S","I","G","P1","WIN","LE,ST","G-melilotoside converted to dicoumarol by molds, WIN-in feed/hay",,,,"G",,,,,1147
0,"MELIBUL","0","0","0","0","U","N",,,,,,,,,,,,,,,,,,,,,2199
0,"MELICA","0","0","0","0","U","N",,,,,,,,,,,,,,,,,,,,,2202
0,"MELIFUG","0","0","0","0","U","N",,,,,,,,,,,,,,,,,,,,,7807
0,"MELIHAR","0","0","0","0","U","N",,,,,,,,,,,,,,,,,,,,,2200
0,"MELILOT","0","0","0","0","U","E",,,,,,,,,"OS",,,,,,,,,,,,2890
0,"MELIOFF","0","0","0","0","U","E",,"L",,"L",,"C,H","I","G","P1","WIN","LE,ST","G-melilotoside converted to dicoumarol  by molds, WIN-in feed",,,,"G",,,,,2889
0,"MELIOFI","0","0","0","0","U","E",,,,,,,,,,,,,,,,,,,,,2891
0,"MELISMI","5","5","3","2","U","N",,,,,,,,,,,,,,,,,,"4",,,2201
0,"MELISPE","0","0","0","0","U","N",,,,,,,,,,,,,,,,,,"4",,,2203
0,"MELISSA","0","0","0","0","U","E",,,,,,,,,,,,,,,,,,,,,2892
0,"MELISUB","5","4","3","2","U","N",,,,,,,,,,,,,,,,,,"4",,,2204
0,"MENEGAZ","0","0","0","0","U","N",,,,,,,,,,,,,,,,,,,,,6742
0,"MENETER","0","0","0","0","U","N",,,,,,,,,,,,,,,,,,,,,6743
0,"MENTALB","0","0","0","0","U","N",,,,,,,,,,,,,,,,,,,,,1984
0,"MENTAQU","0","0","0","0","U","E",,,,,,,,,,,,,,,,,,,,,1215
0,"MENTARV","0","0","3","3","U","N",,,,,,,,,,,,,,,,"F",,"4",,,2893
0,"MENTDIS","0","0","0","0","U","N",,,,,,,,,,,,,,,,,,,,,1985
0,"MENTHA","0","0","0","0","U","N",,,,,,,,,,,,,,,,,,,,,1892
0,"MENTLAE","0","0","0","0","U","N",,,,,,,,,,,,,,,,,,,,,1986
0,"MENTLAE1","0","0","0","0","U","N",,,,,,,,,,,,,,,,,,,,,303
0,"MENTLAE2","0","0","0","0","U","N",,,,,,,,,,,,,,,,,,,,,304
0,"MENTPUL","0","0","0","0","U","E",,,,,,,,,,,,,,,,,,,,,1891
0,"MENTSPI","0","0","0","0","U","E",,,,,,,,,,,,,,,,,,"4",,,1893
0,"MENTSUA","0","0","0","0","U","E",,,,,,,,,,,,,,,,,,,,,1894
0,"MENTXGR","0","0","0","0","U","E",,,,,,,,,,,,,,,,,,,,,1216
0,"MENTXPI","0","0","0","0","U","E",,,,,,,,,,,,,,,,,,,,,1983
0,"MENTXVE","0","0","0","0","U","E",,,,,,,,,,,,,,,,,,,,,7808
0,"MENTXVI","0","0","0","0","U","E",,,,,,,,,,,,,,,,,,,,,7809
0,"MENTZEL","0","0","0","0","U","N",,,,,,,,,,,,,,,,,,,,,305
0,"MENYANH","0","0","0","0","U","N",,,,,,,,,,,,,,,,,,,,,306
0,"MENYANT","0","0","0","0","U","N",,,,,,,,,,,,,,,,,,,,,307
0,"MENYTRI","0","6","2","5","U","N",,,,,,,,,,,,,"1","1","1",,,"2",,,308
0,"MENZFER","0","4","1","1","U","N",,"L",,"L",,"S","I","A","P1","AUT","LE","A-andromedotoxins",,,,,,"4",,,1282
0,"MENZFER1","0","0","0","0","U","N",,"L",,"L",,"S","I","A","P1","AUT","LE","A-andromedotoxins",,,,,,,,,1283
0,"MENZFER2","0","0","0","0","U","N",,"L",,"L",,"S","I","A","P1","AUT","LE","A-andromedotoxins",,,,,,,,,1284
0,"MENZIES","0","0","0","0","U","N",,,,,,,,,"OS",,,,,,,,,,,,1285
0,"MERTENS","0","0","0","0","U","N",,,,,,,,,,,,,,,,,,,,,314
0,"MERTLON","0","0","0","0","U","N",,,,,,,,,,,,,,,,"F",,,,,309
0,"MERTMAR","0","0","0","0","U","N",,,,,,,,,,,,,,,,,,,,,310
0,"MERTPAN","3","0","3","2","U","N",,,,,,,,,,,,,,,,,,,,,311
0,"MERTPAN1","0","0","0","0","U","N",,,,,,,,,,,,,,,,,,,,,312
0,"MERTPAN2","0","0","0","0","U","N",,,,,,,,,,,,,,,,,,,,,313
0,"MESOPTY","0","0","0","0","U","N",,,,,,,,,,,,,,,,,,,,,5644
0,"MESOSAH","0","0","0","0","U","N",,,,,,,,,,,,,,,,,,,,,5643
0,"METACAL","0","0","0","0","U","N",,,,,,,,,,,,,,,,,,,,,5646
0,"METAMEN","0","0","0","0","U",,,,,,,,,,,,,,,,,,,,,,4636
0,"METANEC","0","0","0","0","U","N",,,,,,,,,,,,,,,,,,,,,4637
0,"METASCH","0","0","0","0","U","N",,,,,,,,,,,,,,,,,,,,,5645
0,"METZANG","0","0","0","0","U","N",,,,,,,,,,,,,,,,,,,,,5647
0,"METZCON","0","0","0","0","U","N",,,,,,,,,,,,,,,,,,,,,5648
0,"METZCRA","0","0","0","0","U","N",,,,,,,,,,,,,,,,,,,,,5649
0,"METZFUR","0","0","0","0","U","N",,,,,,,,,,,,,,,,,,,,,5650
0,"METZFUR1","0","0","0","0","U","N",,,,,,,,,,,,,,,,,,,,,5651
0,"METZFUR2","0","0","0","0","U","N",,,,,,,,,,,,,,,,,,,,,5652
0,"METZGEI","0","0","0","0","U","N",,,,,,,,,,,,,,,,,,,,,5658
0,"METZGER","0","0","0","0","U","N",,,,,,,,,,,,,,,,,,,,,5655
0,"METZLEP","0","0","0","0","U","N",,,,,,,,,,,,,,,,,,,,,5653
0,"METZMYR","0","0","0","0","U","N",,,,,,,,,,,,,,,,,,,,,5654
0,"METZTEM","0","0","0","0","U","N",,,,,,,,,,,,,,,,,,,,,5656
0,"METZUNC","0","0","0","0","U","N",,,,,,,,,,,,,,,,,,,,,5657
0,"MICAASS","0","0","0","0","U","N",,,,,,,,,,,,,,,,,,,,,6744
0,"MICACIN","0","0","0","0","U","N",,,,,,,,,,,,,,,,,,,,,6745
0,"MICADEN","0","0","0","0","U","N",,,,,,,,,,,,,,,,,,,,,6746
0,"MICALIT","0","0","0","0","U","N",,,,,,,,,,,,,,,,,,,,,6747
0,"MICAMEL","0","0","0","0","U","N",,,,,,,,,,,,,,,,,,,,,6748
0,"MICAMIS","0","0","0","0","U","N",,,,,,,,,,,,,,,,,,,,,6749
0,"MICAPEL","0","0","0","0","U","N",,,,,,,,,,,,,,,,,,,,,6750
0,"MICAPRA","0","0","0","0","U","N",,,,,,,,,,,,,,,,,,,,,6751
0,"MICAREA","0","0","0","0","U","N",,,,,,,,,,,,,,,,,,,,,6752
0,"MICAREC","0","0","0","0","U","N",,,,,,,,,,,,,,,,,,,,,6754
0,"MICASYL","0","0","0","0","U","N",,,,,,,,,,,,,,,,,,,,,6753
0,"MICRAHL","0","0","0","0","U","N",,,,,,,,,,,,,,,,,,,,,494
0,"MICRANT","0","0","0","0","U","N",,,,,,,,,,,,,,,,,,,,,7976
0,"MICRARE","0","0","0","0","U","N",,,,,,,,,,,,,,,,,,,,,6756
0,"MICRBIG","0","0","0","0","U","N",,,,,,,,,,,,,,,,,,,,,315
0,"MICRBOR","2","6","0","5","U","N",,,,,,,,,,,,,,,,,,"3",,,316
0,"MICRDIS","0","0","0","0","U","N",,,,,,,,,,,,,,,,,,,,,6757
0,"MICREPI","0","0","0","0","U","N",,,,,,,,,,,,,,,,,,,,,6759
0,"MICRFER","0","0","0","4","U","N",,,,,,,,,,,,,,,,,,,,,7777
0,"PERTHAK","0","0","0","0","U","N",,,,,,,,,,,,,,,,,,,,,6911
0,"PERTLEI","0","0","0","0","U","N",,,,,,,,,,,,,,,,,,,,,6912
0,"PERTOCT","0","0","0","0","U","N",,,,,,,,,,,,,,,,,,,,,6913
0,"PERTOCU","0","0","0","0","U","N",,,,,,,,,,,,,,,,,,,,,6914
0,"PERTOPT","0","0","0","0","U","N",,,,,,,,,,,,,,,,,,,,,6915
0,"PERTPAN","0","0","0","0","U","N",,,,,,,,,,,,,,,,,,,,,6916
0,"PERTPUP","0","0","0","0","U","N",,,,,,,,,,,,,,,,,,,,,6917
0,"PERTSOM","0","0","0","0","U","N",,,,,,,,,,,,,,,,,,,,,6918
0,"PERTSTE","0","0","0","0","U","N",,,,,,,,,,,,,,,,,,,,,6920
0,"PERTSUA","0","0","0","0","U","N",,,,,,,,,,,,,,,,,,,,,6921
0,"PERTSUB","0","0","0","0","U","N",,,,,,,,,,,,,,,,,,,,,6922
0,"PERTSUC","0","0","0","0","U","N",,,,,,,,,,,,,,,,,,,,,6923
0,"PERTUSA","0","0","0","0","U","N",,,,,,,,,,,,,,,,,,,,,6919
0,"PERTUSR","0","0","0","0","U","N",,,,,,,,,,,,,,,,,,,,,6925
0,"PERTXAN","0","0","0","0","U","N",,,,,,,,,,,,,,,,,,,,,6924
0,"PETAFRI","0","0","0","0","U","N",,,,,,,,,,,,,"1","1","0","P",,"3",,,3475
0,"PETAFRI1","0","0","0","0","U","N",,,,,,,,,,,,,,,,,,,,,3476
0,"PETAFRI2","0","0","0","0","U","N",,,,,,,,,,,,,,,,,,,,,3477
0,"PETAFRI3","0","0","0","0","U","N",,,,,,,,,,,,,,,,,,"4",,,3478
0,"PETAFRI4","3","6","3","2","U","N",,,,,,,,,,,,,"1","1","0",,,"3",,,7881
0,"PETAJAP","0","0","0","0","U","E",,,,,,,,,,,,,,,,,,,,,3479
0,"PETALOP","0","0","0","0","U","N",,,,,,,,,,,,,,,,,,,,,5709
0,"PETARAL","0","0","0","0","U","N",,,,,,,,,,,,,,,,,,,,,5708
0,"PETASIT","0","0","0","0","U","N",,,,,,,,,,,,,,,,,,,,,3480
0,"PETRORH","0","0","0","0","U","E",,,,,,,,,,,,,,,,,,,,,3483
0,"PETRPRO","0","0","0","0","U","E",,,,,,,,,,,,,,,,,,,,,3481
0,"PETRSAX","0","0","0","0","U","E",,,,,,,,,,,,,,,,,,,,,3482
0,"PHACELI","0","0","0","0","U","N",,,,,,,,,,,,,,,,,,,,,3491
0,"PHACFRA","0","0","0","0","U","N",,,,,,,,,,,,,,,,,,,,,3484
0,"PHACHAS","0","0","0","0","U","N",,,,,,,,,,,,,,,,,,,,,3485
0,"PHACHAS1","0","0","0","0","U","N",,,,,,,,,,,,,,,,,,,,,1189
0,"PHACHET","0","0","0","0","U","N",,,,,,,,,,,,,,,,,,,,,627
0,"PHACHET1","0","0","0","0","U","N",,,,,,,,,,,,,,,,,,,,,626
0,"PHACHUU","0","0","0","0","U","N",,,,,,,,,,,,,,,,,,,,,6926
0,"PHACLEP","0","0","0","0","U","N",,,,,,,,,,,,,,,,,,,,,3486
0,"PHACLIN","0","0","0","0","U","N",,,,,,,,,,,,,,,,,,,,,3487
0,"PHACLYA","0","0","0","0","U","N",,,,,,,,,,,,,,,,,,,,,3488
0,"PHACOPS","0","0","0","0","U","N",,,,,,,,,,,,,,,,,,,,,6928
0,"PHACOXY","0","0","0","0","U","N",,,,,,,,,,,,,,,,,,,,,6927
0,"PHACRAM","0","0","0","0","U","N",,,,,,,,,,,,,,,,,,,,,3489
0,"PHACRAM1","0","0","0","0","U","N",,,,,,,,,,,,,,,,,,,,,442
0,"PHACSER","1","2","2","3","U","N",,,,,,,,,,,,,,,,,,,,,3490
0,"PHYSBIZ","0","0","0","0","U","N",,,,,,,,,,,,,,,,,,,,,6956
0,"PHYSCAE","0","0","0","0","U","N",,,,,,,,,,,,,,,,,,,,,6957
0,"PHYSCAO","0","0","0","0","U","N",,,,,,,,,,,,,,,,,,,,,6958
0,"PHYSCAP","5","5","3","0","U","N",,,,,,,,,,,,,,,,"P",,"4",,,1401
0,"PHYSCIA","0","0","0","0","U","N",,,,,,,,,,,,,,,,,,,,,6963
0,"PHYSCIC","0","0","0","0","U","N",,,,,,,,,,,,,,,,,,,,,6966
0,"PHYSCOA","0","0","0","0","U","N",,,,,,,,,,,,,,,,,,,,,6972
0,"PHYSCOI","0","0","0","0","U","N",,,,,,,,,,,,,,,,,,,,,4725
0,"PHYSCOM","0","0","0","0","U","N",,,,,,,,,,,,,,,,,,,,,4723
0,"PHYSDET","0","0","0","0","U","N",,,,,,,,,,,,,,,,,,,,,6968
0,"PHYSDID","0","0","0","0","U","N",,,,,,,,,,,,,,,,,,,,,3503
0,"PHYSDID2","0","0","0","0","U","N",,,,,,,,,,,,,,,,,,,,,8263
0,"PHYSDIM","0","0","0","0","U","N",,,,,,,,,,,,,,,,,,,,,6959
0,"PHYSDIS","0","0","0","0","U","N",,,,,,,,,,,,,,,,,,,,,7940
0,"PHYSDOU","0","0","0","0","U","N",,,,,,,,,,,,,,,,,,,,,7730
0,"PHYSDUB","0","0","0","0","U","N",,,,,,,,,,,,,,,,,,,,,6960
0,"PHYSENT","0","0","0","0","U","N",,,,,,,,,,,,,,,,,,,,,6969
0,"PHYSIMM","0","0","0","0","U","N",,,,,,,,,,,,,,,,,,,,,4724
0,"PHYSMAL","0","0","0","0","U","N",,,,,,,,,,,,,,,,"P",,,,,1402
0,"PHYSMUS","0","0","0","0","U","N",,,,,,,,,,,,,,,,,,,,,6970
0,"PHYSOCA","0","0","0","0","U","N",,,,,,,,,,,,,,,,,,"3",,,1403
0,"PHYSOST","0","0","0","0","U","N",,,,,,,,,,,,,,,,,,,,,3506
0,"PHYSPAR","0","0","0","0","U","N",,,,,,,,,,,,,,,,,,,,,3505
0,"PHYSPAT","0","0","0","0","U","N",,,,,,,,,,,,,,,,,,,,,4722
0,"PHYSPER","0","0","0","0","U","N",,,,,,,,,,,,,,,,,,,,,6971
0,"PHYSPHA","0","0","0","0","U","N",,,,,,,,,,,,,,,,,,,,,6961
0,"PHYSPHI","0","0","0","0","U","E",,,,,,,,,,,,,,,,,,,,,685
0,"PHYSPYR","0","0","0","0","U","N",,,,,,,,,,,,,,,,,,,,,834
0,"PHYSSEM","0","0","0","0","U","N",,,,,,,,,,,,,,,,,,,,,6962
0,"PHYSSTE","0","0","0","0","U","N",,,,,,,,,,,,,,,,,,,,,6964
0,"PHYSTEN","0","0","0","0","U","N",,,,,,,,,,,,,,,,,,,,,6965
0,"PHYSTHO","0","0","0","0","U","N",,,,,,,,,,,,,,,,,,,,,6973
0,"PICEA","0","0","0","0","U","N",,,,,,,,,,,,,,,,,,,,,748
0,"PICEABI","0","0","0","0","U","E",,,,,,,,,,,,,,,,,,,,,738
0,"PICEAX","0","0","0","0","U","N",,,,,,,,,,,,,,,,,,,,,749
0,"PICEENE","3","0","0","0","U","N",,,,,,,,,,,,,,,,,,"4",,,740
0,"PICEENG","3","0","0","0","U","N",,,,,,,,,,,,,,,,,,"4",,,739
0,"PICEENS","0","0","0","0","U","N",,,,,,,,,,,,,,,,,,,,,741
0,"PICEGES","0","0","0","0","U","N",,,,,,,,,,,,,,,,,,,,,743
0,"PICEGLA","3","0","0","0","U","N",,,,,,,,,,,,,"1","1","0",,,"4",,,742
0,"PICEGLM","0","0","0","0","U","N",,,,,,,,,,,,,,,,,,,,,744
0,"PICEMAR","3","0","0","1","U","N",,,,,,,,,,,,,,,,,,"3",,,745
0,"LYCIBAR","0","0","0","0","U","E",,,,,,,,,,,,,,,,,,,,,1280
0,"LYCIUM","0","0","0","0","U","E",,,,,,,,,"OS",,,,,,,,,,,,1281
0,"LYCOAME","5","6","3","5","U","N",,,,,,,,,,,,,,,,,,"2",,,2971
0,"LYCOANN","3","3","2","0","U","N",,,,,,,,,,,,,,,,,,"4",,,1749
0,"LYCOASP","0","0","0","0","U","N",,,,,,,,,,,,,,,,,,"3",,,2972
0,"LYCOCLA","0","3","1","1","U","N",,,,,,,,,,,,,,,,,,"4",,,1750
0,"LYCOCLA1","0","0","0","0","U","N",,,,,,,,,,,,,,,,,,,,,1751
0,"LYCOCLA2","0","0","0","0","U","N",,,,,,,,,,,,,,,,,,,,,1752
0,"LYCODEN","0","0","0","0","U","N",,,,,,,,,,,,,,,,,,"4",,,1753
0,"LYCOEUR","0","0","0","0","U","E",,,,,,,,,,,,,,,,,,"2",,,1214
0,"LYCOINU","0","6","1","5","U","N",,,,,,,,,,,,,,,,,,"2",,,1747
0,"LYCOLAG","0","0","0","0","U","N",,,,,,,,,,,,,,,,,,,,,1754
0,"LYCOPOA","0","0","0","0","U","N",,,,,,,,,,,,,,,,,,,,,1746
0,"LYCOPOE","0","0","0","0","U","N",,,,,,,,,,,,,,,,,,,,,1748
0,"LYCOPOI","0","0","0","0","U","N",,,,,,,,,,,,,,,,,,,,,1755
0,"LYCOPUS","0","0","0","0","U","N",,,,,,,,,,,,,,,,,,,,,2973
0,"LYCOUNI","0","0","0","0","U","N",,,,,,,,,,,,,,,,,,"2",,,2974
0,"LYGODES","0","0","0","0","U","N",,,,,,,,,,,,,,,,,,,,,2976
0,"LYGOJUN","0","0","0","0","U","N",,,,,,,,,,,,,,,,,,,,,2975
0,"LYSIAME","0","6","3","5","U","N",,,,,,,,,,,,,"2","2","2",,,"3",,,2977
0,"LYSICHI","0","0","0","0","U","N",,,,,,,,,,,,,,,,,,"3",,,2978
0,"LYSICIL","0","0","0","0","U","N",,,,,,,,,,,,,,,,,,,,,2979
0,"LYSIMAC","0","0","0","0","U","N",,,,,,,,,,,,,,,,,,,,,2982
0,"LYSINUM","0","0","0","0","U","E",,,,,,,,,,,,,,,,,,,,,2980
0,"LYSIPUN","0","0","0","0","U","E",,,,,,,,,,,,,,,,,,,,,2981
0,"LYSITER","0","0","0","0","U","E",,,,,,,,,,,,,,,,,,"4",,,2983
0,"LYSITHY","3","6","0","5","U","N",,,,,,,,,,,,,,,,,,"3",,,2984
0,"LYSIVUL","0","0","0","0","U","E",,,,,,,,,,,,,,,,,,"4",,,2985
0,"LYTHALA","0","0","0","0","U","N",,,,,,,,,,,,,,,,,,,,,2987
0,"LYTHHYS","0","0","0","0","U","E",,,,,,,,,,,,,,,,,,,,,1347
0,"LYTHPOR","0","0","0","0","U","E",,,,,,,,,,,,,,,,,,,,,2988
0,"LYTHRAC","0","0","0","0","U","N",,,,,,,,,,,,,,,,,,,,,2986
0,"LYTHRUM","0","0","0","0","U","N",,,,,,,,,,,,,,,,,,,,,2990
0,"LYTHSAL","0","0","0","0","U","E",,,,,,,,,,,,,,,,,"I","3",,,2989
0,"MACHAER","0","0","0","0","U","N",,,,,,,,,,,,,,,,,,,,,2991
0,"MADIA","0","0","0","0","U","N",,,,,,,,,,,,,,,,,,,,,2996
0,"MADIEXI","0","0","0","0","U","N",,,,,,,,,,,,,,,,,,,,,2992
0,"MADIGLO","0","0","0","0","U","N",,,,,,,,,,,,,,,,,"I",,,,2993
0,"MADIGRA","0","0","0","0","U","N",,,,,,,,,,,,,,,,,,,,,2994
0,"MADISAT","4","2","3","3","U","E",,,,,,,,,,,,,,,,,,,,,2995
0,"MAHOAQU","6","2","2","0","U","N",,,,,,,,,,,,,,,,"F",,,,,1353
0,"MAHONER","4","3","2","0","U","N",,,,,,,,,,,,,,,,,,,,,1354
0,"PLAGSEM","0","0","0","0","U","N",,,,,,,,,,,,,,,,,,,,,5751
0,"PLAGSEM1","0","0","0","0","U","N",,,,,,,,,,,,,,,,,,,,,5752
0,"PLAGSEM2","0","0","0","0","U","N",,,,,,,,,,,,,,,,,,,,,5753
0,"PLAGSHA","0","0","0","0","U","N",,,,,,,,,,,,,,,,,,,,,5754
0,"PLAGSHA1","0","0","0","0","U","N",,,,,,,,,,,,,,,,,,,,,5755
0,"PLAGSHA2","0","0","0","0","U","N",,,,,,,,,,,,,,,,,,,,,5756
0,"PLAGSUL","0","0","0","0","U","N",,,,,,,,,,,,,,,,,,,,,5758
0,"PLAGSUL1","0","0","0","0","U","N",,,,,,,,,,,,,,,,,,,,,5759
0,"PLAGSUL2","0","0","0","0","U","N",,,,,,,,,,,,,,,,,,,,,5760
0,"PLAGTEN","0","0","0","0","U","N",,,,,,,,,,,,,,,,,,,,,3516
0,"PLAGUNA","0","0","0","0","U","N",,,,,,,,,,,,,,,,,,,,,5761
0,"PLAGUNA1","0","0","0","0","U","N",,,,,,,,,,,,,,,,,,,,,5762
0,"PLAGUNA2","0","0","0","0","U","N",,,,,,,,,,,,,,,,,,,,,5763
0,"BUCKUND","4","4","1","1","U","N",,,,,,,,,,,,,,,,,,"3",,,4747
0,"PLAGVEN","0","0","0","0","U","N",,,,,,,,,,,,,,,,,,,,,4738
0,"PLAGVIR","0","0","0","0","U","N",,,,,,,,,,,,,,,,,,,,,5764
0,"PLAGVIR1","0","0","0","0","U","N",,,,,,,,,,,,,,,,,,,,,5765
0,"PLAGVIR2","0","0","0","0","U","N",,,,,,,,,,,,,,,,,,,,,5766
0,"PLAGVIR3","0","0","0","0","U","N",,,,,,,,,,,,,,,,,,,,,5767
0,"PLAGWRI","0","0","0","0","U","N",,,,,,,,,,,,,,,,,,,,,5719
0,"PLAGZIE","0","0","0","0","U","N",,,,,,,,,,,,,,,,,,,,,4728
0,"PLANCAN","0","0","0","0","U","N",,,,,,,,,,,,,,,,,,,,,3518
0,"PLANCOR","0","0","0","0","U","E",,,,,,,,,,,,,,,,,,,,,3519
0,"PLANELO","0","0","0","0","U","N",,,,,,,,,,,,,,,,,,,,,3520
0,"PLANERI","0","0","0","0","U","N",,,,,,,,,,,,,,,,,,"3",,,3521
0,"PLANLAN","0","0","0","3","U","E",,,,,,,,,,,,,,,,,,,,,3522
0,"PLEUPUR","0","0","0","0","U","N",,,,,,,,,,,,,,,,,,"4",,,5773
0,"PLEUREF","5","6","3","5","U","N",,,,,,,,,,,,,,,,,,"3",,,2231
0,"PLEURID","0","0","0","0","U","N",,,,,,,,,,,,,,,,,,,,,4752
0,"PLEUROA","0","0","0","0","U","N",,,,,,,,,,,,,,,,,,,,,5774
0,"PLEUROC","0","0","0","0","U","N",,,,,,,,,,,,,,,,,,,,,5775
0,"PLEUROI","0","0","0","0","U","N",,,,,,,,,,,,,,,,,,,,,4757
0,"PLEUROL","0","0","0","0","U","N",,,,,,,,,,,,,,,,,,,,,5772
0,"PLEUROO","0","0","0","0","U","N",,,,,,,,,,,,,,,,,,,,,4753
0,"PLEUROP","0","0","0","0","U","N",,,,,,,,,,,,,,,,,,,,,2232
0,"PLEUROZ","0","0","0","0","U","N",,,,,,,,,,,,,,,,,,,,,4755
0,"PLEURUT","0","0","0","0","U","N",,,,,,,,,,,,,,,,,,"4",,,4754
0,"PLEUSCH","3","0","1","1","U","N",,,,,,,,,,,,,,,,,,"4",,,4756
0,"PLUMBAG","0","0","0","0","U","N",,,,,,,,,,,,,,,,,,,,,3543
0,"POA","0","0","0","0","U","N",,,,,,,,,,,,,,,,,,,,,2280
0,"POA ABB","0","0","0","0","U","N",,,,,,,,,,,,,,,,,,,,,2233
0,"POA ABB3","0","0","0","0","U","N",,,,,,,,,,,,,,,,,,,,,2234
0,"POA ALP","1","0","3","3","U","N",,,,,,,,,,,,,,,,"G",,,,,2235
0,"POA ALP2","1","0","3","3","U","N",,,,,,,,,,,,,,,,,,,,,7897
0,"POA ANN","0","0","0","3","U","E",,,,,,,,,,,,,,,,,"I",,,,2236
0,"POA ARC","0","0","0","0","U","N",,,,,,,,,,,,,,,,,,,,,2237
0,"POA ARC1","0","0","0","0","U","N",,,,,,,,,,,,,,,,,,,,,2238
0,"POA ARC5","0","0","0","0","U","N",,,,,,,,,,,,,,,,,,,,,2239
0,"POA BUL","0","0","0","0","U","E",,,,,,,,,,,,,,,,"G",,,,,2240
0,"POA BUL1","0","0","0","0","U","E",,,,,,,,,,,,,,,,,,,,,7898
0,"POA COM","0","2","3","3","U","E",,,,,,,,,,,,,,,,"G",,,,,2241
0,"POA CON","0","0","0","0","U","N",,,,,,,,,,,,,,,,,,,,,2242
0,"POA CUS","0","0","0","0","U","N",,,,,,,,,,,,,,,,,,,,,2243
0,"POA CUS2","0","0","0","0","U","N",,,,,,,,,,,,,,,,,,,,,2244
0,"POA CUS3","0","0","0","0","U","N",,,,,,,,,,,,,,,,,,,,,2246
0,"POA CUS4","0","0","0","0","U","N",,,,,,,,,,,,,,,,,,,,,2245
0,"POA EMI","0","0","0","0","U","N",,,,,,,,,,,,,,,,,,"3",,,2247
0,"POA FEN","0","0","0","0","U","N",,,,,,,,,,,,,,,,,,,,,2248
0,"POA FEN1","0","0","0","0","U","N",,,,,,,,,,,,,,,,,,,,,2249
0,"POA FEN2","0","0","0","0","U","N",,,,,,,,,,,,,,,,,,,,,2250
0,"POA GLA","0","0","0","0","U","N",,,,,,,,,,,,,,,,,,,,,2251
0,"POA GLA1","0","0","0","0","U","N",,,,,,,,,,,,,,,,,,,,,2252
0,"POA GLA2","0","0","0","0","U","N",,,,,,,,,,,,,,,,,,,,,2253
0,"POA HOW","0","0","0","0","U","N",,,,,,,,,,,,,,,,,,,,,2254
0,"POA INF","0","0","0","0","U","E",,,,,,,,,,,,,,,,,,,,,2255
0,"POA LAA","0","0","0","0","U","N",,,,,,,,,,,,,,,,,,,,,2256
0,"POA LAA1","0","0","0","0","U","N",,,,,,,,,,,,,,,,,,,,,2257
0,"POA LAX","0","0","0","0","U","N",,,,,,,,,,,,,,,,,,,,,2258
0,"POA LEP","1","6","1","1","U","N",,,,,,,,,,,,,,,,,,"3",,,2259
0,"POA LET","0","0","0","0","U","N",,,,,,,,,,,,,,,,,,,,,2260
0,"POA MAC","0","0","0","0","U","N",,,,,,,,,,,,,,,,,,,,,2261
0,"POA MAR","4","6","3","5","U","N",,,,,,,,,,,,,,,,,,,,,2264
0,"POA NEM","0","0","0","0","U","E",,,,,,,,,,,,,,,,,,,,,2265
0,"POA INT","0","0","0","0","U","N",,,,,,,,,,,,,,,,,,,,,2262
0,"POA NEM2","0","0","0","0","U",,,,,,,,,,,,,,,,,,,,,,2263
0,"POA NER","0","0","0","0","U",,,,,,,,,,,,,,,,,,,,,,2266
0,"POA PAL","0","0","0","0","U","N",,,,,,,,,,,,,,,,"G",,"4",,,2267
0,"POA PAU","0","0","0","0","U","N",,,,,,,,,,,,,,,,,,,,,2268
0,"POA PRA","0","0","0","0","U","N",,,,,,,,,,,,,,,,"G",,"4",,,2269
0,"POA PRA1","0","0","0","0","U","N",,,,,,,,,,,,,,,,,,,,,2270
0,"POA PRA2","0","0","0","0","U","N",,,,,,,,,,,,,,,,,,,,,2271
0,"POA PRA3","0","0","0","0","U","E",,,,,,,,,,,,,,,,,,,,,2272
0,"POA PRA4","0","0","0","0","U","E",,,,,,,,,,,,,,,,,,,,,2275
0,"POA PRA5","0","0","0","0","U","N",,,,,,,,,,,,,,,,,,,,,2273
0,"POA PRA6","0","0","0","0","U","E",,,,,,,,,,,,,,,,,,,,,2274
0,"POA PSE","0","0","0","0","U","N",,,,,,,,,,,,,,,,,,,,,2276
0,"POA SEC","0","0","0","0","U","N",,,,,,,,,,,,,,,,,,,,,2277
0,"POA SEC1","0","0","0","0","U","N",,,,,,,,,,,,,,,,"G",,,,,2278
0,"POA SEC2","0","0","0","0","U","N",,,,,,,,,,,,,,,,"F",,,,,2279
0,"POA STE","0","0","0","0","U","N",,,,,,,,,,,,,,,,,,,,,2281
0,"POA STE1","0","0","0","0","U","N",,,,,,,,,,,,,,,,,,,,,7899
0,"POA SUK","0","0","0","0","U","N",,,,,,,,,,,,,,,,,,,,,1172
0,"POA SUP","0","0","0","0","U","E",,,,,,,,,,,,,,,,,,,,,7658
0,"POA TRI","0","5","3","3","U","E",,,,,,,,,,,,,,,,,,,,,2282
0,"POA WHE","0","0","0","0","U","N",,,,,,,,,,,,,,,,,,,,,2283
0,"POACEAE","0","0","0","0","U","N",,,,,,,,,,,,,"2","2","1",,,,,,2284
0,"POGOCON","4","4","2","3","U","N",,,,,,,,,,,,,,,,,,,,,4758
0,"POGODEN","0","0","0","0","U","N",,,,,,,,,,,,,,,,,,,,,4759
0,"POGONAT","0","0","0","0","U","N",,,,,,,,,,,,,,,,,,,,,4760
0,"POGOURN","0","0","0","0","U","N",,,,,,,,,,,,,,,,,,,,,4761
0,"POHLAND","0","0","0","0","U","N",,,,,,,,,,,,,,,,,,,,,4762
0,"POHLANN","0","0","0","0","U","N",,,,,,,,,,,,,,,,,,,,,4763
0,"POHLATR","0","0","0","0","U","N",,,,,,,,,,,,,,,,,,,,,4764
0,"POHLBOL","0","0","0","0","U","N",,,,,,,,,,,,,,,,,,,,,4765
0,"POHLBUL","0","0","0","0","U","N",,,,,,,,,,,,,,,,,,,,,4766
0,"POHLCAM","0","0","0","0","U","N",,,,,,,,,,,,,,,,,,,,,4767
0,"POHLCAR","0","0","0","0","U","N",,,,,,,,,,,,,,,,,,,,,4768
0,"POHLCOL","0","0","0","0","U","N",,,,,,,,,,,,,,,,,,,,,4769
0,"POHLCRU","0","0","0","0","U","N",,,,,,,,,,,,,,,,,,,,,4770
0,"POHLDRU","0","0","0","0","U","N",,,,,,,,,,,,,,,,,,,,,4771
0,"POHLELO","0","0","0","0","U","N",,,,,,,,,,,,,,,,,,,,,4772
0,"POHLELO1","0","0","0","0","U","N",,,,,,,,,,,,,,,,,,,,,4773
0,"POHLELO2","0","0","0","0","U","N",,,,,,,,,,,,,,,,,,,,,4774
0,"POHLERE","0","0","0","0","U","N",,,,,,,,,,,,,,,,,,,,,4775
0,"POHLFIU","0","0","0","0","U","N",,,,,,,,,,,,,,,,,,,,,4776
0,"POHLIA","0","0","0","0","U","N",,,,,,,,,,,,,,,,,,,,,4786
0,"POHLLES","0","0","0","0","U","N",,,,,,,,,,,,,,,,,,,,,4777
0,"POHLLOC","0","0","0","0","U","N",,,,,,,,,,,,,,,,,,,,,4779
0,"POHLLON","0","0","0","0","U","N",,,,,,,,,,,,,,,,,,,,,4778
0,"POHLLUD","0","0","0","0","U","N",,,,,,,,,,,,,,,,,,,,,4780
0,"POHLMEL","0","0","0","0","U","N",,,,,,,,,,,,,,,,,,,,,4781
0,"POHLOBT","0","0","0","0","U","N",,,,,,,,,,,,,,,,,,,,,4783
0,"POHLPAC","0","0","0","0","U","N",,,,,,,,,,,,,,,,,,,,,4784
0,"POHLPRO","0","0","0","0","U","N",,,,,,,,,,,,,,,,,,,,,4785
1,"POHLNUT","0","0","0","0","U","N",,,,,,,,,,,,,,,,,,"3",,,4787
0,"POHLTUN","0","0","0","0","U","N",,,,,,,,,,,,,,,,,,,,,4788
0,"POHLVEX","0","0","0","0","U","N",,,,,,,,,,,,,,,,,,,,,4789
0,"POHLWAH","0","0","0","0","U","N",,,,,,,,,,,,,,,,,,"3",,,4790
0,"POLEACU","0","0","0","0","U","N",,,,,,,,,,,,,,,,,,,,,3545
0,"POLEBOR","0","0","0","0","U","N",,,,,,,,,,,,,,,,,,,,,3546
0,"POLEELE","0","0","0","0","U","N",,,,,,,,,,,,,,,,,,,,,3547
0,"POLEMIC","0","0","0","0","U","N",,,,,,,,,,,,,,,,,,,,,3548
0,"POLEMOI","0","0","0","0","U","N",,,,,,,,,,,,,,,,,,,,,3544
0,"POLEMON","0","0","0","0","U","N",,,,,,,,,,,,,,,,,,,,,3552
1,"POLEOCC","0","0","0","0","U","N",,,,,,,,,,,,,,,,,,"4",,,7910
0,"POLEPUL","3","0","3","2","U","N",,,,,,,,,,,,,,,,"P",,,,,3550
0,"POLEPUL1","0","0","0","0","U","N",,,,,,,,,,,,,,,,,,,,,3551
0,"POLEVIS","0","0","0","0","U","N",,,,,,,,,,,,,,,,,,,,,3553
0,"POLYACH","0","0","0","0","U","N",,,,,,,,,,,,,,,,,,,,,3562
0,"POLYALI","5","4","1","1","U","N",,,,,,,,,,,,,,,,,,,,,8109
0,"POLYALI1","5","4","1","1","U","N",,,,,,,,,,,,,,,,,,,,,8110
0,"POLYAMO","0","0","0","0","U","N",,,,,,,,,,,,,,,,,,,,,1515
0,"POLYAND","0","0","0","0","U","N",,,,,,,,,,,,,,,,,,,,,1778
0,"POLYARE","0","0","0","0","U","E",,,,,,,,,,,,,,,,,,,,,3563
0,"POLYARV","0","0","0","0","U","E",,,,,,,,,,,,,,,,,,,,,3556
0,"POLYAUS","0","0","0","0","U","N",,,,,,,,,,,,,,,,,,,,,3564
0,"POLYAVI","0","0","0","0","U","E",,,,,,,,,,,,,,,,,,,,,3565
0,"POLYBLA","0","0","0","0","U","N",,,,,,,,,,,,,,,,,,,,,7009
0,"POLYBRA","0","4","3","2","U","N",,,,,,,,,,,,,,,,,,,,,1779
0,"POLYBUX","0","0","0","0","U","E",,,,,,,,,,,,,,,,,,,,,3566
0,"POLYCAL","0","0","0","0","U","N",,,,,,,,,,,,,,,,,,,,,1780
0,"POLYCAR","0","0","0","0","U","E",,,,,,,,,,,,,,,,,,,,,3554
0,"POLYCHI","0","0","0","0","U","N",,,,,,,,,,,,,,,,,,,,,7013
0,"POLYCNE","0","0","0","0","U","E",,,,,,,,,,,,,,,,,,,,,3557
0,"POLYCOM","0","4","1","1","U","N",,,,,,,,,,,,,,,,,,"4",,,4792
0,"POLYCOM1","0","0","0","0","U","N",,,,,,,,,,,,,,,,,,,,,4793
0,"POLYCOM4","0","0","0","0","U","N",,,,,,,,,,,,,,,,,,,,,4794
0,"POLYCOT","0","0","0","0","U","N",,,,,,,,,,,,,,,,,,,,,7010
0,"POLYDEN","0","0","0","0","U","N",,,,,,,,,,,,,,,,,,,,,7011
0,"POLYDOU","0","0","0","3","U","N",,,,,,,,,,,,,,,,"P",,,,,3567
0,"POLYDOU4","0","0","0","0","U","N",,,,,,,,,,,,,,,,,,,,,3568
0,"POLYENG","0","0","0","0","U","N",,,,,,,,,,,,,,,,,,,,,3569
0,"POLYFOR","0","3","1","1","U","N",,,,,,,,,,,,,,,,,,,,,4795
0,"POLYFOW","0","0","0","0","U","N",,,,,,,,,,,,,,,,,,,,,3570
0,"POLYGAA","0","0","0","0","U","N",,,,,,,,,,,,,,,,,,,,,3560
0,"POLYGAL","0","0","0","0","U","N",,,,,,,,,,,,,,,,,,,,,3559
0,"POLYGLY","4","0","0","4","U","N",,,,,,,,,,,,,,,,,,,,,1516
0,"POLYGOA","0","0","0","0","U","N",,,,,,,,,,,,,,,,,,,,,3561
0,"POLYGON","0","0","0","0","U","N",,,,,,,,,,,,,,,,,,,,,88
0,"POLYHES","3","2","2","4","U","N",,,,,,,,,,,,,,,,,,,,,1517
0,"POLYHUM","0","0","0","0","U","N",,,,,,,,,,,,,,,,,,,,,7760
0,"POLYHYP","0","0","0","0","U","N",,,,,,,,,,,,,,,,,,,,,7008
0,"POLYIMB","0","0","0","0","U","N",,,,,,,,,,,,,,,,,,,,,1781
0,"POLYIMB1","0","0","0","0","U","N",,,,,,,,,,,,,,,,,,,,,868
0,"POLYINT","0","0","0","0","U","E",,,,,,,,,,,,,,,,,,,,,8223
0,"POLYJUN","0","0","0","0","U","N",,,,,,,,,,,,,,,,,,"4",,,4796
0,"POLYKRU","0","0","0","0","U","N",,,,,,,,,,,,,,,,,,,,,1782
0,"POLYLEM","0","0","0","0","U","N",,,,,,,,,,,,,,,,,,,,,1783
0,"POLYLOC","1","3","2","0","U","N",,,,,,,,,,,,,,,,,,,,,1784
0,"POLYLOG","0","0","0","0","U","N",,,,,,,,,,,,,,,,,,,,,4797
0,"POLYLYA","0","0","0","0","U","N",,,,,,,,,,,,,,,,,,,,,4798
0,"POLYMAJ","0","0","0","0","U","N",,,,,,,,,,,,,,,,,,,,,81
0,"POLYMIN","0","0","0","0","U","N",,,,,,,,,,,,,,,,,,,,,82
0,"POLYMOS","0","0","0","0","U","E",,,,,,,,,,,,,,,,,,,,,2285
0,"POLYMUN","4","0","3","2","U","N",,,,,,,,,,,,,,,,,,,,,1785
0,"POLYMUS","0","0","0","0","U","N",,,,,,,,,,,,,,,,,,,,,7012
0,"POLYNUT","0","0","0","0","U","N",,,,,,,,,,,,,,,,,,,,,83
0,"POLYPAR","0","0","0","0","U","N",,,,,,,,,,,,,,,,,,,,,84
0,"POLYPIL","0","1","1","4","U","N",,,,,,,,,,,,,,,,,,,,,4799
0,"POLYPOD","0","0","0","0","U","N",,,,,,,,,,,,,,,,,,,,,1520
0,"POLYPOG","0","0","0","0","U","E",,,,,,,,,,,,,,,,,,,,,2286
0,"POLYPOI","0","0","0","0","U","N",,,,,,,,,,,,,,,,,,,,,1514
0,"POLYPOL","0","0","0","0","U","N",,,,,,,,,,,,,,,,,,,,,85
0,"POLYPOL1","0","0","0","0","U","N",,,,,,,,,,,,,,,,,,,,,87
0,"POLYPOL2","0","0","0","0","U","N",,,,,,,,,,,,,,,,,,,,,86
0,"POLYRAM","0","0","0","0","U","N",,,,,,,,,,,,,,,,,,,,,638
0,"POLYSAW","0","0","0","0","U","N",,,,,,,,,,,,,,,,,,,,,1208
0,"POLYSAW1","0","0","0","0","U","N",,,,,,,,,,,,,,,,,,,,,637
0,"POLYSCO","4","0","0","4","U","N",,,,,,,,,,,,,,,,,,,,,1518
0,"POLYSCP","0","0","0","0","U","N",,,,,,,,,,,,,,,,,,,,,1786
0,"POLYSEN","0","0","0","0","U","N",,,,,,,,,,,,,,,,,,,,,3558
0,"POLYSET","0","0","0","0","U","N",,,,,,,,,,,,,,,,,,,,,1787
0,"POLYSEX","1","3","1","0","U","N",,,,,,,,,,,,,,,,,,,,,4800
0,"POLYSIB","0","0","0","0","U","N",,,,,,,,,,,,,,,,,,,,,1519
0,"POLYSIM","0","0","0","0","U","N",,,,,,,,,,,,,,,,,,,,,7014
0,"POLYSPE","0","0","0","0","U","N",,,,,,,,,,,,,,,,,,,,,89
0,"POLYSPH","0","0","0","0","U","N",,,,,,,,,,,,,,,,,,,,,4802
0,"POLYSPO","0","0","0","0","U","N",,,,,,,,,,,,,,,,,,,,,7015
0,"POLYSTI","0","0","0","0","U","N",,,,,,,,,,,,,,,,,,,,,1788
0,"OENOBIE","0","0","0","0","U","E",,,,,,,,,,,,,,,,,,,,,3340
0,"OENOGLA","0","0","0","0","U","E",,,,,,,,,,,,,,,,,,,,,3341
0,"OENOPAL","0","0","0","0","U","N",,,,,,,,,,,,,,,,,,,,,3342
0,"OENOPAL1","0","0","0","0","U","N",,,,,,,,,,,,,,,,,,,,,3343
0,"OENOPER","0","0","0","0","U","E",,,,,,,,,,,,,,,,,,,,,3344
0,"OENOTHE","0","0","0","0","U","N",,,,,,,,,,,,,,,,,,,,,3345
0,"OENOVIL","0","0","0","0","U","N",,,,,,,,,,,,,,,,,,,,,3346
0,"OENOVIL1","0","0","0","0","U","N",,,,,,,,,,,,,,,,,,,,,1199
0,"OENOVIL2","0","0","0","0","U","N",,,,,,,,,,,,,,,,,,,,,7654
0,"OLEACEA","0","0","0","0","U","U",,,,,,,,,,,,,,,,,,,,,130
0,"OLIGALI","0","4","3","3","U","N",,,,,,,,,,,,,,,,,,,,,4666
0,"OLIGHER","0","0","0","0","U","N",,,,,,,,,,,,,,,,,,,,,4667
0,"OLIGOTR","0","0","0","0","U","N",,,,,,,,,,,,,,,,,,,,,4669
0,"OLIGPAR","1","3","2","3","U","N",,,,,,,,,,,,,,,,,,,,,4668
0,"OLSYDOU","0","0","0","0","U","N",,,,,,,,,,,,,,,,,,,,,3347
0,"OLSYDOU1","0","0","0","0","U","N",,,,,,,,,,,,,,,,,,,,,3348
0,"OLSYDOU2","0","0","0","0","U","N",,,,,,,,,,,,,,,,,,,,,3349
0,"OLSYNIU","0","0","0","0","U","N",,,,,,,,,,,,,,,,,,,,,3350
0,"OMALOTH","0","0","0","0","U","E",,,,,,,,,,,,,,,,,,,,,7854
0,"OMALSYL","0","0","0","0","U","E",,,,,,,,,,,,,,,,,,,,,7853
0,"OMPHALI","0","0","0","0","U","N",,,,,,,,,,,,,,,,,,,,,6826
0,"OMPHHUD","0","0","0","0","U","N",,,,,,,,,,,,,,,,,,,,,6825
0,"OMPHUMB","0","0","0","0","U","N",,,,,,,,,,,,,,,,,,,,,6827
0,"ONAGRAC","0","0","0","0","U","N",,,,,,,,,,,,,,,,,,,,,3351
0,"ONCOPHO","0","0","0","0","U","N",,,,,,,,,,,,,,,,,,,,,4670
0,"ONCOVIR","0","0","0","0","U","N",,,,,,,,,,,,,,,,,,,,,4671
0,"ONCOWAH","0","0","0","0","U","N",,,,,,,,,,,,,,,,,,,,,4672
0,"ONOBRYC","0","0","0","0","U","E",,,,,,,,,,,,,,,,,,,,,3352
0,"ONOBVIC","0","0","0","0","U","E",,,,,,,,,,,,,,,,"G",,,,,3353
0,"ONOPACA","0","0","0","0","U","E",,,,,,,,,,,,,,,,,"R",,,,3354
0,"ONOPACA1","0","0","0","0","U","E",,,,,,,,,,,,,,,,,"R",,,,7880
0,"ONOPORD","0","0","0","0","U","E",,,,,,,,,,,,,,,,,,,,,3355
0,"OPEGHER","0","0","0","0","U","N",,,,,,,,,,,,,,,,,,,,,6828
0,"OPEGRAP","0","0","0","0","U","N",,,,,,,,,,,,,,,,,,,,,6830
0,"OPEGRUF","0","0","0","0","U","N",,,,,,,,,,,,,,,,,,,,,6829
0,"OPEGVAR","0","0","0","0","U","N",,,,,,,,,,,,,,,,,,,,,6831
0,"OPHILAP","0","0","0","0","U","N",,,,,,,,,,,,,,,,,,,,,6832
0,"OPHIOGL","0","0","0","0","U","N",,,,,,,,,,,,,,,,,,,,,1508
0,"OPHIOGO","0","0","0","0","U","N",,,,,,,,,,,,,,,,,,,,,1506
0,"OPHIOPA","0","0","0","0","U","N",,,,,,,,,,,,,,,,,,,,,6834
0,"OPHIOPR","0","0","0","0","U","N",,,,,,,,,,,,,,,,,,,,,6835
0,"OPHIPUS","0","0","0","0","U","N",,,,,,,,,,,,,,,,,,"3",,,1507
0,"OPHIRUB","0","0","0","0","U","N",,,,,,,,,,,,,,,,,,,,,6833
0,"OPLOHOR","0","0","0","0","U","N",,,,,,,,,,,,,"1","0","0",,,,,,1292
0,"OPLOPAN","0","5","3","2","U","N",,,,,,,,,,,,,,,,,,,,,1293
0,"OPUNFRA","0","0","0","0","U","N",,,,,,,,,,,,,,,,,,,,,3356
0,"OPUNTIA","0","0","0","0","U","N",,,,,,,,,,,,,,,,,,,,,3357
0,"OPUNXCO","0","0","0","0","U","N",,,,,,,,,,,,,,,,,,,,,682
0,"ORCHIDA","0","0","0","0","U","N",,,,,,,,,,,,,,,,,,,,,3358
0,"OREAMAR","0","0","0","0","U","N",,,,,,,,,,,,,,,,,,,,,4673
0,"OREAS","0","0","0","0","U","N",,,,,,,,,,,,,,,,,,,,,4674
0,"ORIGANU","0","0","0","0","U","E",,,,,,,,,,,,,,,,,,,,,3359
0,"ORIGVUL","0","0","0","0","U","E",,,,,,,,,,,,,,,,,,,,,3360
0,"ORNITHO","0","0","0","0","U","E",,,,,,,,,"OS",,,,,,,,,,,,3361
0,"ORNIUMB","0","0","0","0","U","E",,"H","H",,,"P","I","O","P2","U","FL","O-other or unknown",,,,,,,,,3362
0,"OROBANC","0","0","0","0","U","N",,,,,,,,,,,,,,,,,,,,,3849
0,"OROBANH","0","0","0","0","U","N",,,,,,,,,,,,,,,,,,,,,3840
0,"OROBCAL","0","0","0","0","U","N",,,,,,,,,,,,,,,,,,,,,3841
0,"OROBCAL1","0","0","0","0","U","N",,,,,,,,,,,,,,,,,,,,,3842
0,"OROBCOR","0","0","0","0","U","N",,,,,,,,,,,,,,,,,,,,,3843
0,"OROBCOR1","0","0","0","0","U","N",,,,,,,,,,,,,,,,,,,,,3844
0,"OROBFAS","0","2","2","0","U","N",,,,,,,,,,,,,,,,,,,,,3845
0,"OROBLUD","0","0","0","0","U","N",,,,,,,,,,,,,,,,,,,,,3846
0,"OROBLUD1","0","0","0","0","U","N",,,,,,,,,,,,,,,,,,,,,3847
0,"OROBPIN","0","0","0","0","U","N",,,,,,,,,,,,,,,,,,,,,3848
0,"OROBUNI","0","5","3","2","U","N",,,,,,,,,,,,,,,,,,,,,3850
0,"ORPHMOR","0","0","0","0","U","N",,,,,,,,,,,,,,,,,,,,,6836
0,"ORPHNIO","0","0","0","0","U","N",,,,,,,,,,,,,,,,,,,,,6837
0,"ORTHAFF","0","0","0","0","U","N",,,,,,,,,,,,,,,,,,,,,4680
0,"ORTHALP","0","0","0","0","U","N",,,,,,,,,,,,,,,,,,,,,4681
0,"ORTHANO","0","0","0","0","U","N",,,,,,,,,,,,,,,,,,,,,4682
0,"ORTHBAR","0","0","0","0","U","N",,,,,,,,,,,,,,,,,,,,,3367
0,"ORTHBRA","0","0","0","0","U","N",,,,,,,,,,,,,,,,,,,,,3368
0,"ORTHCHR","0","0","0","0","U","N",,,,,,,,,,,,,,,,,,,,,4675
0,"ORTHCON","0","0","0","0","U","N",,,,,,,,,,,,,,,,,,,,,4683
0,"ORTHCUP","0","0","0","0","U","N",,,,,,,,,,,,,,,,,,,,,4684
0,"ORTHHAL","0","0","0","0","U","N",,,,,,,,,,,,,,,,,,,,,4685
0,"ORTHILI","0","0","0","0","U","N",,,,,,,,,,,,,,,,,,,,,3366
0,"ORTHIMB","0","0","0","0","U","N",,,,,,,,,,,,,,,,,,,,,3369
0,"ORTHINT","0","0","0","0","U","N",,,,,,,,,,,,,,,,,,,,,4676
0,"ORTHLAE","0","0","0","0","U","N",,,,,,,,,,,,,,,,,,,,,4686
0,"ORTHLUT","0","0","0","0","U","N",,,,,,,,,,,,,,,,"F",,,,,3370
0,"ORTHLYE","0","0","0","0","U","N",,,,,,,,,,,,,,,,,,,,,4687
0,"ORTHOBT","0","0","0","0","U","N",,,,,,,,,,,,,,,,,,,,,4688
0,"ORTHOCA","0","0","0","0","U","N",,,,,,,,,,,,,,,,,,,,,3371
0,"ORTHOTH","0","0","0","0","U","N",,,,,,,,,,,,,,,,,,,,,4677
0,"ORTHOTI","0","0","0","0","U","N",,,,,,,,,,,,,,,,,,,,,4679
0,"ORTHOTR","0","0","0","0","U","N",,,,,,,,,,,,,,,,,,,,,4698
0,"ORTHPAL","0","0","0","0","U","N",,,,,,,,,,,,,,,,,,,,,4689
0,"ORTHPAL1","0","0","0","0","U","N",,,,,,,,,,,,,,,,,,,,,4690
0,"ORTHPAL2","0","0","0","0","U","N",,,,,,,,,,,,,,,,,,,,,4691
0,"ORTHPAL3","0","0","0","0","U","N",,,,,,,,,,,,,,,,,,,,,4692
0,"ORTHPEU","0","0","0","0","U","N",,,,,,,,,,,,,,,,,,,,,4693
0,"ORTHPUL","0","0","0","0","U","N",,,,,,,,,,,,,,,,,,,,,4694
0,"ORTHPYL","0","0","0","0","U","N",,,,,,,,,,,,,,,,,,,,,4695
0,"ORTHRIV","0","0","0","0","U","N",,,,,,,,,,,,,,,,,,,,,4696
0,"ORTHRUP","0","0","0","0","U","N",,,,,,,,,,,,,,,,,,,,,4697
0,"ORTHSEC","0","3","1","1","U","N",,,,,,,,,,,,,,,,,,,,,3363
0,"ORTHSEC1","0","0","0","0","U","N",,,,,,,,,,,,,,,,,,,,,3365
0,"ORTHSEC2","0","0","0","0","U","N",,,,,,,,,,,,,,,,,,,,,3364
0,"ORTHSPE","0","0","0","0","U","N",,,,,,,,,,,,,,,,,,,,,4699
0,"ORTHSPE1","0","0","0","0","U","N",,,,,,,,,,,,,,,,,,,,,4700
0,"ORTHSPE2","0","0","0","0","U","N",,,,,,,,,,,,,,,,,,,,,4701
0,"ORTHSTI","0","0","0","0","U","N",,,,,,,,,,,,,,,,,,,,,4702
0,"ORTHSTR","0","0","0","0","U","N",,,,,,,,,,,,,,,,,,,,,4678
0,"ORTHTEN","0","0","0","0","U","N",,,,,,,,,,,,,,,,"F",,,,,3372
0,"ORTHTNE","0","0","0","0","U","N",,,,,,,,,,,,,,,,,,,,,4703
0,"ORYZASP","0","0","0","0","U","N",,,,,,,,,,,,,,,,"G",,,,,2215
0,"ORYZOPS","0","0","0","0","U","N",,,,,,,,,,,,,,,,,,,,,2216
0,"OSMOBER","0","4","3","2","U","N",,,,,,,,,,,,,"1","2","2",,,,,,3373
0,"OSMODEP","0","5","3","2","U","N",,,,,,,,,,,,,,,,,,,,,3374
0,"OSMOOCC","0","0","0","0","U","N",,,,,,,,,,,,,,,,,,,,,3375
0,"OSMOPUR","0","4","3","2","U","N",,,,,,,,,,,,,"1","2","2",,,,,,3376
0,"OSMORHI","0","0","0","0","U","N",,,,,,,,,,,,,"1","2","2",,,,,,3377
0,"OXALCOR","0","0","0","0","U","E",,"L",,"L",,,"I","X","PX","U",,,,,,,,,,,3379
0,"OXALDIL","0","0","0","0","U","E",,,,,,,,,"OS",,,,,,,,,,,,8262
0,"OXALIDA","0","0","0","0","U","N",,,,,,,,,,,,,,,,,,,,,3378
0,"OXALIS","0","0","0","0","U","N",,,,,,,,,"OS",,,,,,,,,,,,3381
0,"OXALORE","4","4","3","2","U","N",,,,,,,,,"OS",,,,,,,,,,,,3380
0,"OXALSTR","0","0","0","0","U","E",,,,,,,,,"OS",,,,,,,,,,,,3382
0,"VACCMAC","0","0","0","0","U","E",,,,,,,,,,,,,,,,,,,,,7557
0,"OXYCOCC","0","0","0","0","U","N",,,,,,,,,,,,,,,,,,"2",,,7423
0,"VACCMIC","0","0","0","0","U","N",,,,,,,,,,,,,"1","0","1",,,"2",,,7422
0,"OXYMAND","0","0","0","0","U","N",,,,,,,,,,,,,,,,,,,,,5692
0,"MAHONIA","0","0","0","0","U","N",,,,,,,,,,,,,,,,,,,,,1356
0,"LUPILIT","0","0","0","0","U","N",,,,,,,,,"OS",,,,,,,,,,,,55
0,"LUPILYA","0","0","0","0","U","N",,,,,,,,,"OS",,,,,,,,,,,,72
0,"LUPINOO","0","0","3","0","U","N",,,,,,,,,"OS",,,,"0","0","1",,,,,,96
0,"LUPINOO1","0","0","0","0","U","N",,,,,,,,,"OS",,,,,,,,,,,,97
0,"LUPINOO2","0","0","0","0","U","N",,,,,,,,,"OS",,,,,,,,,,,,98
0,"LUPINUS","0","0","0","0","U","N",,,,,,,,,"OS",,,,"1","0","1",,,,,,104
0,"LUPIORE1","0","0","0","0","U","N",,,,,,,,,"OS",,,,,,,,,,,,99
0,"LUPIPOC","4","0","2","3","U","N",,,,,,,,,"OS",,,,,,,,,,,,100
0,"LUPIPOY","5","0","3","3","U","N",,"L",,"L",,"C","I","O","P2","U","LE,ST","O-anagyrine",,,,,,,,,101
0,"LUPIPOY1","5","0","3","3","U","N",,"L",,"L",,"C","I","O","P2","U","LE,ST","O-anagyrine",,,,,,,,,7644
0,"LUPIRIV","0","0","0","0","U","N",,,,,,,,,"OS",,,,,,,,,"3",,,102
0,"LUPISER","0","0","0","0","U","N",,"L",,"L",,"C,G,H,S","I","A,O","P1","WIN","LE,FR,SE,ST","A-lupanine,sparteine, O-anagyrine, P1-cause poisoning deaths, teratogenic effects in calves",,,,"P",,,,,103
0,"LUPISER1","0","0","0","0","U","N",,"L",,"L",,"C,G,H,S","I","A,O","P1","WIN","LE,FR,SE,ST","A-lupanine,sparteine, O-anagyrine, P1-cause poisoning deaths, teratogenic effects in calves",,,,,,,,,8279
0,"LUPISUL","0","0","0","0","U","N",,,,,,,,,"OS",,,,,,,,,,,,3284
0,"LUZUARU","1","5","1","5","U","N",,,,,,,,,,,,,,,,,,,,,2185
0,"LUZUARU1","0","0","0","0","U","N",,,,,,,,,,,,,,,,,,,,,2186
0,"LUZUCAM","0","0","0","0","U","E",,,,,,,,,,,,,,,,,,,,,1331
0,"LUZUCOM","0","0","0","0","U","N",,,,,,,,,,,,,,,,,,,,,1332
0,"LUZUCOM1","0","0","0","0","U","N",,,,,,,,,,,,,,,,,,,,,608
0,"LUZUCOM2","0","0","0","0","U","N",,,,,,,,,,,,,,,,,,,,,609
0,"LUZUCON","0","0","0","0","U","N",,,,,,,,,,,,,,,,,,,,,2187
0,"LUZUFAS","0","0","0","0","U","N",,,,,,,,,,,,,,,,,,,,,1333
0,"LUZUGRO","0","0","0","0","U","N",,,,,,,,,,,,,,,,,,"3",,,2188
0,"LUZUHIT","2","5","2","3","U","N",,,,,,,,,,,,,,,,,,,,,2189
0,"LUZUKJE","0","0","0","0","U","N",,,,,,,,,,,,,,,,,,,,,1334
0,"LUZULA","0","0","0","0","U","N",,,,,,,,,,,,,,,,,,,,,2197
0,"LUZUMUL","5","1","1","4","U","N",,,,,,,,,,,,,,,,,,,,,2190
0,"LUZUMUL2","0","0","0","0","U","N",,,,,,,,,,,,,,,,,,,,,2192
0,"LUZUMUL3","0","0","0","0","U","N",,,,,,,,,,,,,,,,,,,,,2191
0,"LUZUNIV","0","0","0","0","U","N",,,,,,,,,,,,,,,,,,,,,2193
0,"LUZUPAR","0","4","2","0","U","N",,,,,,,,,,,,,,,,,,"4",,,2194
0,"LUZUPIP","1","5","2","3","U","N",,,,,,,,,,,,,,,,,,"4",,,2195
0,"LUZURUF","0","0","0","0","U","N",,,,,,,,,,,,,,,,,,,,,2196
0,"LUZUSPI","1","2","1","0","U","N",,,,,,,,,,,,,,,,"F",,,,,2198
0,"LUZUSUB","0","0","0","0","U","N",,,,,,,,,,,,,,,,,,,,,1335
0,"LYCHCOR","0","0","0","0","U","E",,,,,,,,,,,,,,,,,,,,,2969
0,"LYCHNIS","0","0","0","0","U","E",,,,,,,,,,,,,,,,,,,,,2970
0,"MORUS","0","0","0","0","U","E",,,,,,,,,,,,,,,,,,,,,1288
0,"MUHLAND","0","0","0","0","U","N",,,,,,,,,,,,,,,,,,"4",,,2205
0,"MUHLASP","0","0","0","0","U","N",,,,,,,,,,,,,,,,,,"4",,,2206
0,"MUHLENB","0","0","0","0","U","N",,,,,,,,,,,,,,,,,,,,,2212
0,"MUHLFIL","0","0","0","0","U","N",,,,,,,,,,,,,,,,,,"4",,,2207
0,"MUHLGLO","0","0","0","0","U","N",,,,,,,,,,,,,,,,,,"3",,,2208
0,"MUHLMEX","0","0","0","0","U","N",,,,,,,,,,,,,,,,,,"4",,,2209
0,"MUHLRAC","0","0","0","0","U","N",,,,,,,,,,,,,,,,,,,,,2210
0,"MUHLRIC","0","0","0","0","U","N",,,,,,,,,,,,,,,,"G",,"4",,,2211
0,"MUHLUNI","0","0","0","0","U","E",,,,,,,,,,,,,,,,,,,,,865
0,"MULGEDI","0","0","0","0","U","N",,,,,,,,,,,,,,,,,,,,,7862
0,"MULGPUL","0","0","0","0","U","N",,,,,,,,,,,,,,,,"F",,,,,7861
0,"MULTCOR","0","0","0","0","U","N",,,,,,,,,,,,,,,,,,,,,6762
0,"MULTICL","0","0","0","0","U","N",,,,,,,,,,,,,,,,,,,,,6764
0,"MULTSHA","0","0","0","0","U","N",,,,,,,,,,,,,,,,,,,,,6763
0,"MUSCARI","0","0","0","0","U","E",,,,,,,,,,,,,,,,,,,,,7753
0,"MUSCBOT","0","0","0","0","U","E",,,,,,,,,,,,,,,,,,,,,7752
0,"MUSCNEG","0","0","0","0","U","E",,,,,,,,,,,,,,,,,,,,,8261
0,"MYCEMUR","4","4","3","0","U","E",,,,,,,,,,,,,,,,,,,,,2968
0,"MYCOAFF","0","0","0","0","U","N",,,,,,,,,,,,,,,,,,,,,6768
0,"MYCOBIL","0","0","0","0","U","N",,,,,,,,,,,,,,,,,,,,,6766
0,"MYCOBLA","0","0","0","0","U","N",,,,,,,,,,,,,,,,,,,,,6772
0,"MYCOBLS","0","0","0","0","U","N",,,,,,,,,,,,,,,,,,,,,6767
0,"MYCOCAC","0","0","0","0","U","N",,,,,,,,,,,,,,,,,,,,,6774
0,"MYCOCAE","0","0","0","0","U","N",,,,,,,,,,,,,,,,,,,,,6769
0,"MYCOCAL","0","0","0","0","U","N",,,,,,,,,,,,,,,,,,,,,6773
0,"MYCOFUC","0","0","0","0","U","N",,,,,,,,,,,,,,,,,,,,,6770
0,"MYCOLOB","0","0","0","0","U","N",,,,,,,,,,,,,,,,,,,,,6765
0,"MYCOSAN","0","0","0","0","U","N",,,,,,,,,,,,,,,,,,,,,6771
0,"MYCOSPH","0","0","0","0","U","N",,,,,,,,,,,,,,,,,,,,,6776
0,"MYCOSUB","0","0","0","0","U","N",,,,,,,,,,,,,,,,,,,,,6775
0,"MYLIA","0","0","0","0","U","N",,,,,,,,,,,,,,,,,,,,,5663
0,"MYLIANO","0","5","1","1","U","N",,,,,,,,,,,,,,,,,,"3",,,5662
0,"MYLITAY","0","4","0","0","U","N",,,,,,,,,,,,,,,,,,"3",,,5664
0,"MYOSAPE","0","0","0","0","U","N",,,,,,,,,,,,,,,,,,,,,3151
0,"MYOSAPE1","0","0","0","0","U","N",,,,,,,,,,,,,,,,,,,,,3152
0,"MYOSAQU","0","0","0","0","U","E",,,,,,,,,,,,,,,,,,,,,3149
0,"MYOSARV","0","0","0","0","U","E",,,,,,,,,,,,,,,,,,,,,3140
0,"MYOSASI","0","0","0","0","U","N",,,,,,,,,,,,,,,,,,,,,3141
0,"MYOSDIS","0","0","0","0","U","E",,,,,,,,,,,,,,,,,,,,,3142
0,"MYOSLAX","5","6","3","5","U","N",,,,,,,,,,,,,,,,,,"3",,,3143
0,"MYOSMIN","0","0","0","0","U","N",,,,,,,,,,,,,,,,,,"3",,,3153
0,"PHACVUL","0","0","0","0","U","N",,,,,,,,,,,,,,,,,,,,,6929
0,"PHAEADI","0","0","0","0","U","N",,,,,,,,,,,,,,,,,,,,,6933
0,"PHAEBET","0","0","0","0","U","N",,,,,,,,,,,,,,,,,,,,,495
0,"PHAECIL","0","0","0","0","U","N",,,,,,,,,,,,,,,,,,,,,6934
0,"PHAECOM","0","0","0","0","U","N",,,,,,,,,,,,,,,,,,,,,6930
0,"PHAECON","0","0","0","0","U","N",,,,,,,,,,,,,,,,,,,,,6935
0,"PHAEEND","0","0","0","0","U","N",,,,,,,,,,,,,,,,,,,,,6936
0,"PHAEHAL","0","0","0","0","U","N",,,,,,,,,,,,,,,,,,,,,5710
0,"PHAEHIR","0","0","0","0","U","N",,,,,,,,,,,,,,,,,,,,,6937
0,"PHAEHIS","0","0","0","0","U","N",,,,,,,,,,,,,,,,,,,,,6938
0,"PHAEHIS1","0","0","0","0","U","N",,,,,,,,,,,,,,,,,,,,,7938
0,"PHAEHIS2","0","0","0","0","U","N",,,,,,,,,,,,,,,,,,,,,7939
0,"PHAEKAI","0","0","0","0","U","N",,,,,,,,,,,,,,,,,,,,,6939
0,"PHAELAE","0","0","0","0","U","N",,,,,,,,,,,,,,,,,,,,,5711
0,"PHAELAE1","0","0","0","0","U","N",,,,,,,,,,,,,,,,,,,,,5712
0,"PHAELAE2","0","0","0","0","U","N",,,,,,,,,,,,,,,,,,,,,5713
0,"PHAENIG","0","0","0","0","U","N",,,,,,,,,,,,,,,,,,,,,6940
0,"PHAENIM","0","0","0","0","U","N",,,,,,,,,,,,,,,,,,,,,6944
0,"PHAEOCA","0","0","0","0","U","N",,,,,,,,,,,,,,,,,,,,,6932
0,"PHAEOCE","0","0","0","0","U","N",,,,,,,,,,,,,,,,,,,,,5715
0,"PHAEOPH","0","0","0","0","U","N",,,,,,,,,,,,,,,,,,,,,6943
0,"PHAEORB","0","0","0","0","U","N",,,,,,,,,,,,,,,,,,,,,6941
0,"PHAEORR","0","0","0","0","U","N",,,,,,,,,,,,,,,,,,,,,6946
0,"PHAEPEA","0","0","0","0","U","N",,,,,,,,,,,,,,,,,,,,,5714
0,"PHAEPOP","0","0","0","0","U","N",,,,,,,,,,,,,,,,,,,,,6931
0,"PHAESAR","0","0","0","0","U","N",,,,,,,,,,,,,,,,,,,,,6945
0,"PHAESCI","0","0","0","0","U","N",,,,,,,,,,,,,,,,,,,,,6942
0,"PHALARI","0","0","0","0","U","N",,,,,,,,,"OS",,,,,,,,,,,,2224
0,"PHALARU","0","6","3","5","U","N",,"L",,"L",,"C,S","I","A","P1","U","LE","A-hordenine,gramine,5-methoxy-N-methyltryptamine",,,,"G",,"3",,,2222
0,"PHALCAN","0","0","0","0","U","E",,,,,,,,,"OS",,,,,,,,,,,,2223
0,"PHASCUM","0","0","0","0","U","N",,,,,,,,,,,,,,,,,,,,,4713
0,"TORTACA","0","0","0","0","U","N",,,,,,,,,,,,,,,,,,,,,4712
0,"PHEGCON","0","0","0","0","U","N",,,,,,,,,,,,,,,,,,"3",,,1512
0,"PHEGOPT","0","0","0","0","U","N",,,,,,,,,,,,,,,,,,,,,1513
0,"PHEMERA","0","0","0","0","U","N",,,,,,,,,,,,,,,,,,,,,8177
0,"PHEMSED","0","0","0","0","U","N",,,,,,,,,,,,,,,,,,,,,8176
0,"PHILADE","0","0","0","0","U","N",,,,,,,,,,,,,,,,,,,,,1400
0,"PHILCAP","0","0","0","0","U","N",,,,,,,,,,,,,,,,,,,,,4714
0,"PHILFON","0","6","2","5","U","N",,,,,,,,,,,,,,,,,,"3",,,4715
0,"PHILFON1","0","0","0","0","U","N",,,,,,,,,,,,,,,,,,"2",,,4716
0,"PHILFON3","0","0","0","0","U","N",,,,,,,,,,,,,,,,,,"2",,,4717
0,"PHILFON4","0","0","0","0","U","N",,,,,,,,,,,,,,,,,,"2",,,4718
0,"PHILLEW","6","3","2","0","U","N",,,,,,,,,,,,,,,,"P",,,,,1294
0,"PHILMAR","0","0","0","0","U","N",,,,,,,,,,,,,,,,,,,,,4719
0,"PHILONO","0","0","0","0","U","N",,,,,,,,,,,,,,,,,,,,,4720
0,"PHILYEZ","0","0","0","0","U","N",,,,,,,,,,,,,,,,,,,,,4721
0,"PHIPALG","0","0","0","0","U","N",,,,,,,,,,,,,,,,,,,,,628
0,"PHIPPSI","0","0","0","0","U","N",,,,,,,,,,,,,,,,,,,,,629
0,"PHLEALP","1","4","0","0","U","N",,,,,,,,,,,,,,,,"G",,"4",,,2225
0,"PHLEPRA","0","0","0","0","U","E",,,,,,,,,,,,,,,,"G",,,,,2226
0,"PHLEUM","0","0","0","0","U","N",,,,,,,,,,,,,,,,,,,,,2227
0,"PHLOCAE","0","0","0","0","U","N",,,,,,,,,,,,,,,,,,,,,3492
0,"PHLODIF","1","2","2","0","U","N",,,,,,,,,,,,,,,,"P",,,,,3493
0,"PHLODIF1","0","0","0","0","U","N",,,,,,,,,,,,,,,,,,,,,3494
0,"PHLOHOO","0","0","0","0","U","N",,,,,,,,,,,,,,,,,,,,,3495
0,"PHLOLON","0","0","0","0","U","N",,,,,,,,,,,,,,,,"P",,,,,3496
0,"PHLOSPE","0","0","0","0","U","N",,,,,,,,,,,,,,,,,,,,,3498
0,"PHLOSPE1","0","0","0","0","U","N",,,,,,,,,,,,,,,,,,,,,1205
0,"PHLOX","0","0","0","0","U","N",,,,,,,,,,,,,,,,,,,,,3497
0,"PHLYARG","0","0","0","0","U","N",,,,,,,,,,,,,,,,,,,,,6948
0,"PHLYCTI","0","0","0","0","U","N",,,,,,,,,,,,,,,,,,,,,6947
0,"PHLYCTS","0","0","0","0","U","N",,,,,,,,,,,,,,,,,,,,,6949
0,"PHLYSPE","0","0","0","0","U","N",,,,,,,,,,,,,,,,,,,,,6950
0,"PHRAAUS","0","0","0","0","U","N",,,,,,,,,,,,,,,,,,"2",,,2228
0,"PHRAAUS1","0","0","0","0","U","E",,,,,,,,,,,,,,,,,,,,,2229
0,"PHRAAUS2","0","0","0","0","U","N",,,,,,,,,,,,,,,,,,,,,630
0,"PHRAGMI","0","0","0","0","U","N",,,,,,,,,,,,,,,,,,,,,2230
0,"PHYLDEM","0","0","0","0","U","N",,,,,,,,,,,,,,,,,,,,,6952
0,"PHYLEMP","1","3","1","1","U","N",,,,,,,,,,,,,,,,,,,,,7424
0,"PHYLGLA","1","3","2","0","U","N",,,,,,,,,,,,,,,,,,"4",,,7425
0,"PHYLLAC","0","0","0","0","U","N",,,,,,,,,,,,,,,,,,,,,6951
0,"PHYLLIS","0","0","0","0","U","N",,,,,,,,,,,,,,,,,,,,,6953
0,"PHYLLOD","0","0","0","0","U","N",,,,,,,,,,,,,,,,,,,,,7426
0,"PHYLLOS","0","0","0","0","U","N",,,,,,,,,,,,,,,,,,"1",,,3501
0,"PHYLSCO","0","0","0","0","U","N",,,,,,,,,,,,,,,,,,"1",,,3499
0,"PHYLSER","0","0","0","0","U","N",,,,,,,,,,,,,,,,,,"1",,,3500
0,"PHYLTOR","0","0","0","0","U","N",,,,,,,,,,,,,,,,,,"1",,,3502
0,"PHYSADS","0","0","0","0","U","N",,,,,,,,,,,,,,,,,,,,,6954
0,"PHYSAIP","0","0","0","0","U","N",,,,,,,,,,,,,,,,,,,,,6955
0,"PHYSALI","0","0","0","0","U","E",,,,,,,,,,,,,,,,,,,,,686
0,"PHYSAMR","0","0","0","0","U","N",,,,,,,,,,,,,,,,,,,,,6967
0,"PHYSARC","0","0","0","0","U","N",,,,,,,,,,,,,,,,,,,,,7729
0,"PHYSARI","0","0","0","0","U","N",,,,,,,,,,,,,,,,,,,,,3504
0,"POLYSTR","0","0","0","0","U","N",,,,,,,,,,,,,,,,,,"3",,,4803
0,"POLYTET","0","0","0","0","U","E",,,,,,,,,,,,,,,,,,,,,3555
0,"POLYTRC","0","0","0","0","U","N",,,,,,,,,,,,,,,,,,,,,4791
0,"POLYTRH","0","0","0","0","U","N",,,,,,,,,,,,,,,,,,,,,8111
0,"POLYTRI","0","0","0","0","U","N",,,,,,,,,,,,,,,,,,,,,4801
0,"PONTEDE","0","0","0","0","U","N",,,,,,,,,,,,,,,,,,,,,90
0,"POPUBAL","0","4","3","0","U","N",,,,,,,,,,,,,"1","0","0",,,"4",,,811
0,"POPUDEL","0","0","0","0","U","E",,,,,,,,,,,,,,,,,,,,,812
0,"POPUDEL1","0","0","0","0","U","E",,,,,,,,,,,,,,,,,,,,,813
0,"POPUDEL2","0","0","0","0","U","E",,,,,,,,,,,,,,,,,,,,,814
0,"POPULUS","0","0","0","0","U","N",,,,,,,,,,,,,,,,,,,,,815
0,"POPULX","0","0","0","0","U","N",,,,,,,,,,,,,,,,,,,,,816
0,"POPUNIG","0","0","0","0","U","N",,,,,,,,,,,,,,,,,,,,,7761
0,"POPUTRE","3","0","3","0","U","N",,,,,,,,,,,,,,,,"G",,,,,817
0,"POPUTRI","0","0","0","0","U","N",,,,,,,,,,,,,,,,"P",,,,,1066
0,"POREBOL","0","0","0","0","U","N",,,,,,,,,,,,,,,,,,,,,5776
0,"PORECOR","0","0","0","0","U","N",,,,,,,,,,,,,,,,,,,,,5777
0,"PORELLA","0","0","0","0","U","N",,,,,,,,,,,,,,,,,,,,,5783
0,"PORELLC","0","0","0","0","U","N",,,,,,,,,,,,,,,,,,,,,5787
0,"PORENAV","0","0","0","0","U","N",,,,,,,,,,,,,,,,,,,,,5778
0,"POREPIN","0","0","0","0","U","N",,,,,,,,,,,,,,,,,,,,,5779
0,"POREPLA","0","0","0","0","U","N",,,,,,,,,,,,,,,,,,,,,5780
0,"POREPLT","0","0","0","0","U","N",,,,,,,,,,,,,,,,,,,,,5781
0,"POREROE","0","0","0","0","U","N",,,,,,,,,,,,,,,,,,,,,5782
0,"PORESWA","0","0","0","0","U","N",,,,,,,,,,,,,,,,,,,,,5784
0,"POREVER","0","0","0","0","U","N",,,,,,,,,,,,,,,,,,,,,5785
0,"POREVER1","0","0","0","0","U","N",,,,,,,,,,,,,,,,,,,,,5786
0,"PORILEC","0","0","0","0","U","N",,,,,,,,,,,,,,,,,,,,,7016
0,"PORINA","0","0","0","0","U","N",,,,,,,,,,,,,,,,,,,,,7017
0,"POROBIG","0","0","0","0","U","N",,,,,,,,,,,,,,,,,,,,,4804
0,"POROCYP","0","0","0","0","U","N",,,,,,,,,,,,,,,,,,,,,7019
0,"POROKEN","0","0","0","0","U","N",,,,,,,,,,,,,,,,,,,,,7018
0,"POROTRI","0","0","0","0","U","N",,,,,,,,,,,,,,,,,,,,,4805
0,"POROVAN","0","0","0","0","U","N",,,,,,,,,,,,,,,,,,,,,4806
0,"PORPCAR","0","0","0","0","U","N",,,,,,,,,,,,,,,,,,,,,7020
0,"PORPCON","0","0","0","0","U","N",,,,,,,,,,,,,,,,,,,,,7021
0,"PORPCRU","0","0","0","0","U","N",,,,,,,,,,,,,,,,,,,,,7022
0,"PORPIDA","0","0","0","0","U","N",,,,,,,,,,,,,,,,,,,,,7028
0,"PORPIDI","0","0","0","0","U","N",,,,,,,,,,,,,,,,,,,,,7025
0,"PORPMAC","0","0","0","0","U","N",,,,,,,,,,,,,,,,,,,,,7023
0,"PORPOCH","0","0","0","0","U","N",,,,,,,,,,,,,,,,,,,,,7024
0,"PORPTHO","0","0","0","0","U","N",,,,,,,,,,,,,,,,,,,,,7026
0,"PORPTUB","0","0","0","0","U","N",,,,,,,,,,,,,,,,,,,,,7027
0,"PORTOLE","0","0","0","0","U","E",,,,,,,,,,,,,,,,,,,,,91
0,"PORTULA","0","0","0","0","U","E",,,,,,,,,,,,,,,,,,,,,92
0,"PORTULC","0","0","0","0","U","N",,,,,,,,,,,,,,,,,,,,,93
0,"POTAALP","0","0","0","0","U","N",,,,,,,,,,,,,,,,,,"1",,,94
0,"POTAAMP","0","6","3","5","U","N",,,,,,,,,,,,,,,,,,"1",,,95
0,"POTACRI","0","0","0","0","U","E",,,,,,,,,,,,,,,,,,"1",,,73
0,"POTAEPI","0","0","0","0","U","N",,,,,,,,,,,,,,,,,,"1",,,74
0,"POTAFOL","0","6","0","5","U","N",,,,,,,,,,,,,,,,,,"1",,,75
0,"POTAFRI","0","0","0","0","U","N",,,,,,,,,,,,,,,,,,"1",,,76
0,"POTAGRA","0","6","0","5","U","N",,,,,,,,,,,,,,,,,,"1",,,77
0,"POTAILL","0","0","0","0","U","N",,,,,,,,,,,,,,,,,,"1",,,78
0,"POTAMOE","0","0","0","0","U","N",,,,,,,,,,,,,,,,,,"1",,,50
0,"POTAMOG","0","6","0","5","U","N",,,,,,,,,,,,,,,,,,"1",,,114
0,"POTANAT","0","6","0","5","U","N",,,,,,,,,,,,,,,,,,"1",,,79
0,"POTANOD","0","6","0","5","U","N",,,,,,,,,,,,,,,,,,"1",,,80
0,"POTAOAK","0","0","0","0","U","N",,,,,,,,,,,,,,,,,,"1",,,67
0,"POTAOBT","0","0","0","0","U","N",,,,,,,,,,,,,,,,,,"1",,,68
0,"POTAPER","0","0","0","0","U","N",,,,,,,,,,,,,,,,,,"1",,,69
0,"POTAPRA","0","6","0","5","U","N",,,,,,,,,,,,,,,,,,"1",,,70
0,"POTAPUS","0","0","0","0","U","N",,,,,,,,,,,,,,,,,,"1",,,71
0,"POTAPUS4","0","0","0","0","U","N",,,,,,,,,,,,,,,,,,,,,4076
0,"POTAPUS5","0","0","0","0","U","N",,,,,,,,,,,,,,,,,,,,,4077
0,"POTARIC","0","0","0","0","U","N",,,,,,,,,,,,,,,,,,"1",,,112
0,"POTAROB","0","6","0","5","U","N",,,,,,,,,,,,,,,,,,"1",,,113
0,"POTASTR","0","0","0","0","U","N",,,,,,,,,,,,,,,,,,"1",,,115
0,"POTAZOS","0","6","0","5","U","N",,,,,,,,,,,,,,,,,,"1",,,49
0,"POTEANG","0","0","0","0","U","E",,,,,,,,,,,,,,,,,,,,,639
0,"POTEANS","0","0","0","0","U","N",,,,,,,,,,,,,,,,,,"4",,,51
0,"POTEARG","0","1","2","3","U","E",,,,,,,,,,,,,,,,,,,,,52
0,"POTEBIE","0","0","0","0","U","N",,,,,,,,,,,,,,,,,,,,,220
0,"POTEBIF","0","0","0","0","U","N",,,,,,,,,,,,,,,,,,,,,221
0,"POTEBIM","0","0","0","0","U","N",,,,,,,,,,,,,,,,,,,,,8265
0,"POTEBIP","0","0","0","0","U","N",,,,,,,,,,,,,,,,,,,,,222
0,"POTEDIV","0","0","0","0","U","N",,,,,,,,,,,,,,,,,,,,,223
0,"POTEDIV1","0","0","0","0","U","N",,,,,,,,,,,,,,,,,,,,,224
0,"POTEDIV2","0","0","0","0","U","N",,,,,,,,,,,,,,,,,,,,,3327
0,"POTEDRU","0","0","0","0","U","N",,,,,,,,,,,,,,,,,,"4",,,3328
0,"POTEDRU1","0","0","0","0","U","N",,,,,,,,,,,,,,,,,,"4",,,3329
0,"POTEEGE","0","0","0","0","U","N",,,,,,,,,,,,,,,,,,,,,8150
0,"POTEELE","0","0","0","0","U","N",,,,,,,,,,,,,,,,,,,,,3330
0,"POTEFLA","1","5","2","2","U","N",,,,,,,,,,,,,,,,,,"4",,,3331
0,"POTEGRA","0","0","2","0","U","N",,,,,,,,,,,,,,,,,,"4",,,3169
0,"POTEGRA1","0","0","0","0","U","N",,,,,,,,,,,,,,,,,,,,,3170
0,"POTEGRA3","0","0","0","0","U","N",,,,,,,,,,,,,,,,,,,,,8149
0,"POTEGRA6","0","0","0","0","U","N",,,,,,,,,,,,,,,,,,,,,302
0,"POTEHIP","0","0","0","0","U","N",,,,,,,,,,,,,,,,,,,,,297
0,"POTEHIP1","0","0","0","0","U","N",,,,,,,,,,,,,,,,,,,,,8151
0,"POTEHOO","0","0","0","0","U","N",,,,,,,,,,,,,,,,,,,,,299
0,"POTEHOO1","0","0","0","0","U","N",,,,,,,,,,,,,,,,,,,,,298
0,"POTEINT","0","0","0","0","U","E",,,,,,,,,,,,,,,,,,,,,8152
0,"POTELIT","0","0","0","0","U","N",,,,,,,,,,,,,,,,,,"4",,,8270
0,"POTENAN","0","0","0","0","U","N",,,,,,,,,,,,,,,,,,,,,8153
0,"POTENIV","0","0","0","0","U","N",,,,,,,,,,,,,,,,,,,,,300
0,"POTENIV1","0","0","0","0","U","N",,,,,,,,,,,,,,,,,,,,,8154
0,"POTENIV2","0","0","0","0","U","N",,,,,,,,,,,,,,,,,,,,,8155
0,"POTENOR","0","0","0","3","U","N",,,,,,,,,,,,,,,,,,"4",,,301
0,"POTENTI","0","0","0","0","U","N",,,,,,,,,,,,,,,,,,,,,131
0,"POTEOCC","0","0","0","0","U","N",,,,,,,,,,,,,,,,,,"4",,,8274
0,"POTEOVI","0","0","0","0","U","N",,,,,,,,,,,,,,,,,,,,,2905
0,"POTEOVI1","0","0","0","0","U","N",,,,,,,,,,,,,,,,,,,,,8156
0,"POTEPAR","0","0","0","0","U","N",,,,,,,,,,,,,,,,,,"3",,,2906
0,"POTEPEN","0","0","0","0","U","N",,,,,,,,,,,,,,,,,,,,,2907
0,"POTEPEN2","0","0","0","0","U","N",,,,,,,,,,,,,,,,,,,,,8157
0,"POTEPUL","0","0","0","0","U","N",,,,,,,,,,,,,,,,,,,,,8158
0,"POTEREC","0","0","0","0","U","E",,,,,,,,,,,,,,,,,"R",,,,2908
0,"POTERIV","0","0","0","0","U","N",,,,,,,,,,,,,,,,,,,,,2909
0,"POTESUB","0","0","0","0","U","N",,,,,,,,,,,,,,,,,,"4",,,8271
0,"POTEUNI","0","0","0","0","U","N",,,,,,,,,,,,,,,,,,,,,2910
0,"POTEVIL","0","0","0","0","U","N",,,,,,,,,,,,,,,,,,,,,2911
0,"POTTBRY","0","0","0","0","U","N",,,,,,,,,,,,,,,,,,,,,4807
0,"POTTIA","0","0","0","0","U","N",,,,,,,,,,,,,,,,,,,,,4809
0,"POTTIAC","0","0","0","0","U","N",,,,,,,,,,,,,,,,,,,,,4812
0,"POTTNEV","0","0","0","0","U","N",,,,,,,,,,,,,,,,,,,,,4808
0,"TORTTRU","0","0","0","0","U","N",,,,,,,,,,,,,,,,,,,,,4810
0,"POTTWIL","0","0","0","0","U","N",,,,,,,,,,,,,,,,,,,,,4811
0,"PRASANT","0","0","0","0","U","N",,,,,,,,,,,,,,,,,,,,,5788
0,"PRASSUE","0","0","0","0","U","N",,,,,,,,,,,,,,,,,,,,,5789
0,"PREIQUA","0","0","0","0","U","N",,,,,,,,,,,,,,,,,,,,,5790
0,"PREISSI","0","0","0","0","U","N",,,,,,,,,,,,,,,,,,,,,5791
0,"PRENALA","4","4","3","0","U","N",,,,,,,,,,,,,,,,,,,,,2912
0,"PRENANT","0","0","0","0","U","N",,,,,,,,,,,,,,,,,,,,,2915
0,"PRENRAC","0","0","0","0","U","N",,,,,,,,,,,,,,,,,,,,,2913
0,"PRENSAG","0","0","0","0","U","N",,,,,,,,,,,,,,,,,,,,,2914
0,"PRIMCUN","0","0","0","0","U","N",,,,,,,,,"OS",,,,,,,,,,,,2916
0,"PRIMCUN1","0","0","0","0","U","N",,,,,,,,,"OS",,,,,,,,,,,,2917
0,"PRIMEGA","0","0","0","0","U","N",,,,,,,,,"OS",,,,,,,,,"4",,,2918
0,"PRIMINC","0","0","0","0","U","N",,,,,,,,,"OS",,,,,,,,,,,,2919
0,"PRIMMIS","0","0","0","0","U","N",,,,,,,,,"OS",,,,,,,,,,,,2920
0,"PRIMULA","0","0","0","0","U","N",,,,,,,,,"OS",,,,,,,,,,,,2921
0,"PRIMULC","0","0","0","0","U","N",,,,,,,,,,,,,,,,,,,,,2922
0,"PROSART","0","0","0","0","U","N",,,,,,,,,,,,,,,,,,,,,7589
0,"PROSHOO","0","4","3","2","U","N",,,,,,,,,,,,,"0","1","1",,,,,,7585
0,"PROSHOO1","0","0","0","0","U","N",,,,,,,,,,,,,,,,,,,,,7586
0,"PROSSMI","4","4","3","2","U","N",,,,,,,,,,,,,,,,,,,,,7587
0,"PROSTRA","6","0","3","2","U","N",,,,,,,,,,,,,,,,,,,,,7588
0,"PROTBAD","0","0","0","0","U","N",,,,,,,,,,,,,,,,,,,,,7033
0,"PROTINC","0","0","0","0","U","N",,,,,,,,,,,,,,,,,,,,,7029
0,"PROTOBL","0","0","0","0","U","N",,,,,,,,,,,,,,,,,,,,,7031
0,"PROTOCH","0","0","0","0","U","N",,,,,,,,,,,,,,,,,,,,,7034
0,"PROTOPA","0","0","0","0","U","N",,,,,,,,,,,,,,,,,,,,,7035
0,"PROTRUP","0","0","0","0","U","N",,,,,,,,,,,,,,,,,,,,,7030
0,"PROTTER","0","0","0","0","U","N",,,,,,,,,,,,,,,,,,,,,7032
0,"PRUNARM","0","0","0","0","U","N",,,,,,,,,"OS",,,,,,,,,,,,7762
0,"PRUNAVI","4","3","3","0","U","E",,"H,L","H","L",,"P","I","O","PX","U",,,,,,,,,,,1067
0,"PRUNCER","0","0","0","0","U","E",,,,,,,,,"OS",,,,,,,,,,,,7763
0,"PRUNELL","0","0","0","0","U","N",,,,,,,,,,,,,,,,,,,,,2923
0,"PRUNEMA","0","0","0","0","U","N",,"H,L","H","L",,"P","I","O","PX","U",,,,,,,,,,,1068
0,"PRUNLAU","4","3","0","0","U","E",,"H,L","H","L",,"P","I","O","PX","U",,,,,,,,,,,1359
0,"PRUNMAH","0","0","0","0","U","E",,"H,L","H","L",,"P","I","O","PX","U",,,,,,,,,,,1069
0,"PRUNPEN","3","0","3","0","U","N",,"L,W",,"L","W","C,S,H,M","I","O","P1","SPR,SUM","LE","O-amygdalin,prunasin","0","1","1",,,,,,1070
0,"PRUNSER","0","0","0","0","U","E",,"H","H",,,"P","I","O","P1","SUM","SE","O-other or unknown, P1-poisoning and death have occurred from eating large quantities of fruits without removing seeds",,,,,,,,,7649
0,"PRUNSPI","0","0","0","0","U","E",,"H,L","H","L",,"P","I","O","PX","U",,,,,,,,,,,1404
0,"PRUNUS","0","0","0","0","U","N",,,,,,,,,"OS",,,,"0","1","1",,,,,,1071
0,"PRUNVIR","6","3","3","0","U","N",,"H,L","H","L",,"P,C,S","I","O","P1","SPR,SUM","LE,SE,TW","O-amygdalin,prunasin",,,,,,,,,1072
0,"PRUNVIR1","0","0","0","0","U","N",,"H,L","H","L",,"P,C,S","I","O","P1","SPR,SUM","LE,SE,TW","O-amygdalin,prunasin",,,,,,,,,1073
0,"PRUNVIR2","0","0","0","0","U","N",,"H,L","H","L",,"P,C,S","I","O","P1","SPR,SUM","LE,SE,TW","O-amygdalin,prunasin",,,,,,,,,1074
0,"PRUNVUL","0","0","2","0","U","N",,,,,,,,,,,,,,,,,,,,,2924
0,"PRUNVUL1","0","0","0","0","U","N",,,,,,,,,,,,,,,,,,,,,2925
0,"PRUNVUL2","0","0","0","0","U","E",,,,,,,,,,,,,,,,,,,,,2926
0,"PRUNXPU","0","0","0","0","U","N",,,,,,,,,"OS",,,,,,,,,,,,7659
0,"PSATHYR","0","0","0","0","U","N",,,,,,,,,,,,,,,,,,,,,640
0,"PSATJUN","0","0","0","0","U","E",,,,,,,,,,,,,,,,,,,,,641
0,"PSEUAEN","0","0","0","0","U","N",,,,,,,,,,,,,,,,,,,,,7044
0,"PSEUANG","0","0","0","0","U","N",,,,,,,,,,,,,,,,,,,,,881
0,"PSEUANO","0","0","0","0","U","N",,,,,,,,,,,,,,,,,,,,,7039
0,"PSEUANT","0","0","0","0","U","N",,,,,,,,,,,,,,,,,,,,,7040
0,"PSEUATR","0","0","0","0","U","N",,,,,,,,,,,,,,,,,,,,,4822
0,"PSEUAUR","0","0","0","0","U","N",,,,,,,,,,,,,,,,,,,,,7941
0,"PSEUBAI","2","0","0","0","U","N",,,,,,,,,,,,,,,,,,,,,4823
0,"PSEUCAL","0","0","0","0","U","N",,,,,,,,,,,,,,,,,,,,,4815
0,"PSEUCHL","0","0","0","0","U","N",,,,,,,,,,,,,,,,,,,,,7045
0,"PSEUCIN","0","0","0","0","U","N",,,,,,,,,,,,,,,,,,,,,4817
0,"PSEUCRO","0","0","0","0","U","N",,,,,,,,,,,,,,,,,,,,,7041
0,"PSEUDEH","0","0","0","0","U","N",,,,,,,,,,,,,,,,,,,,,7038
0,"PSEUDEP","0","0","0","0","U","N",,,,,,,,,,,,,,,,,,,,,4814
0,"PSEUDOA","0","0","0","0","U","N",,,,,,,,,,,,,,,,,,,,,7048
0,"PSEUDOB","0","0","0","0","U","N",,,,,,,,,,,,,,,,,,,,,4816
0,"PSEUDOC","0","0","0","0","U","N",,,,,,,,,,,,,,,,,,,,,4821
0,"PSEUDOE","0","0","0","0","U","N",,,,,,,,,,,,,,,,,,,,,4834
0,"PSEUDOG","0","0","0","0","U","N",,,,,,,,,,,,,,,,,,,,,853
0,"PSEUDOI","0","0","0","0","U","N",,,,,,,,,,,,,,,,,,,,,5793
0,"PSEUDOL","0","0","0","0","U","N",,,,,,,,,,,,,,,,,,,,,854
0,"PSEUDON","0","0","0","0","U","N",,,,,,,,,,,,,,,,,,,,,7849
0,"PSEUDOO","0","0","0","0","U","N",,,,,,,,,,,,,,,,,,,,,5794
0,"PSEUDOR","0","0","0","0","U","N",,,,,,,,,,,,,,,,,,,,,4837
0,"PSEUDOT","0","0","0","0","U","N",,,,,,,,,,,,,,,,,,,,,769
0,"PSEUDOU","0","0","0","0","U","N",,,,,,,,,,,,,,,,,,,,,4818
0,"PSEUDOX","0","0","0","0","U","N",,,,,,,,,,,,,,,,,,,,,4839
0,"PSEUDOY","0","0","0","0","U","N",,,,,,,,,,,,,,,,,,,,,7043
0,"PSEUELE","0","0","0","0","U","N",,,,,,,,,,,,,,,,,,,,,4838
0,"PSEUFRY","0","0","0","0","U","N",,,,,,,,,,,,,,,,,,,,,5792
0,"PSEUGUE","0","0","0","0","U","N",,,,,,,,,,,,,,,,,,,,,7046
0,"PSEUHOR","0","0","0","0","U","N",,,,,,,,,,,,,,,,,,,,,4819
0,"PSEUINC","0","0","0","4","U","N",,,,,,,,,,,,,,,,,,,,,4824
0,"PSEUINC1","0","0","0","0","U","N",,,,,,,,,,,,,,,,,,,,,8106
0,"PSEUINC2","0","0","0","0","U","N",,,,,,,,,,,,,,,,,,,,,4825
0,"PSEUINC3","0","0","0","0","U","N",,,,,,,,,,,,,,,,,,,,,8107
0,"PSEUJUL","0","0","0","0","U","N",,,,,,,,,,,,,,,,,,,,,4826
0,"PSEULIN","0","0","0","0","U","N",,,,,,,,,,,,,,,,,,,,,7047
0,"PSEUMAC","0","0","0","0","U","N",,,,,,,,,,,,,,,,,,,,,7855
0,"PSEUMEN","0","0","0","0","U","N",,,,,,,,,,,,,,,,,,,,,766
0,"PSEUMEN1","0","0","0","0","U","N",,,,,,,,,,,,,,,,,,,,,767
0,"PSEUMEN2","0","0","0","0","U","N",,,,,,,,,,,,,,,,,,,,,768
0,"PSEUMIN","0","0","0","0","U","N",,,,,,,,,,,,,,,,,,,,,7036
0,"PSEUNIT","0","0","0","0","U","N",,,,,,,,,,,,,,,,,,,,,4813
0,"PSEUPAP","0","0","0","0","U","N",,,,,,,,,,,,,,,,,,,,,898
0,"PSEUPAT","0","0","0","0","U","N",,,,,,,,,,,,,,,,,,,,,4827
0,"PSEUPUB","0","0","0","0","U","N",,,,,,,,,,,,,,,,,,,,,7037
0,"PSEUPUR","0","0","0","0","U","N",,,,,,,,,,,,,,,,,,,,,4836
0,"PSEURAD","0","1","1","4","U","N",,,,,,,,,,,,,,,,,,,,,4828
0,"PSEURAD1","0","0","0","0","U","N",,,,,,,,,,,,,,,,,,,,,4829
0,"PSEURAD2","0","0","0","0","U","N",,,,,,,,,,,,,,,,,,,,,4830
0,"PSEURAD3","0","0","0","0","U","N",,,,,,,,,,,,,,,,,,,,,4831
0,"PSEURAD4","0","0","0","0","U","N",,,,,,,,,,,,,,,,,,,,,4832
0,"PSEURAI","0","0","0","0","U","N",,,,,,,,,,,,,,,,,,,,,7042
0,"PSEUREV","0","0","0","0","U","N",,,,,,,,,,,,,,,,,,,,,4820
0,"PSEUSPI","0","0","0","0","U","N",,,,,,,,,,,,,,,,"G",,,,,2287
0,"PSEUSPI1","0","0","0","0","U","N",,,,,,,,,,,,,,,,,,,,,7911
0,"PSEUSPI2","0","0","0","0","U","N",,,,,,,,,,,,,,,,,,,,,7912
0,"PSEUSTE","0","0","0","0","U","N",,,,,,,,,,,,,,,,,,,,,4833
0,"PSEUSTR","0","0","0","0","U","E",,,,,,,,,,,,,,,,"P",,,,,7852
0,"PSEUTEC","0","0","0","0","U","N",,,,,,,,,,,,,,,,,,,,,4835
0,"PSEUTHE","5","1","0","3","U","N",,,,,,,,,,,,,,,,,,,,,7848
0,"PSEUTRI","0","0","0","0","U","N",,,,,,,,,,,,,,,,,,"2",,,882
0,"PSEUTUR","0","0","0","0","U","N",,,,,,,,,,,,,,,,,,"4",,,838
0,"PSILBRE",,,,,"U","N",,,,,,,,,,,,,,,,,,,,,2927
0,"PSILBRE1","0","0","0","0","U","N",,,,,,,,,,,,,,,,,,,,,2928
0,"PSILCAV","0","0","0","0","U","N",,,,,,,,,,,,,,,,,,,,,4840
0,"PSILELA","0","0","0","0","U","N",,,,,,,,,,,,,,,,,,,,,2929
0,"PSILLUC","0","0","0","0","U","N",,,,,,,,,,,,,,,,,,,,,7049
0,"PSILOCA","0","0","0","0","U","N",,,,,,,,,,,,,,,,,,,,,2930
0,"PSILOLE","0","0","0","0","U","N",,,,,,,,,,,,,,,,,,,,,7050
0,"PSILOPI","0","0","0","0","U","N",,,,,,,,,,,,,,,,,,,,,4841
0,"PSILTEN","0","0","0","0","U","N",,,,,,,,,,,,,,,,,,,,,2931
0,"PSORA","0","0","0","0","U","N",,,,,,,,,,,,,,,,,,,,,7058
0,"PSORACE","0","0","0","0","U","N",,,,,,,,,,,,,,,,,,,,,7060
0,"PSORCER","0","0","0","0","U","N",,,,,,,,,,,,,,,,,,,,,7051
0,"PSORDEC","0","0","0","0","U","N",,,,,,,,,,,,,,,,,,,,,7052
0,"PSORGLO","0","0","0","0","U","N",,,,,,,,,,,,,,,,,,,,,7053
0,"PSORHIM","0","0","0","0","U","N",,,,,,,,,,,,,,,,,,,,,7054
0,"PSORHYP","0","0","0","0","U","N",,,,,,,,,,,,,,,,,,,,,7061
0,"PSORMON","0","0","0","0","U","N",,,,,,,,,,,,,,,,,,,,,7055
0,"PSORNIP","0","0","0","0","U","N",,,,,,,,,,,,,,,,,,,,,7056
0,"PSOROMA","0","0","0","0","U","N",,,,,,,,,,,,,,,,,,,,,7062
0,"PSORRUB","0","0","0","0","U","N",,,,,,,,,,,,,,,,,,,,,7057
0,"PSORRUF","0","0","0","0","U","N",,,,,,,,,,,,,,,,,,,,,7063
0,"PSORTUC","0","0","0","0","U","N",,,,,,,,,,,,,,,,,,,,,7059
0,"PSORULA","0","0","0","0","U","N",,,,,,,,,,,,,,,,,,,,,7064
0,"PTERAND","0","0","0","0","U","N",,,,,,,,,,,,,,,,,,,,,3851
0,"PTERAQU","5","0","0","0","U","N",,"H,L,W","H","L","W","P,C,H","I","O","P1","SUM,AUT,WIN","AL","O-thiaminase,ptaquiloside,prunasin,aquilide A",,,,"PP",,,,,1789
0,"PTERAQU3","0","0","0","0","U","N",,"H,L,W","H","L","W","P,C,H","I","O","P1","SUM,AUT,WIN","AL","O-thiaminase,ptaquiloside,prunasin,aquilide A",,,,,,"4",,,1790
0,"PTERAQU4","0","0","0","0","U","N",,"H,L,W","H","L","W","P,C,H","I","O","P1","SUM,AUT,WIN","AL","O-thiaminase,ptaquiloside,prunasin,aquilide A",,,,,,"4",,,1791
0,"PTERFIL","0","0","0","0","U","N",,,,,,,,,,,,,,,,,,,,,4843
0,"PTERGRA","0","0","0","0","U","N",,,,,,,,,,,,,,,,,,,,,4845
0,"PTERIDA","0","0","0","0","U","N",,,,,,,,,,,,,,,,,,,,,589
0,"PTERIDI","0","0","0","0","U","N",,,,,,,,,"OS",,,,,,,,,,,,1792
0,"PTERIGN","0","0","0","0","U","N",,,,,,,,,,,,,,,,,,,,,4842
0,"PTERIGY","0","0","0","0","U","N",,,,,,,,,,,,,,,,,,,,,4844
0,"PTERKOZ","0","0","0","0","U","N",,,,,,,,,,,,,,,,,,,,,4847
0,"PTERLAM","0","0","0","0","U","N",,,,,,,,,,,,,,,,,,,,,4848
0,"PTEROGO","0","0","0","0","U","N",,,,,,,,,,,,,,,,,,,,,4846
0,"PTEROSP","0","2","2","0","U","N",,,,,,,,,,,,,,,,,,,,,3852
0,"PTEROVA","0","0","0","0","U","N",,,,,,,,,,,,,,,,,,,,,4849
0,"PTERSUB","0","0","0","0","U","N",,,,,,,,,,,,,,,,,,,,,4851
0,"PTERYGO","0","0","0","0","U","N",,,,,,,,,,,,,,,,,,,,,4850
0,"PTILCAL","0","0","0","0","U","N",,,,,,,,,,,,,,,,,,"4",,,5796
0,"PTILCIL","0","0","0","0","U","N",,,,,,,,,,,,,,,,,,"4",,,5797
0,"PTILCRI","3","0","1","1","U","N",,,,,,,,,,,,,,,,,,"4",,,4852
0,"PTILIDA","0","0","0","0","U","N",,,,,,,,,,,,,,,,,,,,,5795
0,"PTILIDI","0","0","0","0","U","N",,,,,,,,,,,,,,,,,,"4",,,5799
0,"PTILIUM","0","0","0","0","U","N",,,,,,,,,,,,,,,,,,,,,4853
0,"PTILPUL","0","0","0","0","U","N",,,,,,,,,,,,,,,,,,"4",,,5798
0,"PTYCGAR","0","0","0","0","U","N",,,,,,,,,,,,,,,,,,,,,4855
0,"PTYCHET","0","0","0","0","U","N",,,,,,,,,,,,,,,,,,,,,5800
0,"PTYCHOC","0","0","0","0","U","N",,,,,,,,,,,,,,,,,,,,,5801
0,"PTYCHOI","0","0","0","0","U","N",,,,,,,,,,,,,,,,,,,,,4854
0,"PTYCHOM","0","0","0","0","U","N",,,,,,,,,,,,,,,,,,,,,4856
0,"PUCCDIS","0","0","0","0","U","E",,,,,,,,,,,,,,,,"G",,"3",,,2288
0,"PUCCINE","0","0","0","0","U","N",,,,,,,,,,,,,,,,,,,,,2292
0,"PUCCNUA","0","0","0","0","U","N",,,,,,,,,,,,,,,,"G",,"3",,,2290
0,"PUCCNUT","0","0","0","0","U","N",,,,,,,,,,,,,,,,,,"3",,,2289
0,"PUCCPUM","0","0","0","0","U","N",,,,,,,,,,,,,,,,,,"3",,,2291
0,"PUNCSTI","0","0","0","0","U","N",,,,,,,,,,,,,,,,,,,,,7066
0,"PUNCSUR","0","0","0","0","U","N",,,,,,,,,,,,,,,,,,,,,7067
0,"PUNCTEL","0","0","0","0","U","N",,,,,,,,,,,,,,,,,,,,,7065
0,"PURSHIA","0","0","0","0","U","N",,,,,,,,,,,,,,,,,,,,,1405
0,"PURSTRI","0","0","0","0","U","N",,,,,,,,,,,,,,,,"F",,,,,1406
0,"PYLIINT","0","0","0","0","U","N",,,,,,,,,,,,,,,,,,,,,4857
0,"PYLAISI","0","0","0","0","U","N",,,,,,,,,,,,,,,,,,,,,4859
0,"PYLAPOL","0","0","0","0","U","N",,,,,,,,,,,,,,,,,,"4",,,4858
0,"PYRACAN","0","0","0","0","U","E",,,,,,,,,,,,,,,,,,,,,6306
0,"PYRACOC","0","0","0","0","U","E",,,,,,,,,,,,,,,,,,,,,6305
0,"PYREHAL","0","0","0","0","U","N",,,,,,,,,,,,,,,,,,,,,7068
0,"PYRENOC","0","0","0","0","U","N",,,,,,,,,,,,,,,,,,,,,7069
0,"PYRENUA","0","0","0","0","U","N",,,,,,,,,,,,,,,,,,,,,7072
0,"PYRENUL","0","0","0","0","U","N",,,,,,,,,,,,,,,,,,,,,7071
0,"PYREOCC","0","0","0","0","U","N",,,,,,,,,,,,,,,,,,,,,7070
0,"PYROASA","0","3","2","0","U","N",,,,,,,,,,,,,,,,,,"4",,,2932
0,"PYROCHL","3","3","2","0","U","N",,,,,,,,,,,,,,,,,,"4",,,2933
0,"PYROELL","3","0","2","0","U","N",,,,,,,,,,,,,,,,,,,,,924
0,"PYROGRA","0","0","0","0","U","N",,,,,,,,,,,,,,,,,,,,,925
0,"PYROLA","0","0","0","0","U","N",,,,,,,,,,,,,,,,,,,,,928
0,"PYROLAC","0","0","0","0","U","N",,,,,,,,,,,,,,,,,,,,,132
0,"PYROMIN","3","4","1","1","U","N",,,,,,,,,,,,,,,,,,"4",,,926
0,"PYRODEN","5","3","2","0","U","N",,,,,,,,,,,,,,,,,,,,,927
0,"PYRRCAR",,,,,"U","N",,,,,,,,,,,,,,,,,,,,,929
0,"PYRRCAR1","0","0","0","0","U","N",,,,,,,,,,,,,,,,,,,,,930
0,"PYRRCIN","0","0","0","0","U","N",,,,,,,,,,,,,,,,,,,,,7073
0,"PYRRELA","0","0","0","0","U","N",,,,,,,,,,,,,,,,,,,,,7074
0,"PYRRHOS","0","0","0","0","U","N",,,,,,,,,,,,,,,,,,,,,7077
0,"PYRROCO",,,,,"U","N",,,,,,,,,,,,,,,,,,,,,931
0,"PYRRQUE","0","0","0","0","U","N",,,,,,,,,,,,,,,,,,,,,7075
0,"PYRRRUS","0","0","0","0","U","N",,,,,,,,,,,,,,,,,,,,,7076
0,"PYRRSUB","0","0","0","0","U","N",,,,,,,,,,,,,,,,,,,,,7078
0,"PYRRVAR","0","0","0","0","U","N",,,,,,,,,,,,,,,,,,,,,7079
0,"PYRUCOM","0","0","0","0","U","E",,,,,,,,,,,,,,,,,,,,,1075
0,"PYRUS","0","0","0","0","U","E",,,,,,,,,,,,,,,,,,,,,1076
0,"QUERALB","0","0","0","0","U","E",,,,,,,,,,,,,,,,,,,,,7952
0,"QUERCUS","0","0","0","0","U","N",,,,,,,,,,,,,,,,,,,,,1079
0,"QUERGAR","4","2","0","0","U","N",,,,,,,,,,,,,,,,,,,,,1077
0,"QUERROB","0","0","0","0","U","E",,,,,,,,,,,,,,,,,,,,,1078
0,"RACOACI","0","0","0","0","U","N",,,,,,,,,,,,,,,,,,,,,4860
0,"RACOAFF","0","0","0","0","U","N",,,,,,,,,,,,,,,,,,,,,4861
0,"RACOAQU","0","0","0","0","U",,,,,,,,,,,,,,,,,,,,,,4862
0,"RACOBRV","0","0","0","0","U","N",,,,,,,,,,,,,,,,,,,,,4863
0,"RACOCAN","0","0","0","0","U","N",,,,,,,,,,,,,,,,,,"4",,,4864
0,"RACOCAN1","0","0","0","0","U","N",,,,,,,,,,,,,,,,,,,,,4865
0,"RACOCAN2","0","0","0","0","U","N",,,,,,,,,,,,,,,,,,,,,4866
0,"RACODIU","0","0","0","0","U","N",,,,,,,,,,,,,,,,,,,,,7081
0,"RACOELO","0","0","0","0","U","N",,,,,,,,,,,,,,,,,,,,,4867
0,"RACOERI","0","0","0","0","U","N",,,,,,,,,,,,,,,,,,,,,4868
0,"RACOFAS","0","0","0","0","U","N",,,,,,,,,,,,,,,,,,,,,4869
0,"RACOHET","0","0","0","0","U","N",,,,,,,,,,,,,,,,,,,,,4870
0,"RACOLAN","0","0","0","0","U","N",,,,,,,,,,,,,,,,,,,,,4871
0,"RACOLAW","0","0","0","0","U","N",,,,,,,,,,,,,,,,,,,,,4872
0,"RACOMAC","0","0","0","0","U","N",,,,,,,,,,,,,,,,,,,,,4873
0,"RACOMIC","0","0","0","0","U","N",,,,,,,,,,,,,,,,,,,,,4874
0,"RACOMIT","0","0","0","0","U","N",,,,,,,,,,,,,,,,,,,,,4880
0,"RACOMUT","0","0","0","0","U","N",,,,,,,,,,,,,,,,,,,,,4875
0,"RACOOBE","0","0","0","0","U","N",,,,,,,,,,,,,,,,,,,,,4876
0,"RACOOCC","0","0","0","0","U","N",,,,,,,,,,,,,,,,,,,,,4877
0,"RACOPAC","0","0","0","0","U","N",,,,,,,,,,,,,,,,,,,,,4878
0,"RACOPAN","0","0","0","0","U","N",,,,,,,,,,,,,,,,,,,,,835
0,"RACOPYG","0","0","0","0","U","N",,,,,,,,,,,,,,,,,,,,,4879
0,"RACORUP","0","0","0","0","U","N",,,,,,,,,,,,,,,,,,,,,7080
0,"RACOSUD","0","0","0","0","U","N",,,,,,,,,,,,,,,,,,,,,4881
0,"RACOVAR","0","0","0","0","U","N",,,,,,,,,,,,,,,,,,,,,4882
0,"RADUAUR","0","0","0","0","U","N",,,,,,,,,,,,,,,,,,,,,5802
0,"RADUAUS","0","0","0","0","U","N",,,,,,,,,,,,,,,,,,,,,5803
0,"RADUBOL","0","0","0","0","U","N",,,,,,,,,,,,,,,,,,,,,5804
0,"RADUCOM","0","0","0","0","U","N",,,,,,,,,,,,,,,,,,,,,5805
0,"RADUFLA","0","0","0","0","U","N",,,,,,,,,,,,,,,,,,,,,5806
0,"RADULA","0","0","0","0","U","N",,,,,,,,,,,,,,,,,,,,,5812
0,"RADULAC","0","0","0","0","U","N",,,,,,,,,,,,,,,,,,,,,5816
0,"RADUMOL","0","0","0","0","U","N",,,,,,,,,,,,,,,,,,,,,5807
0,"RADUOBC","0","0","0","0","U","N",,,,,,,,,,,,,,,,,,,,,5808
0,"RADUOBT","0","0","0","0","U","N",,,,,,,,,,,,,,,,,,,,,5809
0,"RADUOBT1","0","0","0","0","U","N",,,,,,,,,,,,,,,,,,,,,5810
0,"RADUPRO","0","0","0","0","U","N",,,,,,,,,,,,,,,,,,,,,5811
0,"RADUSUL","0","0","0","0","U","N",,,,,,,,,,,,,,,,,,,,,5813
0,"RADUTEN","0","0","0","0","U","N",,,,,,,,,,,,,,,,,,,,,5814
0,"RADUVOL","0","0","0","0","U","N",,,,,,,,,,,,,,,,,,,,,5815
0,"RAMADIL","0","0","0","0","U","N",,,,,,,,,,,,,,,,,,,,,7082
0,"RAMAFAR","0","0","0","0","U","N",,,,,,,,,,,,,,,,,,,,,7083
0,"RAMAINT","0","0","0","0","U","N",,,,,,,,,,,,,,,,,,,,,496
0,"RAMALIA","0","0","0","0","U","N",,,,,,,,,,,,,,,,,,,,,7092
0,"RAMALIN","0","0","0","0","U","N",,,,,,,,,,,,,,,,,,,,,7089
0,"RAMAMEN","0","0","0","0","U","N",,,,,,,,,,,,,,,,,,,,,7084
0,"RAMAOBT","0","0","0","0","U","N",,,,,,,,,,,,,,,,,,,,,7085
0,"RAMAPOL","0","0","0","0","U","N",,,,,,,,,,,,,,,,,,,,,7086
0,"RAMAROE","0","0","0","0","U","N",,,,,,,,,,,,,,,,,,,,,7087
0,"RAMASIN","0","0","0","0","U","N",,,,,,,,,,,,,,,,,,,,,7088
0,"RAMASUB","0","0","0","0","U","N",,,,,,,,,,,,,,,,,,,,,7090
0,"RAMATHR","0","0","0","0","U","N",,,,,,,,,,,,,,,,,,,,,7091
0,"RANUABO","0","0","0","0","U","N",,"H,L","H","L",,"D","C,I","O","PX","U",,"O-other or unknown",,,,,,,,,3571
0,"RANUACR","0","0","0","0","U","E",,"H,L","H","L",,"D","C,I","O","PX","U",,"O-other or unknown",,,,"PP",,,,,3572
0,"RANUALI","0","0","0","0","U","N",,"H,L","H","L",,"D","C,I","O","PX","U",,,,,,,,,,,3573
0,"RANUALI1","0","0","0","0","U","N",,"H,L","H","L",,"D","C,I","O","PX","U",,,,,,,,,,,3574
0,"RANUAQU","0","0","0","0","U","N",,"H,L","H","L",,"D,P","C,I","O","PX","U",,,,,,,,"1",,,3575
0,"RANUAQU4","0","0","0","0","U","N",,"H,L","H","L",,"D,P","C,I","O","PX","U",,,,,,,,,,,8138
0,"RANUAQU5","0","0","0","0","U","N",,"H,L","H","L",,"D,P","C,I","O","PX","U",,,,,,,,"3",,,8139
0,"RANUBUL","0","0","0","0","U","E",,"H","H",,,"P","I","O","P2","U","RO","O-other or unknown",,,,,,,,,8140
0,"RANUCAL","0","0","0","0","U","N",,"H,L","H","L",,"D","C,I","O","PX","U",,,,,,,,,,,3576
0,"RANUCAR","0","0","0","0","U","N",,"H,L","H","L",,"D","C,I","O","PX","U",,,,,,,,,,,3577
0,"RANUCOO","0","0","0","0","U","N",,"H,L","H","L",,"D","C,I","O","PX","U",,,,,,,,"4",,,3578
0,"RANUCYM","0","0","0","0","U","N",,"H,L","H","L",,"D,C","C,I","O","PX","U",,"O-other or unknown",,,,,,"4",,,3579
0,"RANUESC","1","5","2","0","U","N",,"H,L","H","L",,"D","C,I","O","PX","U",,,,,,,,"4",,,3580
0,"RANUFIC","0","0","0","0","U","E",,"H,L","H","L",,"D","C,I","O","PX","U",,,,,,,,,,,3581
0,"RANUFLA","5","6","0","5","U","N",,"H,L","H","L",,"D","C,I","O","PX","U",,,,,,,,"3",,,3582
0,"RANUFLM","0","0","0","0","U","N",,"H,L","H","L",,"D","C,I","O","PX","U",,"O-other or unknown",,,,,,"3",,,3583
0,"RANUFLM1","0","0","0","0","U","N",,,,,,,,,,,,,,,,,,,,,3584
0,"RANUFLM2","0","0","0","0","U","N",,,,,,,,,,,,,,,,,,,,,709
0,"RANUGLA","0","0","0","0","U","N",,"H,L","H","L",,"D","C,I","O","PX","U",,,,,,"P",,,,,3585
0,"RANUGLA1","0","0","0","0","U","N",,"H,L","H","L",,"D","C,I","O","PX","U",,,,,,,,,,,3586
0,"RANUGLA2","0","0","0","0","U","N",,"H,L","H","L",,"D","C,I","O","PX","U",,,,,,,,,,,3587
0,"RANUGME","0","0","0","0","U","N",,"H,L","H","L",,"D","C,I","O","PX","U",,,,,,,,"2",,,3588
0,"RANUGRA","0","0","0","0","U","N",,"H,L","H","L",,"D","C,I","O","PX","U",,,,,,,,,,,3589
0,"RANUHYP","0","0","0","0","U","N",,"H,L","H","L",,"D","C,I","O","PX","U",,,,,,,,"3",,,3590
0,"RANUINA","0","0","0","0","U","N",,"H,L","H","L",,"D","C,I","O","PX","U",,,,,,,,,,,3591
0,"RANUINA2","0","0","0","0","U","N",,,,,,,,,"OS",,,,,,,,,,,,8141
0,"RANULAP","0","0","0","0","U","N",,"H,L","H","L",,"D","C,I","O","PX","U",,,,,,,,,,,3592
0,"RANULOB","0","0","0","0","U","N",,"H,L","H","L",,"D","C,I","O","PX","U",,,,,,,,"3",,,3593
0,"RANUMAC","0","0","0","0","U","N",,"H,L","H","L",,"D","C,I","O","PX","U",,,,,,,,,,,3594
0,"RANUNCL","0","0","0","0","U","N",,,,,,,,,,,,,,,,,,,,,133
0,"RANUNCU","0","0","0","0","U","N",,,,,,,,,"OS",,,,,,,,,,,,3608
0,"RANUNIV","0","0","0","0","U","N",,"H,L","H","L",,"D","C,I","O","PX","U",,,,,,,,,,,3595
0,"RANUOCC","0","0","2","0","U","N",,"H,L","H","L",,"D","C,I","O","PX","U",,,,,,,,,,,3596
0,"RANUOCC3","0","0","0","0","U","N",,,,,,,,,"OS",,,,,,,,,,,,8142
0,"RANUORT","0","0","0","0","U","N",,"H,L","H","L",,"D","C,I","O","PX","U",,,,,,,,"3",,,3597
0,"RANUORT1","0","0","0","0","U","N",,"H,L","H","L",,"D","C,I","O","PX","U",,,,,,,,,,,3598
0,"RANUORT2","0","0","0","0","U","N",,"H,L","H","L",,"D","C,I","O","PX","U",,,,,,,,,,,3599
0,"RANUPAV","0","0","0","0","U","E",,,,,,,,,,,,,,,,,,,,,642
0,"RANUPED","0","0","0","0","U","N",,"H,L","H","L",,"D","C,I","O","PX","U",,,,,,,,,,,3600
0,"RANUPED1","0","0","0","0","U","N",,,,,,,,,"OS",,,,,,,,,,,,3601
0,"RANUPEN","0","5","3","3","U","N",,"H,L","H","L",,"D","C,I","O","PX","U",,,,,,,,"4",,,3602
0,"RANUPYG","0","0","0","0","U","N",,"H,L","H","L",,"D","C,I","O","PX","U",,,,,,,,,,,3603
0,"RANUREP","0","5","3","3","U","E",,"H,L","H","L",,"D","C,I","O","PX","U",,"O-other or unknown",,,,,"I","4",,,3604
0,"RANURHO","0","0","0","0","U","N",,"H,L","H","L",,"D","C,I","O","PX","U",,,,,,,,,,,3605
0,"RANUSAR","0","0","0","0","U","E",,,,,,,,,"OS",,,,,,,,,,,,3606
0,"RANUSCE","0","0","0","0","U","N",,"L",,"L",,"C,G,H","I","G","P2","U","AL","G-ranunculin, AL-plant juices released upon mastication",,,,,,"2",,,3607
0,"RANUSCE2","0","0","0","0","U","N",,"L",,"L",,"C,G,H","I","G","P2","U","AL","G-ranunculin, AL-plant juices released upon mastication",,,,,,"2",,,8143
0,"RANUSUK","0","0","0","0","U","N",,,,,,,,,,,,,,,,,,,,,3609
0,"RANUSUL","0","0","0","0","U","N",,"H,L","H","L",,"D","C,I","O","PX","U",,,,,,,,"4",,,3610
0,"RANUTES","0","0","0","0","U","E",,"L",,"L",,"S","I","G","P1","U","LE,ST","G-ranunculin, LE,ST-juices of above ground parts",,,,,,,,,3611
0,"RANUUNC","0","4","3","3","U","N",,"H,L","H","L",,"D","C,I","O","PX","U",,,,,,,,,,,3612
0,"RAPHANU","0","0","0","0","U","E",,,,,,,,,"OS",,,,,,,,,,,,3615
0,"RAPHRAP","0","0","0","0","U","E",,"L",,"L",,"C,S","I","G","P2","U","SE","G-glucosinolates",,,,,,,,,3613
0,"RAPHSAT","0","0","0","0","U","E",,"L",,"L",,"C,S","I","G","P2","U","SE","G-glucosinolates",,,,,,,,,3614
0,"RATIBID","0","0","0","0","U","N",,,,,,,,,,,,,,,,,,,,,3617
0,"RATICOL","0","0","0","0","U","N",,,,,,,,,,,,,,,,,,,,,3616
0,"REBOHEM","0","0","0","0","U","N",,,,,,,,,,,,,,,,,,,,,5817
0,"REBOULI","0","0","0","0","U","N",,,,,,,,,,,,,,,,,,,,,5818
0,"RECTBER","0","0","0","0","U","N",,,,,,,,,,,,,,,,,,,,,5819
0,"RECTBRI","0","0","0","0","U","N",,,,,,,,,,,,,,,,,,,,,5820
0,"RECTMAX","0","0","0","0","U","N",,,,,,,,,,,,,,,,,,,,,5821
0,"RECTOLE","0","0","0","0","U","N",,,,,,,,,,,,,,,,,,,,,5823
0,"RECTPHY","0","0","0","0","U","N",,,,,,,,,,,,,,,,,,,,,5822
0,"REFRACT","0","0","0","0","U","N",,,,,,,,,,,,,,,,,,,,,7094
0,"REFRPEL","0","0","0","0","U","N",,,,,,,,,,,,,,,,,,,,,7093
0,"RESEALB","0","0","0","0","U","E",,,,,,,,,,,,,,,,,,,,,3618
0,"RESEDA","0","0","0","0","U","E",,,,,,,,,,,,,,,,,,,,,3620
0,"RESEDAC","0","0","0","0","U","N",,,,,,,,,,,,,,,,,,,,,3621
0,"RESELUT","0","0","0","0","U","E",,,,,,,,,,,,,,,,,,,,,3619
0,"RHABCRI","0","0","0","0","U","N",,,,,,,,,,,,,,,,,,,,,4883
0,"RHABDOW","0","0","0","0","U","N",,,,,,,,,,,,,,,,,,,,,4884
0,"RHAMALN","0","0","0","0","U","N",,,,,,,,,"OS",,,,"0","1","1",,,,,,1407
0,"RHAMNAC","0","0","0","0","U","N",,,,,,,,,,,,,,,,,,,,,134
0,"RHAMNUS","0","0","0","0","U","N",,,,,,,,,"OS",,,,,,,,,,,,56
0,"RHAMPUR","5","5","3","0","U","N",,"L",,"L",,,"I","G","PX","U",,,,,,,,"4",,,1080
0,"RHEUM","0","0","0","0","U","E",,,,,,,,,,,,,,,,,,,,,646
0,"RHEURHA","0","0","0","0","U","E",,,,,,,,,,,,,,,,,,,,,645
0,"RHINANT","0","0","0","0","U","N",,,,,,,,,,,,,,,,,,,,,3623
0,"RHINMIN","0","0","0","0","U","N",,,,,,,,,,,,,,,,"P",,,,,3622
0,"RHIZALP","0","0","0","0","U","N",,,,,,,,,,,,,,,,,,,,,7096
0,"RHIZATR","0","0","0","0","U","N",,,,,,,,,,,,,,,,,,,,,7097
0,"RHIZBAD","0","0","0","0","U","N",,,,,,,,,,,,,,,,,,,,,7098
0,"RHIZBOL","0","0","0","0","U","N",,,,,,,,,,,,,,,,,,,,,7099
0,"RHIZCHI","0","0","0","0","U","N",,,,,,,,,,,,,,,,,,,,,7100
0,"RHIZCHR","0","0","0","0","U","N",,,,,,,,,,,,,,,,,,,,,7122
0,"RHIZCIE","0","0","0","0","U","N",,,,,,,,,,,,,,,,,,,,,7101
0,"RHIZCIN","0","0","0","0","U","N",,,,,,,,,,,,,,,,,,,,,7102
0,"RHIZCON","0","0","0","0","U","N",,,,,,,,,,,,,,,,,,,,,7103
0,"RHIZDIT","0","0","0","0","U","N",,,,,,,,,,,,,,,,,,,,,7104
0,"RHIZEUP","0","0","0","0","U","N",,,,,,,,,,,,,,,,,,,,,7105
0,"RHIZGEM","0","0","0","0","U","N",,,,,,,,,,,,,,,,,,,,,7106
0,"RHIZGEO","0","1","1","5","U","N",,,,,,,,,,,,,,,,,,,,,7107
0,"RHIZGLB","0","0","0","0","U","N",,,,,,,,,,,,,,,,,,"4",,,4885
0,"RHIZGRA","0","0","0","0","U","N",,,,,,,,,,,,,,,,,,,,,7108
0,"RHIZGRC","0","0","0","0","U","N",,,,,,,,,,,,,,,,,,,,,4886
0,"RHIZHEN","0","0","0","0","U","N",,,,,,,,,,,,,,,,,,,,,7109
0,"RHIZHOC","0","0","0","0","U","N",,,,,,,,,,,,,,,,,,,,,7110
0,"RHIZINA","0","0","0","0","U","N",,,,,,,,,,,,,,,,,,,,,7111
0,"RHIZINT","0","0","0","0","U","N",,,,,,,,,,,,,,,,,,,,,7112
0,"RHIZLAV","0","0","0","0","U","N",,,,,,,,,,,,,,,,,,,,,7113
0,"RHIZLEC","0","0","0","0","U","N",,,,,,,,,,,,,,,,,,,,,7114
0,"RHIZMAC","0","0","0","0","U","N",,,,,,,,,,,,,,,,,,,,,7115
0,"RHIZMAG","0","0","0","0","U","N",,,,,,,,,,,,,,,,,,"4",,,4887
0,"RHIZMEL","0","0","0","0","U","N",,,,,,,,,,,,,,,,,,,,,7123
0,"RHIZNUD","0","0","0","0","U","N",,,,,,,,,,,,,,,,,,,,,4888
0,"RHIZOBS","0","0","0","0","U","N",,,,,,,,,,,,,,,,,,,,,7116
0,"RHIZOCA","0","0","0","0","U","N",,,,,,,,,,,,,,,,,,,,,7118
0,"RHIZOCR","0","0","0","0","U","N",,,,,,,,,,,,,,,,,,,,,7095
0,"RHIZOMN","0","0","0","0","U","N",,,,,,,,,,,,,,,,,,,,,4891
0,"RHIZOPL","0","0","0","0","U","N",,,,,,,,,,,,,,,,,,,,,7125
0,"RHIZPEL","0","0","0","0","U","N",,,,,,,,,,,,,,,,,,,,,7124
0,"RHIZPSE","0","0","0","0","U","N",,,,,,,,,,,,,,,,,,"3",,,4889
0,"RHIZPUN","0","0","0","0","U","N",,,,,,,,,,,,,,,,,,"4",,,4890
0,"RHIZRIP","0","0","0","0","U","N",,,,,,,,,,,,,,,,,,,,,7117
0,"RHIZSUP","0","0","0","0","U","N",,,,,,,,,,,,,,,,,,,,,7119
0,"RHIZSUP1","0","0","0","0","U","N",,,,,,,,,,,,,,,,,,,,,7120
0,"RHIZVIR","0","0","0","0","U","N",,,,,,,,,,,,,,,,,,,,,7121
0,"RHODALB","1","3","1","1","U","N",,"L",,"L",,"S,C","I","O","P1","WIN","LE","O-andromedotoxins",,,,,,,,,1408
0,"RHODGRO","0","0","0","0","U","N",,"L",,"L",,,"I","O","PX","U",,,,,,,,"3",,,7555
0,"RHODINT","0","0","0","0","U","N",,,,,,,,,,,,,,,,,,,,,3624
0,"RHODINT1","0","0","0","0","U","N",,,,,,,,,,,,,,,,,,,,,717
0,"RHODLAP","0","0","0","0","U","N",,,,,,,,,"OS",,,,,,,,,,,,7427
0,"RHODMAC","4","0","1","1","U","N",,"L",,"L",,"G,S,C","I","O","P1","WIN","LE,ST","O-andromedotoxins",,,,,,,,,1360
0,"RHODNEO","0","0","0","0","U","N",,"L",,"L",,"C,S","I","O","PX","SPR,AUT",,"O-other or unknown",,,,,,"4",,,671
0,"RHODOBR","0","0","0","0","U","N",,,,,,,,,,,,,,,,,,,,,4893
0,"RHODODE","0","0","0","0","U","N",,,,,,,,,"OS",,,,,,,,,,,,57
0,"RHODROS","0","0","0","0","U","N",,,,,,,,,,,,,,,,,,,,,4892
0,"RHODTOM","0","0","0","0","U","N",,,,,,,,,,,,,,,,,,,,,672
0,"RHODTOM1","0","0","0","0","U","N",,,,,,,,,,,,,,,,,,"4",,,7556
0,"RHUS","0","0","0","0","U","N",,,,,,,,,"OS",,,,,,,,,,,,1410
0,"RHUSGLA","0","0","0","0","U","N",,"H","H",,,"D","C","O","PX","U",,,,,,,,,,,1409
0,"RHUSTYP","0","0","0","0","U","E",,,,,,,,,"OS",,,,,,,,,,,,7764
0,"RHYNALB","0","6","1","5","U","N",,,,,,,,,,,,,,,,,,"2",,,2293
0,"RHYNCAP","0","0","0","0","U","N",,,,,,,,,,,,,,,,,,"3",,,2294
0,"RHYNCHO","0","0","0","0","U","N",,,,,,,,,,,,,,,,,,,,,2295
0,"RHYTIDA","0","0","0","0","U","N",,,,,,,,,,,,,,,,,,,,,4894
0,"RHYTIDI","0","0","0","0","U","N",,,,,,,,,,,,,,,,,,,,,4896
0,"RHYTIDO","0","0","0","0","U","N",,,,,,,,,,,,,,,,,,,,,4901
0,"RHYTIDU","0","0","0","0","U","N",,,,,,,,,,,,,,,,,,,,,4903
0,"RHYTLOR","2","4","1","1","U","N",,,,,,,,,,,,,,,,,,"4",,,4895
0,"RHYTROB","3","3","1","1","U","N",,,,,,,,,,,,,,,,,,,,,4900
0,"RHYTRUG","0","0","0","0","U","N",,,,,,,,,,,,,,,,,,,,,4902
0,"RHYTSQU","0","4","2","0","U","N",,,,,,,,,,,,,,,,,,"4",,,4897
0,"RHYTSUB","0","0","0","0","U","N",,,,,,,,,,,,,,,,,,,,,4898
0,"RHYTTRI","0","0","2","0","U","N",,,,,,,,,,,,,,,,,,"4",,,4899
0,"RIBEACE","0","0","0","0","U","N",,,,,,,,,,,,,,,,,,,,,1183
0,"RIBEAUR","0","0","0","0","U","E",,,,,,,,,,,,,,,,,,,,,711
0,"RIBEAUR1","0","0","0","0","U","E",,,,,,,,,,,,,,,,,,,,,710
0,"RIBEBRA","4","5","3","0","U","N",,,,,,,,,,,,,"0","1","1",,,"4",,,1411
0,"RIBECER","6","2","3","3","U","N",,,,,,,,,,,,,,,,"P",,,,,1412
0,"RIBECER1","0","0","0","0","U","N",,,,,,,,,,,,,,,,,,,,,1413
0,"RIBEDIV","4","3","2","0","U","N",,,,,,,,,,,,,,,,,,,,,1414
0,"RIBEDIV1","4","3","2","0","U","N",,,,,,,,,,,,,,,,,,,,,1184
0,"RIBEGLA","0","0","0","3","U","N",,,,,,,,,,,,,"0","1","1",,,"4",,,1415
0,"RIBEHUD","3","5","3","2","U","N",,,,,,,,,,,,,"0","1","1","P",,"4",,,1416
0,"RIBEHUD1","0","0","0","0","U","N",,,,,,,,,,,,,,,,,,,,,1417
0,"RIBEHUD2","0","0","0","0","U","N",,,,,,,,,,,,,,,,,,,,,1418
0,"RIBEINE","0","0","0","0","U","N",,,,,,,,,,,,,,,,,,,,,1419
0,"RIBEINE1","0","0","0","0","U","N",,,,,,,,,,,,,,,,,,,,,1185
0,"RIBELAC","0","0","3","2","U","N",,,,,,,,,,,,,"0","1","1",,,"4",,,1420
0,"RIBELAX","0","5","3","0","U","N",,,,,,,,,,,,,"0","1","1",,,"4",,,1421
0,"RIBELOB","4","2","2","0","U","N",,,,,,,,,,,,,,,,,,,,,1422
0,"RIBEOXY","3","5","3","0","U","N",,,,,,,,,,,,,"0","1","1",,,"4",,,1423
0,"RIBEOXY1","0","0","0","0","U","N",,,,,,,,,,,,,,,,,,,,,1424
0,"RIBEOXY2","0","0","0","0","U","N",,,,,,,,,,,,,,,,,,,,,1425
0,"RIBEOXY3","0","0","0","0","U","N",,,,,,,,,,,,,,,,,,,,,1186
0,"RIBERUB","0","0","0","0","U","E",,,,,,,,,,,,,,,,,,,,,1187
0,"RIBES","0","0","0","0","U","N",,,,,,,,,,,,,"0","1","1",,,,,,1427
0,"RIBESAN","4","2","2","0","U","N",,,,,,,,,,,,,,,,,,,,,1426
0,"RIBESAN1","4","2","2","0","U","N",,,,,,,,,,,,,,,,,,,,,1188
0,"RIBETRI","3","5","1","1","U","N",,,,,,,,,,,,,"0","1","1",,,"4",,,1428
0,"RIBEVIS","0","0","3","0","U","N",,,,,,,,,,,,,,,,"P",,,,,1429
0,"RICCALB","0","0","0","0","U","N",,,,,,,,,,,,,,,,,,,,,5832
0,"RICCARD","0","0","0","0","U","N",,,,,,,,,,,,,,,,,,,,,5831
0,"RICCAUS","0","0","0","0","U","N",,,,,,,,,,,,,,,,,,,,,5833
0,"RICCBEY","0","0","0","0","U","N",,,,,,,,,,,,,,,,,,,,,5834
0,"RICCBIF","0","0","0","0","U","N",,,,,,,,,,,,,,,,,,,,,5835
0,"RICCCAL","0","0","0","0","U","N",,,,,,,,,,,,,,,,,,,,,5836
0,"RICCCAM","0","0","0","0","U","N",,,,,,,,,,,,,,,,,,,,,5837
0,"RICCCAN","0","0","0","0","U","N",,,,,,,,,,,,,,,,,,,,,5838
0,"RICCCAV","0","0","0","0","U","N",,,,,,,,,,,,,,,,,,,,,5839
0,"RICCCHA","0","0","0","0","U","N",,,,,,,,,,,,,,,,,,"3",,,5824
0,"RICCCUR","0","0","0","0","U","N",,,,,,,,,,,,,,,,,,,,,5840
0,"RICCDIC","0","0","0","0","U","N",,,,,,,,,,,,,,,,,,,,,5841
0,"RICCDON","0","0","0","0","U","N",,,,,,,,,,,,,,,,,,,,,5842
0,"RICCELD","0","0","0","0","U","N",,,,,,,,,,,,,,,,,,,,,5843
0,"RICCFLU","0","0","0","0","U","N",,,,,,,,,,,,,,,,,,,,,5844
0,"RICCFRO","0","0","0","0","U","N",,,,,,,,,,,,,,,,,,,,,5845
0,"RICCGLA","0","0","0","0","U","N",,,,,,,,,,,,,,,,,,,,,5846
0,"RICCHIR","0","0","0","0","U","N",,,,,,,,,,,,,,,,,,,,,5847
0,"RICCIA","0","0","0","0","U","N",,,,,,,,,,,,,,,,,,,,,5853
0,"RICCIAC","0","0","0","0","U","N",,,,,,,,,,,,,,,,,,,,,5858
0,"RICCINC","0","0","0","0","U","N",,,,,,,,,,,,,,,,,,,,,5825
0,"RICCIOC","0","0","0","0","U","N",,,,,,,,,,,,,,,,,,"1",,,5860
0,"RICCLAT","0","0","0","0","U","N",,,,,,,,,,,,,,,,,,,,,5826
0,"RICCMAC","0","0","0","0","U","N",,,,,,,,,,,,,,,,,,,,,5848
0,"RICCMEM","0","0","0","0","U","N",,,,,,,,,,,,,,,,,,,,,5849
0,"RICCMUL","0","0","0","0","U","N",,,,,,,,,,,,,,,,,,"3",,,5827
0,"RICCMUL1","0","0","0","0","U","N",,,,,,,,,,,,,,,,,,,,,5828
0,"RICCMUL2","0","0","0","0","U","N",,,,,,,,,,,,,,,,,,,,,5829
0,"RICCNAT","0","0","0","0","U","N",,,,,,,,,,,,,,,,,,"1",,,5859
0,"RICCNIG","0","0","0","0","U","N",,,,,,,,,,,,,,,,,,,,,5850
0,"RICCOZA","0","0","0","0","U","N",,,,,,,,,,,,,,,,,,,,,5851
0,"RICCPAL","0","0","0","0","U","N",,,,,,,,,,,,,,,,,,,,,5830
0,"RICCSOR","0","0","0","0","U","N",,,,,,,,,,,,,,,,,,,,,5852
0,"RICCSUL","0","0","0","0","U","N",,,,,,,,,,,,,,,,,,,,,5854
0,"RICCTEN","0","0","0","0","U","N",,,,,,,,,,,,,,,,,,,,,5855
0,"RICCTRI","0","0","0","0","U","N",,,,,,,,,,,,,,,,,,,,,5856
0,"RICCVIO","0","0","0","0","U","N",,,,,,,,,,,,,,,,,,,,,5857
0,"RIELAFF","0","0","0","0","U","N",,,,,,,,,,,,,,,,,,,,,5861
0,"RIELAME","0","0","0","0","U","N",,,,,,,,,,,,,,,,,,,,,5862
0,"RIELLA","0","0","0","0","U","N",,,,,,,,,,,,,,,,,,,,,5863
0,"RIELLAC","0","0","0","0","U","N",,,,,,,,,,,,,,,,,,,,,5864
0,"RINOARC","0","0","0","0","U","N",,,,,,,,,,,,,,,,,,,,,7126
0,"RINOBOL","0","0","0","0","U","N",,,,,,,,,,,,,,,,,,,,,7127
0,"RINOCOL","0","0","0","0","U","N",,,,,,,,,,,,,,,,,,,,,7128
0,"RINOCON","0","0","0","0","U","N",,,,,,,,,,,,,,,,,,,,,7129
0,"RINOCOR","0","0","0","0","U","N",,,,,,,,,,,,,,,,,,,,,7130
0,"RINODIN","0","0","0","0","U","N",,,,,,,,,,,,,,,,,,,,,7142
0,"RINODIS","0","0","0","0","U","N",,,,,,,,,,,,,,,,,,,,,7131
0,"RINOEFF","0","0","0","0","U","N",,,,,,,,,,,,,,,,,,,,,7132
0,"RINOEXC","0","0","0","0","U","N",,,,,,,,,,,,,,,,,,,,,7133
0,"RINOEXI","0","0","0","0","U","N",,,,,,,,,,,,,,,,,,,,,7134
0,"RINOGEN","0","0","0","0","U","N",,,,,,,,,,,,,,,,,,,,,7135
0,"RINOHAI","0","0","0","0","U","N",,,,,,,,,,,,,,,,,,,,,7136
0,"RINOMAR","0","0","0","0","U","N",,,,,,,,,,,,,,,,,,,,,7137
0,"RINOMNI","0","0","0","0","U","N",,,,,,,,,,,,,,,,,,,,,7138
0,"RINOPYR","0","0","0","0","U","N",,,,,,,,,,,,,,,,,,,,,7139
0,"RINOROS","0","0","0","0","U","N",,,,,,,,,,,,,,,,,,,,,7140
0,"RINOSEP","0","0","0","0","U","N",,,,,,,,,,,,,,,,,,,,,7141
0,"RINOTUR","0","0","0","0","U","N",,,,,,,,,,,,,,,,,,,,,7143
0,"ROBIHIS","0","0","0","0","U","E",,,,,,,,,"OS",,,,,,,,,,,,7660
0,"ROBIHIS1","0","0","0","0","U","E",,,,,,,,,"OS",,,,,,,,,,,,7661
0,"ROBINIA","0","0","0","0","U","E",,,,,,,,,"OS",,,,,,,,,,,,1082
0,"ROBIPSE","0","0","0","0","U","E",,"H,L","H","L",,"P,C,H,S,O","I","O","P2","U","BA,LE,SE","O-poultry, O-robin,phasin",,,,,,,,,1081
0,"ROCCELL","0","0","0","0","U","N",,,,,,,,,,,,,,,,,,,,,7144
0,"ROELLIA","0","0","0","0","U","N",,,,,,,,,,,,,,,,,,,,,4905
0,"ROELROE","0","3","2","0","U","N",,,,,,,,,,,,,,,,,,,,,4904
0,"ROMANZO","0","0","0","0","U","N",,,,,,,,,,,,,,,,,,,,,3626
0,"ROMASIT","0","0","0","0","U","N",,,,,,,,,,,,,,,,,,,,,3625
0,"ROMATRA","0","0","0","0","U","N",,,,,,,,,,,,,,,,,,,,,3627
0,"ROPALOS","0","0","0","0","U","N",,,,,,,,,,,,,,,,,,,,,7145
0,"ROPAVIR","0","0","0","0","U","N",,,,,,,,,,,,,,,,,,,,,7146
0,"RORIBAR","0","0","0","0","U","E",,,,,,,,,,,,,,,,,,,,,3628
0,"RORICUR","0","0","0","0","U","N",,,,,,,,,,,,,,,,,,,,,3629
0,"RORICUV","0","0","0","0","U","N",,,,,,,,,,,,,,,,,,,,,3630
0,"RORIPAL","0","0","0","0","U","N",,,,,,,,,,,,,,,,,,"3",,,3631
0,"RORIPAL4","0","0","0","0","U","N",,,,,,,,,,,,,,,,,,,,,3632
0,"RORIPAL8","0","0","0","0","U","N",,,,,,,,,,,,,,,,,,,,,3633
0,"RORIPPA","0","0","0","0","U","N",,,,,,,,,,,,,,,,,,,,,3634
0,"RORISYL","0","0","0","0","U","E",,,,,,,,,,,,,,,,,,,,,3635
0,"RORITEN","0","0","0","0","U","N",,,,,,,,,,,,,,,,,,,,,610
0,"ROSA","0","0","0","0","U","N",,,,,,,,,,,,,"0","1","1",,,,,,1440
0,"ROSAACI","3","3","2","0","U","N",,,,,,,,,,,,,"0","1","1","F",,"4",,,1430
0,"ROSAACI1","0","0","0","0","U","N",,,,,,,,,,,,,,,,,,,,,1431
0,"ROSAARK","0","0","0","0","U","N",,,,,,,,,,,,,,,,,,,,,1432
0,"ROSAARK1","0","0","0","0","U","N",,,,,,,,,,,,,,,,,,,,,6307
0,"ROSACAN","0","0","0","0","U","E",,,,,,,,,,,,,,,,,,,,,1433
0,"ROSACEA","0","0","0","0","U","N",,,,,,,,,,,,,,,,,,,,,58
0,"ROSAEGL","0","0","0","0","U","E",,,,,,,,,,,,,,,,,,,,,1434
0,"ROSAGYM","0","2","2","0","U","N",,,,,,,,,,,,,,,,"F",,,,,1435
0,"ROSAMUL","0","0","0","0","U","E",,,,,,,,,,,,,,,,,,,,,869
0,"ROSANUT","0","4","3","0","U","N",,,,,,,,,,,,,,,,"F",,,,,1436
0,"ROSANUT1","0","0","0","0","U","N",,,,,,,,,,,,,,,,,,,,,1437
0,"ROSANUT2","0","0","0","0","U","N",,,,,,,,,,,,,,,,,,,,,1438
0,"ROSAPIS","5","5","3","3","U","N",,,,,,,,,,,,,,,,,,,,,1439
0,"ROSARUG","0","0","0","0","U","E",,,,,,,,,,,,,,,,,,,,,712
0,"ROSAWOO","0","0","0","0","U","N",,,,,,,,,,,,,,,,,,,,,1441
0,"ROSAWOO1","0","0","0","0","U","N",,,,,,,,,,,,,,,,,,,,,1442
0,"ROTALA","0","0","0","0","U","N",,,,,,,,,,,,,,,,,,,,,3637
0,"ROTARAM","0","0","0","0","U","N",,,,,,,,,,,,,,,,,,"3",,,3636
0,"RUBIACE","0","0","0","0","U","N",,,,,,,,,,,,,,,,,,,,,3638
0,"RUBUALL","0","0","0","0","U","E",,,,,,,,,,,,,,,,,,,,,1443
0,"RUBUALL1","0","0","0","0","U","E",,,,,,,,,,,,,,,,,,,,,6308
0,"RUBUARC","0","0","0","0","U","N",,,,,,,,,,,,,"0","1","1",,,"3",,,3639
0,"RUBUARC1","0","0","0","0","U","N",,,,,,,,,,,,,,,,,,"2",,,3640
0,"RUBUARC2","0","0","0","0","U","N",,,,,,,,,,,,,,,,,,"3",,,3641
0,"RUBUARM","0","0","0","0","U","E",,,,,,,,,,,,,,,,,,,,,647
0,"RUBUCHA","0","6","1","5","U","N",,,,,,,,,,,,,"0","1","1",,,"2",,,7428
0,"RUBUIDA","3","4","3","0","U","N",,,,,,,,,,,,,"1","2","1","P",,,,,1444
0,"RUBUIDA3","3","4","3","0","U","N",,,,,,,,,,,,,,,,,,,,,870
0,"RUBULAC","4","4","3","0","U","E",,,,,,,,,,,,,,,,,,,,,1361
0,"RUBULAS","0","0","0","0","U","N",,,,,,,,,,,,,,,,,,,,,3642
0,"RUBULEU","0","3","3","0","U","N",,,,,,,,,,,,,"0","1","1",,,,,,1445
0,"RUBULEU1","0","0","0","0","U","N",,,,,,,,,,,,,,,,,,,,,1446
0,"RUBUNIV","5","5","3","2","U","N",,,,,,,,,,,,,,,,,,,,,7429
0,"RUBUPAR","0","0","3","2","U","N",,,,,,,,,,,,,"1","0","0","P",,"4",,,1447
0,"RUBUPAR1","0","0","0","0","U","N",,,,,,,,,,,,,,,,,,"4",,,1448
0,"RUBUPED","3","4","1","1","U","N",,,,,,,,,,,,,"0","1","1",,,"4",,,3643
0,"RUBUPHO","0","0","0","0","U","E",,,,,,,,,,,,,,,,,,"4",,,713
0,"RUBUPUB","3","4","3","2","U","N",,,,,,,,,,,,,"0","1","1",,,,,,3644
0,"RUBUPUB1","3","4","3","2","U","N",,,,,,,,,,,,,,,,,,,,,6309
0,"RUBUS","0","0","0","0","U","N",,,,,,,,,,,,,,,,,,,,,59
0,"RUBUSPE","4","5","3","2","U","N",,,,,,,,,,,,,"2","0","0",,,"4",,,1449
0,"RUBUURS","4","3","2","0","U","N",,,,,,,,,,,,,"0","1","1",,,,,,7430
0,"RUBUURS1","0","0","0","0","U","N",,,,,,,,,,,,,,,,,,,,,7431
0,"RUBUVES","0","0","0","0","U","E",,,,,,,,,,,,,,,,,,,,,648
0,"RUDBECK","0","0","0","0","U","E",,,,,,,,,,,,,,,,,,,,,3646
0,"RUDBHIR","0","0","0","0","U","E",,,,,,,,,,,,,,,,,,,,,3645
0,"RUDBHIR1","0","0","0","0","U","E",,,,,,,,,,,,,,,,,,,,,7489
0,"RUDBLAC","0","0","0","0","U","E",,,,,,,,,,,,,,,,,,,,,7490
0,"RUDBLAC1","0","0","0","0","U","E",,,,,,,,,,,,,,,,,,,,,7491
0,"RUMEACO","0","0","0","0","U","E",,"L",,"L",,"C,S","I","X","P2","U","LE,ST",,"1","0","0",,,,,,3647
0,"RUMEACO1","0","0","0","0","U","E",,"L",,"L",,"C,S","I","X","P2","U","LE,ST",,,,,,,,,,3648
0,"RUMEACT","0","0","1","0","U","E",,"L",,"L",,"S","I","X","P1","U","LE,ST",,,,,"P","I",,,,3649
0,"RUMEARC","0","0","0","0","U","N",,,,,,,,,"OS",,,,,,,,,"4",,,3650
0,"RUMEBRI","0","0","0","0","U","N",,,,,,,,,"OS",,,,,,,,,,,,7765
0,"RUMECON","0","0","0","0","U","E",,,,,,,,,"OS",,,,,,,,,,,,3651
0,"RUMECRI","5","5","3","3","U","E",,"L",,"L",,,"I","X","PX","U",,,,,,"P","I",,,,3652
0,"RUMEFUE","0","0","0","0","U","N",,,,,,,,,"OS",,,,,,,,,"3",,,7766
0,"RUMELAP","0","0","0","0","U","N",,"L",,"L",,"C,S","I","X","P2","U","LE,ST",,,,,,,,,,714
0,"RUMELON","0","0","0","0","U","E",,,,,,,,,"OS",,,,,,,,,,,,649
0,"RUMEMAR","0","0","0","0","U","N",,,,,,,,,"OS",,,,,,,,,"3",,,3653
0,"RUMEOBT","5","5","3","3","U","E",,,,,,,,,"OS",,,,,,,,,,,,3654
0,"RUMEOCC","0","0","0","0","U","N",,,,,,,,,"OS",,,,,,,,,"3",,,3655
0,"RUMEPAT","0","0","0","0","U","E",,,,,,,,,"OS",,,,,,,,,,,,3656
0,"RUMEPAU","0","0","0","0","U","N",,,,,,,,,"OS",,,,,,,,,"3",,,3657
0,"RUMEPER","0","0","0","0","U","N",,,,,,,,,"OS",,,,,,,,,,,,7767
0,"RUMESAN","0","0","0","0","U","E",,,,,,,,,"OS",,,,,,,,,,,,650
0,"RUMESIB","0","0","0","0","U","N",,,,,,,,,"OS",,,,,,,,,,,,7768
0,"RUMESTE","0","0","0","0","U","E",,,,,,,,,"OS",,,,,,,,,,,,651
0,"RUMETHY","0","0","0","0","U","E",,,,,,,,,,,,,,,,,,,,,7722
0,"RUMETRA","0","0","0","0","U","N",,,,,,,,,"OS",,,,,,,,,,,,3659
0,"RUMETRI","0","0","0","0","U","N",,,,,,,,,"OS",,,,,,,,,,,,3660
0,"RUMEX","0","0","0","0","U","N",,,,,,,,,"OS",,,,,,,,,,,,3658
0,"RUPEPHY","0","0","0","0","U","N",,,,,,,,,,,,,,,,,,,,,7783
0,"RUPERTI","0","0","0","0","U","N",,,,,,,,,,,,,,,,,,,,,7782
0,"RUPPCIR","0","0","0","0","U","N",,,,,,,,,,,,,,,,,,"1",,,4081
0,"RUPPIA","0","0","0","0","U","N",,,,,,,,,,,,,,,,,,"1",,,3662
0,"RUPPIAC","0","0","0","0","U","N",,,,,,,,,,,,,,,,,,,,,3663
0,"RUPPMAR","0","0","0","0","U","N",,,,,,,,,,,,,,,,,,"1",,,3661
0,"SAELANI","0","0","0","0","U","N",,,,,,,,,,,,,,,,,,,,,4907
0,"SAELGLA","0","0","0","0","U","N",,,,,,,,,,,,,,,,,,,,,4906
0,"SAGIAPE","0","0","0","0","U","E",,,,,,,,,,,,,,,,,,,,,7522
0,"SAGICUN","0","0","0","0","U","N",,,,,,,,,,,,,,,,,,"2",,,3674
0,"SAGIDEC","0","0","0","0","U","N",,,,,,,,,,,,,,,,,,,,,3664
0,"SAGIDEC1","0","0","0","0","U","N",,,,,,,,,,,,,,,,,,,,,3665
0,"SAGIJAP","0","0","0","0","U","E",,,,,,,,,,,,,,,,,,,,,3666
0,"SAGILAT","0","0","0","0","U","N",,,,,,,,,,,,,,,,,,"2",,,3675
0,"SAGILAT1","0","0","0","0","U","N",,,,,,,,,,,,,,,,,,"2",,,3676
0,"SAGIMAX","4","5","3","3","U","N",,,,,,,,,,,,,,,,,,"4",,,3667
0,"SAGIMAX1","0","0","0","0","U","N",,,,,,,,,,,,,,,,,,,,,3668
0,"SAGIMAX2","0","0","0","0","U","N",,,,,,,,,,,,,,,,,,,,,3669
0,"SAGINA","0","0","0","0","U","N",,,,,,,,,,,,,,,,,,,,,3673
0,"SAGINIV","0","0","0","0","U","N",,,,,,,,,,,,,,,,,,,,,3670
0,"SAGIPRO","0","0","0","0","U","N",,,,,,,,,,,,,,,,,,,,,3671
0,"SAGISAG","2","0","3","3","U","N",,,,,,,,,,,,,,,,,,,,,3672
0,"SAGITTA","0","0","0","0","U","N",,,,,,,,,,,,,,,,,,,,,3677
0,"SALIALA","0","0","0","0","U","N",,,,,,,,,,,,,,,,,,"4",,,1450
0,"SALIALA1","0","0","0","0","U","N",,,,,,,,,,,,,,,,,,,,,1451
0,"SALIALA2","0","0","0","0","U","N",,,,,,,,,,,,,,,,,,,,,1452
0,"SALIALB","0","0","0","0","U",,,,,,,,,,,,,,,,,,,"4",,,1453
0,"SALIXSE","0","0","0","0","U","E",,,,,,,,,,,,,,,,,,,,,1454
0,"SALIAMY","0","0","0","0","U","N",,,,,,,,,,,,,,,,,,"3",,,1083
0,"SALIARB","0","0","0","0","U","N",,,,,,,,,,,,,,,,,,"3",,,1455
0,"SALIARC","0","0","0","0","U","N",,,,,,,,,,,,,,,,,,,,,7432
0,"SALIATH","0","0","0","0","U","N",,,,,,,,,,,,,,,,,,"2",,,1456
0,"SALIBAA","0","0","0","0","U","N",,,,,,,,,,,,,,,,,,"3",,,1458
0,"SALIBAC","3","5","0","0","U","N",,,,,,,,,,,,,,,,,,"3",,,1457
0,"SALIBEB","3","0","2","0","U","N",,,,,,,,,,,,,,,,,,"4",,,1084
0,"SALIBOO","0","0","0","0","U","N",,,,,,,,,,,,,,,,,,"4",,,1459
0,"SALIBRA","0","0","0","0","U","N",,,,,,,,,,,,,,,,,,"4",,,1460
0,"SALIBRA1","0","0","0","0","U","N",,,,,,,,,,,,,,,,,,"4",,,7769
0,"SALICAC","0","0","0","0","U","N",,,,,,,,,,,,,,,,,,,,,60
0,"SALICAN","0","0","0","0","U","N",,,,,,,,,,,,,,,,,,"3",,,1461
0,"SALICAS","0","0","0","0","U","N",,,,,,,,,,,,,,,,,,,,,7433
0,"SALICOM","0","0","0","0","U","N",,,,,,,,,,,,,,,,,,"3",,,1462
0,"SALICOR","0","0","0","0","U","N",,,,,,,,,,,,,,,,,,,,,3679
0,"SALIDEP","0","0","0","0","U","N",,,,,,,,,,,,,,,,,,"4",,,7662
0,"SALIDIS","0","0","0","0","U","N",,,,,,,,,,,,,,,,,,"4",,,1085
0,"SALIDRU","3","5","3","2","U","N",,,,,,,,,,,,,,,,,,"4",,,1463
0,"SALIEXI","0","0","0","0","U","N",,,,,,,,,,,,,,,,,,,,,1464
0,"SALIEXI4","0","0","0","0","U","N",,,,,,,,,,,,,,,,,,,,,8272
0,"SALIFAR","0","0","0","0","U","N",,,,,,,,,,,,,,,,,,"4",,,1465
0,"SALIGEY","0","0","0","0","U","N",,,,,,,,,,,,,,,,,,"4",,,1466
0,"SALIGLA","0","0","0","0","U","N",,,,,,,,,,,,,,,,,,"4",,,1467
0,"SALIGLA1","0","0","0","0","U","N",,,,,,,,,,,,,,,,,,,,,1468
0,"SALIGLA2","0","0","0","0","U","N",,,,,,,,,,,,,,,,,,,,,1469
0,"SALIHOO","4","5","2","0","U","N",,,,,,,,,,,,,,,,,,"3",,,1470
0,"SALIINT","0","0","0","0","U","N",,,,,,,,,,,,,,,,,,,,,1471
0,"SALILAS","0","0","0","0","U","N",,,,,,,,,,,,,,,,,,,,,1086
0,"SALILAS1","0","0","0","0","U","N",,,,,,,,,,,,,,,,,,,,,1087
0,"SALILAS2","0","0","0","0","U","N",,,,,,,,,,,,,,,,,,,,,1088
0,"SALILUC","0","0","0","0","U","N",,,,,,,,,,,,,,,,,,"3",,,1089
0,"SALIMAC","3","5","3","2","U","N",,,,,,,,,,,,,,,,,,"3",,,1472
0,"SALIMEL","0","0","0","0","U","N",,,,,,,,,,,,,,,,,,"3",,,1473
0,"SALIMYR","0","0","0","0","U","N",,,,,,,,,,,,,,,,,,"4",,,1474
0,"SALINIP","0","0","0","0","U","N",,,,,,,,,,,,,,,,,,,,,7956
0,"SALINIV","0","0","0","0","U","N",,,,,,,,,,,,,,,,,,,,,7434
0,"SALIPED","0","0","0","0","U","N",,,,,,,,,,,,,,,,,,"2",,,1475
0,"SALIPEN","0","0","0","0","U","N",,,,,,,,,,,,,,,,,,,,,7770
0,"SALIPER","0","0","0","0","U","N",,,,,,,,,,,,,,,,,,,,,7958
0,"SALIPET","0","0","0","0","U","N",,,,,,,,,,,,,,,,,,"4",,,1476
0,"SALIPLA","0","0","0","0","U","N",,,,,,,,,,,,,,,,,,"3",,,1477
0,"SALIPOL","0","0","0","0","U","N",,,,,,,,,,,,,,,,,,,,,7435
0,"SALIPRO","0","0","0","0","U","N",,,,,,,,,,,,,,,,,,,,,1478
0,"SALIPSD","0","0","0","0","U","N",,,,,,,,,,,,,,,,,,"4",,,7957
0,"SALIPSE","3","5","0","0","U","N",,,,,,,,,,,,,,,,,,"3",,,1479
0,"SALIPUL","0","0","0","0","U","N",,,,,,,,,,,,,,,,,,"4",,,7959
0,"SALIPYR","3","6","3","5","U","N",,,,,,,,,,,,,,,,,,"3",,,1480
0,"SALIRAU","0","0","0","0","U","N",,,,,,,,,,,,,,,,,,"4",,,1481
0,"SALIRET","0","0","0","0","U","N",,,,,,,,,,,,,,,,,,,,,7436
0,"SALIRET1","0","0","0","0","U","N",,,,,,,,,,,,,,,,,,,,,7437
0,"SALIRET3","0","0","0","0","U","N",,,,,,,,,,,,,,,,,,,,,7438
0,"SALIRIC","0","0","0","0","U","N",,,,,,,,,,,,,,,,,,"3",,,7960
0,"SALIRUB","0","0","0","0","U","N",,,,,,,,,,,,,,,,,,,,,3678
0,"SALISCO","0","0","2","0","U","N",,,,,,,,,,,,,,,,,,,,,1090
0,"SALISER","0","0","0","0","U","N",,,,,,,,,,,,,,,,,,"4",,,1482
0,"SALISES","0","0","0","0","U","N",,,,,,,,,,,,,,,,,,"4",,,1483
0,"SALISET","0","0","0","0","U","N",,,,,,,,,,,,,,,,,,"4",,,1484
0,"SALISIT","0","0","2","0","U","N",,,,,,,,,,,,,"1","0","0",,,"4",,,1091
0,"SALISTO","0","0","0","0","U","N",,,,,,,,,,,,,,,,,,"4",,,7439
0,"SALITWE","0","0","0","0","U","N",,,,,,,,,,,,,,,,,,"4",,,1485
0,"SALIVES","0","0","0","0","U","N",,,,,,,,,,,,,,,,,,,,,1486
0,"SALIX","0","0","0","0","U","N",,,,,,,,,,,,,"1","0","0","F",,,,,61
0,"SALIXFR","0","0","0","0","U","E",,,,,,,,,,,,,,,,,,,,,8273
0,"SALSOLA","0","0","0","0","U","E",,,,,,,,,"OS",,,,,,,,,,,,3680
0,"SALSTRA","0","0","0","0","U","E",,"L",,"L",,,"I","N","PX","U",,,,,,"P","R",,,,652
0,"SALVIA","0","0","0","0","U","E",,,,,,,,,,,,,,,,,,,,,3682
0,"SALVNEM","0","0","0","0","U","E",,,,,,,,,,,,,,,,,,,,,3681
0,"SAMBNIG2","0","0","0","0","U","E",,,,,,,,,,,,,,,,,,,,,7771
0,"SAMBNIG","0","0","0","0","U","N",,,,,,,,,,,,,,,,,,,,,1487
0,"SAMBNIG1","0","0","0","0","U","N",,,,,,,,,,,,,,,,,,,,,7519
0,"SAMBRAC","0","4","3","2","U","N",,,,,,,,,,,,,"1","0","0",,,"4",,,1488
0,"SAMBRAC1","0","0","0","0","U","N",,,,,,,,,,,,,,,,,,"4",,,1489
0,"SAMBRAC5","0","0","0","0","U","N",,,,,,,,,,,,,,,,,,"4",,,653
0,"SAMBRAC6","0","0","0","0","U","N",,,,,,,,,,,,,,,,,,"4",,,654
0,"SAMBRAC7","0","0","0","0","U","N",,,,,,,,,,,,,,,,,,"4",,,655
0,"SAMBUCU","0","0","0","0","U","N",,,,,,,,,,,,,,,,"P",,,,,1490
0,"SANDBER","0","0","0","0","U","N",,,,,,,,,,,,,,,,,,,,,8214
0,"SANDWHI","0","0","0","0","U","N",,,,,,,,,,,,,,,,,,,,,8213
0,"SANGMEN","4","6","1","5","U","N",,,,,,,,,,,,,,,,,,"3",,,3683
0,"SANGMIN","0","0","0","0","U","E",,,,,,,,,,,,,,,,,,,,,3684
0,"SANGMIN1","0","0","0","0","U","E",,,,,,,,,,,,,,,,,,"4",,,6310
0,"SANGOFF","0","5","2","0","U","N",,,,,,,,,,,,,,,,,,"2",,,3685
0,"SANGUIS","0","0","0","0","U","N",,,,,,,,,,,,,,,,,,,,,3686
0,"SANIARC","0","0","0","0","U","N",,,,,,,,,,,,,,,,,,,,,3687
0,"SANIBIP","4","2","3","2","U","N",,,,,,,,,,,,,,,,,,,,,3688
0,"SANICRA","4","2","3","2","U","N",,,,,,,,,,,,,,,,,,,,,3689
0,"SANICRA1","0","0","0","0","U","N",,,,,,,,,,,,,,,,,,,,,3690
0,"SANICRA2","0","0","0","0","U","N",,,,,,,,,,,,,,,,,,,,,715
0,"SANICUL","0","0","0","0","U","N",,,,,,,,,,,,,,,,,,,,,3693
0,"SANIEUR","0","0","0","0","U","E",,,,,,,,,,,,,,,,,,,,,7907
0,"SANIGRA","0","2","3","2","U","N",,,,,,,,,,,,,,,,,,,,,3691
0,"SANIMAR","0","0","0","0","U","N",,,,,,,,,,,,,,,,,,,,,3692
0,"SANIONI","0","0","0","0","U","N",,,,,,,,,,,,,,,,,,,,,855
0,"SANIORT","0","0","0","0","U","N",,,,,,,,,,,,,,,,,,,,,891
0,"SANISYM","0","0","0","0","U","N",,,,,,,,,,,,,,,,,,"4",,,890
0,"SANIUNC","0","0","0","0","U","N",,,,,,,,,,,,,,,,,,"4",,,4908
0,"SANTALA","0","0","0","0","U","N",,,,,,,,,,,,,,,,,,,,,3694
0,"SAPONAR","0","0","0","0","U","N",,,,,,,,,"OS",,,,,,,,,,,,3696
0,"SAPOOCY","0","0","0","0","U","E",,,,,,,,,"OS",,,,,,,,,,,,8275
0,"SAPOOFF","0","0","0","0","U","E",,"L",,"L",,"S","I","O","PX","U",,"O-other or unknown",,,,,,,,,3695
0,"SARCOGY","0","0","0","0","U","N",,,,,,,,,,,,,,,,,,,,,7148
0,"SARCPAC","0","0","0","0","U","N",,,,,,,,,,,,,,,,,,"3",,,7663
0,"SARCREG","0","0","0","0","U","N",,,,,,,,,,,,,,,,,,,,,7147
0,"SARMENT","0","0","0","0","U","N",,,,,,,,,,,,,,,,,,,,,856
0,"SARRACE","0","0","0","0","U","N",,,,,,,,,,,,,,,,,,"2",,,3699
0,"SARRACN","0","0","0","0","U","N",,,,,,,,,,,,,,,,,,"2",,,3700
0,"SARRPUR","0","0","0","0","U","N",,,,,,,,,,,,,,,,,,"2",,,3697
0,"SARRPUR1","0","0","0","0","U","N",,,,,,,,,,,,,,,,,,"2",,,3698
0,"SAUSAME","0","0","0","0","U","N",,,,,,,,,,,,,,,,,,,,,3701
0,"SAUSANG","0","0","0","0","U","N",,,,,,,,,,,,,,,,,,"4",,,3702
0,"SAUSANG1","0","0","0","0","U","N",,,,,,,,,,,,,,,,,,,,,3703
0,"SAUSNUD","0","0","0","0","U","N",,,,,,,,,,,,,,,,,,,,,3704
0,"SAUSNUD2","0","0","0","0","U","N",,,,,,,,,,,,,,,,,,,,,3705
0,"SAUSSUR","0","0","0","0","U","N",,,,,,,,,,,,,,,,,,,,,3706
0,"SAUTALP","0","0","0","0","U","N",,,,,,,,,,,,,,,,,,,,,5865
0,"SAUTERI","0","0","0","0","U","N",,,,,,,,,,,,,,,,,,,,,5866
0,"SAXIADS","0","0","0","0","U","N",,,,,,,,,,,,,,,,,,,,,3707
0,"SAXIAIZ","0","0","0","0","U","N",,,,,,,,,,,,,,,,,,,,,3708
0,"SAXIBRO","0","0","0","3","U","N",,,,,,,,,,,,,,,,"P",,,,,3709
0,"SAXIBRO1","0","0","0","0","U","N",,,,,,,,,,,,,,,,,,,,,3710
0,"SAXIBRO2","0","0","0","0","U","N",,,,,,,,,,,,,,,,,,,,,3711
0,"SAXICAL","0","0","0","0","U","N",,,,,,,,,,,,,,,,,,,,,6324
0,"SAXICAL1","0","0","0","0","U","N",,,,,,,,,,,,,,,,,,,,,6325
0,"SAXICER","0","0","0","0","U","N",,,,,,,,,,,,,,,,,,,,,3712
0,"SAXICES","0","0","0","3","U","N",,,,,,,,,,,,,,,,,,,,,3713
0,"SAXIFLA","0","0","0","0","U","N",,,,,,,,,,,,,,,,,,,,,3714
0,"SAXIFLA1","0","0","0","0","U","N",,,,,,,,,,,,,,,,,,,,,3715
0,"SAXIFRA","0","0","0","0","U","N",,,,,,,,,,,,,,,,,,,,,3721
0,"SAXIFRG","0","0","0","0","U","N",,,,,,,,,,,,,,,,,,,,,3725
0,"SAXIHIR","0","0","0","0","U","N",,,,,,,,,,,,,,,,,,"3",,,3716
0,"SAXIHYP","0","0","0","0","U","N",,,,,,,,,,,,,,,,,,,,,3717
0,"SAXIMER","0","0","0","0","U","N",,,,,,,,,,,,,,,,,,,,,3718
0,"SAXIOPP","0","0","0","0","U","N",,,,,,,,,,,,,,,,,,,,,3719
0,"SAXIOPP1","0","0","0","0","U","N",,,,,,,,,,,,,,,,,,,,,8167
0,"SAXISER","0","0","0","0","U","N",,,,,,,,,,,,,,,,,,,,,3720
0,"SAXITAY","0","0","0","0","U","N",,,,,,,,,,,,,,,,,,,,,3722
0,"SAXITRD","0","0","0","0","U","E",,,,,,,,,,,,,,,,,,,,,3724
0,"SAXITRI","0","0","0","0","U","N",,,,,,,,,,,,,,,,,,,,,3723
0,"SCABCAU","0","0","0","0","U","E",,,,,,,,,,,,,,,,,,,,,7915
0,"SCABIOS","0","0","0","0","U","E",,,,,,,,,,,,,,,,,,,,,3727
0,"SCABOCH","0","0","0","0","U","E",,,,,,,,,,,,,,,,,,,,,3726
0,"SCANDIX","0","0","0","0","U","E",,,,,,,,,,,,,,,,,,,,,3729
0,"SCANPEC","0","0","0","0","U","E",,,,,,,,,,,,,,,,,,,,,3728
0,"SCAPAEQ","0","0","0","0","U","N",,,,,,,,,,,,,,,,,,,,,5867
0,"SCAPAME","0","0","0","1","U","N",,,,,,,,,,,,,,,,,,,,,5868
0,"SCAPANA","0","0","0","0","U","N",,,,,,,,,,,,,,,,,,,,,5934
0,"SCAPANI","0","0","0","0","U","N",,,,,,,,,,,,,,,,,,,,,5924
0,"SCAPAPI","0","0","0","0","U","N",,,,,,,,,,,,,,,,,,,,,5869
0,"SCAPBOL","5","4","1","2","U","N",,,,,,,,,,,,,,,,,,"3",,,5870
0,"SCAPBRE","0","0","0","0","U","N",,,,,,,,,,,,,,,,,,,,,5871
0,"SCAPCAL","0","0","0","0","U","N",,,,,,,,,,,,,,,,,,,,,5872
0,"SCAPCAR","0","0","0","0","U","N",,,,,,,,,,,,,,,,,,,,,5873
0,"SCAPCOM","0","0","0","0","U","N",,,,,,,,,,,,,,,,,,,,,5874
0,"SCAPCRA","0","0","0","0","U","N",,,,,,,,,,,,,,,,,,,,,5875
0,"SCAPCUR","0","0","0","0","U","N",,,,,,,,,,,,,,,,,,,,,5876
0,"SCAPCUR1","0","0","0","0","U","N",,,,,,,,,,,,,,,,,,,,,5877
0,"SCAPCUR2","0","0","0","0","U","N",,,,,,,,,,,,,,,,,,,,,5878
0,"SCAPCUR3","0","0","0","0","U","N",,,,,,,,,,,,,,,,,,,,,5879
0,"SCAPCUS","0","0","0","0","U","N",,,,,,,,,,,,,,,,,,,,,5880
0,"SCAPCUS1","0","0","0","0","U","N",,,,,,,,,,,,,,,,,,,,,5881
0,"SCAPCUS2","0","0","0","0","U","N",,,,,,,,,,,,,,,,,,,,,5882
0,"SCAPDEG","0","0","0","0","U","N",,,,,,,,,,,,,,,,,,,,,5883
0,"SCAPDEG1","0","0","0","0","U","N",,,,,,,,,,,,,,,,,,,,,5884
0,"SCAPDEG2","0","0","0","0","U","N",,,,,,,,,,,,,,,,,,,,,5885
0,"SCAPGLA","0","0","0","0","U","N",,,,,,,,,,,,,,,,,,,,,5886
0,"SCAPGYM","0","0","0","0","U","N",,,,,,,,,,,,,,,,,,,,,5887
0,"SCAPHYP","0","0","0","0","U","N",,,,,,,,,,,,,,,,,,,,,5888
0,"SCAPINV","0","0","0","0","U","N",,,,,,,,,,,,,,,,,,,,,5889
0,"SCAPIRR","0","6","2","0","U","N",,,,,,,,,,,,,,,,,,"2",,,5890
0,"SCAPIRR1","0","0","0","0","U","N",,,,,,,,,,,,,,,,,,,,,5891
0,"SCAPIRR2","0","0","0","0","U","N",,,,,,,,,,,,,,,,,,,,,5892
0,"SCAPKAU","0","0","0","0","U","N",,,,,,,,,,,,,,,,,,,,,5893
0,"SCAPLIG","0","0","0","0","U","N",,,,,,,,,,,,,,,,,,,,,5894
0,"SCAPLIN","0","0","0","0","U","N",,,,,,,,,,,,,,,,,,,,,5895
0,"SCAPLIN1","0","0","0","0","U","N",,,,,,,,,,,,,,,,,,,,,5896
0,"SCAPLIN2","0","0","0","0","U","N",,,,,,,,,,,,,,,,,,,,,5897
0,"SCAPMAS","0","0","0","0","U","N",,,,,,,,,,,,,,,,,,,,,5898
0,"SCAPMUC","0","0","0","0","U","N",,,,,,,,,,,,,,,,,,,,,5899
0,"SCAPMUC1","0","0","0","0","U","N",,,,,,,,,,,,,,,,,,,,,5900
0,"SCAPMUC2","0","0","0","0","U","N",,,,,,,,,,,,,,,,,,,,,5901
0,"SCAPMUC3","0","0","0","0","U","N",,,,,,,,,,,,,,,,,,,,,5902
0,"SCAPMUC4","0","0","0","0","U","N",,,,,,,,,,,,,,,,,,,,,5903
0,"SCAPNEM","0","0","0","0","U","N",,,,,,,,,,,,,,,,,,,,,5904
0,"SCAPOBC","0","0","0","0","U","N",,,,,,,,,,,,,,,,,,,,,5905
0,"SCAPOBS","0","0","0","0","U","N",,,,,,,,,,,,,,,,,,,,,5906
0,"SCAPPAL","0","0","0","0","U","N",,,,,,,,,,,,,,,,,,"3",,,5907
0,"SCAPPAL1","0","0","0","0","U","N",,,,,,,,,,,,,,,,,,,,,5908
0,"SCAPPAL2","0","0","0","0","U","N",,,,,,,,,,,,,,,,,,,,,5909
0,"SCAPPAL3","0","0","0","0","U","N",,,,,,,,,,,,,,,,,,,,,5910
0,"SCAPPAR","0","0","0","0","U","N",,,,,,,,,,,,,,,,,,,,,5912
0,"SCAPPAR1","0","0","0","0","U","N",,,,,,,,,,,,,,,,,,,,,5913
0,"SCAPPAR2","0","0","0","0","U","N",,,,,,,,,,,,,,,,,,,,,5914
0,"SCAPPAU","0","0","0","0","U","N",,,,,,,,,,,,,,,,,,"3",,,5911
0,"SCAPPAV","0","0","0","0","U","N",,,,,,,,,,,,,,,,,,,,,5915
0,"SCAPPER","0","0","0","0","U","N",,,,,,,,,,,,,,,,,,,,,5916
0,"SCAPPUL","0","0","0","0","U","N",,,,,,,,,,,,,,,,,,,,,5917
0,"SCAPSAX","0","0","0","0","U","N",,,,,,,,,,,,,,,,,,,,,5918
0,"SCAPSCA","0","0","0","0","U","N",,,,,,,,,,,,,,,,,,,,,5919
0,"SCAPSCA1","0","0","0","0","U","N",,,,,,,,,,,,,,,,,,,,,5920
0,"SCAPSCA2","0","0","0","0","U","N",,,,,,,,,,,,,,,,,,,,,5921
0,"SCAPSER","0","0","0","0","U","N",,,,,,,,,,,,,,,,,,,,,5922
0,"SCAPSIM","0","0","0","0","U","N",,,,,,,,,,,,,,,,,,,,,5923
0,"SCAPSPI","0","0","0","0","U","N",,,,,,,,,,,,,,,,,,,,,5925
0,"SCAPSUB","0","0","0","0","U","N",,,,,,,,,,,,,,,,,,,,,5926
0,"SCAPTUN","0","0","0","0","U","N",,,,,,,,,,,,,,,,,,,,,5927
0,"SCAPULI","0","0","0","0","U","N",,,,,,,,,,,,,,,,,,"4",,,5928
0,"SCAPUMB","1","0","0","1","U","N",,,,,,,,,,,,,,,,,,"4",,,5929
0,"SCAPUND","0","0","0","0","U","N",,,,,,,,,,,,,,,,,,"4",,,5930
0,"SCAPUND1","0","0","0","0","U","N",,,,,,,,,,,,,,,,,,,,,5931
0,"SCAPUND2","0","0","0","0","U","N",,,,,,,,,,,,,,,,,,,,,5932
0,"SCAPUND3","0","0","0","0","U","N",,,,,,,,,,,,,,,,,,,,,5933
0,"SCHAALP","0","0","0","0","U","N",,,,,,,,,,,,,,,,,,,,,7149
0,"SCHACOR","0","0","0","0","U","N",,,,,,,,,,,,,,,,,,,,,7151
0,"SCHADON","0","0","0","0","U","N",,,,,,,,,,,,,,,,,,,,,7150
0,"SCHAERE","0","0","0","0","U","N",,,,,,,,,,,,,,,,,,,,,7152
0,"SCHAERR","0","0","0","0","U","N",,,,,,,,,,,,,,,,,,,,,7153
0,"SCHEARU","4","4","3","3","U","E",,"L",,"L",,"C","I","A,N","PX","SPR,SUM,AUT,WIN",,,,,,,,,,,676
0,"SCHEDON","0","0","0","0","U","E",,,,,,,,,,,,,,,,,,,,,677
0,"SCHEPAL","3","6","1","5","U","N",,,,,,,,,,,,,,,,,,"2",,,3730
0,"SCHEPAL1","0","0","0","0","U","N",,,,,,,,,,,,,,,,,,,,,3731
0,"SCHEPAN","0","0","0","0","U","E",,,,,,,,,,,,,,,,,,,,,716
0,"SCHEPRA","0","0","3","3","U","E",,"L",,"L",,,"I","O","PX","U",,,,,,,,,,,678
0,"SCHEUCH","0","0","0","0","U","N",,,,,,,,,,,,,,,,,,"2",,,3732
0,"SCHEUCZ","0","0","0","0","U","N",,,,,,,,,,,,,,,,,,"2",,,3733
0,"SCHIAGA","0","0","0","0","U","N",,,,,,,,,,,,,,,,,,,,,4909
0,"SCHIAPO","0","0","0","0","U","N",,,,,,,,,,,,,,,,,,,,,4910
0,"SCHIAPO1","0","0","0","0","U","N",,,,,,,,,,,,,,,,,,,,,8086
0,"SCHIAPO2","0","0","0","0","U","N",,,,,,,,,,,,,,,,,,,,,435
0,"SCHIATR","0","0","0","0","U","N",,,,,,,,,,,,,,,,,,,,,836
0,"SCHIBOR","0","0","0","0","U","N",,,,,,,,,,,,,,,,,,,,,837
0,"SCHICON","0","0","0","0","U","N",,,,,,,,,,,,,,,,,,,,,1348
0,"SCHIDUP","0","0","0","0","U","N",,,,,,,,,,,,,,,,,,,,,1349
0,"SCHIFRI","0","0","0","0","U","N",,,,,,,,,,,,,,,,,,,,,1350
0,"SCHIHET","0","0","0","0","U","N",,,,,,,,,,,,,,,,,,,,,1351
0,"SCHILAN","0","0","0","0","U","N",,,,,,,,,,,,,,,,,,,,,8059
0,"SCHIMAR","0","0","0","0","U","N",,,,,,,,,,,,,,,,,,,,,4911
0,"SCHIPEN","0","0","0","0","U","N",,,,,,,,,,,,,,,,,,,,,4916
0,"SCHIPUL","0","0","0","0","U","N",,,,,,,,,,,,,,,,,,,,,8060
0,"SCHIPUR","3","2","3","2","U","N",,,,,,,,,,,,,,,,,,,,,2296
0,"SCHIPUV","0","0","0","0","U","N",,,,,,,,,,,,,,,,,,,,,8061
0,"SCHIREL","0","0","0","0","U","N",,,,,,,,,,,,,,,,,,,,,8062
0,"SCHIRIV","0","0","0","0","U","N",,,,,,,,,,,,,,,,,,,,,4912
0,"SCHIRIV3","0","0","0","0","U","N",,,,,,,,,,,,,,,,,,,,,8113
0,"SCHIRIV4","0","0","0","0","U","N",,,,,,,,,,,,,,,,,,,,,8114
0,"SCHIROB","0","0","0","0","U","N",,,,,,,,,,,,,,,,,,,,,8063
0,"SCHISCO","0","0","0","0","U","N",,,,,,,,,,,,,,,,,,,,,2298
0,"SCHISPL","0","0","0","0","U","N",,,,,,,,,,,,,,,,,,,,,8087
0,"SCHISTI","0","0","0","0","U","N",,,,,,,,,,,,,,,,,,,,,4913
0,"SCHISTO","0","0","0","0","U","N",,,,,,,,,,,,,,,,,,,,,4917
0,"SCHISTS","0","0","0","0","U","N",,,,,,,,,,,,,,,,,,,,,4918
0,"SCHITEN","0","0","0","0","U","N",,,,,,,,,,,,,,,,,,,,,4914
0,"SCHITRI","0","0","0","0","U","N",,,,,,,,,,,,,,,,,,,,,4915
0,"SCHIVAN","0","0","0","0","U","N",,,,,,,,,,,,,,,,,,,,,8064
0,"SCHIZAC","0","0","0","0","U","N",,,,,,,,,,,,,,,,,,,,,2297
0,"SCHIZAH","0","0","0","0","U","N",,,,,,,,,,,,,,,,,,,,,2299
0,"SCHOACU","0","0","0","0","U","N",,,,,,,,,"OS",,,,,,,,,"2",,,7575
0,"SCHOAME","0","0","0","0","U","N",,"L",,"L",,,"I","O","PX","U",,"O-other or unknown",,,,,,"3",,,7576
0,"SCHOENO","0","0","0","0","U","N",,,,,,,,,,,,,,,,,,,,,3734
0,"SCHOENP","0","0","0","0","U","N",,,,,,,,,"OS",,,,,,,,,,,,900
0,"SCHOFIE","0","0","0","0","U","N",,,,,,,,,,,,,,,,,,,,,5936
0,"SCHOMON","0","0","0","0","U","N",,,,,,,,,,,,,,,,,,,,,5935
0,"SCHOPUN","0","0","0","0","U","N",,,,,,,,,,,,,,,,,,,,,7577
0,"SCHOPUN1","0","0","0","0","U","N",,,,,,,,,,,,,,,,,,,,,7578
0,"SCHOSAX","0","0","0","0","U","N",,,,,,,,,"OS",,,,,,,,,"3",,,7579
0,"SCHOSUB","5","6","1","5","U","N",,,,,,,,,"OS",,,,,,,,,"1",,,1324
0,"SCHOTAB","0","0","0","0","U","N",,,,,,,,,,,,,,,,,,"2",,,1325
0,"SCHOTRI","0","0","0","0","U","N",,,,,,,,,"OS",,,,,,,,,,,,8172
0,"SCIRATR","0","0","0","0","U","E",,,,,,,,,"OS",,,,,,,,,"2",,,2300
0,"SCIRCYP","0","0","0","0","U","N",,,,,,,,,"OS",,,,,,,,,"2",,,2301
0,"SCIRGEO","0","0","0","0","U","E",,,,,,,,,"OS",,,,,,,,,,,,656
0,"SCIRMIC","5","6","3","5","U","N",,,,,,,,,"OS",,,,"2","2","1",,,"2",,,2302
0,"SCIRPAI","0","0","0","0","U","N",,,,,,,,,"OS",,,,,,,,,"2",,,2303
0,"SCIRPUS","0","0","0","0","U","N",,,,,,,,,"OS",,,,,,,,,,,,2304
0,"SCLEAMA","0","0","0","0","U","N",,,,,,,,,,,,,,,,,,,,,7154
0,"SCLEANN","0","0","0","0","U","E",,,,,,,,,,,,,,,,,,,,,3735
0,"SCLECES","0","0","0","0","U","N",,,,,,,,,,,,,,,,,,,,,4919
0,"SCLECES1","0","0","0","0","U","N",,,,,,,,,,,,,,,,,,,,,4920
0,"SCLECES2","0","0","0","0","U","N",,,,,,,,,,,,,,,,,,,,,4921
0,"SCLECON","0","0","0","0","U","N",,,,,,,,,,,,,,,,,,,,,7155
0,"SCLEDUR","0","0","0","0","U","E",,,,,,,,,,,,,,,,,,,,,657
0,"SCLEOBT","0","0","0","0","U","N",,,,,,,,,,,,,,,,,,,,,4922
0,"SCLEPER","0","0","0","0","U","N",,,,,,,,,,,,,,,,,,,,,7156
0,"SCLERAN","0","0","0","0","U","E",,,,,,,,,,,,,,,,,,,,,3736
0,"SCLEROH","0","0","0","0","U","E",,,,,,,,,,,,,,,,,,,,,658
0,"SCLEROI","0","0","0","0","U","N",,,,,,,,,,,,,,,,,,,,,7157
0,"SCLEROP","0","0","0","0","U","N",,,,,,,,,,,,,,,,,,,,,4923
0,"SCLETOU","0","0","0","0","U","N",,,,,,,,,,,,,,,,,,,,,4924
0,"SCLETOU1","0","0","0","0","U","N",,,,,,,,,,,,,,,,,,,,,4925
0,"SCLETOU2","0","0","0","0","U","N",,,,,,,,,,,,,,,,,,,,,4926
0,"SCOLCHL","0","0","0","0","U","N",,,,,,,,,,,,,,,,,,,,,7158
0,"SCOLFES","0","0","0","0","U","N",,,,,,,,,,,,,,,,,,"3",,,2305
0,"SCOLICI","0","0","0","0","U","N",,,,,,,,,,,,,,,,,,,,,7159
0,"SCOLOCH","0","0","0","0","U","N",,,,,,,,,,,,,,,,,,,,,2306
0,"SCOLUMB","0","0","0","0","U","N",,,,,,,,,,,,,,,,,,,,,7160
0,"SCORCOS","0","0","0","0","U","N",,,,,,,,,,,,,,,,,,"2",,,892
0,"SCORPID","0","0","0","0","U","N",,,,,,,,,,,,,,,,,,,,,4928
0,"SCORREV","0","0","0","0","U","N",,,,,,,,,,,,,,,,,,"2",,,893
0,"SCORSCO","0","0","0","0","U","N",,,,,,,,,,,,,,,,,,"2",,,4927
0,"SCOUAQU","0","0","0","0","U","N",,,,,,,,,,,,,,,,,,"2",,,4929
0,"SCOULEI","0","0","0","0","U","N",,,,,,,,,,,,,,,,,,,,,4932
0,"SCOULER","0","0","0","0","U","N",,,,,,,,,,,,,,,,,,,,,4931
0,"SCOUMAR","0","0","0","0","U","N",,,,,,,,,,,,,,,,,,,,,4930
0,"SCROCAL","0","0","0","0","U","N",,,,,,,,,,,,,,,,,,,,,3737
0,"SCROCAL1","0","0","0","0","U","N",,,,,,,,,,,,,,,,,,,,,3738
0,"SCROLAN","0","0","0","0","U","N",,,,,,,,,,,,,,,,,,,,,3739
0,"SCROPHL","0","0","0","0","U","N",,,,,,,,,,,,,,,,,,,,,3741
0,"SCROPHU","0","0","0","0","U","N",,,,,,,,,,,,,,,,,,,,,3740
0,"SCUTANG","0","0","0","0","U","N",,,,,,,,,,,,,,,,,,,,,3742
0,"SCUTANG1","0","0","0","0","U","N",,,,,,,,,,,,,,,,,,,,,659
0,"SCUTANG2","0","0","0","0","U","N",,,,,,,,,,,,,,,,,,,,,432
0,"SCUTELL","0","0","0","0","U","N",,,,,,,,,,,,,,,,,,,,,3745
0,"SCUTGAL","0","5","3","5","U","N",,,,,,,,,,,,,,,,,,"2",,,3743
0,"SCUTLAT","0","0","3","2","U","N",,,,,,,,,,,,,,,,,,,,,3744
0,"SCUTMIL","0","0","0","0","U","N",,,,,,,,,,,,,,,,,,,,,7161
0,"SCUTSTE","0","0","0","0","U","N",,,,,,,,,,,,,,,,,,,,,7163
0,"SCUTULA","0","0","0","0","U","N",,,,,,,,,,,,,,,,,,,,,7162
0,"SECACER","0","0","0","0","U","E",,,,,,,,,,,,,,,,,,,,,2307
0,"SECALE","0","0","0","0","U","E",,,,,,,,,,,,,,,,,,,,,2308
0,"SEDUACR","0","0","0","0","U","E",,,,,,,,,,,,,,,,,,,,,3746
0,"SEDUALB","0","0","0","0","U","E",,,,,,,,,,,,,,,,,,,,,3747
0,"SEDUDIV","0","0","0","0","U","N",,,,,,,,,,,,,,,,,,,,,3748
0,"SEDUFOR","0","0","0","0","U","E",,,,,,,,,,,,,,,,,,,,,7664
0,"SEDULAN","3","2","2","3","U","N",,,,,,,,,,,,,,,,"P",,,,,3749
0,"SEDULAN1","0","0","0","0","U","N",,,,,,,,,,,,,,,,,,,,,3750
0,"SEDULAN2","0","0","0","0","U","N",,,,,,,,,,,,,,,,,,,,,3751
0,"SEDUM","0","0","0","0","U","N",,,,,,,,,,,,,,,,,,,,,3753
0,"SEDUORE","5","2","2","3","U","N",,,,,,,,,,,,,,,,,,,,,3752
0,"SEDUREF","0","0","0","0","U","E",,,,,,,,,,,,,,,,,,,,,660
1,"SEDUSPA","0","0","0","0","U","N",,,,,,,,,,,,,,,,,,,,,3756
0,"SEDUSTE","0","0","0","0","U","N",,,,,,,,,,,,,,,,"P",,,,,3757
0,"SELADEN","0","1","1","3","U","N",,,,,,,,,,,,,,,,,,,,,1793
0,"SELAGIE","0","0","0","0","U","N",,,,,,,,,,,,,,,,,,,,,1799
0,"SELAGIN","0","0","0","0","U","N",,,,,,,,,,,,,,,,"P",,,,,1797
0,"SELAORE","0","0","0","0","U","N",,,,,,,,,,,,,,,,,,,,,1794
0,"SELARUP","0","0","0","0","U","N",,,,,,,,,,,,,,,,,,,,,7918
0,"SELASCO","0","0","0","0","U","N",,,,,,,,,,,,,,,,,,,,,583
0,"SELASEL","0","0","3","0","U","N",,,,,,,,,,,,,,,,,,"4",,,1795
0,"SELASIB","0","0","0","0","U","N",,,,,,,,,,,,,,,,,,,,,1796
0,"SELASTA","0","0","0","0","U","N",,,,,,,,,,,,,,,,,,,,,584
0,"SELAWAL","0","2","1","4","U","N",,,,,,,,,,,,,,,,,,,,,1798
0,"SELIACU","0","0","0","0","U","N",,,,,,,,,,,,,,,,,,,,,4933
0,"SELICAM","0","0","0","0","U","N",,,,,,,,,,,,,,,,,,,,,4934
0,"SELICAR","0","0","0","0","U","N",,,,,,,,,,,,,,,,,,,,,4935
0,"SELIDON","0","0","0","0","U","N",,,,,,,,,,,,,,,,,,,,,4936
0,"SELIGEI","0","0","0","0","U","N",,,,,,,,,,,,,,,,,,,,,4940
0,"SELIGER","0","0","0","0","U","N",,,,,,,,,,,,,,,,,,,,,4938
0,"SELIREC","0","0","0","0","U","N",,,,,,,,,,,,,,,,,,,,,4937
0,"SELISUB","0","0","0","0","U","N",,,,,,,,,,,,,,,,,,,,,8065
0,"SELITRI","0","0","0","0","U","N",,,,,,,,,,,,,,,,,,,,,4939
0,"SENECIO","0","0","0","0","U","N",,,,,,,,,"OS",,,,,,,"G",,,,,517
0,"SENEELM","0","0","0","0","U","N",,,,,,,,,"OS",,,,,,,,,,,,3758
0,"SENEERE","0","0","0","0","U","N",,,,,,,,,"OS",,,,,,,,,,,,3759
0,"SENEERE1","0","0","0","0","U","N",,,,,,,,,,,,,,,,,,,,,3760
0,"SENEFRE","0","0","0","0","U","N",,,,,,,,,"OS",,,,,,,,,,,,3761
0,"SENEFRE1","0","0","0","0","U","N",,,,,,,,,,,,,,,,,,,,,3762
0,"SENEHYD","0","0","0","0","U","N",,,,,,,,,"OS",,,,,,,,,"3",,,3764
0,"SENEHYR","0","0","0","0","U","N",,,,,,,,,"OS",,,,,,,,,"4",,,3763
0,"SENEINT","0","0","0","3","U","N",,"L",,"L",,"C,H,S","I","A","P2","SPR,SUM","AL","A-probably pyrrolozidine alkaloids, P2-liver damage, death in experimental poisonings, poisoning potential in hay or when forage is scarce",,,,"G",,,,,3765
0,"SENEINT1","0","0","0","0","U","N",,"L",,"L",,"C,H,S","I","A","P2","SPR,SUM","AL","A-probably pyrrolozidine alkaloids, P2-liver damage, death in experimental poisonings, poisoning potential in hay or when forage is scarce",,,,,,,,,3766
0,"SENEINT3","0","0","0","0","U","N",,"L",,"L",,"C,H,S","I","A","P2","SPR,SUM","AL","A-probably pyrrolozidine alkaloids, P2-liver damage, death in experimental poisonings, poisoning potential in hay or when forage is scarce",,,,,,,,,3767
0,"SENEJAC","0","0","0","0","U","E",,"H,L","H","L",,"P,C,G,H,S","I","A","P1","U","AL","H-humans poisoned by use of this plant in teas and by milk of animals ingesting this plant,A-jacobine,seneciphylline, P1-cause irreversible liver cirrhosis",,,,,"P",,,,3768
0,"SENELUG","0","0","0","0","U","N",,,,,,,,,"OS",,,,,,,,,"4",,,3863
0,"SENEMEG","0","0","0","0","U","N",,,,,,,,,"OS",,,,,,,,,,,,3864
0,"VALECAP","0","0","0","0","U","N",,,,,,,,,,,,,,,,,,"4",,,3960
0,"TRICOBL","0","0","0","0","U","N",,,,,,,,,,,,,,,,,,,,,4091
0,"TRICPUM","0","0","0","0","U","N",,,,,,,,,,,,,,,,,,"3",,,2330
0,"TRICTOM","0","0","0","0","U","N",,,,,,,,,,,,,,,,,,,,,5962
0,"TRIEBOR","5","3","2","0","U","N",,,,,,,,,,,,,,,,,,,,,8123
0,"TRIEBOR1","0","0","0","0","U","N",,,,,,,,,,,,,,,,,,,,,4093
0,"TRIEEUR","0","0","0","0","U","N",,,,,,,,,,,,,,,,,,,,,6315
0,"TRIEEUR1","0","0","0","0","U","N",,,,,,,,,,,,,,,,,,"3",,,4094
0,"TRIENTA","0","0","0","0","U","N",,,,,,,,,,,,,,,,,,,,,4095
0,"TRIFARV","0","0","0","0","U","E",,"L",,"L",,"H,C","I","N","P2","U","AL","P2-photosensitization,liver damage, nitrate poisoning",,,,,,,,,4096
0,"TRIFAUR","0","0","0","0","U","E",,,,,,,,,"OS",,,,,,,,,,,,4097
0,"TRIFBIF","0","0","0","0","U","N",,,,,,,,,"OS",,,,,,,,,,,,4098
0,"TRIFCAM","0","0","0","0","U","E",,,,,,,,,"OS",,,,,,,,,,,,4099
0,"TRIFCYA","0","0","0","0","U","N",,,,,,,,,"OS",,,,,,,,,,,,4100
0,"TRIFDEP","0","0","0","0","U","N",,,,,,,,,"OS",,,,,,,,,"3",,,4101
0,"TRIFDEP1","0","0","0","0","U","N",,,,,,,,,"OS",,,,,,,,,"3",,,1173
0,"TRIFDIC","0","0","0","0","U","N",,,,,,,,,"OS",,,,,,,,,,,,1174
0,"TRIFDUB","5","0","0","3","U","E",,,,,,,,,"OS",,,,,,,,,,,,4102
0,"TRIFFRA","0","0","0","0","U","E",,,,,,,,,"OS",,,,,,,,,,,,4103
0,"TRIFFRA1","0","0","0","0","U","E",,,,,,,,,"OS",,,,,,,,,,,,4104
0,"TRIFGLO","0","0","0","0","U","E",,"L",,"L",,"H,C","I","N","P2","U","AL","P2-photosensitization,liver damage, nitrate poisoning",,,,,,,,,7825
0,"TRIFHYB","0","3","3","3","U","E",,,,,,,,,"OS",,,,,,,,,,,,4105
0,"TRIFINC","0","0","0","0","U","E",,,,,,,,,"OS",,,,,,,,,,,,4106
0,"TRIFMIC","0","0","0","3","U","N",,,,,,,,,"OS",,,,,,,,,,,,4107
0,"TRIFMIR","4","0","0","3","U","N",,,,,,,,,"OS",,,,,,,,,,,,4108
0,"TRIFOLG","0","0","0","0","U","N",,,,,,,,,"OS",,,,,,,,,,,,4109
0,"TRIFOLI","0","0","0","0","U","N",,,,,,,,,"OS",,,,"2","2","1","G",,,,,4112
0,"TRIFPRA","0","0","0","3","U","E",,"L",,"L",,"C","I","G","P2","U","AL","G-isoflavones, P2-infertility,teratogenesis in calves","2","2","1",,,,,,4110
0,"TRIFREP","0","3","3","3","U","E",,"L",,"L",,"C,H","I","G","P2","U","AL","G-linamarin,lotaustralin, P2-bloat,laminitis,cyanongenic poisoning","2","2","1",,,,,,4111
0,"TRIFSTR","0","0","0","0","U","E",,"L",,"L",,"H,C","I","N","P2","U","AL","P2-photosensitization,liver damage, nitrate poisoning",,,,,,,,,7826
0,"TRIFSUB","0","0","0","0","U","E",,"L",,"L",,,"I","O","PX","U",,,,,,,,,,,4113
0,"TRIFVAR","0","0","0","0","U","N",,,,,,,,,"OS",,,,,,,,,,,,4114
0,"TRIFVAR1","0","0","0","0","U","N",,,,,,,,,"OS",,,,,,,,,,,,8242
0,"TRIFWIL","0","0","0","3","U","N",,,,,,,,,"OS",,,,,,,,,,,,1175
0,"TRIFWOR","0","0","0","0","U","N",,,,,,,,,"OS",,,,,,,,,,,,4115
0,"TRIGCON","0","0","0","0","U","N",,,,,,,,,"OS",,,,,,,,,"2",,,4116
0,"TRIGDEB","0","0","0","0","U","N",,,,,,,,,"OS",,,,,,,,,,,,7971
0,"TRIGLOC","0","0","0","0","U","N",,,,,,,,,"OS",,,,,,,,,,,,3886
0,"TRIGMAR","0","0","0","0","U","N",,"L",,"L",,"C,S","I","G","P1","SPR","AL","G-triglochinin,taxiphillin","1","0","0",,,"2",,,4117
0,"TRIGPAL","0","6","0","5","U","N",,"L",,"L",,"C,S","I","G","P1","SPR,WIN","FL,LE","G-triglochinin, WIN-in hay",,,,,,"2",,,3885
0,"TRILLIU","0","0","0","0","U","N",,,,,,,,,,,,,,,,,,,,,3888
0,"TRILOVA","4","4","3","2","U","N",,,,,,,,,,,,,,,,,,,,,3887
0,"TRILOVA2","0","0","0","0","U","N",,,,,,,,,,,,,,,,,,,,,7598
0,"TRILOVA3","0","0","0","0","U","N",,,,,,,,,,,,,,,,,,,,,7599
0,"TRIODAN","0","0","0","0","U","N",,,,,,,,,,,,,,,,,,,,,7518
0,"TRIOPER","0","0","0","0","U","N",,,,,,,,,,,,,,,,,,,,,3889
0,"TRIOPER1","0","0","0","0","U","N",,,,,,,,,,,,,,,,,,,,,7517
0,"TRIPHYS","0","0","0","0","U","N",,,,,,,,,,,,,,,,,,,,,3890
0,"TRIPINO","0","0","0","0","U","E",,,,,,,,,,,,,,,,,"P",,,,7876
0,"TRIPLER","0","0","0","0","U","E",,,,,,,,,,,,,,,,,,,,,7877
0,"TRIPLEU","0","0","0","0","U","N",,,,,,,,,,,,,,,,,,,,,5064
0,"TRIPPUS","0","0","0","0","U","N",,,,,,,,,,,,,,,,,,,,,513
0,"TRIPTER","0","0","0","0","U","N",,,,,,,,,,,,,,,,,,,,,5065
0,"TRIPVER","0","0","0","0","U","N",,,,,,,,,,,,,,,,,,,,,3891
0,"TRIPVER1","0","0","0","0","U","N",,,,,,,,,,,,,,,,,,,,,3892
0,"TRISCAN","0","0","0","3","U","N",,,,,,,,,,,,,,,,,,,,,2332
0,"TRISCER","0","0","0","0","U","N",,,,,,,,,,,,,,,,,,,,,2333
0,"TRISETU","0","0","0","0","U","N",,,,,,,,,,,,,,,,,,,,,2334
0,"TRISSPI","1","0","0","3","U","N",,,,,,,,,,,,,"1","1","0","G",,"4",,,2335
0,"TRISWOL","0","0","0","0","U","N",,,,,,,,,,,,,,,,,,,,,2336
0,"TRITAES","0","2","2","3","U","E",,,,,,,,,,,,,,,,,,,,,2337
0,"TRITELE","0","0","0","0","U","N",,,,,,,,,,,,,,,,,,,,,3896
0,"TRITEXE","0","0","0","0","U","N",,,,,,,,,,,,,,,,,,,,,5965
0,"TRITEXE1","0","0","0","0","U","N",,,,,,,,,,,,,,,,,,,,,5966
0,"TRITEXE2","0","0","0","0","U","N",,,,,,,,,,,,,,,,,,,,,5967
0,"TRITEXS","0","0","0","0","U","N",,,,,,,,,,,,,,,,,,,,,5964
0,"TRITGRA","0","0","0","0","U","N",,,,,,,,,,,,,,,,,,,,,3893
0,"TRITHET","0","0","0","0","U","N",,,,,,,,,,,,,,,,,,,,,5968
0,"TRITHOW","0","0","0","0","U","N",,,,,,,,,,,,,,,,,,,,,3894
0,"TRITHYA","0","5","0","0","U","N",,,,,,,,,,,,,,,,,,,,,3895
0,"TRITICU","0","0","0","0","U","E",,,,,,,,,,,,,,,,,,,,,2338
0,"TRITOMA","0","0","0","0","U","N",,,,,,,,,,,,,,,,,,,,,5977
0,"TRITPOL","0","0","0","0","U","N",,,,,,,,,,,,,,,,,,,,,5969
0,"TRITPOL1","0","0","0","0","U","N",,,,,,,,,,,,,,,,,,,,,5970
0,"TRITPOL2","0","0","0","0","U","N",,,,,,,,,,,,,,,,,,,,,5971
0,"TRITQUI","0","0","0","0","U","N",,,,,,,,,,,,,,,,,,,,,5972
0,"TRITQUI1","0","0","0","0","U","N",,,,,,,,,,,,,,,,,,,,,5973
0,"TRITQUI2","0","0","0","0","U","N",,,,,,,,,,,,,,,,,,,,,5974
0,"TRITQUI3","0","0","0","0","U","N",,,,,,,,,,,,,,,,,,,,,5975
0,"TRITSCI","0","0","0","0","U","N",,,,,,,,,,,,,,,,,,,,,5976
0,"TROLALB","0","0","0","0","U","N",,,,,,,,,,,,,,,,,,"3",,,3897
0,"TROLLIU","0","0","0","0","U","N",,,,,,,,,,,,,,,,,,,,,3942
0,"TSUGA","0","0","0","0","U","N",,,,,,,,,,,,,,,,,,,,,780
0,"TSUGHEE","0","0","0","0","U","N",,,,,,,,,,,,,,,,,,,,,778
0,"TSUGHET","5","0","0","1","U","N",,,,,,,,,,,,,,,,,,"4",,,777
0,"TSUGMER","2","0","0","1","U","N",,,,,,,,,,,,,,,,,,"4",,,779
0,"TUCKERM","0","0","0","0","U","N",,,,,,,,,,,,,,,,,,,,,7279
0,"TURRGLA","0","0","0","0","U","E",,,,,,,,,,,,,,,,,,,,,8187
0,"TURRITI","0","0","0","0","U","E",,,,,,,,,,,,,,,,,,,,,8188
0,"TUSSFAR","0","0","0","0","U","E",,,,,,,,,,,,,,,,,,,,,3943
0,"TUSSILA","0","0","0","0","U","E",,,,,,,,,,,,,,,,,,,,,3944
0,"TYLOBIF","0","0","0","0","U","N",,,,,,,,,,,,,,,,,,,,,7280
0,"TYLOTHA","0","0","0","0","U","N",,,,,,,,,,,,,,,,,,,,,7281
0,"TYPHA","0","0","0","0","U","N",,,,,,,,,"OS",,,,,,,,,,,,3947
0,"TYPHACE","0","0","0","0","U","N",,,,,,,,,,,,,,,,,,,,,3948
0,"TYPHANG","0","0","0","0","U","E",,,,,,,,,"OS",,,,,,,,,"2",,,3945
0,"TYPHLAT","0","6","3","5","U","N",,"L",,"L",,,"I","O","PX","U",,"O-other or unknown",,,,,,"2",,,3946
0,"TYPHXGL","0","0","0","0","U","E",,,,,,,,,"OS",,,,,,,,,,,,7829
0,"ULEX","0","0","0","0","U","E",,,,,,,,,,,,,,,,,,,,,1364
0,"ULEXEUR","0","0","0","0","U","E",,,,,,,,,,,,,,,,,"P",,,,1363
0,"ULMACEA","0","0","0","0","U","E",,,,,,,,,,,,,,,,,,,,,1093
0,"ULMUAME","0","0","0","0","U","E",,,,,,,,,,,,,,,,,,,,,1094
0,"ULMUPUM","0","0","0","0","U","E",,,,,,,,,,,,,,,,,,,,,1095
0,"ULMUS","0","0","0","0","U","E",,,,,,,,,,,,,,,,,,,,,1096
0,"ULOTA","0","0","0","0","U","N",,,,,,,,,,,,,,,,,,,,,5072
0,"ULOTCUR","0","0","0","0","U","N",,,,,,,,,,,,,,,,,,,,,5066
0,"ULOTDRU","0","0","0","0","U","N",,,,,,,,,,,,,,,,,,,,,5067
0,"ULOTJAP","0","0","0","0","U","N",,,,,,,,,,,,,,,,,,,,,5068
0,"ULOTMEG","0","0","0","0","U","N",,,,,,,,,,,,,,,,,,,,,5069
0,"ULOTOBT","0","0","0","0","U","N",,,,,,,,,,,,,,,,,,,,,5070
0,"ULOTPHY","0","0","0","0","U","N",,,,,,,,,,,,,,,,,,,,,5071
0,"UMBIAME","0","0","0","0","U","N",,,,,,,,,,,,,,,,,,,,,7282
0,"UMBIANG","0","0","0","0","U","N",,,,,,,,,,,,,,,,,,,,,7283
0,"UMBIAPR","0","0","0","0","U","N",,,,,,,,,,,,,,,,,,,,,7284
0,"UMBICIN","0","0","0","0","U","N",,,,,,,,,,,,,,,,,,,,,7285
0,"UMBICYL","0","0","0","0","U","N",,,,,,,,,,,,,,,,,,,,,7286
0,"UMBIDEC","0","0","0","0","U","N",,,,,,,,,,,,,,,,,,,,,7943
0,"UMBIDEU","0","0","0","0","U","N",,,,,,,,,,,,,,,,,,,,,7287
0,"UMBIHAV","0","0","0","0","U","N",,,,,,,,,,,,,,,,,,,,,7288
0,"UMBIHIR","0","0","0","0","U","N",,,,,,,,,,,,,,,,,,,,,7289
0,"UMBIHYP","0","0","0","0","U","N",,,,,,,,,,,,,,,,,,,,,7290
0,"UMBIHYP2","0","0","0","0","U","N",,,,,,,,,,,,,,,,,,,,,7291
0,"SPARGRA","0","0","0","0","U","N",,,,,,,,,,,,,,,,"P",,"3",,,2313
0,"SPARHYP","0","0","0","0","U","N",,,,,,,,,,,,,,,,,,"1",,,4156
0,"SPARNAT","0","0","0","0","U","N",,,,,,,,,,,,,,,,,,"1",,,7621
0,"SPARPAT","0","0","0","0","U","E",,,,,,,,,,,,,,,,,,"3",,,2314
0,"SPARTIN","0","0","0","0","U","N",,,,,,,,,,,,,,,,,,,,,2315
0,"SPARXTO","0","0","0","0","U","E",,,,,,,,,,,,,,,,,,,,,8175
0,"SPERARV","0","0","0","0","U","E",,,,,,,,,,,,,,,,,"I","4",,,4158
0,"SPERCAN","0","0","0","0","U","N",,,,,,,,,,,,,,,,,,"4",,,4160
0,"SPERCAN1","0","0","0","0","U","N",,,,,,,,,,,,,,,,,,"4",,,4161
0,"SPERCAN2","0","0","0","0","U","N",,,,,,,,,,,,,,,,,,"4",,,4162
0,"SPERGUA","0","0","0","0","U","N",,,,,,,,,,,,,,,,,,,,,3867
0,"SPERGUL","0","0","0","0","U","E",,,,,,,,,,,,,,,,,,,,,4159
0,"SPERMAC","0","0","0","0","U","N",,,,,,,,,,,,,,,,,,"4",,,3865
0,"SPERMAC1","0","0","0","0","U","N",,,,,,,,,,,,,,,,,,"4",,,7525
0,"SPERRUB","0","0","0","0","U","E",,,,,,,,,,,,,,,,,,"4",,,3866
0,"SPERRUP","0","0","0","0","U","E",,,,,,,,,,,,,,,,,,"4",,,7823
0,"SPERSAL","0","0","0","0","U","N",,,,,,,,,,,,,,,,,,"4",,,7526
0,"SPERSAL1","0","0","0","0","U","E",,,,,,,,,,,,,,,,,,"4",,,7527
0,"SPHAALA","0","0","0","0","U","N",,,,,,,,,,,,,,,,,,,,,842
0,"SPHAANN","0","0","0","0","U","N",,,,,,,,,,,,,,,,,,,,,8066
0,"SPHAANU","0","0","0","0","U","N",,,,,,,,,,,,,,,,,,"2",,,4942
0,"SPHAAON","0","0","0","0","U","N",,,,,,,,,,,,,,,,,,"2",,,4943
0,"SPHAARA","0","0","0","0","U","N",,,,,,,,,,,,,,,,,,,,,7175
0,"SPHAAUS","0","0","0","0","U","N",,,,,,,,,,,,,,,,,,"2",,,4944
0,"SPHABAL","0","0","0","0","U","N",,,,,,,,,,,,,,,,,,"2",,,4945
0,"SPHABAR","0","0","0","0","U","N",,,,,,,,,,,,,,,,,,,,,8067
0,"SPHACAI","0","0","0","0","U","N",,,,,,,,,,,,,,,,,,"2",,,4946
0,"SPHACEN","0","6","1","1","U","N",,,,,,,,,,,,,,,,,,"2",,,4947
0,"SPHACOC","0","0","0","0","U","N",,,,,,,,,,,,,,,,,,,,,3868
0,"SPHACOM","0","6","1","1","U","N",,,,,,,,,,,,,,,,,,"2",,,4948
0,"SPHACON","0","0","0","0","U","N",,,,,,,,,,,,,,,,,,"2",,,4949
0,"SPHACRI","0","0","0","0","U","N",,,,,,,,,,,,,,,,,,,,,5938
0,"SPHACUS","0","0","0","0","U","N",,,,,,,,,,,,,,,,,,"2",,,4950
0,"SPHADON","0","0","0","0","U","N",,,,,,,,,,,,,,,,,,,,,5939
0,"SPHADRE","0","0","0","0","U","N",,,,,,,,,,,,,,,,,,,,,5940
0,"SPHAERA","0","0","0","0","U","N",,,,,,,,,,,,,,,,,,,,,3870
0,"SPHAERC","0","0","0","0","U","N",,,,,,,,,,,,,,,,,,,,,5943
0,"SPHAERE","0","0","0","0","U","N",,,,,,,,,,,,,,,,,,,,,7176
0,"SPHAERO","0","0","0","0","U","N",,,,,,,,,,,,,,,,,,,,,7180
0,"SPHAERP","0","0","0","0","U","N",,,,,,,,,,,,,,,,,,,,,7177
0,"SPHAERR","0","0","0","0","U","N",,,,,,,,,,,,,,,,,,,,,5937
0,"SPHAFIM","0","0","0","0","U","N",,,,,,,,,,,,,,,,,,"2",,,4951
0,"SPHAFRA","0","0","0","0","U","N",,,,,,,,,,,,,,,,,,,,,7178
0,"SPHAFUS","0","6","1","5","U","N",,,,,,,,,,,,,,,,,,"2",,,4952
0,"SPHAGIR","0","5","1","1","U","N",,,,,,,,,,,,,,,,,,"4",,,4953
0,"SPHAGLO","0","0","0","0","U","N",,,,,,,,,,,,,,,,,,,,,7179
0,"SPHAGNA","0","0","0","0","U","N",,,,,,,,,,,,,,,,,,,,,4941
0,"SPHAGNU","0","0","0","0","U","N",,,,,,,,,,,,,,,,,,"3",,,4971
0,"SPHAHEN","0","0","0","0","U","N",,,,,,,,,,,,,,,,,,"2",,,4954
0,"SPHAHIA","0","0","0","0","U","N",,,,,,,,,,,,,,,,,,,,,5941
0,"SPHAINU","0","0","0","0","U","N",,,,,,,,,,,,,,,,,,,,,8072
0,"SPHAJEN","0","0","0","0","U","N",,,,,,,,,,,,,,,,,,"2",,,4955
0,"SPHAJUN","0","0","0","0","U","N",,,,,,,,,,,,,,,,,,"2",,,4956
0,"SPHAJUN1","0","0","0","0","U","N",,,,,,,,,,,,,,,,,,"2",,,4957
0,"SPHALES","0","0","0","0","U","N",,,,,,,,,,,,,,,,,,"2",,,840
0,"SPHALIN","0","0","0","0","U","N",,,,,,,,,,,,,,,,,,"2",,,4958
0,"SPHAMAG","0","0","0","0","U","N",,,,,,,,,,,,,,,,,,"2",,,4959
0,"SPHAMAJ","0","0","0","0","U","N",,,,,,,,,,,,,,,,,,"2",,,4960
0,"SPHAMAJ1","0","0","0","0","U","N",,,,,,,,,,,,,,,,,,,,,8088
0,"SPHAMAJ2","0","0","0","0","U","N",,,,,,,,,,,,,,,,,,,,,8089
0,"SPHAMEN","0","0","0","0","U","N",,,,,,,,,,,,,,,,,,"2",,,4961
0,"SPHAMIC","0","0","0","0","U","N",,,,,,,,,,,,,,,,,,,,,5942
0,"SPHAMUN","0","0","0","0","U","N",,,,,,,,,,,,,,,,,,,,,3869
0,"SPHAOBT","0","0","0","0","U","N",,,,,,,,,,,,,,,,,,,,,8068
0,"SPHAORI","0","0","0","0","U","N",,,,,,,,,,,,,,,,,,,,,8069
0,"SPHAPAC","0","0","0","0","U","N",,,,,,,,,,,,,,,,,,"2",,,4962
0,"SPHAPAL","0","6","1","5","U","N",,,,,,,,,,,,,,,,,,"2",,,4963
0,"SPHAPAP","4","6","1","5","U","N",,,,,,,,,,,,,,,,,,"2",,,4964
0,"SPHAPLA","0","0","0","0","U","N",,,,,,,,,,,,,,,,,,"2",,,4965
1,"SPHAQUI","0","0","0","0","U","N",,,,,,,,,,,,,,,,,,"2",,,4966
0,"SPHARIP","0","0","0","0","U","N",,,,,,,,,,,,,,,,,,"2",,,4967
0,"SPHARUB","0","0","0","0","U","N",,,,,,,,,,,,,,,,,,"2",,,4968
0,"SPHARUI","0","0","0","0","U","N",,,,,,,,,,,,,,,,,,,,,8070
0,"SPHARUS","0","0","0","0","U","N",,,,,,,,,,,,,,,,,,"2",,,4969
0,"SPHASJO","0","0","0","0","U","N",,,,,,,,,,,,,,,,,,,,,8071
0,"SPHASQU","0","5","2","1","U","N",,,,,,,,,,,,,,,,,,"3",,,4972
0,"SPHASUN","0","6","1","1","U","N",,,,,,,,,,,,,,,,,,"2",,,4973
0,"SPHASUO","0","0","0","0","U","N",,,,,,,,,,,,,,,,,,"2",,,4974
0,"SPHASUS","0","0","0","0","U","N",,,,,,,,,,,,,,,,,,"2",,,4975
0,"SPHATEN","4","6","1","5","U","N",,,,,,,,,,,,,,,,,,"2",,,4976
0,"SPORCOM","0","0","0","0","U","N",,,,,,,,,,,,,,,,,,,,,7900
0,"SPORCOM1","0","0","0","0","U","N",,,,,,,,,,,,,,,,,,,,,6321
0,"SPORCRY","0","0","0","0","U","N",,,,,,,,,,,,,,,,"G",,,,,2320
0,"SPOROBO","0","0","0","0","U","N",,,,,,,,,,,,,,,,,,,,,2321
0,"SPORTES","0","0","0","0","U","N",,,,,,,,,,,,,,,,,,,,,7185
0,"SPORVAG","0","0","0","0","U","E",,,,,,,,,,,,,,,,,,,,,2322
0,"SPORVAG1","0","0","0","0","U","E",,,,,,,,,,,,,,,,,,,,,7901
0,"SQUACAR","0","0","0","0","U","N",,,,,,,,,,,,,,,,,,,,,7186
0,"SQUALEN","0","0","0","0","U","N",,,,,,,,,,,,,,,,,,,,,7187
0,"SQUAMAR","0","0","0","0","U","N",,,,,,,,,,,,,,,,,,,,,7188
0,"STACARV","0","0","0","0","U","E",,,,,,,,,,,,,,,,,,,,,3969
0,"STACBYZ","0","0","0","0","U","E",,,,,,,,,,,,,,,,,,,,,3970
0,"STACCHA","0","0","0","0","U","N",,,,,,,,,,,,,,,,,,,,,1219
0,"STACCHA1","4","5","3","2","U","N",,,,,,,,,,,,,,,,,,,,,1218
0,"STACHYS","0","0","0","0","U","N",,,,,,,,,,,,,,,,,,,,,3974
0,"STACMEX","4","5","3","2","U","N",,,,,,,,,,,,,"1","1","0",,,"4",,,3971
0,"STACPAL","0","0","0","0","U","N",,,,,,,,,,,,,,,,,,"3",,,3972
0,"STACPAL1","0","0","0","0","U","N",,,,,,,,,,,,,,,,,,,,,3973
0,"STAUARE","0","0","0","0","U","N",,,,,,,,,,,,,,,,,,,,,7189
0,"STAUDRU","0","0","0","0","U","N",,,,,,,,,,,,,,,,,,,,,7190
0,"STAUFIS","0","0","0","0","U","N",,,,,,,,,,,,,,,,,,,,,7191
0,"STAUROT","0","0","0","0","U","N",,,,,,,,,,,,,,,,,,,,,7193
0,"STAURUP","0","0","0","0","U","N",,,,,,,,,,,,,,,,,,,,,7192
0,"STEESER","0","0","0","0","U","N",,,,,,,,,,,,,,,,,,,,,8112
0,"STEGLAT","0","0","0","0","U","N",,,,,,,,,,,,,,,,,,,,,4991
0,"STEGONI","0","0","0","0","U","N",,,,,,,,,,,,,,,,,,,,,4992
0,"STEGPIL","0","0","0","0","U","N",,,,,,,,,,,,,,,,,,,,,841
0,"STEIGEO","0","0","0","0","U","N",,,,,,,,,,,,,,,,,,,,,7194
0,"STEINIA","0","0","0","0","U","N",,,,,,,,,,,,,,,,,,,,,7195
0,"STELALS","0","0","0","0","U","N",,,,,,,,,,,,,,,,,,,,,3975
0,"STELAME","0","0","0","0","U","N",,,,,,,,,,,,,,,,,,,,,3976
0,"STELBOR","0","0","0","0","U","N",,,,,,,,,,,,,,,,,,,,,7528
0,"STELBOR1","0","0","0","0","U","N",,,,,,,,,,,,,,,,,,,,,7529
0,"STELBOR2","0","0","0","0","U","N",,,,,,,,,,,,,,,,,,,,,7530
0,"STELCAL","3","5","0","0","U","N",,,,,,,,,,,,,,,,,,"4",,,3977
0,"STELCRA","0","0","0","0","U","N",,,,,,,,,,,,,,,,,,,,,3978
0,"STELCRI","0","5","3","2","U","N",,,,,,,,,,,,,,,,,,"4",,,3979
0,"STELGRA","0","0","0","0","U","E",,,,,,,,,,,,,,,,,,,,,3980
0,"STELHUM","0","0","0","0","U","N",,,,,,,,,,,,,,,,,,,,,3981
0,"STELLAR","0","0","0","0","U","N",,,,,,,,,,,,,,,,"P",,,,,3877
0,"STELLOG","0","0","0","0","U","N",,,,,,,,,,,,,,,,,,,,,3982
0,"STELLOG6","0","0","0","0","U","N",,,,,,,,,,,,,,,,,,,,,7532
0,"TIARTRI1","0","0","0","0","U","N",,,,,,,,,,,,,,,,,,,,,4059
0,"TIARTRI2","0","0","0","0","U","N",,,,,,,,,,,,,,,,,,,,,4060
0,"TIARTRI3","0","0","0","0","U","N",,,,,,,,,,,,,,,,,,,,,4061
0,"TIMMAUS","0","0","2","0","U","N",,,,,,,,,,,,,,,,,,"4",,,5017
0,"TIMMCRA","0","0","0","0","U","N",,,,,,,,,,,,,,,,,,,,,5025
0,"TIMMIA","0","0","0","0","U","N",,,,,,,,,,,,,,,,,,,,,5023
0,"TIMMIAC","0","0","0","0","U","N",,,,,,,,,,,,,,,,,,,,,5024
0,"TIMMIEL","0","0","0","0","U","N",,,,,,,,,,,,,,,,,,,,,5026
0,"TIMMMEG","0","0","0","0","U","N",,,,,,,,,,,,,,,,,,,,,5018
0,"TIMMMEG1","0","0","0","0","U","N",,,,,,,,,,,,,,,,,,,,,5019
0,"TIMMMEG2","0","0","0","0","U","N",,,,,,,,,,,,,,,,,,,,,5020
0,"TIMMNOR","0","0","0","0","U","N",,,,,,,,,,,,,,,,,,,,,5021
0,"TIMMNOR2","0","0","0","0","U","N",,,,,,,,,,,,,,,,,,,,,858
0,"TIMMSIB","0","0","0","0","U","N",,,,,,,,,,,,,,,,,,,,,5022
0,"TOFICOC","0","0","0","0","U","N",,,,,,,,,,,,,,,,,,,,,4062
0,"TOFIELD","0","0","0","0","U","N",,,,,,,,,,,,,,,,,,,,,4064
0,"TOFIPUS","0","0","0","0","U","N",,,,,,,,,,,,,,,,,,"3",,,4063
0,"TOLMIEA","0","0","0","0","U","N",,,,,,,,,,,,,,,,,,,,,4066
0,"TOLMMEN","4","4","3","2","U","N",,,,,,,,,,,,,,,,,,,,,4065
0,"TOMEFAL","0","0","0","0","U","N",,,,,,,,,,,,,,,,,,"3",,,5027
0,"TOMENIT","0","0","0","0","U","N",,,,,,,,,,,,,,,,,,"2",,,5028
0,"TOMENTY","0","0","0","0","U","N",,,,,,,,,,,,,,,,,,,,,5029
0,"TONELLA","0","0","0","0","U","N",,,,,,,,,,,,,,,,,,,,,4067
0,"TONELYA","0","0","0","0","U","N",,,,,,,,,,,,,,,,,,,,,7465
0,"TONESTU","0","0","0","0","U","N",,,,,,,,,,,,,,,,,,,,,7466
0,"TONETEN","0","0","0","0","U","N",,,,,,,,,,,,,,,,,,,,,4068
0,"TONIARO","0","0","0","0","U","N",,,,,,,,,,,,,,,,,,,,,7254
0,"TONICAN","0","0","0","0","U","N",,,,,,,,,,,,,,,,,,,,,7255
0,"TONINIA","0","0","0","0","U","N",,,,,,,,,,,,,,,,,,,,,7259
0,"TONIPHI","0","0","0","0","U","N",,,,,,,,,,,,,,,,,,,,,7256
0,"TONIRUG","0","0","0","0","U","N",,,,,,,,,,,,,,,,,,,,,7257
0,"TONISED","0","0","0","0","U","N",,,,,,,,,,,,,,,,,,,,,7258
0,"TONITRI","0","0","0","0","U","N",,,,,,,,,,,,,,,,,,,,,7260
0,"TONITRI1","0","0","0","0","U","N",,,,,,,,,,,,,,,,,,,,,7262
0,"TONITRI2","0","0","0","0","U","N",,,,,,,,,,,,,,,,,,,,,7261
0,"TONIVER","0","0","0","0","U","N",,,,,,,,,,,,,,,,,,,,,7263
0,"TORIARV","0","0","0","0","U","E",,,,,,,,,,,,,,,,,,,,,7475
0,"TORIJAP","0","0","0","0","U","E",,,,,,,,,,,,,,,,,,,,,4069
0,"TORILIS","0","0","0","0","U","E",,,,,,,,,,,,,,,,,,,,,4070
0,"TORREYO","0","0","0","0","U","N",,,,,,,,,,,,,,,,,,,,,2327
0,"TORRPAL","0","0","0","0","U","N",,,,,,,,,,,,,,,,,,"3",,,2325
0,"TORRPAU","0","6","3","5","U","N",,,,,,,,,,,,,,,,,,"3",,,2326
0,"VIOLA","0","0","0","0","U","N",,,,,,,,,,,,,,,,,,,,,3791
0,"VIOLACE","0","0","0","0","U","N",,,,,,,,,,,,,,,,,,,,,3937
0,"VIOLADU","0","2","0","0","U","N",,,,,,,,,,,,,,,,,,"4",,,3997
0,"VIOLADU1","0","2","0","0","U","N",,,,,,,,,,,,,,,,,,,,,578
0,"VIOLARV","0","0","0","0","U","E",,,,,,,,,,,,,,,,,,,,,3775
0,"VIOLBIF","1","0","0","0","U","N",,,,,,,,,,,,,,,,,,,,,3776
0,"VIOLBIF1","0","0","0","0","U","N",,,,,,,,,,,,,,,,,,,,,3777
0,"VIOLCAN","0","0","0","0","U","N",,,,,,,,,,,,,,,,,,,,,3778
0,"VIOLCAN2","0","0","0","0","U","N",,,,,,,,,,,,,,,,,,,,,579
0,"VIOLEPI","0","0","0","0","U","N",,,,,,,,,,,,,,,,,,"4",,,3779
0,"VIOLEPI1","0","0","0","0","U","N",,,,,,,,,,,,,,,,,,"4",,,3780
0,"VIOLGLA","0","5","3","2","U","N",,,,,,,,,,,,,,,,,,"4",,,4037
0,"VIOLHOW","0","0","0","0","U","N",,,,,,,,,,,,,,,,,,,,,4038
0,"VIOLLAC","5","6","1","5","U","E",,,,,,,,,,,,,,,,,,,,,4039
0,"VIOLLAC1","5","6","1","5","U","E",,,,,,,,,,,,,,,,,,,,,7908
0,"VIOLLAG","0","6","2","5","U","N",,,,,,,,,,,,,,,,,,,,,4040
0,"VIOLMAL","0","0","0","0","U","N",,,,,,,,,,,,,,,,,,"3",,,580
0,"VIOLNEP","0","5","3","2","U","N",,,,,,,,,,,,,,,,,,,,,4041
0,"VIOLNEP1","0","0","0","0","U","N",,,,,,,,,,,,,,,,,,,,,4042
0,"VIOLNEP2","0","0","0","0","U","N",,,,,,,,,,,,,,,,,,,,,4043
0,"VIOLODO","0","0","0","0","U","E",,,,,,,,,,,,,,,,,,,,,4044
0,"VIOLORB","0","3","2","0","U","N",,,,,,,,,,,,,,,,,,,,,3781
0,"VIOLPAL","0","6","0","5","U","N",,,,,,,,,,,,,,,,,,"2",,,3782
0,"VIOLPAL2","0","6","0","5","U","N",,,,,,,,,,,,,,,,,,,,,581
0,"VIOLPRA","0","0","0","0","U","N",,,,,,,,,,,,,,,,,,,,,3783
0,"VIOLPRA1","0","0","0","0","U","N",,,,,,,,,,,,,,,,,,,,,3784
0,"VIOLPUR","0","0","0","0","U","N",,,,,,,,,,,,,,,,,,,,,3785
0,"VIOLPUR1","0","0","0","0","U","N",,,,,,,,,,,,,,,,,,,,,3786
0,"VIOLREN","3","0","3","2","U","N",,,,,,,,,,,,,,,,,,"4",,,3787
0,"VIOLSEL","0","0","0","0","U","N",,,,,,,,,,,,,,,,,,,,,3788
0,"VIOLSEM","4","3","2","0","U","N",,,,,,,,,,,,,,,,,,,,,3789
0,"VIOLSEP","0","0","0","0","U","N",,,,,,,,,,,,,,,,,,,,,3790
0,"VIOLTRI","0","0","0","0","U","E",,,,,,,,,,,,,,,,,,,,,3792
0,"VIOLTRI1","0","0","0","0","U","E",,,,,,,,,,,,,,,,,,,,,3793
0,"VIOLVAL","0","0","0","0","U","N",,,,,,,,,,,,,,,,,,,,,3935
0,"VIOLVAL1","0","0","0","0","U","N",,,,,,,,,,,,,,,,,,,,,3936
0,"VISCACE","0","0","0","0","U","N",,,,,,,,,,,,,,,,,,,,,582
0,"VITACEA","0","0","0","0","U","E",,,,,,,,,,,,,,,,,,,,,623
0,"VULPBRO","0","1","0","3","U","E",,,,,,,,,,,,,,,,,,,,,2343
0,"VULPCAN","0","0","0","0","U","N",,,,,,,,,,,,,,,,,,,,,7350
0,"VULPIA","0","0","0","0","U","N",,,,,,,,,,,,,,,,,,,,,2347
0,"VULPICI","0","0","0","0","U","N",,,,,,,,,,,,,,,,,,,,,7352
0,"VULPMIC","0","1","0","3","U","N",,,,,,,,,,,,,,,,,,,,,2344
0,"VULPMYU","0","1","0","3","U","E",,,,,,,,,,,,,,,,,,,,,2345
0,"VULPOCT","0","0","0","0","U","N",,,,,,,,,,,,,,,,"P",,,,,2346
0,"VULPPIN","0","0","0","0","U","N",,,,,,,,,,,,,,,,,,,,,7351
0,"VULPTIL","0","0","0","0","U","N",,,,,,,,,,,,,,,,,,,,,7353
0,"WARNEXA","0","0","0","0","U","N",,,,,,,,,,,,,,,,,,"2",,,5073
0,"WARNFLU","0","0","0","0","U","N",,,,,,,,,,,,,,,,,,"2",,,5074
0,"WARNPRO","0","0","0","0","U","N",,,,,,,,,,,,,,,,,,,,,5075
0,"WARNPSE","0","0","0","0","U","N",,,,,,,,,,,,,,,,,,,,,5076
0,"WARNSAR","0","0","0","0","U","N",,,,,,,,,,,,,,,,,,"2",,,894
0,"WARNSTO","0","0","0","0","U","N",,,,,,,,,,,,,,,,,,,,,857
0,"WARNTRI","0","0","0","0","U","N",,,,,,,,,,,,,,,,,,,,,5077
0,"WARNTUN","0","0","0","0","U","N",,,,,,,,,,,,,,,,,,,,,8097
0,"WAYNCAL","0","0","0","0","U","N",,,,,,,,,,,,,,,,,,,,,7944
0,"WAYNEA","0","0","0","0","U","N",,,,,,,,,,,,,,,,,,,,,7354
0,"WEISCON","0","0","0","0","U","N",,,,,,,,,,,,,,,,,,,,,5078
0,"WEISHED","0","0","0","0","U","N",,,,,,,,,,,,,,,,,,,,,5079
0,"WEISSIA","0","0","0","0","U","N",,,,,,,,,,,,,,,,,,,,,5080
0,"WIJKCAR","0","0","0","0","U","N",,,,,,,,,,,,,,,,,,,,,5081
0,"WIJKIA","0","0","0","0","U","N",,,,,,,,,,,,,,,,,,,,,5082
0,"WOLFBOR","0","0","0","0","U","N",,,,,,,,,,,,,,,,,,"1",,,3938
0,"WOLFCOL","0","0","0","0","U","N",,,,,,,,,,,,,,,,,,"1",,,3939
0,"WOLFFIA","0","0","0","0","U","N",,,,,,,,,,,,,,,,,,,,,3940
0,"WOODALP","0","0","0","0","U","N",,,,,,,,,,,,,,,,,,,,,1804
0,"WOODFIM","0","0","0","0","U","N",,,,,,,,,,,,,,,,,,,,,1625
0,"WOODGLA","1","0","3","4","U","N",,,,,,,,,,,,,,,,,,,,,1805
0,"WOODILV","0","0","0","0","U","N",,,,,,,,,,,,,,,,,,,,,1806
0,"WOODORE","0","0","0","0","U","N",,,,,,,,,,,,,,,,,,,,,1807
0,"WOODORE2","0","0","0","0","U","N",,,,,,,,,,,,,,,,,,,,,587
0,"WOODSCO","0","0","0","0","U","N",,,,,,,,,,,,,,,,,,,,,1808
0,"WOODSIA","0","0","0","0","U","N",,,,,,,,,,,,,,,,,,,,,1624
0,"WOODWAR","0","0","0","0","U","N",,,,,,,,,,,,,,,,,,,,,1626
0,"XANTCAM","0","0","0","0","U","N",,,,,,,,,,,,,,,,,,,,,7355
0,"XANTCAN","0","0","0","0","U","N",,,,,,,,,,,,,,,,,,,,,7364
0,"XANTCOL","0","0","0","0","U","N",,,,,,,,,,,,,,,,,,,,,7356
0,"XANTCUM","0","0","0","0","U","N",,,,,,,,,,,,,,,,,,,,,7357
0,"XANTELE","0","0","0","0","U","N",,,,,,,,,,,,,,,,,,,,,7365
0,"XANTFAL","0","0","0","0","U","N",,,,,,,,,,,,,,,,,,,,,7366
0,"XANTHIU","0","0","0","0","U","E",,,,,,,,,"OS",,,,,,,,,,,,3941
0,"XANTHOP","0","0","0","0","U","N",,,,,,,,,,,,,,,,,,,,,7362
0,"XANTHOR","0","0","0","0","U","N",,,,,,,,,,,,,,,,,,,,,7370
0,"XANTMEX","0","0","0","0","U","N",,,,,,,,,,,,,,,,,,,,,7358
0,"XANTMOU","0","0","0","0","U","N",,,,,,,,,,,,,,,,,,,,,7359
0,"XANTPAR","0","0","0","0","U","N",,,,,,,,,,,,,,,,,,,,,7367
0,"XANTPLA","0","0","0","0","U","N",,,,,,,,,,,,,,,,,,,,,7360
0,"XANTPLI","0","0","0","0","U","N",,,,,,,,,,,,,,,,,,,,,7361
0,"XANTPOL","0","0","0","0","U","N",,,,,,,,,,,,,,,,,,,,,7368
0,"XANTRAM","0","0","0","0","U","N",,,,,,,,,,,,,,,,,,,,,7945
0,"XANTSOR","0","0","0","0","U","N",,,,,,,,,,,,,,,,,,,,,7369
0,"XANTSTR","0","0","0","0","U","E",,"H,L,W","H","L","W","D,C,H,Pi,O","I","G","P1","SPR,SUM","SE,SH","O-rodents, G-carboxyatractyloside, SH-cotyledons",,,,,,,,,3803
0,"XANTSTR1","0","0","0","0","U","E",,"H,L,W","H","L","W","D,C,H,Pi,O","I","G","P1","SPR,SUM","SE,SH","O-rodents, G-carboxyatractyloside, SH-cotyledons",,,,,,,,,3804
0,"XANTWYO","0","0","0","0","U","N",,,,,,,,,,,,,,,,,,,,,7363
0,"XELYHIR","0","0","0","0","U","N",,,,,,,,,,,,,,,,,,,,,8178
0,"XEROPHY","0","0","0","0","U","N",,,,,,,,,,,,,,,,,,,,,3805
0,"XEROTEN","0","0","0","0","U","N",,,,,,,,,,,,,,,,,,,,,3806
0,"XYLOGRA","0","0","0","0","U","N",,,,,,,,,,,,,,,,,,,,,7374
0,"XYLOHIA","0","0","0","0","U","N",,,,,,,,,,,,,,,,,,,,,7371
0,"XYLOOPE","0","0","0","0","U","N",,,,,,,,,,,,,,,,,,,,,7372
0,"XYLOPAR","0","0","0","0","U","N",,,,,,,,,,,,,,,,,,,,,7373
0,"XYLOVIT","0","0","0","0","U","N",,,,,,,,,,,,,,,,,,,,,7375
0,"YABEA","0","0","0","0","U","N",,,,,,,,,,,,,,,,,,,,,7456
0,"YABEMIC","0","0","0","0","U","N",,,,,,,,,,,,,,,,,,"3",,,7457
0,"ZAHLBRU","0","0","0","0","U","N",,,,,,,,,,,,,,,,,,,,,7377
0,"ZAHLCAL","0","0","0","0","U","N",,,,,,,,,,,,,,,,,,,,,7376
0,"ZANNICE","0","0","0","0","U","N",,,,,,,,,,,,,,,,,,,,,3809
0,"ZANNICH","0","0","0","0","U","N",,,,,,,,,,,,,,,,,,,,,3808
0,"ZANNPAL","0","0","0","0","U","N",,,,,,,,,,,,,,,,,,"1",,,3807
0,"ZIGADEN","0","0","0","0","U","N",,,,,,,,,"OS",,,,,,,,,,,,3811
0,"ZIGAELE","0","0","0","0","U","N",,"H,L","H","L",,"P,C,H,S","I","A","P1","SPR","AL","A-zygacine",,,,,,,,,3810
0,"ZIGAELE1","0","0","0","0","U","N",,"H,L","H","L",,"P,C,H,S","I","A","P1","SPR","AL","A-zygacine",,,,,,,,,7600
0,"ZIZAAQU","0","0","0","0","U","E",,,,,,,,,,,,,,,,,,,,,7903
0,"ZIZANIA","0","0","0","0","U","N",,,,,,,,,,,,,,,,,,,,,4073
0,"ZIZAPAL","0","0","0","0","U","E",,,,,,,,,,,,,,,,,,,,,7667
0,"ZIZAPAL1","0","0","0","0","U","E",,,,,,,,,,,,,,,,,,,,,7668
0,"ZIZIA","0","0","0","0","U","N",,,,,,,,,,,,,,,,,,,,,3814
0,"ZIZIAPT","0","0","0","0","U","N",,,,,,,,,,,,,,,,,,,,,3812
0,"ZIZIAPT1","0","0","0","0","U","N",,,,,,,,,,,,,,,,,,,,,3813
0,"ZOSTDUB","0","0","0","0","U","N",,,,,,,,,,,,,,,,,,"1",,,4074
0,"ZOSTERA","0","0","0","0","U","N",,,,,,,,,,,,,,,,,,,,,3817
0,"ZOSTERC","0","0","0","0","U","N",,,,,,,,,,,,,,,,,,,,,3818
0,"ZOSTERL","0","0","0","0","U","N",,,,,,,,,,,,,,,,,,,,,4075
0,"SPHATER","0","0","0","0","U","N",,,,,,,,,,,,,,,,,,"2",,,4977
0,"SPHATEX","0","0","0","0","U","N",,,,,,,,,,,,,,,,,,,,,5944
0,"VALEDIO","0","0","0","0","U","N",,,,,,,,,,,,,"1","1","0",,,"4",,,3961
0,"VALEDIO1","0","0","0","0","U","N",,,,,,,,,,,,,,,,,,,,,3962
0,"VALEEDU","0","0","0","0","U","N",,,,,,,,,,,,,,,,,,,,,3963
0,"VALEEDU1","0","0","0","0","U","N",,,,,,,,,,,,,,,,,,,,,3964
0,"VALELOC","0","0","0","0","U","E",,,,,,,,,,,,,,,,,,,,,3899
0,"VALEOFF","0","0","0","0","U","E",,,,,,,,,,,,,,,,,,,,,3965
0,"VALERIA","0","0","0","0","U","N",,,,,,,,,,,,,,,,,,,,,3968
0,"VALERIC","0","0","0","0","U","N",,,,,,,,,,,,,,,,,,,,,3898
0,"VALERIN","0","0","0","0","U","E",,,,,,,,,,,,,,,,,,,,,3900
0,"VALESCO","0","0","0","0","U","N",,,,,,,,,,,,,,,,,,,,,3966
0,"VALESIT","0","4","3","2","U","N",,,,,,,,,,,,,"1","2","1","G",,"4",,,3967
0,"VALLAME","0","0","0","0","U","E",,,,,,,,,,,,,,,,,,"1",,,3901
0,"VALLISN","0","0","0","0","U","E",,,,,,,,,,,,,,,,,,"1",,,3902
0,"VARICEL","0","0","0","0","U","N",,,,,,,,,,,,,,,,,,,,,7331
0,"VARIRHO","0","0","0","0","U","N",,,,,,,,,,,,,,,,,,,,,7330
0,"VENTDUB","0","0","0","0","U","E",,,,,,,,,,,,,,,,,,,,,2341
0,"VENTENA","0","0","0","0","U","E",,,,,,,,,,,,,,,,,,,,,2342
0,"VERATRU","0","0","0","0","U","N",,,,,,,,,"OS",,,,,,,,,,,,3903
0,"VERAVIR","0","5","3","2","U","N",,"H,L,W","H","L","W","P,C,S,O","I","A","P1","U","AL","O-poultry,rodents, A-jervine,germidine, P1-teratogenic in rodents, some deaths, not often ingested by livestock","1","1","0","P",,"4",,,3904
0,"VERBASC","0","0","0","0","U","E",,,,,,,,,,,,,,,,,,,,,3907
0,"VERBBLA","0","0","0","0","U","E",,,,,,,,,,,,,,,,,,,,,3905
0,"VERBBRA","0","0","0","0","U","N",,,,,,,,,,,,,,,,,,,,,3909
0,"VERBENA","0","0","0","0","U","N",,,,,,,,,,,,,,,,,,,,,3911
0,"VERBENC","0","0","0","0","U","N",,,,,,,,,,,,,,,,,,,,,3912
0,"VERBHAS","0","0","0","0","U","N",,,,,,,,,,,,,,,,,,"3",,,3910
0,"VERBHAS1","0","0","0","0","U","N",,,,,,,,,,,,,,,,,,,,,577
0,"VERBPHL","0","0","0","0","U","E",,,,,,,,,,,,,,,,,,,,,3906
0,"VERBTHA","0","0","3","3","U","E",,,,,,,,,,,,,,,,"P","I",,,,3908
0,"VERBVIR","0","0","0","0","U","E",,,,,,,,,,,,,,,,,,,,,7830
0,"VEROANA","0","6","3","5","U","E",,,,,,,,,,,,,,,,,,"3",,,3913
0,"VEROARV","0","0","0","3","U","E",,,,,,,,,,,,,,,,,,,,,3914
0,"VEROBEC","0","0","0","0","U","N",,,,,,,,,,,,,,,,,,"4",,,3915
0,"VEROBEC1","0","0","0","0","U","N",,,,,,,,,,,,,,,,,,"4",,,3916
0,"VEROBIL","0","0","0","0","U","E",,,,,,,,,,,,,,,,,,,,,514
0,"VEROCAT","0","0","0","0","U","N",,,,,,,,,,,,,,,,,,"3",,,3917
0,"VEROCHA","0","0","0","0","U","E",,,,,,,,,,,,,,,,,,,,,3918
0,"VEROCUS","0","0","0","0","U","N",,,,,,,,,,,,,,,,,,,,,3919
0,"VEROFIL","0","0","0","0","U","E",,,,,,,,,,,,,,,,,,,,,3920
0,"VEROHED","0","0","0","0","U","E",,,,,,,,,,,,,,,,,,,,,3921
0,"VERONIC","0","0","0","0","U","N",,,,,,,,,,,,,,,,,,,,,3931
0,"STELLOG7","0","0","0","0","U","N",,,,,,,,,,,,,,,,,,,,,7533
0,"STELLON","0","0","0","0","U","N",,,,,,,,,,,,,,,,,,,,,7531
0,"STELMED","0","0","3","2","U","E",,,,,,,,,,,,,,,,,"I",,,,4163
0,"STELNIT","0","0","0","0","U","N",,,,,,,,,,,,,,,,,,,,,3875
0,"STELOBT","0","0","0","0","U","N",,,,,,,,,,,,,,,,,,"3",,,3876
0,"STELPAL","0","0","0","0","U","E",,,,,,,,,,,,,,,,,,,,,7824
0,"STELUMB","0","0","0","0","U","N",,,,,,,,,,,,,,,,,,"4",,,3878
0,"STENANT","0","0","0","0","U","N",,,,,,,,,,,,,,,,,,,,,3880
0,"STENCLA","0","0","0","0","U","N",,,,,,,,,,,,,,,,,,,,,7196
0,"STENMAJ","0","0","0","0","U","N",,,,,,,,,,,,,,,,,,,,,7197
0,"STENOCC","1","4","3","2","U","N",,,,,,,,,,,,,,,,,,,,,3879
0,"STENOCY","0","0","0","0","U","N",,,,,,,,,,,,,,,,,,,,,7199
0,"STENPUL","0","0","0","0","U","N",,,,,,,,,,,,,,,,,,,,,7198
0,"STEPHAN","0","0","0","0","U","N",,,,,,,,,,,,,,,,,,,,,3881
0,"STEPTEN","0","0","0","0","U","N",,,,,,,,,,,,,,,,,,,,,3882
0,"STERALP","0","0","0","0","U","N",,,,,,,,,,,,,,,,,,,,,7201
0,"STERARE","0","0","0","0","U","N",,,,,,,,,,,,,,,,,,,,,7202
0,"STERBOT","0","0","0","0","U","N",,,,,,,,,,,,,,,,,,,,,7203
0,"STERCAP","0","0","0","0","U","N",,,,,,,,,,,,,,,,,,,,,497
0,"STERCON","0","0","0","0","U","N",,,,,,,,,,,,,,,,,,,,,498
0,"STERDEP","0","0","0","0","U","N",,,,,,,,,,,,,,,,,,,,,499
0,"STEREOA","0","0","0","0","U","N",,,,,,,,,,,,,,,,,,,,,7200
0,"STEREOC","0","0","0","0","U","N",,,,,,,,,,,,,,,,,,,,,7209
0,"STERGLA","0","0","0","0","U","N",,,,,,,,,,,,,,,,,,,,,7204
0,"STERGRA","0","0","0","0","U","N",,,,,,,,,,,,,,,,,,,,,7205
0,"STERINT","0","0","0","0","U","N",,,,,,,,,,,,,,,,,,,,,7206
0,"STERINT1","0","0","0","0","U","N",,,,,,,,,,,,,,,,,,,,,7948
0,"STERPAS","0","0","0","0","U","N",,,,,,,,,,,,,,,,,,,,,7207
0,"STERPIL","0","0","0","0","U","N",,,,,,,,,,,,,,,,,,,,,500
0,"STERRIV","0","0","0","0","U","N",,,,,,,,,,,,,,,,,,,,,7208
0,"STERSPA","0","0","0","0","U","N",,,,,,,,,,,,,,,,,,,,,7210
0,"STERSYM","0","0","0","0","U","N",,,,,,,,,,,,,,,,,,,,,501
0,"STERTOM","0","1","1","4","U","N",,,,,,,,,,,,,,,,,,,,,7211
0,"STERVES","0","0","0","0","U","N",,,,,,,,,,,,,,,,,,,,,7212
0,"STERVES1","0","0","0","0","U","N",,,,,,,,,,,,,,,,,,,,,7213
0,"STICARC","0","0","0","0","U","N",,,,,,,,,,,,,,,,,,,,,7942
0,"STICFUL","0","0","0","0","U","N",,,,,,,,,,,,,,,,,,,,,7214
0,"STICLIM","0","0","0","0","U","N",,,,,,,,,,,,,,,,,,,,,7215
0,"STICORO","0","0","0","0","U","N",,,,,,,,,,,,,,,,,,,,,7216
0,"STICTA","0","0","0","0","U","N",,,,,,,,,,,,,,,,,,,,,7217
0,"STICTID","0","0","0","0","U","N",,,,,,,,,,,,,,,,,,,,,7220
0,"STICWEI","0","0","0","0","U","N",,,,,,,,,,,,,,,,,,,,,7218
0,"STICWRI","0","0","0","0","U","N",,,,,,,,,,,,,,,,,,,,,7219
0,"STIPA","0","0","0","0","U","N",,,,,,,,,,,,,,,,,,,,,2323
0,"STRAMOR","0","0","0","0","U","N",,,,,,,,,,,,,,,,,,,,,7221
0,"STRANGO","0","0","0","0","U","N",,,,,,,,,,,,,,,,,,,,,7222
0,"STREAMP","0","4","3","2","U","N",,,,,,,,,,,,,"0","1","1",,,"4",,,3883
0,"STREAMP2","0","0","0","0","U","N",,,,,,,,,,,,,,,,,,,,,3884
0,"STREAMP4","0","0","0","0","U","N",,,,,,,,,,,,,,,,,,,,,7590
0,"STRELAN","0","0","0","0","U","N",,,,,,,,,,,,,,,,,,,,,7592
0,"STRELAN1","0","0","0","0","U","N",,,,,,,,,,,,,"0","1","1",,,,,,7591
0,"STREPTO","0","0","0","0","U","N",,,,,,,,,,,,,,,,,,,,,3799
0,"STRESTR","3","4","1","1","U","N",,,,,,,,,,,,,"0","1","1",,,,,,3800
0,"STRESTR2","0","0","0","0","U","N",,,,,,,,,,,,,,,,,,,,,7593
0,"STRIGUA","0","0","0","0","U","N",,,,,,,,,,,,,,,,,,,,,7225
0,"STRIGUL","0","0","0","0","U","N",,,,,,,,,,,,,,,,,,,,,7223
0,"STRISTI","0","0","0","0","U","N",,,,,,,,,,,,,,,,,,,,,7224
0,"STUCFIL","0","0","0","0","U","N",,,,,,,,,,,,,,,,,,"1",,,4078
0,"STUCFIL1","0","0","0","0","U","N",,,,,,,,,,,,,,,,,,"1",,,7913
0,"STUCFIL2","0","0","0","0","U","N",,,,,,,,,,,,,,,,,,,,,833
0,"STUCFIL3","0","0","0","0","U","N",,,,,,,,,,,,,,,,,,"1",,,7914
0,"STUCPEC","0","0","0","0","U","N",,,,,,,,,,,,,,,,,,"1",,,4079
0,"STUCVAG","0","0","0","0","U","N",,,,,,,,,,,,,,,,,,"1",,,4080
0,"SUAECAL","0","0","0","0","U","N",,,,,,,,,,,,,,,,,,"4",,,4119
0,"SUAEDA","0","0","0","0","U","N",,,,,,,,,,,,,,,,,,,,,4120
0,"SUBUAQU","0","6","0","5","U","N",,,,,,,,,,,,,,,,,,"1",,,4121
0,"SUBUAQU1","0","0","0","0","U","N",,,,,,,,,,,,,,,,,,"1",,,4122
0,"SUBULAR","0","0","0","0","U","N",,,,,,,,,,,,,,,,,,,,,4123
0,"SUKSDOR","0","0","0","0","U","N",,,,,,,,,,,,,,,,,,,,,4125
0,"HEMIRAN","0","0","0","0","U","N",,,,,,,,,,,,,,,,,,,,,4124
0,"SUKSVIO","0","0","0","0","U","N",,,,,,,,,,,,,,,,,,,,,4126
0,"SWERPER","0","0","0","0","U","N",,,,,,,,,,,,,,,,,,"3",,,4127
0,"SWERTIA","0","0","0","0","U","N",,,,,,,,,,,,,,,,,,,,,4128
0,"SYMPALB","0","0","3","2","U","N",,"H","H",,,"P","I","A","P2","U","FR","A-chelidonine, FR-mature berries","0","1","1","F",,,,,1592
0,"SYMPALB1","0","0","0","0","U","N",,"H","H",,,"P","I","A","P2","U","FR","A-chelidonine, FR-mature berries",,,,,,,,,1593
0,"SYMPALB2","0","0","0","0","U","N",,"H","H",,,"P","I","A","P2","U","FR","A-chelidonine, FR-mature berries",,,,,,,,,1594
0,"SYMPASC","0","0","0","0","U","N",,,,,,,,,"OS",,,,,,,,,,,,7707
0,"SYMPASP","0","0","0","0","U","E",,"L",,"L",,"Pi","I","N,A","P2","U","AL","A-echimidine, P2-cause veno-occlusive symptoms",,,,,,,,,4129
0,"SYMPBOR","0","0","0","0","U","N",,,,,,,,,"OS",,,,,,,,,"3",,,7708
0,"SYMPCAM","0","0","0","0","U","N",,,,,,,,,"OS",,,,,,,"F",,,,,7710
0,"SYMPCHI","0","0","0","0","U","N",,,,,,,,,"OS",,,,,,,,,,,,7711
0,"SYMPCII","3","3","2","0","U","N",,,,,,,,,"OS",,,,,,,,,,,,7712
0,"SYMPCIL","0","0","0","0","U","N",,,,,,,,,"OS",,,,,,,,,,,,7709
0,"SYMPEAT","0","0","0","0","U","N",,,,,,,,,"OS",,,,,,,,,"3",,,457
0,"SYMPERI","0","0","0","0","U","N",,,,,,,,,"OS",,,,,,,,,,,,7717
0,"SYMPERI1","0","0","0","0","U","N",,,,,,,,,"OS",,,,,,,,,,,,7716
0,"SYMPFAL","0","0","0","0","U","N",,,,,,,,,,,,,,,,,,,,,7720
0,"SYMPFAL1","0","0","0","0","U","N",,,,,,,,,"OS",,,,,,,,,,,,7719
0,"SYMPFOL","0","4","3","2","U","N",,,,,,,,,"OS",,,,,,,,,"4",,,464
0,"SYMPFOL1","0","0","0","0","U","N",,,,,,,,,,,,,,,,,,,,,465
0,"SYMPFOL2","0","0","0","0","U","N",,,,,,,,,,,,,,,,,,,,,467
0,"SYMPFOL3","0","0","0","0","U","N",,,,,,,,,,,,,,,,,,,,,466
0,"SYMPFRO","0","0","0","0","U","N",,,,,,,,,,,,,,,,,,,,,468
0,"SYMPHES","0","0","0","0","U","N",,"H,L","H","L",,"P","I","O","PX","U",,,,,,,,,,,1595
0,"SYMPHOR","0","0","0","0","U","N",,,,,,,,,"OS",,,,,,,,,,,,1599
0,"SYMPHYO","0","0","0","0","U","N",,,,,,,,,"OS",,,,,,,,,,,,7706
0,"SYMPHYT","0","0","0","0","U","E",,,,,,,,,"OS",,,,,,,,,,,,4131
0,"SYMPLAE","0","0","0","0","U","N",,"L",,"L",,,"I","S","PX","U",,,,,,,,,,,471
0,"SYMPLAE1","0","0","0","0","U","N",,"L",,"L",,,"I","S","PX","U",,,,,,,,,,,472
0,"SYMPLAN","0","0","0","0","U","N",,,,,,,,,,,,,,,,,,,,,469
0,"SYMPLAN1","0","0","0","0","U","N",,,,,,,,,,,,,,,,,,,,,470
0,"SYMPOCC","0","0","0","0","U","N",,,,,,,,,"OS",,,,,,,,,,,,1596
0,"SYMPOFF","0","0","0","0","U","E",,"H","H",,,"P","I","A","P2","U","AL","A-echimidine,heliosupine,lycopsamine, P2-avoided by livestock due to hairs",,,,,,,,,4130
0,"SYMPORE","0","0","0","0","U","N",,,,,,,,,"OS",,,,,,,,,,,,1597
0,"SYMPORE1","0","0","0","0","U","N",,,,,,,,,"OS",,,,,,,,,,,,1598
0,"SYMPPIL","0","0","0","0","U","E",,,,,,,,,,,,,,,,,,,,,7691
0,"SYMPPIL1","0","0","0","0","U","E",,,,,,,,,,,,,,,,,,,,,7692
0,"SYMPPUN","0","0","0","0","U","N",,,,,,,,,,,,,,,,,,,,,479
0,"SYMPPUN1","0","0","0","0","U","N",,,,,,,,,,,,,,,,,,,,,478
0,"SYMPSPA","5","0","3","2","U","N",,"H,L","H","L",,"P","I","S","PX","U",,,,,,,,,,,475
0,"SYMPSPA1","5","0","3","2","U","N",,"H,L","H","L",,"P","I","S","PX","U",,,,,,,,,,,476
0,"SYMPSPA2","0","0","0","0","U","N",,"H,L","H","L",,"P","I","S","PX","U",,,,,,,,,,,66
0,"SYMPSUB","5","5","3","2","U","N",,,,,,,,,"OS",,,,,,,,,"4",,,7697
0,"SYMPXUP","0","0","0","0","U","E",,,,,,,,,,,,,,,,,,,,,7503
0,"SYNALIS","0","0","0","0","U","N",,,,,,,,,,,,,,,,,,,,,502
0,"SYNASYM","0","0","0","0","U","N",,,,,,,,,,,,,,,,,,,,,503
0,"SYRINGA","0","0","0","0","U","E",,,,,,,,,,,,,,,,,,,,,8238
0,"SYRIVUL","0","0","0","0","U","E",,,,,,,,,,,,,,,,,,,,,8239
0,"SZCZAWI","0","0","0","0","U","N",,,,,,,,,,,,,,,,,,,,,7226
0,"SZCZTSU","0","0","0","0","U","N",,,,,,,,,,,,,,,,,,,,,7227
0,"TAKACER","0","0","0","0","U","N",,,,,,,,,,,,,,,,,,,,,5947
0,"TAKAKIA","0","0","0","0","U","N",,,,,,,,,,,,,,,,,,,,,5949
0,"TAKAKIC","0","0","0","0","U","N",,,,,,,,,,,,,,,,,,,,,5950
0,"TAKALEP","0","0","0","0","U","N",,,,,,,,,,,,,,,,,,,,,5948
0,"TALINUM","0","0","0","0","U","N",,,,,,,,,,,,,,,,,,,,,4132
0,"TANABIP","0","0","3","3","U","N",,,,,,,,,"OS",,,,,,,,,,,,4133
0,"TANABIP1","0","0","0","0","U","N",,,,,,,,,"OS",,,,,,,,,,,,4134
0,"TANACET","0","0","0","0","U","N",,,,,,,,,"OS",,,,,,,,,,,,4136
0,"TANAPAR","0","0","0","0","U","E",,,,,,,,,"OS",,,,,,,,,,,,4135
0,"TANAVUL","0","0","0","0","U","E",,"H","H",,,"P","I","O","P1","U","AL","O-thujone, P1-potentially poisonous to livestock, but usually avoided",,,,"P","R",,,,4137
0,"TARAALA","1","5","3","2","U","N",,,,,,,,,,,,,,,,,,,,,7492
0,"TARACER","1","5","3","2","U","N",,,,,,,,,,,,,,,,,,"4",,,4138
0,"TARAERY","0","0","0","0","U","E",,,,,,,,,,,,,,,,,,,,,7493
0,"TARAHYP","0","0","0","0","U","N",,,,,,,,,,,,,,,,,,,,,8005
0,"TARAOFF","0","0","0","3","U","E",,,,,,,,,,,,,"2","2","0","F",,,,,4139
0,"TARAXAC","0","0","0","0","U","N",,,,,,,,,,,,,"2","2","1",,,,,,4140
0,"TARGHYP","0","0","0","0","U","N",,,,,,,,,,,,,,,,,,,,,5951
0,"TARGIOI","0","0","0","0","U","N",,,,,,,,,,,,,,,,,,,,,5953
0,"TARGION","0","0","0","0","U","N",,,,,,,,,,,,,,,,,,,,,5952
0,"TAXACEA","0","0","0","0","U","N",,,,,,,,,,,,,,,,,,,,,772
0,"TAXICLA","0","0","0","0","U","N",,,,,,,,,,,,,,,,,,,,,5954
0,"TAXILEJ","0","0","0","0","U","N",,,,,,,,,,,,,,,,,,,,,5957
0,"TAXIOBT","0","0","0","0","U","N",,,,,,,,,,,,,,,,,,,,,5955
0,"TAXISHA","0","0","0","0","U","N",,,,,,,,,,,,,,,,,,,,,5956
0,"TAXUBRE","5","0","0","0","U","N",,"H,L","H","L",,"P,C,H","I","O","PX","U","LE,SE",,,,,,,"4",,,773
0,"TAXUS","0","0","0","0","U","N",,,,,,,,,"OS",,,,,,,,,,,,774
0,"TAYLFRO","0","0","0","0","U","N",,,,,,,,,,,,,,,,,,,,,4993
0,"TAYLLIN","0","0","0","0","U","N",,,,,,,,,,,,,,,,,,,,,4994
0,"TAYLORI","0","0","0","0","U","N",,,,,,,,,,,,,,,,,,,,,4996
0,"TAYLSER","0","0","0","0","U","N",,,,,,,,,,,,,,,,,,"4",,,4995
0,"TAYLSPL","0","0","0","0","U","N",,,,,,,,,,,,,,,,,,,,,4997
0,"TEESDAL","0","0","0","0","U","E",,,,,,,,,,,,,,,,,,,,,4142
0,"TEESNUD","0","0","0","0","U","E",,,,,,,,,,,,,,,,,,,,,4141
0,"TELANEM","0","0","0","0","U","N",,,,,,,,,,,,,,,,,,,,,5958
0,"TELARAN","0","0","0","0","U","N",,,,,,,,,,,,,,,,,,,,,5959
0,"TELLGRA","5","4","3","2","U","N",,,,,,,,,,,,,,,,,,,,,4143
0,"TELLIMA","0","0","0","0","U","N",,,,,,,,,,,,,,,,,,,,,4144
0,"TELOCON","0","0","0","0","U","N",,,,,,,,,,,,,,,,,,,,,7229
0,"TELOSCH","0","0","0","0","U","N",,,,,,,,,,,,,,,,,,,,,7230
0,"TELOSCI","0","0","0","0","U","N",,,,,,,,,,,,,,,,,,,,,7228
0,"TEPHARM","0","0","0","0","U","N",,,,,,,,,,,,,,,,,,,,,7231
0,"TEPHATR","0","0","0","0","U","N",,,,,,,,,,,,,,,,,,,,,7232
0,"TEPHFRI","0","0","0","0","U","N",,,,,,,,,"OS",,,,,,,,,"3",,,7882
0,"TEPHLIN","0","0","0","0","U","N",,,,,,,,,"OS",,,,,,,,,,,,7891
0,"TEPHPAL","0","0","0","0","U","N",,,,,,,,,"OS",,,,,,,,,"3",,,7886
0,"TEPHROM","0","0","0","0","U","N",,,,,,,,,,,,,,,,,,,,,7233
0,"TEPHROS","0","0","0","0","U","N",,,,,,,,,,,,,,,,,,,,,7883
0,"TEPHYUK","0","0","0","0","U","N",,,,,,,,,"OS",,,,,,,,,,,,7992
0,"TETRADY","0","0","0","0","U","N",,,,,,,,,"OS",,,,,,,,,,,,4146
0,"TETRANG","0","0","0","0","U","N",,,,,,,,,,,,,,,,,,"4",,,5002
0,"TETRAPH","0","0","0","0","U","N",,,,,,,,,,,,,,,,,,,,,5001
0,"TETRAPI","0","0","0","0","U","N",,,,,,,,,,,,,,,,,,,,,4998
0,"TETRAPL","0","0","0","0","U","N",,,,,,,,,,,,,,,,,,,,,5005
0,"TETRBRO","0","0","0","0","U","N",,,,,,,,,,,,,,,,,,,,,5007
0,"TETRCAN","0","0","0","0","U","N",,"L",,"L",,"S","I","O","P1","SPR",,"O-unknown, P1-fatal poisoning, phytophotosensitivity",,,,,,,,,4145
0,"TETRGEN","0","0","0","0","U","N",,,,,,,,,,,,,,,,,,,,,4999
0,"TETRMNI","0","0","0","0","U","N",,,,,,,,,,,,,,,,,,"4",,,5003
0,"TETRODO","0","0","0","0","U","N",,,,,,,,,,,,,,,,,,,,,5009
0,"TETRPAL","0","0","0","0","U","N",,,,,,,,,,,,,,,,,,,,,5004
0,"TETRPEL","0","0","0","0","U","N",,,,,,,,,,,,,,,,,,,,,5000
0,"TETRREP","0","0","0","0","U","N",,,,,,,,,,,,,,,,,,,,,5008
0,"TETRURC","0","0","0","0","U","N",,,,,,,,,,,,,,,,,,,,,5006
0,"TEUCCAN","0","0","0","0","U","N",,,,,,,,,,,,,,,,,,,,,4147
0,"TEUCCAN2","0","0","0","0","U","N",,,,,,,,,,,,,,,,,,,,,4148
0,"TEUCRIU","0","0","0","0","U","N",,,,,,,,,,,,,,,,,,,,,4028
0,"THALALP","0","0","0","0","U","N",,,,,,,,,,,,,,,,,,,,,4029
0,"THALDAS","0","0","0","0","U","N",,,,,,,,,,,,,,,,,,"4",,,4030
0,"THALICT","0","0","0","0","U","N",,,,,,,,,,,,,,,,,,,,,3801
0,"THALOCC","0","4","3","2","U","N",,,,,,,,,,,,,,,,"P",,,,,4031
0,"THALSPA","0","0","0","0","U","N",,,,,,,,,,,,,,,,,,,,,3802
0,"THALVEN","0","0","0","0","U","N",,,,,,,,,,,,,,,,,,,,,4045
0,"THAMNEC","0","0","0","0","U","N",,,,,,,,,,,,,,,,,,,,,5011
0,"THAMNOB","0","0","0","0","U","N",,,,,,,,,,,,,,,,,,,,,5012
0,"THAMNOL","0","0","0","0","U","N",,,,,,,,,,,,,,,,,,,,,7234
0,"THAMNOR","0","0","0","0","U","N",,,,,,,,,,,,,,,,,,,,,5010
0,"THAMVER","1","0","0","4","U","N",,,,,,,,,,,,,,,,,,,,,7235
0,"THELDEC","0","0","0","0","U","N",,,,,,,,,,,,,,,,,,,,,7236
0,"THELEPI","0","0","0","0","U","N",,,,,,,,,,,,,,,,,,,,,7239
0,"THELEPI1","0","0","0","0","U","N",,,,,,,,,,,,,,,,,,,,,7240
0,"THELIDI","0","0","0","0","U","N",,,,,,,,,,,,,,,,,,,,,7238
0,"THELINC","0","0","0","0","U","N",,,,,,,,,,,,,,,,,,,,,7237
0,"THELLAC","0","0","0","0","U","N",,,,,,,,,,,,,,,,,,,,,4046
0,"THELLAC1","0","0","0","0","U","N",,,,,,,,,,,,,,,,,,,,,4047
0,"VEROOFF","5","3","2","3","U","E",,,,,,,,,,,,,,,,,,,,,3922
0,"VEROPER","0","0","0","0","U","N",,,,,,,,,,,,,,,,,,,,,3923
0,"VEROPER1","0","0","0","0","U","E",,,,,,,,,,,,,,,,,,,,,3924
0,"VEROPER2","0","0","0","0","U","N",,,,,,,,,,,,,,,,,,,,,3925
0,"VEROPES","0","0","0","0","U","E",,,,,,,,,,,,,,,,,,,,,3926
0,"VEROSCU","0","6","0","5","U","N",,,,,,,,,,,,,,,,,,"3",,,3927
0,"VEROSER","0","0","0","0","U","E",,,,,,,,,,,,,,,,,,,,,3928
0,"VEROSER1","0","0","0","0","U","N",,,,,,,,,,,,,,,,,,,,,3929
0,"VEROSER2","0","0","0","0","U","E",,,,,,,,,,,,,,,,,,,,,3930
0,"VEROVER","0","0","0","0","U","E",,,,,,,,,,,,,,,,,,,,,3932
0,"VEROWOR","1","5","2","3","U","N",,,,,,,,,,,,,,,,,,"4",,,3933
0,"VEROWOR1","0","0","0","0","U","N",,,,,,,,,,,,,,,,,,,,,3934
0,"VERRAET","0","0","0","0","U","N",,,,,,,,,,,,,,,,,,,,,7332
0,"VERRERI","0","0","0","0","U","N",,,,,,,,,,,,,,,,,,,,,7333
0,"VERRFUC","0","0","0","0","U","N",,,,,,,,,,,,,,,,,,,,,7335
0,"VERRFUN","0","0","0","0","U","N",,,,,,,,,,,,,,,,,,,,,7334
0,"VERRMAC","0","0","0","0","U","N",,,,,,,,,,,,,,,,,,,,,7336
0,"VERRMAR","0","0","0","0","U","N",,,,,,,,,,,,,,,,,,,,,7337
0,"VERRMAU","0","0","0","0","U","N",,,,,,,,,,,,,,,,,,,,,7338
0,"VERRMUC","0","0","0","0","U","N",,,,,,,,,,,,,,,,,,,,,7339
0,"VERRMUR","0","0","0","0","U","N",,,,,,,,,,,,,,,,,,,,,7340
0,"SERIRIG","0","0","0","0","U","N",,,,,,,,,"OS",,,,,,,,,,,,522
0,"SETAFAB","0","0","0","0","U","E",,,,,,,,,"OS",,,,,,,,,,,,661
0,"SETAITA","0","0","0","0","U","E",,"L",,"L",,,"I","O","PX","U",,,,,,,,,,,2309
0,"SETAPUM","0","0","0","0","U","E",,"L",,"L",,"C,H,S","I","O","PX","WIN",,"WIN-poisoining potential in hay",,,,,,,,,663
0,"SETAPUM1","0","0","0","0","U","E",,"L",,"L",,"C,H,S","I","O","PX","WIN",,"WIN-poisoining potential in hay",,,,,,,,,662
0,"SETARIA","0","0","0","0","U","E",,,,,,,,,"OS",,,,,,,,,,,,2310
0,"SETAVER","0","0","0","0","U","E",,,,,,,,,"OS",,,,,,,,,,,,2311
0,"SETAVIR","0","0","0","0","U","E",,,,,,,,,"OS",,,,,,,,"R",,,,2312
0,"SHEPARG","0","0","0","0","U","E",,,,,,,,,,,,,,,,,,,,,1491
0,"SHEPCAN","3","2","2","0","U","N",,,,,,,,,,,,,"0","2","2",,,,,,1492
0,"SHEPHER","0","0","0","0","U","N",,,,,,,,,,,,,,,,,,,,,1493
0,"SHERARD","0","0","0","0","U","E",,,,,,,,,,,,,,,,,,,,,524
0,"SHERARV","0","0","0","0","U","E",,,,,,,,,,,,,,,,,,,,,523
0,"SIBBALD","0","0","0","0","U","N",,,,,,,,,,,,,,,,,,,,,7441
0,"SIBBPRO","1","4","1","0","U","N",,,,,,,,,,,,,,,,,,,,,7440
0,"SIDAHEN","0","0","0","0","U","N",,,,,,,,,,,,,,,,,,"4",,,525
0,"SIDALCE","0","0","0","0","U","N",,,,,,,,,,,,,,,,,,,,,528
0,"SIDAORE","0","0","0","0","U","N",,,,,,,,,,,,,,,,,,,,,526
0,"SIDAORE1","0","0","0","0","U","N",,,,,,,,,,,,,,,,,,,,,527
0,"SENEPSU","0","0","0","0","U","N",,,,,,,,,"OS",,,,,,,,,,,,515
0,"SENESHE","0","0","0","0","U","N",,,,,,,,,"OS",,,,,,,,,,,,516
0,"SENESYL","4","3","3","3","U","E",,,,,,,,,"OS",,,,,,,,,,,,518
0,"SENETRI","0","5","3","2","U","N",,,,,,,,,"OS",,,,"1","1","0","G",,"3",,,519
0,"SENEVIS","0","0","0","0","U","E",,,,,,,,,"OS",,,,,,,,,,,,520
0,"SENEVUL","0","0","3","3","U","E",,"H,L","H","L",,"P,C,H","I","A","P1","U","AL","A-senecionine",,,,,"I",,,,521
0,"SEQUGIG","0","0","0","0","U","E",,,,,,,,,,,,,,,,,,,,,771
0,"SEQUSEM","0","0","0","0","U","E",,,,,,,,,,,,,,,,,,,,,770
0,"TRAPWAL","0","0","0","0","U","N",,,,,,,,,,,,,,,,,,,,,7274
0,"TRAUCAR","5","4","3","2","U","N",,,,,,,,,,,,,"1","1","0",,,,,,4087
0,"TRAUTVE","0","0","0","0","U","N",,,,,,,,,,,,,,,,,,,,,4088
0,"TREMAMB","0","0","0","0","U","N",,,,,,,,,,,,,,,,,,,,,5053
0,"TREMATO","0","0","0","0","U","N",,,,,,,,,,,,,,,,,,,,,5056
0,"TREMATR","0","0","0","0","U","N",,,,,,,,,,,,,,,,,,,,,7275
0,"TREMASA","0","0","0","0","U","N",,,,,,,,,,,,,,,,,,,,,5054
0,"TREMMON","0","0","0","0","U","N",,,,,,,,,,,,,,,,,,,,,5055
0,"TREMOLE","0","0","0","0","U","N",,,,,,,,,,,,,,,,,,,,,7276
0,"TREUBIA","0","0","0","0","U","N",,,,,,,,,,,,,,,,,,,,,5960
0,"TRIADEN","0","0","0","0","U","E",,,,,,,,,,,,,,,,,,,,,7546
0,"TRIAFRA","0","0","0","0","U","E",,,,,,,,,,,,,,,,,,,,,7547
0,"TRIAGLU","0","0","0","0","U","N",,,,,,,,,,,,,,,,,,"3",,,7594
0,"TRIAOCC","0","0","0","0","U","N",,,,,,,,,,,,,,,,,,,,,7597
0,"TRIAOCC1","0","0","0","0","U","N",,,,,,,,,,,,,,,,,,,,,7596
0,"TRIAOCC2","0","0","0","0","U","N",,,,,,,,,,,,,,,,,,,,,7595
0,"TRIBTER","0","0","0","0","U","E",,"L",,"L",,,"I","X,O","PX","U",,"O-other",,,,,"R",,,,4090
0,"TRIBULU","0","0","0","0","U","E",,,,,,,,,"OS",,,,,,,,,,,,4089
0,"TRICALP","0","0","0","0","U","N",,,,,,,,,,,,,,,,,,"2",,,2328
0,"TRICARC","0","0","0","0","U","N",,,,,,,,,,,,,,,,,,,,,5062
0,"TRICAUS","0","0","0","0","U","N",,,,,,,,,,,,,,,,,,,,,5060
0,"TRICCES","0","0","0","0","U","N",,,,,,,,,,,,,,,,,,"2",,,2329
0,"TRICCRI","0","0","0","0","U","N",,,,,,,,,,,,,,,,,,,,,8074
0,"TRICCYL","0","0","0","0","U","N",,,,,,,,,,,,,,,,,,,,,5057
0,"TRICCYL1","0","0","0","0","U","N",,,,,,,,,,,,,,,,,,,,,5058
0,"TRICHOC","0","0","0","0","U","N",,,,,,,,,,,,,,,,,,,,,5961
0,"TRICHOD","0","0","0","0","U","N",,,,,,,,,,,,,,,,,,,,,5059
0,"TRICHOE",,,,,"U","N",,,,,,,,,,,,,,,,,,,,,4092
0,"TRICHOH","0","0","0","0","U","N",,,,,,,,,,,,,,,,,,,,,7278
0,"TRICHOL","0","0","0","0","U","N",,,,,,,,,,,,,,,,,,,,,7277
0,"TRICHOO","0","0","0","0","U","N",,,,,,,,,,,,,,,,,,,,,5963
0,"TRICHOP","0","0","0","0","U","N",,,,,,,,,,,,,,,,,,,,,2331
0,"TRICHOS","0","0","0","0","U","N",,,,,,,,,,,,,,,,,,,,,5061
0,"TRICHOT","0","0","0","0","U","N",,,,,,,,,,,,,,,,,,,,,5063
0,"UMBIHYP3","0","0","0","0","U","N",,,,,,,,,,,,,,,,,,,,,7292
0,"UMBIKRA","0","0","0","0","U","N",,,,,,,,,,,,,,,,,,,,,7293
0,"UMBILAM","0","0","0","0","U","N",,,,,,,,,,,,,,,,,,,,,7294
0,"UMBILEI","0","0","0","0","U","N",,,,,,,,,,,,,,,,,,,,,7295
0,"UMBILIA","0","0","0","0","U","N",,,,,,,,,,,,,,,,,,,,,7308
0,"UMBILIC","0","0","0","0","U","N",,,,,,,,,,,,,,,,,,,,,7304
0,"UMBILYN","0","0","0","0","U","N",,,,,,,,,,,,,,,,,,,,,7296
0,"UMBIMUE","0","0","0","0","U","N",,,,,,,,,,,,,,,,,,,,,7297
0,"UMBINYL","0","0","0","0","U","N",,,,,,,,,,,,,,,,,,,,,7298
0,"UMBIPHA","0","0","0","0","U","N",,,,,,,,,,,,,,,,,,,,,7299
0,"UMBIPOL","0","0","0","0","U","N",,,,,,,,,,,,,,,,,,,,,7300
0,"UMBIPOY","0","0","0","0","U","N",,,,,,,,,,,,,,,,,,,,,7301
0,"UMBIPRO","0","1","1","4","U","N",,,,,,,,,,,,,,,,,,,,,7302
0,"UMBIRIG","0","0","0","0","U","N",,,,,,,,,,,,,,,,,,,,,7303
0,"UMBITOR","0","0","0","0","U","N",,,,,,,,,,,,,,,,,,,,,7305
0,"UMBIVEL","0","0","0","0","U","N",,,,,,,,,,,,,,,,,,,,,7306
0,"UMBIVIR","0","0","0","0","U","N",,,,,,,,,,,,,,,,,,,,,7307
0,"UNKNOWN","0","0","0","0","U","N",,,,,,,,,,,,,,,,,,,,,105
0,"UROPAPP","0","0","0","0","U","N",,,,,,,,,,,,,,,,,,,,,7879
0,"UROPLIN","0","0","0","0","U","N",,,,,,,,,,,,,,,,,,,,,7878
0,"URTICA","0","0","0","0","U","N",,,,,,,,,"OS",,,,,,,,,,,,3951
0,"URTICAC","0","0","0","0","U","N",,,,,,,,,,,,,,,,,,,,,3953
0,"URTIDIO","0","4","3","2","U","N",,"H","H",,,"D","C","O","P2","U","HA","O-acetylcholine,histamine,5-hydroxytrypamine","2","2","0",,,"4",,,3949
0,"URTIDIO1","0","0","0","0","U","N",,"H","H",,,"D","C","O","P2","U","HA","O-acetylcholine,histamine,5-hydroxytrypamine",,,,,,,,,3950
0,"URTIDIO2","0","4","3","2","U","E",,"H","H",,,"D","C","O","P2","U","HA","O-acetylcholine,histamine,5-hydroxytrypamine",,,,,,,,,576
0,"URTIURE","0","0","0","0","U","E",,"H","H",,,"D","C","O","PX","U",,,,,,,,,,,3952
0,"USNEA","0","0","0","0","U","N",,,,,,,,,,,,,,,,,,,,,7326
0,"USNECAV","0","0","0","0","U","N",,,,,,,,,,,,,,,,,,,,,7309
0,"USNECER","0","0","0","0","U","N",,,,,,,,,,,,,,,,,,,,,7310
0,"USNECHA","0","0","0","0","U","N",,,,,,,,,,,,,,,,,,,,,7311
0,"USNECOR","0","0","0","0","U","N",,,,,,,,,,,,,,,,,,,,,7312
0,"USNEDIP","0","0","0","0","U","N",,,,,,,,,,,,,,,,,,,,,504
0,"USNEESP","0","0","0","0","U","N",,,,,,,,,,,,,,,,,,,,,505
0,"USNEFIL","0","0","0","0","U","N",,,,,,,,,,,,,,,,,,,,,7313
0,"USNEFRA","0","0","0","0","U","N",,,,,,,,,,,,,,,,,,,,,7314
0,"USNEFRA1","0","0","0","0","U","N",,,,,,,,,,,,,,,,,,,,,7315
0,"USNEGLA","0","0","0","0","U","N",,,,,,,,,,,,,,,,,,,,,7316
0,"USNEGLB","0","0","0","0","U","N",,,,,,,,,,,,,,,,,,,,,7317
0,"USNEHES","0","0","0","0","U","N",,,,,,,,,,,,,,,,,,,,,7318
0,"SILEACA","1","2","3","3","U","N",,,,,,,,,,,,,,,,"P",,,,,529
0,"SILEACA1","0","0","0","0","U","N",,,,,,,,,,,,,,,,,,,,,530
0,"SILEACA5","0","0","0","0","U","N",,,,,,,,,,,,,,,,,,,,,531
0,"SILEANT","0","0","0","0","U","N",,,,,,,,,,,,,,,,,,,,,532
0,"SILEARM","0","0","0","0","U","E",,,,,,,,,,,,,,,,,,,,,533
0,"SILECSE","0","0","0","0","U","E",,,,,,,,,,,,,,,,,,,,,534
0,"SILEDIC","0","0","0","0","U","E",,,,,,,,,,,,,,,,,,,,,535
0,"SILEDIO","0","0","0","0","U","E",,,,,,,,,,,,,,,,,,,,,536
0,"SILEDOU","0","0","0","0","U","N",,,,,,,,,,,,,,,,,,,,,537
0,"SILEDOU1","0","0","0","0","U","N",,,,,,,,,,,,,,,,,,,,,538
0,"SILEDRU","0","0","0","0","U","N",,,,,,,,,,,,,,,,,,,,,539
0,"SILEDRU1","0","0","0","0","U","N",,,,,,,,,,,,,,,,,,,,,540
0,"SILEGAL","5","0","0","3","U","E",,,,,,,,,,,,,,,,,,,,,541
0,"SILEINV","0","0","0","0","U","N",,,,,,,,,,,,,,,,,,,,,542
0,"SILEINV1","0","0","0","0","U","N",,,,,,,,,,,,,,,,,,,,,543
0,"SILELAT","0","0","0","0","U","E",,,,,,,,,,,,,,,,,"R",,,,7524
0,"SILELAT1","0","0","0","0","U","E",,,,,,,,,,,,,,,,,"R",,,,7523
0,"SILEMEN","0","0","0","0","U","N",,,,,,,,,,,,,,,,,,,,,544
0,"SILEMEN1","0","0","0","0","U","N",,,,,,,,,,,,,,,,,,,,,545
0,"SILEMEN2","0","0","0","0","U","N",,,,,,,,,,,,,,,,,,,,,546
0,"SILENE","0","0","0","0","U","N",,,,,,,,,,,,,,,,,,,,,552
0,"SILENOC","0","0","0","0","U","E",,,,,,,,,,,,,,,,,"R",,,,547
0,"SILEOST","0","0","0","0","U","N",,,,,,,,,,,,,,,,,,,,,7665
0,"SILEPAR","0","0","0","0","U","N",,,,,,,,,,,,,,,,,,,,,548
0,"SILEREP","0","0","0","0","U","N",,,,,,,,,,,,,,,,,,,,,549
0,"SILESCO","0","0","0","0","U","N",,,,,,,,,,,,,,,,"P",,,,,550
0,"SILESCO2","0","0","0","0","U","N",,,,,,,,,,,,,,,,,,,,,551
0,"SILESCO4","0","0","0","0","U","N",,,,,,,,,,,,,,,,,,,,,8173
0,"SILESPA","0","0","0","0","U","N",,,,,,,,,,,,,,,,,,,,,553
0,"SILEURA","0","0","0","0","U","N",,,,,,,,,,,,,,,,,,,,,554
0,"SILEURA1","0","0","0","0","U","N",,,,,,,,,,,,,,,,,,,,,555
0,"SILEVUL","0","0","0","0","U","E",,,,,,,,,,,,,,,,,"I",,,,556
0,"SILYBUM","0","0","0","0","U","E",,,,,,,,,,,,,,,,,,,,,558
0,"SILYMAR","0","0","0","0","U","E",,,,,,,,,,,,,,,,,,,,,557
0,"SIMAROU","0","0","0","0","U","E",,,,,,,,,,,,,,,,,,,,,689
0,"SINONEW","0","0","0","0","U","N",,,,,,,,,"OS",,,,,,,,,,,,559
0,"SIPHCER","0","6","1","1","U","N",,,,,,,,,,,,,,,,,,"2",,,7164
0,"SIPHULA","0","0","0","0","U","N",,,,,,,,,,,,,,,,,,,,,7165
0,"SISYALT","0","0","0","0","U","E",,,,,,,,,,,,,,,,"P",,,,,560
0,"SISYCAL","0","0","0","0","U","N",,,,,,,,,,,,,,,,,,"4",,,564
0,"SISYIDA","0","0","0","0","U","N",,,,,,,,,,,,,,,,"P",,"4",,,565
0,"SISYIDA1","0","0","0","0","U","N",,,,,,,,,,,,,,,,,,,,,566
0,"SISYIDA2","0","0","0","0","U","N",,,,,,,,,,,,,,,,,,,,,567
0,"SISYIDA3","0","0","0","0","U","N",,,,,,,,,,,,,,,,,,,,,1336
0,"SISYLIN","0","0","0","0","U","N",,,,,,,,,,,,,,,,,,,,,8171
0,"SISYLIT","4","0","3","3","U","N",,,,,,,,,,,,,,,,,,"4",,,568
0,"SISYLOE","0","0","0","0","U","E",,,,,,,,,,,,,,,,"P",,,,,561
0,"SISYMBR","0","0","0","0","U","E",,,,,,,,,,,,,,,,,,,,,563
0,"SISYMON","0","0","0","0","U","N",,,,,,,,,,,,,,,,,,,,,569
0,"SISYOFF","0","0","3","3","U","E",,,,,,,,,,,,,,,,,,,,,562
0,"SISYORI","0","0","3","3","U","E",,,,,,,,,,,,,,,,,,,,,7514
0,"SISYRIN","0","0","0","0","U","N",,,,,,,,,,,,,,,,,,,,,571
0,"SISYSEP","0","0","0","0","U","N",,,,,,,,,,,,,,,,,,,,,570
0,"SIUM","0","0","0","0","U","N",,,,,,,,,,,,,,,,,,,,,572
0,"SIUMSUA","0","0","0","0","U","N",,,,,,,,,,,,,,,,"P",,"2",,,573
0,"SMELAME","0","0","0","0","U","N",,,,,,,,,,,,,,,,,,,,,8174
0,"SMELOVA","0","0","0","0","U","N",,,,,,,,,,,,,,,,,,,,,3983
0,"SMELOWS","0","0","0","0","U","N",,,,,,,,,,,,,,,,,,,,,3984
0,"SOLAAME","0","0","0","0","U","E",,"H,L","H","L",,"C,S,Pi,O","I","A,O","P1","U","AL","O-poultry, AL-especially unripe berries, A-solanine,solasodine,chaconine, O-nitrate",,,,,"I",,,,3794
0,"SOLADUL","5","0","3","3","U","E",,"H,L,W","H","L","W","P,C,O","I","A","P2","U","FR,LE","O-rodents, A-solanine,solasodine,soladulcidine, FR-immature berries",,,,,"I",,,,1494
0,"SOLADUL1","5","0","3","3","U","E",,"H,L,W","H","L","W","P,C,O","I","A","P2","U","FR,LE","O-rodents, A-solanine,solasodine,soladulcidine, FR-immature berries",,,,,"I",,,,574
0,"SOLANAC","0","0","0","0","U","N",,,,,,,,,,,,,,,,,,,,,62
0,"SOLANIG","0","0","0","0","U","E",,,,,,,,,,,,,,,,,,,,,3795
0,"SOLANIG1","0","0","0","0","U","E",,,,,,,,,,,,,,,,,,,,,7832
0,"SOLANIG2","0","0","0","0","U","E",,,,,,,,,,,,,,,,,,,,,7833
0,"SOLANUM","0","0","0","0","U","N",,,,,,,,,"OS",,,,,,,,"I",,,,160
0,"SOLAPHY","0","0","0","0","U","E",,"H,L","H","L",,"P","I","O","PX","U",,,,,,,"I",,,,575
0,"SOLAROS","0","0","0","0","U","E",,"H,L","H","L",,"P","I","O","PX","U",,,,,,,"I",,,,3796
0,"SOLATRI","0","0","0","0","U","E",,"H,L","H","L",,"P","I","O","PX","U",,,,,,,"I",,,,3797
0,"SOLIALT","0","0","0","0","U","N",,,,,,,,,,,,,,,,,,,,,7993
0,"SOLIALT1","0","0","0","0","U","N",,,,,,,,,,,,,,,,,,,,,7994
0,"SOLICAN","0","0","3","2","U","N",,,,,,,,,,,,,,,,,,,,,3798
0,"SOLIDAG","0","0","0","0","U","N",,,,,,,,,,,,,,,,,,,,,4036
0,"SOLIELO","0","0","0","0","U","N",,,,,,,,,,,,,,,,,,,,,8004
0,"SOLIGIG","0","0","0","0","U","N",,,,,,,,,,,,,,,,,,,,,4118
0,"SOLILEP","0","0","0","0","U","N",,,,,,,,,,,,,,,,,,,,,4032
0,"SOLILEP1","0","0","0","0","U","N",,,,,,,,,,,,,,,,,,,,,7995
0,"SOLILEP2","0","0","0","0","U","N",,,,,,,,,,,,,,,,,,,,,7996
0,"SOLIMIS","0","0","0","0","U","N",,,,,,,,,,,,,,,,,,,,,4033
0,"SOLIMOL","0","0","0","0","U","E",,,,,,,,,,,,,,,,,,,,,8276
0,"SOLIMUL","1","0","0","3","U","N",,,,,,,,,,,,,,,,"P",,,,,4034
0,"SOLINEM","0","0","0","0","U","N",,,,,,,,,,,,,,,,,,,,,4035
0,"SOLINEM4","0","0","0","0","U","N",,,,,,,,,,,,,,,,,,,,,7997
0,"SOLIRUG","0","0","0","0","U","E",,,,,,,,,,,,,,,,,,,,,7834
0,"SOLIRUG1","0","0","0","0","U","E",,,,,,,,,,,,,,,,,,,,,7835
0,"SOLISES","0","0","0","0","U","E",,,,,,,,,,,,,,,,,,,,,7820
0,"SOLISIM","0","0","0","0","U","N",,,,,,,,,,,,,,,,"P",,,,,7836
0,"SOLISIM1","0","0","0","0","U","N",,,,,,,,,,,,,,,,,,,,,7837
0,"SOLISIM2","0","0","0","0","U","N",,,,,,,,,,,,,,,,,,,,,7838
0,"SOLIVA","0","0","0","0","U","E",,,,,,,,,,,,,,,,,,,,,664
0,"SOLOAST","0","0","0","0","U","N",,,,,,,,,,,,,,,,,,,,,7172
0,"SOLOBIS","0","0","0","0","U","N",,,,,,,,,,,,,,,,,,,,,7166
0,"SOLOCRO","1","0","0","0","U","N",,,,,,,,,,,,,,,,,,,,,7167
0,"SOLOOCT","0","0","0","0","U","N",,,,,,,,,,,,,,,,,,,,,7168
0,"SOLORIE","0","0","0","0","U","N",,,,,,,,,,,,,,,,,,,,,7173
0,"SOLORIL","0","0","0","0","U","N",,,,,,,,,,,,,,,,,,,,,7174
0,"SOLORIN","0","0","0","0","U","N",,,,,,,,,,,,,,,,,,,,,7170
0,"SOLOSAC","0","0","0","0","U","N",,,,,,,,,,,,,,,,,,,,,7169
0,"SOLOSPO","0","0","0","0","U","N",,,,,,,,,,,,,,,,,,,,,7171
0,"SONCARV","0","0","3","3","U","E",,,,,,,,,,,,,,,,,"P",,,,3769
0,"SONCARV3","0","0","0","0","U","E",,,,,,,,,,,,,,,,,"P",,,,7998
0,"SONCARV4","0","0","0","0","U","E",,,,,,,,,,,,,,,,,"P",,,,7999
0,"SONCASP","0","0","0","0","U","E",,,,,,,,,,,,,,,,,"I",,,,3770
0,"SONCHUS","0","0","0","0","U","E",,,,,,,,,,,,,,,,,,,,,3772
0,"SONCOLE","0","3","3","3","U","E",,,,,,,,,,,,,,,,,"P",,,,3771
0,"SORBAUC","0","0","0","0","U","E",,,,,,,,,,,,,,,,,,,,,1092
0,"SORBSCO","3","3","2","0","U","N",,,,,,,,,,,,,"0","1","2",,,,,,1495
0,"SORBSCO1","0","0","0","0","U","N",,,,,,,,,,,,,,,,,,,,,1496
0,"SORBSCO2","0","0","0","0","U","N",,,,,,,,,,,,,,,,,,,,,1497
0,"SORBSIT","2","3","1","1","U","N",,,,,,,,,,,,,"0","1","2",,,"4",,,1498
0,"SORBSIT1","0","0","0","0","U","N",,,,,,,,,,,,,,,,,,,,,1499
0,"SORBSIT2","0","0","0","0","U","N",,,,,,,,,,,,,,,,,,,,,1500
0,"SORBUS","0","0","0","0","U","N",,,,,,,,,,,,,,,,,,,,,161
0,"SORGBIC","0","0","0","0","U","E",,,,,,,,,,,,,,,,,,,,,8043
0,"SORGBIC1","0","0","0","0","U","E",,,,,,,,,,,,,,,,,,,,,7968
0,"SORGHUM","0","0","0","0","U","E",,,,,,,,,,,,,,,,,,,,,7969
0,"SPARANE","0","0","0","0","U","E",,,,,,,,,,,,,,,,,,,,,7821
0,"SPARANG","0","0","0","0","U","N",,,,,,,,,,,,,,,,,,"1",,,3774
0,"SPARDEN","0","0","0","0","U","E",,,,,,,,,,,,,,,,,,,,,7822
0,"SPAREME","0","6","0","5","U","N",,,,,,,,,,,,,,,,,,"1",,,4153
0,"SPAREUR","0","6","2","5","U","N",,,,,,,,,,,,,,,,,,"1",,,4154
0,"SPARFLU","3","6","0","5","U","N",,,,,,,,,,,,,,,,,,"1",,,4155
0,"SPARGAI","0","0","0","0","U","N",,,,,,,,,,,,,,,,,,,,,3773
0,"SPARGAN","0","0","0","0","U","N",,,,,,,,,,,,,,,,,,"1",,,4157
0,"SPHATUC","0","0","0","0","U","N",,,,,,,,,,,,,,,,,,,,,7181
0,"SPHAWAR","0","0","0","0","U","N",,,,,,,,,,,,,,,,,,"2",,,4978
0,"SPHAWIL","0","0","0","0","U","N",,,,,,,,,,,,,,,,,,"2",,,4979
0,"SPHAWUL","0","0","0","0","U","N",,,,,,,,,,,,,,,,,,"2",,,4980
0,"SPHEINT","0","0","0","0","U","N",,,,,,,,,,,,,,,,,,,,,2316
0,"SPHENOL","0","0","0","0","U","N",,,,,,,,,,,,,,,,,,,,,5946
0,"SPHENOP","0","0","0","0","U","N",,,,,,,,,,,,,,,,,,,,,2318
0,"SPHEOBT","0","0","0","0","U","N",,,,,,,,,,,,,,,,,,"4",,,2317
0,"SPHEPEA","0","0","0","0","U","N",,,,,,,,,,,,,,,,,,,,,5945
0,"SPILONE","0","0","0","0","U","N",,,,,,,,,,,,,,,,,,,,,7183
0,"SPILREV","0","0","0","0","U","N",,,,,,,,,,,,,,,,,,,,,7182
0,"SPIRAEA","0","0","0","0","U","N",,,,,,,,,,,,,,,,,,,,,1590
0,"SPIRANT","0","0","0","0","U","N",,,,,,,,,,,,,,,,,,,,,3872
0,"SPIRBET","3","2","2","0","U","N",,,,,,,,,,,,,,,,"F",,,,,1585
0,"SPIRBET1","0","0","0","0","U","N",,,,,,,,,,,,,,,,,,,,,6311
0,"SPIRDIL","0","0","0","0","U","N",,,,,,,,,,,,,,,,,,,,,7970
0,"SPIRDOU","4","5","2","0","U","N",,,,,,,,,,,,,,,,,,"3",,,1586
0,"SPIRDOU1","0","0","0","0","U","N",,,,,,,,,,,,,,,,,,,,,1587
0,"SPIRDOU2","0","0","0","0","U","N",,,,,,,,,,,,,,,,,,,,,1588
0,"SPIRJAP","0","0","0","0","U","E",,,,,,,,,,,,,,,,,,,,,8277
0,"SPIRJAP1","0","0","0","0","U","E",,,,,,,,,,,,,,,,,,,,,8278
0,"SPIRODE","0","0","0","0","U","N",,,,,,,,,,,,,,,,,,,,,3874
0,"SPIRPOL","0","0","0","0","U","N",,,,,,,,,,,,,,,,,,"1",,,3873
0,"SPIRPYR","0","0","0","0","U","N",,,,,,,,,,,,,,,,,,,,,1589
0,"SPIRROM","0","0","2","0","U","N",,,,,,,,,,,,,,,,,,"4",,,3871
0,"SPIRSPL","3","4","2","0","U","N",,,,,,,,,,,,,,,,,,,,,6313
0,"SPIRSPL1","3","4","2","0","U","N",,,,,,,,,,,,,,,,,,,,,6312
0,"SPIRSTE","0","0","0","0","U","N",,,,,,,,,,,,,,,,,,,,,1591
0,"SPLAAMP","0","0","0","0","U","N",,,,,,,,,,,,,,,,,,,,,4983
0,"SPLACHA","0","0","0","0","U","N",,,,,,,,,,,,,,,,,,,,,4981
0,"SPLACHN","0","0","0","0","U","N",,,,,,,,,,,,,,,,,,,,,4982
0,"SPLACHU","0","0","0","0","U","N",,,,,,,,,,,,,,,,,,,,,4987
0,"SPLALUT","0","0","0","0","U","N",,,,,,,,,,,,,,,,,,,,,4984
0,"SPLALUT1","0","0","0","0","U","N",,,,,,,,,,,,,,,,,,,,,4985
0,"SPLARUB","0","0","0","0","U","N",,,,,,,,,,,,,,,,,,,,,4986
0,"SPLASPH","0","0","0","0","U","N",,,,,,,,,,,,,,,,,,,,,4988
0,"SPLAVAS","0","0","0","0","U","N",,,,,,,,,,,,,,,,,,"4",,,4989
0,"SPLAVAS2","0","0","0","0","U","N",,,,,,,,,,,,,,,,,,,,,4990
0,"SPORAIR","0","0","0","0","U","N",,,,,,,,,,,,,,,,,,,,,2319
0,"SPORAST","0","0","0","0","U","N",,,,,,,,,,,,,,,,,,,,,7184
0,"TORTAMP","0","0","0","0","U","N",,,,,,,,,,,,,,,,,,,,,5036
0,"TORTBOL","0","0","0","0","U","N",,,,,,,,,,,,,,,,,,,,,5037
0,"TORTBRE","0","0","0","0","U","N",,,,,,,,,,,,,,,,,,,,,5038
0,"TORTCAN","0","0","0","0","U","N",,,,,,,,,,,,,,,,,,,,,5039
0,"TORTELL","0","0","0","0","U","N",,,,,,,,,,,,,,,,,,,,,5034
0,"TORTFRA","0","0","0","0","U","N",,,,,,,,,,,,,,,,,,,,,5030
0,"TORTHUM","0","0","0","0","U","N",,,,,,,,,,,,,,,,,,,,,5031
0,"TORTINC","0","0","0","0","U","N",,,,,,,,,,,,,,,,,,,,,5032
0,"SYNTLAE","0","0","0","0","U","N",,,,,,,,,,,,,,,,,,,,,5040
0,"TORTLAE1","0","0","0","0","U","N",,,,,,,,,,,,,,,,,,,,,5041
0,"TORTLAE2","0","0","0","0","U","N",,,,,,,,,,,,,,,,,,,,,5042
0,"TORTLAT","0","0","0","0","U","N",,,,,,,,,,,,,,,,,,,,,5043
0,"TORTMUC","0","0","0","0","U","N",,,,,,,,,,,,,,,,,,,,,5044
0,"TORTMUR","0","0","0","0","U","N",,,,,,,,,,,,,,,,,,,,,5045
0,"TORTNIT","0","0","0","0","U","N",,,,,,,,,,,,,,,,,,,,,5033
0,"SYNTNOR","0","0","0","0","U","N",,,,,,,,,,,,,,,,,,,,,5046
0,"TORTPAP","0","0","0","0","U","N",,,,,,,,,,,,,,,,,,,,,8073
0,"TORTPRI","0","0","0","0","U","N",,,,,,,,,,,,,,,,,,,,,5047
0,"TORTRUA","0","0","0","0","U","N",,,,,,,,,,,,,,,,,,,,,5048
0,"TORTSUB","0","0","0","0","U","N",,,,,,,,,,,,,,,,,,,,,5050
0,"TORTTOR","0","0","0","0","U","N",,,,,,,,,,,,,,,,,,,,,5035
0,"TORTULA","0","0","0","0","U","N",,,,,,,,,,,,,,,,,,,,,5049
0,"TOWNHOO","0","0","0","0","U","N",,,,,,,,,,,,,,,,,,,,,4071
0,"TOWNPAR","0","0","0","0","U","N",,,,,,,,,,,,,,,,,,,,,4072
0,"TOWNSEN","0","0","0","0","U","N",,,,,,,,,,,,,,,,,,,,,4082
0,"TOXICOS","0","0","0","0","U","N",,,,,,,,,"OS",,,,,,,,,,,,8243
0,"TOXIDIV","0","0","0","0","U","N",,"H","H",,,"D","C","O","P2","SPR,SUM,AUT,WIN","AL","O-urushiol oil, AL-plant juices",,,,,,,,,1610
0,"TOXIGRA","0","0","0","0","U","N",,"H,L","H","L",,"P,C,H,S,Pi,B,O","I","A","P1","SPR","AL","O-poultry, A-zygacine",,,,,,,,,8244
0,"TOXIRYD","0","0","0","0","U","N",,"H","H",,,"D","C","O","P2","SPR,SUM,AUT,WIN","AL","O-urushiol oil,3-pentadecyl catechol, AL-plant juices",,,,,,,,,1611
0,"TOXIVEN","0","0","0","0","U","N",,"H,L","H","L",,"P,C,H,S,Pi,B,O","I","A","P1","SPR","AL","O-poultry, A-zygacine",,,,,,,,,8245
0,"TRACHYB","0","0","0","0","U","N",,,,,,,,,,,,,,,,,,,,,5052
0,"TRACMEG","0","0","0","0","U","N",,,,,,,,,,,,,,,,,,,,,5051
0,"TRAGDUB","0","0","0","0","U","E",,,,,,,,,,,,,,,,"F","I",,,,4083
0,"TRAGOPO","0","0","0","0","U","E",,,,,,,,,,,,,,,,,,,,,4086
0,"TRAGPOR","0","0","0","0","U","E",,,,,,,,,,,,,,,,,,,,,4084
0,"TRAGPRA","0","0","0","0","U","E",,,,,,,,,,,,,,,,"F",,,,,4085
0,"TRAPCOA","0","0","0","0","U","N",,,,,,,,,,,,,,,,,,,,,7264
0,"TRAPCOR","0","0","0","0","U","N",,,,,,,,,,,,,,,,,,,,,7265
0,"TRAPELA","0","0","0","0","U","N",,,,,,,,,,,,,,,,,,,,,7268
0,"TRAPELI","0","0","0","0","U","N",,,,,,,,,,,,,,,,,,,,,7267
0,"TRAPELO","0","0","0","0","U","N",,,,,,,,,,,,,,,,,,,,,7272
0,"TRAPFLE","0","0","0","0","U","N",,,,,,,,,,,,,,,,,,,,,7269
0,"TRAPGRA","0","0","0","0","U","N",,,,,,,,,,,,,,,,,,,,,7270
0,"TRAPPLA","0","0","0","0","U","N",,,,,,,,,,,,,,,,,,,,,7266
0,"TRAPPSE","0","0","0","0","U","N",,,,,,,,,,,,,,,,,,,,,7271
0,"TRAPVIR","0","0","0","0","U","N",,,,,,,,,,,,,,,,,,,,,7273
0,"VERRNIG","0","0","0","0","U","N",,,,,,,,,,,,,,,,,,,,,7341
0,"VERRPRO","0","0","0","0","U","N",,,,,,,,,,,,,,,,,,,,,7342
0,"VERRTEC","0","0","0","0","U","N",,,,,,,,,,,,,,,,,,,,,7344
0,"VERRUCA","0","0","0","0","U","N",,,,,,,,,,,,,,,,,,,,,7343
0,"VERRUCR","0","0","0","0","U","N",,,,,,,,,,,,,,,,,,,,,7346
0,"VERRVII","0","0","0","0","U","N",,,,,,,,,,,,,,,,,,,,,7345
0,"VESTELA","0","0","0","0","U","N",,,,,,,,,,,,,,,,,,,,,7347
0,"VESTERG","0","0","0","0","U","N",,,,,,,,,,,,,,,,,,,,,7349
0,"VESTISI","0","0","0","0","U","N",,,,,,,,,,,,,,,,,,,,,7348
0,"VIBUEDU","0","4","3","2","U","N",,,,,,,,,,,,,"0","2","2",,,"4",,,1623
0,"VIBUOPU","0","0","0","0","U","N",,,,,,,,,,,,,,,,,,,,,1368
0,"VIBUOPU2","5","4","3","0","U","N",,,,,,,,,,,,,,,,,,,,,7520
0,"VIBUOPU3","0","0","0","0","U","E",,,,,,,,,,,,,,,,,,,,,7666
0,"VIBURNU","0","0","0","0","U","N",,,,,,,,,,,,,,,,,,,,,1369
0,"VICIA","0","0","0","0","U","N",,,,,,,,,"OS",,,,,,,,,,,,3991
0,"VICIAME","0","0","0","3","U","N",,,,,,,,,"OS",,,,,,,"G",,,,,3985
0,"VICICRA","0","0","0","0","U","E",,,,,,,,,"OS",,,,,,,,,,,,3986
0,"VICICRA1","0","0","0","0","U","E",,,,,,,,,"OS",,,,,,,,,,,,1176
0,"VICIHIR","5","0","0","3","U","E",,,,,,,,,"OS",,,,,,,,,,,,3987
0,"VICILAT","0","0","0","0","U","E",,,,,,,,,"OS",,,,,,,,,,,,1178
0,"VICINIG","4","0","0","3","U","N",,,,,,,,,"OS",,,,,,,,,,,,1180
0,"VICINIG1","4","0","0","3","U","N",,,,,,,,,"OS",,,,,,,,,,,,1179
0,"VICISAT","5","0","0","3","U","E",,"L",,"L",,"H,O","I","O","P2","U","SE","O-chickens, O-beta-cyano-L-alanine",,,,,,,,,3988
0,"VICISAT1","0","0","0","0","U","E",,"L",,"L",,"H,O","I","O","P2","U","SE","O-chickens, O-beta-cyano-L-alanine",,,,,,,,,3989
0,"VICISAT2","0","0","0","0","U","E",,"L",,"L",,"H,O","I","O","P2","U","SE","O-chickens, O-beta-cyano-L-alanine",,,,,,,,,3990
0,"VICITET","0","0","0","0","U","E",,,,,,,,,"OS",,,,,,,,,,,,3992
0,"VICIVIL","0","0","0","0","U","E",,"L",,"L",,"C,H,O","I","O","P1","U","LE,SE","O-poultry, O-unknown toxin, P1-death in cattle and poultry, dermatitis in cattle",,,,,,,,,3993
0,"VICIVIL1","0","0","0","0","U","E",,"L",,"L",,"C,H,O","I","O","P1","U","LE,SE","O-poultry, O-unknown toxin, P1-death in cattle and poultry, dermatitis in cattle",,,,,,,,,1177
0,"VINCA","0","0","0","0","U","N",,,,,,,,,,,,,,,,,,,,,3996
0,"VINCMAJ","0","0","0","0","U","E",,,,,,,,,,,,,,,,,,,,,3994
0,"VINCMIN","0","0","0","0","U","E",,,,,,,,,,,,,,,,,,,,,3995
0,"USNEHIR","0","0","0","0","U","N",,,,,,,,,,,,,,,,,,,,,7319
0,"USNELAP","0","0","0","0","U","N",,,,,,,,,,,,,,,,,,,,,7320
0,"USNELON","4","0","0","0","U","N",,,,,,,,,,,,,,,,,,,,,7321
0,"USNESIL","0","0","0","0","U",,,,,,,,,,,,,,,,,,,,,,506
0,"USNENID","0","0","0","0","U","N",,,,,,,,,,,,,,,,,,,,,7322
0,"USNERIG","0","0","0","0","U","N",,,,,,,,,,,,,,,,,,,,,7323
0,"USNERUB","0","0","0","0","U","N",,,,,,,,,,,,,,,,,,,,,7324
0,"USNESCB","0","0","0","0","U","N",,,,,,,,,,,,,,,,,,,,,7325
0,"USNESPH","0","0","0","0","U","N",,,,,,,,,,,,,,,,,,,,,507
0,"USNESUF","0","0","0","0","U","N",,,,,,,,,,,,,,,,,,,,,7327
0,"USNESUT","0","0","0","0","U","N",,,,,,,,,,,,,,,,,,,,,7328
0,"USNETRI","0","0","0","0","U","N",,,,,,,,,,,,,,,,,,,,,508
0,"USNEWIR","0","0","0","0","U","N",,,,,,,,,,,,,,,,,,,,,7329
0,"UTRICUL","0","0","0","0","U","N",,,,,,,,,,,,,,,,,,"1",,,3957
0,"UTRIGIB","0","0","0","0","U","N",,,,,,,,,,,,,,,,,,"1",,,3954
0,"UTRIINT","0","0","0","0","U","N",,,,,,,,,,,,,,,,,,"1",,,3955
0,"UTRIMAC","0","0","0","0","U","N",,,,,,,,,,,,,,,,,,"1",,,1345
0,"UTRIMIN","0","0","0","0","U","N",,,,,,,,,,,,,,,,,,"1",,,3956
0,"UTRIOCH","0","0","0","0","U","N",,,,,,,,,,,,,,,,,,,,,1346
0,"VACCALA","2","4","1","1","U","N",,,,,,,,,,,,,"1","2","2",,,"4",,,1612
0,"VACCARI","0","0","0","0","U","E",,,,,,,,,,,,,,,,,,,,,3959
0,"VACCCAE","3","4","1","1","U","N",,,,,,,,,,,,,"0","2","2",,,"4",,,7442
0,"VACCCOR","0","0","0","0","U","E",,,,,,,,,,,,,,,,,,,,,1613
0,"VACCDEL","2","4","1","1","U","N",,,,,,,,,,,,,,,,,,,,,1614
0,"VACCGLO","0","0","0","0","U","N",,,,,,,,,,,,,,,,,,,,,1615
0,"VACCINI","0","0","0","0","U","N",,,,,,,,,,,,,"1","2","2",,,,,,162
0,"VACCMEM","3","3","1","1","U","N",,,,,,,,,,,,,"0","2","2",,,,,,1616
0,"VACCMYL","3","0","1","1","U","N",,,,,,,,,,,,,"0","1","1",,,,,,1617
0,"VACCMYT","0","0","0","0","U","N",,,,,,,,,,,,,,,,,,,,,7443
0,"VACCOVL","0","4","1","1","U","N",,,,,,,,,,,,,"1","2","2","P",,"4",,,1618
0,"VACCOVT","4","3","1","1","U","N",,,,,,,,,,,,,,,,,,,,,1365
0,"VACCPAR","4","0","1","1","U","N",,,,,,,,,,,,,"0","1","1",,,,,,1619
0,"VACCPYR","0","0","0","0","U","E",,,,,,,,,,,,,,,,,,,,,3958
0,"VACCSCO","1","0","1","1","U","N",,,,,,,,,,,,,"0","1","1","P",,,,,7444
0,"VACCULI","0","5","1","1","U","N",,,,,,,,,,,,,"0","2","2",,,"3",,,1620
0,"VACCULI1","0","0","0","0","U","N",,,,,,,,,,,,,,,,,,"4",,,1622
0,"VACCULI3","0","0","0","0","U","N",,,,,,,,,,,,,,,,,,"4",,,1621
0,"VACCVIT","0","0","1","1","U","N",,,,,,,,,,,,,"1","0","2",,,"4",,,7445
0,"VACCVIT1","0","0","0","0","U","N",,,,,,,,,,,,,,,,,,"4",,,7446
0,"VAHLATR","1","4","2","0","U","N",,,,,,,,,,,,,,,,"G",,"4",,,2339
0,"VAHLODE","0","0","0","0","U","N",,,,,,,,,,,,,,,,,,,,,2340
0,"THELLEP","0","0","0","0","U","N",,,,,,,,,,,,,,,,,,,,,7244
0,"THELNEV","0","0","0","0","U","N",,,,,,,,,,,,,,,,,,,,,1801
0,"THELOCA","0","0","0","0","U","N",,,,,,,,,,,,,,,,,,,,,7241
0,"THELOCC","0","0","0","0","U","N",,,,,,,,,,,,,,,,,,,,,7242
0,"THELOMM","0","0","0","0","U","N",,,,,,,,,,,,,,,,,,,,,7243
0,"THELOTE","0","0","0","0","U","N",,,,,,,,,,,,,,,,,,,,,7246
0,"THELOTR","0","0","0","0","U","N",,,,,,,,,,,,,,,,,,,,,7245
0,"THELQUE","0","0","0","0","U","N",,,,,,,,,,,,,,,,,,,,,1802
0,"THELYPE","0","0","0","0","U","N",,,,,,,,,,,,,,,,,,,,,1800
0,"THELYPO","0","0","0","0","U","N",,,,,,,,,,,,,,,,,,,,,4048
0,"THELYPT","0","0","0","0","U","N",,,,,,,,,,,,,,,,,,,,,1803
0,"THERMOP","0","0","0","0","U","N",,,,,,,,,"OS",,,,,,,,,,,,4050
0,"THERMUT","0","0","0","0","U","N",,,,,,,,,,,,,,,,,,,,,7247
0,"THERRHO","0","0","0","0","U","N",,"H,L","H","L",,"P,C,H","I","A","P3","U","LE,SE","P3-potentially poisonous, A-anagyrine,cytisine,N-methylcystisine,thermopsine",,,,,,,,,4049
0,"THERVEL","0","0","0","0","U","N",,,,,,,,,,,,,,,,,,,,,7248
0,"THININT","0","0","0","0","U","E",,,,,,,,,,,,,,,,,,,,,2324
0,"THININT1","0","0","0","0","U","E",,,,,,,,,,,,,,,,,,,,,8240
0,"THININT2","0","0","0","0","U","E",,,,,,,,,,,,,,,,,,,,,8241
0,"THINPON","0","0","0","0","U","E",,,,,,,,,,,,,,,,,,,,,7902
0,"THLAARV","0","3","3","3","U","E",,"L",,"L",,"C","I","G","P1","U","LE,SE","G-glucosinolates, P1-poisoning,death, abortion in cattle,phytophotosensitivity",,,,,"I",,,,4051
0,"THLASPI","0","0","0","0","U","E",,,,,,,,,"OS",,,,,,,,,,,,4052
0,"THOLDIS","0","0","0","0","U","N",,,,,,,,,,,,,,,,,,,,,7249
0,"THOLURN","0","0","0","0","U","N",,,,,,,,,,,,,,,,,,,,,7250
0,"THROEPI","0","0","0","0","U","N",,,,,,,,,,,,,,,,,,,,,7252
0,"THROMBA","0","0","0","0","U","N",,,,,,,,,,,,,,,,,,,,,7251
0,"THROMBI","0","0","0","0","U","N",,,,,,,,,,,,,,,,,,,,,7253
0,"THUIDEL","0","0","0","0","U","N",,,,,,,,,,,,,,,,,,,,,883
0,"THUIDEL2","0","0","0","0","U","N",,,,,,,,,,,,,,,,,,,,,5014
0,"THUIDIA","0","0","0","0","U","N",,,,,,,,,,,,,,,,,,,,,5013
0,"THUIDIU","0","0","0","0","U","N",,,,,,,,,,,,,,,,,,,,,5016
0,"THUIREC","0","0","0","0","U","N",,,,,,,,,,,,,,,,,,"3",,,5015
0,"THUJA","0","0","0","0","U","N",,,,,,,,,,,,,,,,,,,,,776
0,"THUJPLI","5","0","0","0","U","N",,,,,,,,,,,,,,,,,,"4",,,775
0,"THYMELA","0","0","0","0","U","E",,,,,,,,,,,,,,,,,,,,,1362
0,"THYMPUL","0","0","0","0","U","E",,,,,,,,,,,,,,,,,,,,,8227
0,"THYMSER","0","0","0","0","U","E",,,,,,,,,,,,,,,,,,,,,4053
0,"THYMUS","0","0","0","0","U","E",,,,,,,,,,,,,,,,,,,,,4054
0,"THYSANO","0","0","0","0","U","N",,,,,,,,,,,,,,,,,,,,,4056
0,"THYSCUR","0","0","0","0","U","N",,,,,,,,,,,,,,,,,,,,,4055
0,"TIARELL","0","0","0","0","U","N",,,,,,,,,,,,,,,,,,,,,4057
0,"TIARTRI","5","4","3","2","U","N",,,,,,,,,,,,,,,,,,,,,4058
0,"ZOSTJAP","0","0","0","0","U","E",,,,,,,,,,,,,,,,,,"1",,,3815
0,"ZOSTMAR","0","0","0","0","U","N",,,,,,,,,,,,,,,,,,"1",,,3816
0,"ZYGODON","0","0","0","0","U","N",,,,,,,,,,,,,,,,,,,,,5084
0,"ZYGOGRA","0","0","0","0","U","N",,,,,,,,,,,,,,,,,,,,,5083
0,"ZYGOPHY","0","0","0","0","U","E",,,,,,,,,,,,,,,,,,,,,3819
0,"ZYGOREI","0","0","0","0","U","N",,,,,,,,,,,,,,,,,,,,,422
0,"ZYGOVIR","0","0","0","0","U","N",,,,,,,,,,,,,,,,,,,,,5085
0,"ZYGOVIR2","0","0","0","0","U","N",,,,,,,,,,,,,,,,,,,,,5086
0,"ZYGOVIR3","0","0","0","0","U","N",,,,,,,,,,,,,,,,,,,,,5087
0,"SANGSTI",,,,,"U","N",,,,,,,,,,,,,,,,,,,,,8280
