"SiteSeries_ID","SSCode","BGCName","BEC_Region","BGC_Zone","SubzVarPh","BGC_Subzone","BGC_Variant","BGC_Phase","SiteSeries","SSPhase","SSVariation","Seral","SiteSeriesDescription","PlantAssociation","Comments","Ref_ID","AddedDate","ExpiredDate","O_SS_ID","MergedBGC_SS","BECSuballiance","BECAlliance","MissingNpeNa","TransferID","Flag"
64.00,"07","ESSFxv 1","CAR","ESSF","xv1","xv","1","","07","","","","Bl - Valerian - Arnica","","",14.00,10/11/2000 0:00:00,,64.00,"ESSFxv 1 /07","Abielas-Valesit-Arnicor","Abielas-Valesit","npe",,0
65.00,"08","ESSFxv 1","CAR","ESSF","xv1","xv","1","","08","","","","Bl - Horsetail - Glow moss","","",14.00,10/11/2000 0:00:00,,65.00,"ESSFxv 1 /08","Abielas-Equiset","Abielas-Equiset","npe",,0
66.00,"09","ESSFxv 1","CAR","ESSF","xv1","xv","1","","09","","","","Bl - Twinberry - Hellebore","","",14.00,10/11/2000 0:00:00,,66.00,"ESSFxv 1 /09","Abielas-Valesit-Arnicor","Abielas-Valesit","npe",,0
67.00,"01","ICH dk","CAR","ICH","dk","dk","","","01","","","","CwSxw - Falsebox - Wintergreen","","",14.00,10/11/2000 0:00:00,,67.00,"ICH dk   /01","","Thujpli-Piceene-Paximyr","",,0
68.00,"02","ICH dk","CAR","ICH","dk","dk","","","02","","","","CwSxw - Soopolallie","","",14.00,10/11/2000 0:00:00,,68.00,"ICH dk   /02","","","NA",,0
69.00,"02a","ICH dk","CAR","ICH","dk","dk","","","02","a","","","CwSxw - Soopolallie, Typic","","",14.00,10/11/2000 0:00:00,,69.00,"ICH dk   /02a","","Thujpli-Piceene-Paximyr","",,0
70.00,"02b","ICH dk","CAR","ICH","dk","dk","","","02","b","","","CwSxw - Soopolallie, Shallow","","",14.00,10/11/2000 0:00:00,,70.00,"ICH dk   /02b","","Thujpli-Piceene-Paximyr","",,0
71.00,"03","ICH dk","CAR","ICH","dk","dk","","","03","","","","CwSxw - Falsebox - Soopolallie","","",14.00,10/11/2000 0:00:00,,71.00,"ICH dk   /03","Piceene-Thujpli","Piceene-Vaccmem","",,0
72.00,"04","ICH dk","CAR","ICH","dk","dk","","","04","","","","CwSxw - Falsebox - Feathermoss","","",14.00,10/11/2000 0:00:00,,72.00,"ICH dk   /04","","Thujpli-Piceene-Paximyr","",,0
73.00,"05","ICH dk","CAR","ICH","dk","dk","","","05","","","","CwSxw - Thimbleberry","","",14.00,10/11/2000 0:00:00,,73.00,"ICH dk   /05","Thujpli-Piceene-Abielas-Paximyr","Thujpli-Piceene-Rubupar","",,0
74.00,"06","ICH dk","CAR","ICH","dk","dk","","","06","","","","CwSxw - Raspberry - Oak fern","","",14.00,10/11/2000 0:00:00,,74.00,"ICH dk   /06","","Thujpli-Piceene-Gymndry","",,0
75.00,"07","ICH dk","CAR","ICH","dk","dk","","","07","","","","Sxw - Twinberry - Oak fern","","",14.00,10/11/2000 0:00:00,,75.00,"ICH dk   /07","Piceene-Gymndry","Piceene-Gymndry","",,0
76.00,"08","ICH dk","CAR","ICH","dk","dk","","","08","","","","Sxw - Devil's club - Lady fern","","",14.00,10/11/2000 0:00:00,,76.00,"ICH dk   /08","Piceene-Oplohor-Gymndry","Piceene-Gymndry","",,0
77.00,"09","ICH dk","CAR","ICH","dk","dk","","","09","","","","Sxw - Horsetail","","",14.00,10/11/2000 0:00:00,,77.00,"ICH dk   /09","Piceene-Cornsto-Equiset","Piceene-Equiset","",,0
78.00,"01","ICH mk 3","CAR","ICH","mk3","mk","3","","01","","","","CwSxw - Falsebox - Knight's plume","","",14.00,10/11/2000 0:00:00,,78.00,"ICH mk 3 /01","","Thujpli-Piceene-Paximyr","",,0
79.00,"02","ICH mk 3","CAR","ICH","mk3","mk","3","","02","","","","FdCw - Wavy-leaved moss","","",14.00,10/11/2000 0:00:00,,79.00,"ICH mk 3 /02","Pseumen-Thujpli-Paximyr","Pseumen-Thujpli-Paximyr","",,0
80.00,"03","ICH mk 3","CAR","ICH","mk3","mk","3","","03","","","","CwSxw - Soopolallie","","",14.00,10/11/2000 0:00:00,,80.00,"ICH mk 3 /03","","Thujpli-Piceene-Paximyr","",,0
81.00,"04","ICH mk 3","CAR","ICH","mk3","mk","3","","04","","","","CwSxw - Oak fern - Cat's-tail moss","","",14.00,10/11/2000 0:00:00,,81.00,"ICH mk 3 /04","","Thujpli-Piceene-Gymndry","",,0
82.00,"05","ICH mk 3","CAR","ICH","mk3","mk","3","","05","","","","SxwCw - Oak fern","","",14.00,10/11/2000 0:00:00,,82.00,"ICH mk 3 /05","Piceene-Gymndry","Piceene-Gymndry","",,0
83.00,"06","ICH mk 3","CAR","ICH","mk3","mk","3","","06","","","","CwHw - Devil's club - Lady fern","","",14.00,10/11/2000 0:00:00,,83.00,"ICH mk 3 /06","","Thujpli-Piceene-Oplohor","",,0
84.00,"07","ICH mk 3","CAR","ICH","mk3","mk","3","","07","","","","CwSxw - Devil's club - Horsetail","","",14.00,10/11/2000 0:00:00,,84.00,"ICH mk 3 /07","","Thujpli-Piceene-Oplohor","",,0
85.00,"01","ICH mw 3","CAR","ICH","mw3","mw","3","","01","","","","HwCw - Falsebox - Feathermoss","","",5.00,10/11/2000 0:00:00,,85.00,"ICH mw 3 /01","","Tsughet-Thujpli-Hylospl","",,0
86.00,"02","ICH mw 3","CAR","ICH","mw3","mw","3","","02","","","","Fd - Juniper - Cladina","","",5.00,10/11/2000 0:00:00,,86.00,"ICH mw 3 /02","","Pseumen-Junicom","",,0
87.00,"03","ICH mw 3","CAR","ICH","mw3","mw","3","","03","","","","Fd - Pinegrass - Feathermoss","","",5.00,10/11/2000 0:00:00,,87.00,"ICH mw 3 /03","","","",,0
88.00,"04","ICH mw 3","CAR","ICH","mw3","mw","3","","04","","","","CwFd - Soopolallie - Twinflower","","",5.00,10/11/2000 0:00:00,,88.00,"ICH mw 3 /04","Pseumen-Paximyr-Calarub","Pseumen-Calarub","",,0
89.00,"05","ICH mw 3","CAR","ICH","mw3","mw","3","","05","","","","CwFd - Falsebox","","",5.00,10/11/2000 0:00:00,,89.00,"ICH mw 3 /05","Pseumen-Thujpli-Paximyr","Pseumen-Thujpli-Paximyr","",,0
90.00,"06","ICH mw 3","CAR","ICH","mw3","mw","3","","06","","","","CwHw - Oak fern","","",5.00,10/11/2000 0:00:00,,90.00,"ICH mw 3 /06","","Thujpli-Tsughet-Gymndry","npe",,0
91.00,"07","ICH mw 3","CAR","ICH","mw3","mw","3","","07","","","","CwHw - Devil's club - Lady fern","","",5.00,10/11/2000 0:00:00,,91.00,"ICH mw 3 /07","","Thujpli-Tsughet-Equiset","",,0
92.00,"08","ICH mw 3","CAR","ICH","mw3","mw","3","","08","","","","CwSxw - Skunk cabbage","","",5.00,10/11/2000 0:00:00,,92.00,"ICH mw 3 /08","Tsughet-Thujpli-Oplohor","Thujpli-Tsughet-Oplohor","",,0
93.00,"09","ICH mw 3","CAR","ICH","mw3","mw","3","","09","","","","Sedge - Sphagnum","","",5.00,10/11/2000 0:00:00,,93.00,"ICH mw 3 /09","","Popubal-Alnuinc-Equiset","",,0
19.00,"07","CWH ms 1","CAR","CWH","ms1","ms","1","","07","","","","Ss - Salmonberry","","",11.00,10/11/2000 0:00:00,"38748",19.00,"CWH ms 1 /07","","","",,0
20.00,"08","CWH ms 1","CAR","CWH","ms1","ms","1","","08","","","","Act - Red-osier dogwood","","",11.00,10/11/2000 0:00:00,"38748",20.00,"CWH ms 1 /08","","","npe",,0
21.00,"09","CWH ms 1","CAR","CWH","ms1","ms","1","","09","","","","Act - Willow","","",11.00,10/11/2000 0:00:00,"38748",21.00,"CWH ms 1 /09","","","npe",,0
22.00,"10","CWH ms 1","CAR","CWH","ms1","ms","1","","10","","","","Pl - Sphagnum","","",11.00,10/11/2000 0:00:00,"38748",22.00,"CWH ms 1 /10","","","",,0
23.00,"11","CWH ms 1","CAR","CWH","ms1","ms","1","","11","","","","CwSs - Skunk cabbage","","",11.00,10/11/2000 0:00:00,"38748",23.00,"CWH ms 1 /11","","","",,0
24.00,"01","ESSFdc 2","CAR","ESSF","dc2","dc","2","","01","","","","Bl - Rhododendron - Grouseberry","","",5.00,10/11/2000 0:00:00,,24.00,"ESSFdc 2 /01","Abielas-Rhodalb-Vaccsco","Abielas-Rhodalb-Vaccmem","",,0
25.00,"02","ESSFdc 2","CAR","ESSF","dc2","dc","2","","02","","","","Juniper - Pinegrass","","",5.00,10/11/2000 0:00:00,,25.00,"ESSFdc 2 /02","Pinucon-Vaccsco-Calarub-nudum","Pinucon-Calarub-Vaccsco","",,0
26.00,"03","ESSFdc 2","CAR","ESSF","dc2","dc","2","","03","","","","PlSe - Falsebox - Pinegrass","","",5.00,10/11/2000 0:00:00,,26.00,"ESSFdc 2 /03","Pinucon-Vaccsco-Calarub","Pinucon-Calarub-Vaccsco","",,0
27.00,"04","ESSFdc 2","CAR","ESSF","dc2","dc","2","","04","","","","Bl - Grouseberry - Cladonia","","",5.00,10/11/2000 0:00:00,,27.00,"ESSFdc 2 /04","Abielas-Vaccmem-Vaccsco","Abielas-Vaccsco","NA",,0
28.00,"05","ESSFdc 2","CAR","ESSF","dc2","dc","2","","05","","","","Bl - Huckleberry - Feathermoss","","",5.00,10/11/2000 0:00:00,,28.00,"ESSFdc 2 /05","Abielas-Vaccmem-Vaccsco","Abielas-Vaccsco","NA",,0
29.00,"06","ESSFdc 2","CAR","ESSF","dc2","dc","2","","06","","","","Bl - Gooseberry - Oak fern","","",5.00,10/11/2000 0:00:00,,29.00,"ESSFdc 2 /06","Abielas-Rhodalb-Vaccsco","Abielas-Rhodalb-Vaccmem","npe",,0
30.00,"07","ESSFdc 2","CAR","ESSF","dc2","dc","2","","07","","","","Bl - Rhododendron - Valerian","","",5.00,10/11/2000 0:00:00,,30.00,"ESSFdc 2 /07","","","",,0
31.00,"08","ESSFdc 2","CAR","ESSF","dc2","dc","2","","08","","","","Bl - Trapper's tea","","",5.00,10/11/2000 0:00:00,,31.00,"ESSFdc 2 /08","Abielas-Equiset","Abielas-Equiset","npe",,0
32.00,"09","ESSFdc 2","CAR","ESSF","dc2","dc","2","","09","","","","Sedge - Sphagnum","","",5.00,10/11/2000 0:00:00,,32.00,"ESSFdc 2 /09","","Piceene-Ledugla-Vaccsco","npe",,0
33.00,"01","ESSFmv 1","CAR","ESSF","mv1","mv","1","","01","","","","Bl - Rhododendron - Feathermoss","","",9.00,10/11/2000 0:00:00,,33.00,"ESSFmv 1 /01","Abielas-Rhodalb-Ptilcri","Abielas-Rhodalb-Vaccmem","missing",,0
34.00,"02","ESSFmv 1","CAR","ESSF","mv1","mv","1","","02","","","","Pl - Huckleberry - Cladonia","","",9.00,10/11/2000 0:00:00,,34.00,"ESSFmv 1 /02","Abielas-Pleusch-Cladoni","Abielas-Cladoni","missing",,0
35.00,"03","ESSFmv 1","CAR","ESSF","mv1","mv","1","","03","","","","Bl - Huckleberry - Feathermoss","","",9.00,10/11/2000 0:00:00,,35.00,"ESSFmv 1 /03","Abielas-Vaccmem-Pleusch","Abielas-Vaccmem","missing",,0
36.00,"04","ESSFmv 1","CAR","ESSF","mv1","mv","1","","04","","","","Bl - Huckleberry - Gooseberry","","",9.00,10/11/2000 0:00:00,,36.00,"ESSFmv 1 /04","Abielas-Vaccmem-Pleusch","Abielas-Vaccmem","missing",,0
37.00,"05","ESSFmv 1","CAR","ESSF","mv1","mv","1","","05","","","","Bl - Horsetail - Glow moss","","",9.00,10/11/2000 0:00:00,,37.00,"ESSFmv 1 /05","Abielas-Equiset","Abielas-Equiset","missing",,0
38.00,"01","ESSFwc 3","CAR","ESSF","wc3","wc","3","","01","","","","Bl - Rhododendron - Oak fern","","",14.00,10/11/2000 0:00:00,,38.00,"ESSFwc 3 /01","Abielas-Rhodalb-Gymndry","Abielas-Gymndry","",,0
39.00,"02","ESSFwc 3","CAR","ESSF","wc3","wc","3","","02","","","","Bl - Rhododendron - Queen's cup","","",14.00,10/11/2000 0:00:00,,39.00,"ESSFwc 3 /02","Abielas-Rhodalb-Vaccmem","Abielas-Rhodalb-Vaccmem","",,0
40.00,"03","ESSFwc 3","CAR","ESSF","wc3","wc","3","","03","","","","Bl - Globeflower - Horsetail","","",14.00,10/11/2000 0:00:00,,40.00,"ESSFwc 3 /03","Abielas-Valesit-Strepto","Abielas-Valesit","",,0
41.00,"01","ESSFwk 1","CAR","ESSF","wk1","wk","1","","01","","","","Bl - Oak fern - Brachythecium","","",14.00,10/11/2000 0:00:00,,41.00,"ESSFwk 1 /01","Abielas-Rhodalb-Gymndry","Abielas-Gymndry","",,0
42.00,"02","ESSFwk 1","CAR","ESSF","wk1","wk","1","","02","","","","Bl - Huckleberry - Feathermoss","","",14.00,10/11/2000 0:00:00,,42.00,"ESSFwk 1 /02","Abielas-Vaccmem-Pleusch","Abielas-Vaccmem","",,0
43.00,"03","ESSFwk 1","CAR","ESSF","wk1","wk","1","","03","","","","Bl - Oak fern - Knight's plume","","",14.00,10/11/2000 0:00:00,,43.00,"ESSFwk 1 /03","Abielas-Rhodalb-Gymndry","Abielas-Gymndry","",,0
44.00,"04","ESSFwk 1","CAR","ESSF","wk1","wk","1","","04","","","","Bl - Twinberry - Lady fern","","",14.00,10/11/2000 0:00:00,,44.00,"ESSFwk 1 /04","Abielas-Gymndry","Abielas-Gymndry","",,0
45.00,"05","ESSFwk 1","CAR","ESSF","wk1","wk","1","","05","","","","Bl - Devil's club - Lady fern","","",14.00,10/11/2000 0:00:00,,45.00,"ESSFwk 1 /05","","Abielas-Oplohor","",,0
46.00,"06","ESSFwk 1","CAR","ESSF","wk1","wk","1","","06","","","","Bl - Horsetail - Sphagnum","","",14.00,10/11/2000 0:00:00,,46.00,"ESSFwk 1 /06","Abielas-Equiset","Abielas-Equiset","",,0
47.00,"07","ESSFwk 1","CAR","ESSF","wk1","wk","1","","07","","","","Bl - Lady fern - Horsetail","","",14.00,10/11/2000 0:00:00,,47.00,"ESSFwk 1 /07","Abielas-Gymndry-Equiset","Abielas-Equiset","",,0
94.00,"01","ICH wk 2","CAR","ICH","wk2","wk","2","","01","","","","CwHw - Oak fern","","",14.00,10/11/2000 0:00:00,,94.00,"ICH wk 2 /01","","Thujpli-Tsughet-Gymndry","",,0
95.00,"01a","ICH wk 2","CAR","ICH","wk2","wk","2","","01","a","","","CwHw - Oak fern, Typic","","",14.00,10/11/2000 0:00:00,,95.00,"ICH wk 2 /01a","","","",,0
96.00,"01b","ICH wk 2","CAR","ICH","wk2","wk","2","","01","b","","","CwHw - Oak fern, Moist","","",14.00,10/11/2000 0:00:00,,96.00,"ICH wk 2 /01b","","","",,0
97.00,"02","ICH wk 2","CAR","ICH","wk2","wk","2","","02","","","","HwCw - Cladonia","","",14.00,10/11/2000 0:00:00,,97.00,"ICH wk 2 /02","","Tsughet-Thujpli-Cladoni","",,0
98.00,"03","ICH wk 2","CAR","ICH","wk2","wk","2","","03","","","","CwFd - Juniper - Falsebox","","",14.00,10/11/2000 0:00:00,,98.00,"ICH wk 2 /03","","Tsughet-Thujpli-Paximyr","",,0
99.00,"04","ICH wk 2","CAR","ICH","wk2","wk","2","","04","","","","HwCw - Step moss","","",14.00,10/11/2000 0:00:00,,99.00,"ICH wk 2 /04","","Tsughet-Thujpli-Hylospl","",,0
100.00,"05","ICH wk 2","CAR","ICH","wk2","wk","2","","05","","","","SxwCw - Oak fern","","",14.00,10/11/2000 0:00:00,,100.00,"ICH wk 2 /05","Piceene-Gymndry","Piceene-Gymndry","",,0
101.00,"06","ICH wk 2","CAR","ICH","wk2","wk","2","","06","","","","Sxw - Twinberry - Oak fern","","",14.00,10/11/2000 0:00:00,,101.00,"ICH wk 2 /06","Piceene-Gymndry","Piceene-Gymndry","",,0
102.00,"07","ICH wk 2","CAR","ICH","wk2","wk","2","","07","","","","CwHw - Devil's club - Lady fern","","",14.00,10/11/2000 0:00:00,,102.00,"ICH wk 2 /07","Tsughet-Thujpli-Oplohor","Thujpli-Tsughet-Oplohor","",,0
103.00,"08","ICH wk 2","CAR","ICH","wk2","wk","2","","08","","","","CwSxw - Skunk cabbage","","",14.00,10/11/2000 0:00:00,,103.00,"ICH wk 2 /08","","Thujpli-Abielas-Lysiame","",,0
104.00,"01","ICH wk 4","CAR","ICH","wk4","wk","4","","01","","","","CwHw - Oak fern","","",14.00,10/11/2000 0:00:00,,104.00,"ICH wk 4 /01","","Thujpli-Tsughet-Gymndry","",,0
105.00,"01a","ICH wk 4","CAR","ICH","wk4","wk","4","","01","a","","","CwHw - Oak fern, Typic","","",14.00,10/11/2000 0:00:00,,105.00,"ICH wk 4 /01a","","","",,0
106.00,"01b","ICH wk 4","CAR","ICH","wk4","wk","4","","01","b","","","CwHw - Oak fern, Moist","","",14.00,10/11/2000 0:00:00,,106.00,"ICH wk 4 /01b","","","",,0
107.00,"02","ICH wk 4","CAR","ICH","wk4","wk","4","","02","","","","HwCw - Cladonia","","",14.00,10/11/2000 0:00:00,,107.00,"ICH wk 4 /02","","","",,0
108.00,"03","ICH wk 4","CAR","ICH","wk4","wk","4","","03","","","","CwSxw - Soopolallie","","",14.00,10/11/2000 0:00:00,,108.00,"ICH wk 4 /03","","Thujpli-Piceene-Paximyr","",,0
109.00,"04","ICH wk 4","CAR","ICH","wk4","wk","4","","04","","","","CwSxw - Velvet-leaved blueberry","","",14.00,10/11/2000 0:00:00,,109.00,"ICH wk 4 /04","Piceene-Thujpli","Piceene-Vaccmem","",,0
110.00,"05","ICH wk 4","CAR","ICH","wk4","wk","4","","05","","","","HwCw - Step moss","","",14.00,10/11/2000 0:00:00,,110.00,"ICH wk 4 /05","","Tsughet-Thujpli-Hylospl","",,0
111.00,"06","ICH wk 4","CAR","ICH","wk4","wk","4","","06","","","","Sxw - Twinberry - Oak fern","","",14.00,10/11/2000 0:00:00,,111.00,"ICH wk 4 /06","Piceene-Gymndry","Piceene-Gymndry","",,0
112.00,"07","ICH wk 4","CAR","ICH","wk4","wk","4","","07","","","","CwHw - Devil's club - Lady fern","","",14.00,10/11/2000 0:00:00,,112.00,"ICH wk 4 /07","Tsughet-Thujpli-Oplohor","Thujpli-Tsughet-Oplohor","",,0
113.00,"08","ICH wk 4","CAR","ICH","wk4","wk","4","","08","","","","Sxw - Devil's club - Lady fern","","",14.00,10/11/2000 0:00:00,,113.00,"ICH wk 4 /08","Piceene-Oplohor-Gymndry","Piceene-Gymndry","",,0
114.00,"01","IDF dk 1","CAR","IDF","dk1","dk","1","","01","","","","FdPl - Pinegrass - Feathermoss","","",5.00,10/11/2000 0:00:00,"38748",114.00,"IDF dk 1 /01","Pseumen-Calarub-Pleusch","Pseumen-Calarub","",,0
115.00,"02","IDF dk 1","CAR","IDF","dk1","dk","1","","02","","","","Fd - Snowberry - Bluebunch wheatgrass","","",5.00,10/11/2000 0:00:00,"38748",115.00,"IDF dk 1 /02","","Pseumen-Junicom","",,0
116.00,"03","IDF dk 1","CAR","IDF","dk1","dk","1","","03","","","","Fd - Juniper - Pinegrass","","",5.00,10/11/2000 0:00:00,"38748",116.00,"IDF dk 1 /03","Pseumen-Pinupon-Pseuspi-Calarub","Pseumen-Pinupon-Pseuspi","",,0
117.00,"04","IDF dk 1","CAR","IDF","dk1","dk","1","","04","","","","Fd - Pinegrass - Yarrow","","",5.00,10/11/2000 0:00:00,"38748",117.00,"IDF dk 1 /04","Pseumen-Calarub","Pseumen-Calarub","",,0
118.00,"05","IDF dk 1","CAR","IDF","dk1","dk","1","","05","","","","SxwFd - Gooseberry - Feathermoss","","",5.00,10/11/2000 0:00:00,"38748",118.00,"IDF dk 1 /05","Pseumen-Calarub-Pleusch","Pseumen-Calarub","",,0
119.00,"06","IDF dk 1","CAR","IDF","dk1","dk","1","","06","","","","Sxw - Horsetail","","",5.00,10/11/2000 0:00:00,"38748",119.00,"IDF dk 1 /06","Piceene-Pseumen-Ribelac","Piceene-Pseumen-Ribelac","",,0
120.00,"07","IDF dk 1","CAR","IDF","dk1","dk","1","","07","","","","Willow - Sedge","","",5.00,10/11/2000 0:00:00,"38748",120.00,"IDF dk 1 /07","","Popubal-Alnuinc-Equiset","NA",,0
121.00,"01","IDF dk 3","CAR","IDF","dk3","dk","3","","01","","","","FdPl - Pinegrass - Feathermoss","","",14.00,10/11/2000 0:00:00,,121.00,"IDF dk 3 /01","Pseumen-Calarub-Pleusch","Pseumen-Calarub","",,0
122.00,"02","IDF dk 3","CAR","IDF","dk3","dk","3","","02","","","","Fd - Juniper - Kinnikinnick","","",14.00,10/11/2000 0:00:00,,122.00,"IDF dk 3 /02","Pseumen-Juniper-Pseuspi","Pseumen-Pseuspi","",,0
123.00,"03","IDF dk 3","CAR","IDF","dk3","dk","3","","03","","","","Fd - Juniper - Peltigera","","",14.00,10/11/2000 0:00:00,,123.00,"IDF dk 3 /03","Pseumen-Juniper-Pseuspi","Pseumen-Pseuspi","",,0
124.00,"04","IDF dk 3","CAR","IDF","dk3","dk","3","","04","","","","Fd - Bluebunch wheatgrass - Needlegrass","","",14.00,10/11/2000 0:00:00,,124.00,"IDF dk 3 /04","Pseumen-Pseuspi","Pseumen-Pseuspi","",,0
1.00,"01","CWH ds 1","CAR","CWH","ds1","ds","1","","01","","","","HwFd - Cat's-tail moss","","",11.00,10/11/2000 0:00:00,,1.00,"CWH ds 1 /01","","Tsughet-Paximyr","",,0
2.00,"02","CWH ds 1","CAR","CWH","ds1","ds","1","","02","","","","FdPl - Kinnikinnick","","",11.00,10/11/2000 0:00:00,,2.00,"CWH ds 1 /02","","Tsughet-Paximyr","",,0
3.00,"03","CWH ds 1","CAR","CWH","ds1","ds","1","","03","","","","FdHw - Falsebox","","",11.00,10/11/2000 0:00:00,,3.00,"CWH ds 1 /03","","Tsughet-Gaulsha","",,0
4.00,"04","CWH ds 1","CAR","CWH","ds1","ds","1","","04","","","","Fd - Fairybells","","",11.00,10/11/2000 0:00:00,,4.00,"CWH ds 1 /04","","","",,0
5.00,"05","CWH ds 1","CAR","CWH","ds1","ds","1","","05","","","","Cw - Solomon's-seal","","",11.00,10/11/2000 0:00:00,,5.00,"CWH ds 1 /05","","Thujpli-Acercir","",,0
6.00,"06","CWH ds 1","CAR","CWH","ds1","ds","1","","06","","","","Hw - Queen's cup","","",11.00,10/11/2000 0:00:00,,6.00,"CWH ds 1 /06","","Thujpli-Pseumen-Tiartri","",,0
7.00,"07","CWH ds 1","CAR","CWH","ds1","ds","1","","07","","","","Cw - Devil's club","","",11.00,10/11/2000 0:00:00,,7.00,"CWH ds 1 /07","","Thujpli-Pseumen-Tiartri","",,0
8.00,"08","CWH ds 1","CAR","CWH","ds1","ds","1","","08","","","","Ss - Salmonberry","","",11.00,10/11/2000 0:00:00,,8.00,"CWH ds 1 /08","","Picesit-Rubuspe","",,0
9.00,"09","CWH ds 1","CAR","CWH","ds1","ds","1","","09","","","","Act - Red-osier dogwood","","",11.00,10/11/2000 0:00:00,,9.00,"CWH ds 1 /09","","","npe",,0
10.00,"10","CWH ds 1","CAR","CWH","ds1","ds","1","","10","","","","Act - Willow","","",11.00,10/11/2000 0:00:00,,10.00,"CWH ds 1 /10","","","npe",,0
11.00,"11","CWH ds 1","CAR","CWH","ds1","ds","1","","11","","","","Pl - Sphagnum","","",11.00,10/11/2000 0:00:00,,11.00,"CWH ds 1 /11","","","",,0
12.00,"12","CWH ds 1","CAR","CWH","ds1","ds","1","","12","","","","CwSs - Skunk cabbage","","",11.00,10/11/2000 0:00:00,,12.00,"CWH ds 1 /12","","","",,0
13.00,"01","CWH ms 1","CAR","CWH","ms1","ms","1","","01","","","","HwBa - Step moss","","",11.00,10/11/2000 0:00:00,"38748",13.00,"CWH ms 1 /01","","Abieama-Pleusch","",,0
14.00,"02","CWH ms 1","CAR","CWH","ms1","ms","1","","02","","","","FdPl - Kinnikinnick","","",11.00,10/11/2000 0:00:00,"38748",14.00,"CWH ms 1 /02","","","",,0
15.00,"03","CWH ms 1","CAR","CWH","ms1","ms","1","","03","","","","FdHw - Falsebox","","",11.00,10/11/2000 0:00:00,"38748",15.00,"CWH ms 1 /03","","Abieama-Pleusch","",,0
16.00,"04","CWH ms 1","CAR","CWH","ms1","ms","1","","04","","","","BaCw - Oak fern","","",11.00,10/11/2000 0:00:00,"38748",16.00,"CWH ms 1 /04","","Abieama-Tiartri","",,0
17.00,"05","CWH ms 1","CAR","CWH","ms1","ms","1","","05","","","","HwBa - Queen's cup","","",11.00,10/11/2000 0:00:00,"38748",17.00,"CWH ms 1 /05","","Abieama-Pleusch","",,0
18.00,"06","CWH ms 1","CAR","CWH","ms1","ms","1","","06","","","","BaCw - Devil's club","","",11.00,10/11/2000 0:00:00,"38748",18.00,"CWH ms 1 /06","","Abieama-Tiartri","",,0
48.00,"01","ESSFxc","CAR","ESSF","xc","xc","","","01","","","","Bl - Grouseberry - Valerian","","",5.00,10/11/2000 0:00:00,,48.00,"ESSFxc   /01","","","",,0
49.00,"02","ESSFxc","CAR","ESSF","xc","xc","","","02","","","","Pl - Juniper - Lupine","","",5.00,10/11/2000 0:00:00,,49.00,"ESSFxc   /02","","","",,0
50.00,"03","ESSFxc","CAR","ESSF","xc","xc","","","03","","","","Bluebunch wheatgrass - Pasqueflower","","",5.00,10/11/2000 0:00:00,,50.00,"ESSFxc   /03","","","",,0
51.00,"04","ESSFxc","CAR","ESSF","xc","xc","","","04","","","","Pinegrass - Meadowrue","","",5.00,10/11/2000 0:00:00,,51.00,"ESSFxc   /04","","","",,0
52.00,"05","ESSFxc","CAR","ESSF","xc","xc","","","05","","","","Bl - Grouseberry - Cladonia","","",5.00,10/11/2000 0:00:00,,52.00,"ESSFxc   /05","","","",,0
53.00,"06","ESSFxc","CAR","ESSF","xc","xc","","","06","","","","Bl - Rhododendron - Grouseberry","","",5.00,10/11/2000 0:00:00,,53.00,"ESSFxc   /06","","","",,0
54.00,"07","ESSFxc","CAR","ESSF","xc","xc","","","07","","","","Bl - Gooseberry - Foamflower","","",5.00,10/11/2000 0:00:00,,54.00,"ESSFxc   /07","","","",,0
55.00,"08","ESSFxc","CAR","ESSF","xc","xc","","","08","","","","Bl - Horsetail - Glow moss","","",5.00,10/11/2000 0:00:00,,55.00,"ESSFxc   /08","","","",,0
56.00,"09","ESSFxc","CAR","ESSF","xc","xc","","","09","","","","Bluejoint - Sedge","","",5.00,10/11/2000 0:00:00,,56.00,"ESSFxc   /09","","","NA",,0
57.00,"10","ESSFxc","CAR","ESSF","xc","xc","","","10","","","","Willow - Sedge","","",5.00,10/11/2000 0:00:00,,57.00,"ESSFxc   /10","","","",,0
58.00,"01","ESSFxv 1","CAR","ESSF","xv1","xv","1","","01","","","","Bl - Arnica - Cladonia","","",14.00,10/11/2000 0:00:00,,58.00,"ESSFxv 1 /01","Abielas-Vaccsco-Cladoni1","Abielas-Pinualb-Vaccsco","npe",,0
59.00,"02","ESSFxv 1","CAR","ESSF","xv1","xv","1","","02","","","","BlPa - Juniper - Cladonia","","",14.00,10/11/2000 0:00:00,,59.00,"ESSFxv 1 /02","Pinualb-Abielas-Cladoni","Abielas-Cladoni","npe",,0
60.00,"03","ESSFxv 1","CAR","ESSF","xv1","xv","1","","03","","","","Pl - Cladonia - Stereocaulon","","",14.00,10/11/2000 0:00:00,,60.00,"ESSFxv 1 /03","Abielas-Cladoni","Abielas-Cladoni","npe",,0
61.00,"04","ESSFxv 1","CAR","ESSF","xv1","xv","1","","04","","","","BlPa - Juniper - Grouseberry","","",14.00,10/11/2000 0:00:00,,61.00,"ESSFxv 1 /04","Abielas-Pinualb-Vaccsco","Abielas-Pinualb-Vaccsco","npe",,0
62.00,"05","ESSFxv 1","CAR","ESSF","xv1","xv","1","","05","","","","BlPa - Arnica - Twinflower","","",14.00,10/11/2000 0:00:00,,62.00,"ESSFxv 1 /05","Abielas-Pinualb-Vaccsco","Abielas-Pinualb-Vaccsco","npe",,0
63.00,"06","ESSFxv 1","CAR","ESSF","xv1","xv","1","","06","","","","Bl - Rhododendron - Crowberry","","",14.00,10/11/2000 0:00:00,,63.00,"ESSFxv 1 /06","Abielas-Rhodalb-Vaccsco","Abielas-Rhodalb-Vaccmem","npe",,0
125.00,"05","IDF dk 3","CAR","IDF","dk3","dk","3","","05","","","","Fd - Feathermoss - Step moss","","",14.00,10/11/2000 0:00:00,,125.00,"IDF dk 3 /05","","Pseumen-Pleusch","",,0
126.00,"06","IDF dk 3","CAR","IDF","dk3","dk","3","","06","","","","Fd - Pinegrass - Aster","","",14.00,10/11/2000 0:00:00,,126.00,"IDF dk 3 /06","Pseumen-Calarub-Pleusch","Pseumen-Calarub","",,0
127.00,"07","IDF dk 3","CAR","IDF","dk3","dk","3","","07","","","","SxwFd - Prickly rose - Sedge","","",14.00,10/11/2000 0:00:00,,127.00,"IDF dk 3 /07","","Piceene-Pseumen-Rosaaci","",,0
128.00,"08","IDF dk 3","CAR","IDF","dk3","dk","3","","08","","","","SxwFd - Prickly rose - Sarsaparilla","","",14.00,10/11/2000 0:00:00,,128.00,"IDF dk 3 /08","","Piceene-Pseumen-Rosaaci","",,0
129.00,"09","IDF dk 3","CAR","IDF","dk3","dk","3","","09","","","","Sxw - Horsetail - Glow moss","","",14.00,10/11/2000 0:00:00,,129.00,"IDF dk 3 /09","Piceene-Equiset-Aulapal","Piceene-Equiset","",,0
130.00,"01","IDF dk 4","CAR","IDF","dk4","dk","4","","01","","","","FdPl - Pinegrass - Feathermoss","","",14.00,10/11/2000 0:00:00,,130.00,"IDF dk 4 /01","Pseumen-Calarub-Pleusch","Pseumen-Calarub","",,0
131.00,"02","IDF dk 4","CAR","IDF","dk4","dk","4","","02","","","","Fd - Juniper - Peltigera","","",14.00,10/11/2000 0:00:00,,131.00,"IDF dk 4 /02","Pseumen-Juniper-Pseuspi","Pseumen-Pseuspi","",,0
132.00,"03","IDF dk 4","CAR","IDF","dk4","dk","4","","03","","","","Fd - Juniper - Saskatoon","","",14.00,10/11/2000 0:00:00,,132.00,"IDF dk 4 /03","Pseumen-Pseuspi","Pseumen-Pseuspi","",,0
133.00,"04","IDF dk 4","CAR","IDF","dk4","dk","4","","04","","","","Fd - Juniper - Pasture sage","","",14.00,10/11/2000 0:00:00,,133.00,"IDF dk 4 /04","Pseumen-Juniper-Pseuspi","Pseumen-Pseuspi","",,0
134.00,"05","IDF dk 4","CAR","IDF","dk4","dk","4","","05","","","","Fd - Bluebunch wheatgrass - Pinegrass","","",14.00,10/11/2000 0:00:00,,134.00,"IDF dk 4 /05","Pseumen-Pseuspi","Pseumen-Pseuspi","",,0
135.00,"06","IDF dk 4","CAR","IDF","dk4","dk","4","","06","","","","Pl - Kinnikinnick - Cladonia","","",14.00,10/11/2000 0:00:00,,135.00,"IDF dk 4 /06","Pinucon-Arctuva-Cladoni","Pinucon-Cladoni","",,0
136.00,"07","IDF dk 4","CAR","IDF","dk4","dk","4","","07","","","","Fd - Feathermoss - Step moss","","",14.00,10/11/2000 0:00:00,,136.00,"IDF dk 4 /07","","Pseumen-Pleusch","",,0
137.00,"08","IDF dk 4","CAR","IDF","dk4","dk","4","","08","","","","Sxw - Scrub birch - Feathermoss","","",14.00,10/11/2000 0:00:00,,137.00,"IDF dk 4 /08","Piceene-Betunan-Loniinv","Piceene-Loniinv","",,0
138.00,"09","IDF dk 4","CAR","IDF","dk4","dk","4","","09","","","","Sxw - Feathermoss - Brachythecium","","",14.00,10/11/2000 0:00:00,,138.00,"IDF dk 4 /09","Piceene-Loniinv","Piceene-Loniinv","",,0
139.00,"10","IDF dk 4","CAR","IDF","dk4","dk","4","","10","","","","Sxw - Horsetail - Glow moss","","",14.00,10/11/2000 0:00:00,,139.00,"IDF dk 4 /10","Piceene-Equiset-Aulapal","Piceene-Equiset","",,0
140.00,"01","IDF mw 2","CAR","IDF","mw2","mw","2","","01","","","","FdCw - Falsebox - Prince's pine","","",5.00,10/11/2000 0:00:00,,140.00,"IDF mw 2 /01","Pseumen-Thujpli-Paximyr","Pseumen-Thujpli-Paximyr","",,0
141.00,"02","IDF mw 2","CAR","IDF","mw2","mw","2","","02","","","","Fd - Snowberry - Bluebunch wheatgrass","","",5.00,10/11/2000 0:00:00,,141.00,"IDF mw 2 /02","Pseumen-Pseuspi","Pseumen-Pseuspi","",,0
142.00,"03","IDF mw 2","CAR","IDF","mw2","mw","2","","03","","","","Fd - Pinegrass - Feathermoss","","",5.00,10/11/2000 0:00:00,,142.00,"IDF mw 2 /03","Pseumen-Paximyr-Calarub","Pseumen-Calarub","",,0
143.00,"04","IDF mw 2","CAR","IDF","mw2","mw","2","","04","","","","CwSxw - Oak fern","","",5.00,10/11/2000 0:00:00,,143.00,"IDF mw 2 /04","Pseumen-Thujpli-Paximyr","Pseumen-Thujpli-Paximyr","",,0
144.00,"05","IDF mw 2","CAR","IDF","mw2","mw","2","","05","","","","Dogwood - Sedge","","",5.00,10/11/2000 0:00:00,,144.00,"IDF mw 2 /05","Thujpli-Piceene-Paximyr","Thujpli-Piceene-Rubupar","",,0
145.00,"01","IDF xm","CAR","IDF","xm","xm","","","01","","","","Fd - Pinegrass - Feathermoss","","",14.00,10/11/2000 0:00:00,,145.00,"IDF xm   /01","","Pseumen-Pleusch","",,0
146.00,"01a","IDF xm","CAR","IDF","xm","xm","","","01","a","","","Fd - Pinegrass - Feathermoss, Typic","","",14.00,10/11/2000 0:00:00,,146.00,"IDF xm   /01a","","","",,0
147.00,"01b","IDF xm","CAR","IDF","xm","xm","","","01","b","","","Fd - Pinegrass - Feathermoss, Cold","","",14.00,10/11/2000 0:00:00,,147.00,"IDF xm   /01b","","","",,0
148.00,"02","IDF xm","CAR","IDF","xm","xm","","","02","","","","Fd - Bluebunch wheatgrass - Penstemon","","",14.00,10/11/2000 0:00:00,,148.00,"IDF xm   /02","Pseumen-Juniper-Pseuspi","Pseumen-Pseuspi","",,0
149.00,"02a","IDF xm","CAR","IDF","xm","xm","","","02","a","","","Fd - Bluebunch wheatgrass - Penstemon, Typic","","",14.00,10/11/2000 0:00:00,,149.00,"IDF xm   /02a","","","",,0
150.00,"02b","IDF xm","CAR","IDF","xm","xm","","","02","b","","","Fd - Bluebunch wheatgrass - Penstemon, Shallow","","",14.00,10/11/2000 0:00:00,,150.00,"IDF xm   /02b","","","",,0
151.00,"03","IDF xm","CAR","IDF","xm","xm","","","03","","","","Fd - Juniper - Cladonia","","",14.00,10/11/2000 0:00:00,,151.00,"IDF xm   /03","","Pseumen-Junicom","",,0
152.00,"04","IDF xm","CAR","IDF","xm","xm","","","04","","","","Fd - Bluebunch wheatgrass - Pasture sage","","",14.00,10/11/2000 0:00:00,,152.00,"IDF xm   /04","Pseumen-Juniper-Pseuspi","Pseumen-Pseuspi","",,0
153.00,"05","IDF xm","CAR","IDF","xm","xm","","","05","","","","Fd - Feathermoss - Step moss","","",14.00,10/11/2000 0:00:00,,153.00,"IDF xm   /05","","Pseumen-Pleusch","",,0
154.00,"06","IDF xm","CAR","IDF","xm","xm","","","06","","","","Fd - Ricegrass - Feathermoss","","",14.00,10/11/2000 0:00:00,,154.00,"IDF xm   /06","","Pseumen-Pleusch","",,0
155.00,"07","IDF xm","CAR","IDF","xm","xm","","","07","","","","Fd - Prickly rose - Sarsaparilla","","",14.00,10/11/2000 0:00:00,,155.00,"IDF xm   /07","Pseumen-Acergla-Sympalb-Hylospl","Pseumen-Acergla-Sympalb","",,0
156.00,"08","IDF xm","CAR","IDF","xm","xm","","","08","","","","Sxw - Snowberry - Prickly rose","","",14.00,10/11/2000 0:00:00,,156.00,"IDF xm   /08","","Piceene-Pseumen-Rosaaci","",,0
157.00,"09","IDF xm","CAR","IDF","xm","xm","","","09","","","","Sxw - Horsetail","","",14.00,10/11/2000 0:00:00,,157.00,"IDF xm   /09","Piceene-Cornsto-Equiset","Piceene-Equiset","",,0
158.00,"01","IDF xw","CAR","IDF","xw","xw","","","01","","","","Fd - Juniper - Bluebunch wheatgrass","","",14.00,10/11/2000 0:00:00,,158.00,"IDF xw   /01","Pseumen-Pinupon-Pseuspi-Calarub","Pseumen-Pinupon-Pseuspi","",,0
159.00,"02","IDF xw","CAR","IDF","xw","xw","","","02","","","","FdPy - Bluebunch wheatgrass - Pinegrass","","",14.00,10/11/2000 0:00:00,,159.00,"IDF xw   /02","Pseumen-Pinupon-Pseuspi-Calarub","Pseumen-Pinupon-Pseuspi","",,0
160.00,"03","IDF xw","CAR","IDF","xw","xw","","","03","","","","FdPy - Western snowberry - Bluebunch wheatgrass","","",14.00,10/11/2000 0:00:00,,160.00,"IDF xw   /03","Pseumen-Pinupon-Pseuspi","Pseumen-Pinupon-Pseuspi","",,0
161.00,"04","IDF xw","CAR","IDF","xw","xw","","","04","","","","FdPy - Bluebunch wheatgrass - Balsamroot","","",14.00,10/11/2000 0:00:00,,161.00,"IDF xw   /04","Pseumen-Pinupon-Pseuspi","Pseumen-Pinupon-Pseuspi","",,0
162.00,"05","IDF xw","CAR","IDF","xw","xw","","","05","","","","Fd - Feathermoss","","",14.00,10/11/2000 0:00:00,,162.00,"IDF xw   /05","","","",,0
163.00,"06","IDF xw","CAR","IDF","xw","xw","","","06","","","","Sxw - Water birch","","",14.00,10/11/2000 0:00:00,,163.00,"IDF xw   /06","","Piceene-Pseumen-Rosaaci","",,0
164.00,"07","IDF xw","CAR","IDF","xw","xw","","","07","","","","Sxw - Prickly rose - Coltsfoot","","",14.00,10/11/2000 0:00:00,,164.00,"IDF xw   /07","","Piceene-Pseumen-Rosaaci","",,0
165.00,"01","MH  mm 2","CAR","MH","mm2","mm","2","","01","","","","HmBa - Blueberry","","",11.00,10/11/2000 0:00:00,,165.00,"MH  mm 2 /01","","Tsugmer-Vaccmem","",,0
166.00,"02","MH  mm 2","CAR","MH","mm2","mm","2","","02","","","","HmBa - Mountain-heather","","",11.00,10/11/2000 0:00:00,,166.00,"MH  mm 2 /02","","Tsugmer-Cassmer","",,0
167.00,"03","MH  mm 2","CAR","MH","mm2","mm","2","","03","","","","BaHm - Oak fern","","",11.00,10/11/2000 0:00:00,,167.00,"MH  mm 2 /03","","Tsugmer-Strelan","",,0
168.00,"04","MH  mm 2","CAR","MH","mm2","mm","2","","04","","","","HmBa - Bramble","","",11.00,10/11/2000 0:00:00,,168.00,"MH  mm 2 /04","","Tsugmer-Vaccmem","",,0
169.00,"05","MH  mm 2","CAR","MH","mm2","mm","2","","05","","","","BaHm - Twistedstalk","","",11.00,10/11/2000 0:00:00,,169.00,"MH  mm 2 /05","","Tsugmer-Strelan","",,0
170.00,"06","MH  mm 2","CAR","MH","mm2","mm","2","","06","","","","HmYc - Deer-cabbage","","",11.00,10/11/2000 0:00:00,,170.00,"MH  mm 2 /06","","","",,0
171.00,"07","MH  mm 2","CAR","MH","mm2","mm","2","","07","","","","YcHm - Hellebore","","",11.00,10/11/2000 0:00:00,,171.00,"MH  mm 2 /07","","","",,0
172.00,"08","MH  mm 2","CAR","MH","mm2","mm","2","","08","","","","HmYc - Sphagnum","","",11.00,10/11/2000 0:00:00,,172.00,"MH  mm 2 /08","","","",,0
173.00,"09","MH  mm 2","CAR","MH","mm2","mm","2","","09","","","","YcHm - Skunk cabbage","","",11.00,10/11/2000 0:00:00,,173.00,"MH  mm 2 /09","","Tsugmer-Coptasp","",,0
174.00,"01","MS  dc 2","CAR","MS","dc2","dc","2","","01","","","","Sxw - Wintergreen - Feathermoss","","",14.00,10/11/2000 0:00:00,,174.00,"MS  dc 2 /01","Piceene-Vaccsco-Orthsec-Pleusch","Piceene-Vaccmem-Orthsec-Pleusch","npe",,0
175.00,"02","MS  dc 2","CAR","MS","dc2","dc","2","","02","","","","FdBl - Spirea - Stonecrop","","",14.00,10/11/2000 0:00:00,,175.00,"MS  dc 2 /02","","Pseumen-Junicom","npe",,0
176.00,"03","MS  dc 2","CAR","MS","dc2","dc","2","","03","","","","FdBl - Soopolallie - Kinnikinnick","","",14.00,10/11/2000 0:00:00,,176.00,"MS  dc 2 /03","Pseumen-Calarub","Pseumen-Calarub","npe",,0
177.00,"04","MS  dc 2","CAR","MS","dc2","dc","2","","04","","","","PlBl - Soopolallie - Kinnikinnick","","",14.00,10/11/2000 0:00:00,,177.00,"MS  dc 2 /04","","Pinucon-Abielas-Shepcan","npe",,0
178.00,"05","MS  dc 2","CAR","MS","dc2","dc","2","","05","","","","Sxw - Rhododendron - Crowberry","","",14.00,10/11/2000 0:00:00,,178.00,"MS  dc 2 /05","Abielas-Rhodalb-Vaccsco","Abielas-Rhodalb-Vaccmem","npe",,0
179.00,"06","MS  dc 2","CAR","MS","dc2","dc","2","","06","","","","Sxw - Twinberry - Reedgrass","","",14.00,10/11/2000 0:00:00,,179.00,"MS  dc 2 /06","Piceene-Alnuinc-Loniinv","Piceene-Loniinv","npe",,0
180.00,"07","MS  dc 2","CAR","MS","dc2","dc","2","","07","","","","Sxw - Gooseberry","","",14.00,10/11/2000 0:00:00,,180.00,"MS  dc 2 /07","Piceene-Ribelac","Piceene-Ribelac","npe",,0
181.00,"08","MS  dc 2","CAR","MS","dc2","dc","2","","08","","","","Sxw - Horsetail - Leafy moss","","",14.00,10/11/2000 0:00:00,,181.00,"MS  dc 2 /08","Piceene-Equiset-Aulapal","Piceene-Equiset","npe",,0
182.00,"01","MS  dv","CAR","MS","dv","dv","","","01","","","","Pl - Soopolallie - Twinflower","","",14.00,10/11/2000 0:00:00,,182.00,"MS  dv   /01","Pinucon-Vaccsco-Calarub-nudum","Pinucon-Calarub-Vaccsco","npe",,0
183.00,"02","MS  dv","CAR","MS","dv","dv","","","02","","","","Pl - Penstemon - Balsamroot","","",14.00,10/11/2000 0:00:00,,183.00,"MS  dv   /02","Pinucon-Calarub","Pinucon-Calarub","npe",,0
184.00,"03","MS  dv","CAR","MS","dv","dv","","","03","","","","Pl - Short-awned ricegrass - Peltigera","","",14.00,10/11/2000 0:00:00,,184.00,"MS  dv   /03","Pinucon-Calarub","Pinucon-Calarub","npe",,0
185.00,"04","MS  dv","CAR","MS","dv","dv","","","04","","","","Pl - Saskatoon - Kinnikinnick","","",14.00,10/11/2000 0:00:00,,185.00,"MS  dv   /04","Pinucon-Arctuva-Pleusch","Pinucon-Pleusch","npe",,0
186.00,"05","MS  dv","CAR","MS","dv","dv","","","05","","","","Pl - Soopolallie - Heron's-bill","","",14.00,10/11/2000 0:00:00,,186.00,"MS  dv   /05","","Pinucon-Abielas-Shepcan","npe",,0
187.00,"06","MS  dv","CAR","MS","dv","dv","","","06","","","","Sxw - Twinberry - Reedgrass","","",14.00,10/11/2000 0:00:00,,187.00,"MS  dv   /06","Piceene-Loniinv","Piceene-Loniinv","npe",,0
188.00,"07","MS  dv","CAR","MS","dv","dv","","","07","","","","Sxw - Dwarf blueberry - Crowberry","","",14.00,10/11/2000 0:00:00,,188.00,"MS  dv   /07","","Piceene-Empenig-Vaccsco","npe",,0
189.00,"08","MS  dv","CAR","MS","dv","dv","","","08","","","","Sxw - Soopolallie - Scouring-rush","","",14.00,10/11/2000 0:00:00,,189.00,"MS  dv   /08","Piceene-Equiset-Aulapal","Piceene-Equiset","npe",,0
190.00,"09","MS  dv","CAR","MS","dv","dv","","","09","","","","Sxw - Horsetail - Leafy moss","","",14.00,10/11/2000 0:00:00,,190.00,"MS  dv   /09","Piceene-Equiset-Aulapal","Piceene-Equiset","npe",,0
191.00,"01","MS  xk","CAR","MS","xk","xk","","","01","","","","Pl - Pinegrass - Lupine","","",5.00,10/11/2000 0:00:00,,191.00,"MS  xk   /01","","","",,0
192.00,"02","MS  xk","CAR","MS","xk","xk","","","02","","","","Fd - Juniper - Grouseberry","","",5.00,10/11/2000 0:00:00,,192.00,"MS  xk   /02","","","",,0
193.00,"03","MS  xk","CAR","MS","xk","xk","","","03","","","","Bluebunch wheatgrass - Junegrass","","",5.00,10/11/2000 0:00:00,,193.00,"MS  xk   /03","","","",,0
194.00,"04","MS  xk","CAR","MS","xk","xk","","","04","","","","Big sage - Pinegrass","","",5.00,10/11/2000 0:00:00,,194.00,"MS  xk   /04","","","",,0
195.00,"05","MS  xk","CAR","MS","xk","xk","","","05","","","","FdPl - Pinegrass - Arnica","","",5.00,10/11/2000 0:00:00,,195.00,"MS  xk   /05","","","",,0
196.00,"06","MS  xk","CAR","MS","xk","xk","","","06","","","","Pl - Falsebox - Lupine","","",5.00,10/11/2000 0:00:00,,196.00,"MS  xk   /06","","","",,0
197.00,"07","MS  xk","CAR","MS","xk","xk","","","07","","","","Sxw - Trapper's tea - Grouseberry","","",5.00,10/11/2000 0:00:00,,197.00,"MS  xk   /07","","","",,0
198.00,"08","MS  xk","CAR","MS","xk","xk","","","08","","","","Sxw - Gooseberry - Grouseberry","","",5.00,10/11/2000 0:00:00,,198.00,"MS  xk   /08","","","",,0
199.00,"09","MS  xk","CAR","MS","xk","xk","","","09","","","","Sxw - Horsetail - Leafy moss","","",5.00,10/11/2000 0:00:00,,199.00,"MS  xk   /09","","","",,0
200.00,"01","MS  xv","CAR","MS","xv","xv","","","01","","","","Pl - Grouseberry - Feathermoss","","",14.00,10/11/2000 0:00:00,,200.00,"MS  xv   /01","","Pinucon-Vaccsco","",,0
201.00,"02","MS  xv","CAR","MS","xv","xv","","","02","","","","Pl - Fescue - Stereocaulon","","",14.00,10/11/2000 0:00:00,,201.00,"MS  xv   /02","","Pseumen-Junicom","",,0
202.00,"03","MS  xv","CAR","MS","xv","xv","","","03","","","","Pl - Kinnikinnick - Cladonia","","",14.00,10/11/2000 0:00:00,,202.00,"MS  xv   /03","Pinucon-Arctuva-Cladoni","Pinucon-Cladoni","",,0
203.00,"03a","MS  xv","CAR","MS","xv","xv","","","03","a","","","Pl - Kinnikinnick - Cladonia, Typic","","",14.00,10/11/2000 0:00:00,,203.00,"MS  xv   /03a","","","",,0
204.00,"03b","MS  xv","CAR","MS","xv","xv","","","03","b","","","Pl - Kinnikinnick - Cladonia, Shallow","","",14.00,10/11/2000 0:00:00,,204.00,"MS  xv   /03b","","","",,0
205.00,"04","MS  xv","CAR","MS","xv","xv","","","04","","","","Pl - Grouseberry - Kinnikinnick","","",14.00,10/11/2000 0:00:00,,205.00,"MS  xv   /04","Pinucon-Arctuva-Cladoni","Pinucon-Cladoni","",,0
206.00,"05","MS  xv","CAR","MS","xv","xv","","","05","","","","Pl - Trapper's tea - Crowberry","","",14.00,10/11/2000 0:00:00,,206.00,"MS  xv   /05","","Piceene-Empenig-Vaccsco","",,0
207.00,"06","MS  xv","CAR","MS","xv","xv","","","06","","","","Sxw - Crowberry - Knight's plume","","",14.00,10/11/2000 0:00:00,,207.00,"MS  xv   /06","Pinucon-Calarub","Pinucon-Calarub","",,0
208.00,"07","MS  xv","CAR","MS","xv","xv","","","07","","","","Sxw - Crowberry - Glow moss","","",14.00,10/11/2000 0:00:00,,208.00,"MS  xv   /07","","Piceene-Empenig-Vaccsco","",,0
209.00,"08","MS  xv","CAR","MS","xv","xv","","","08","","","","Sxw - Horsetail - Crowberry","","",14.00,10/11/2000 0:00:00,,209.00,"MS  xv   /08","","Piceene-Ledugla-Vaccsco","",,0
210.00,"09","MS  xv","CAR","MS","xv","xv","","","09","","","","Sxw - Labrador tea - Willow","","",14.00,10/11/2000 0:00:00,,210.00,"MS  xv   /09","","Piceene-Empenig-Vaccsco","npe",,0
211.00,"01","SBPSdc","CAR","SBPS","dc","dc","","","01","","","","Pl - Juniper - Feathermoss","","",14.00,10/11/2000 0:00:00,,211.00,"SBPSdc   /01","Pinucon-Calarub-Corncan-Pleusch","Pinucon-Calarub","",,0
212.00,"02","SBPSdc","CAR","SBPS","dc","dc","","","02","","","","Pl - Kinnikinnick - Cladonia","","",14.00,10/11/2000 0:00:00,,212.00,"SBPSdc   /02","Pinucon-Arctuva-Cladoni","Pinucon-Cladoni","",,0
213.00,"02a","SBPSdc","CAR","SBPS","dc","dc","","","02","a","","","Pl - Kinnikinnick - Cladonia, Typic","","",14.00,10/11/2000 0:00:00,,213.00,"SBPSdc   /02a","","","",,0
214.00,"02b","SBPSdc","CAR","SBPS","dc","dc","","","02","b","","","Pl - Kinnikinnick - Cladonia, Shallow","","",14.00,10/11/2000 0:00:00,,214.00,"SBPSdc   /02b","","","",,0
215.00,"03","SBPSdc","CAR","SBPS","dc","dc","","","03","","","","Pl - Kinnikinnick - Feathermoss","","",14.00,10/11/2000 0:00:00,,215.00,"SBPSdc   /03","Pinucon-Arctuva-Cladoni","Pinucon-Cladoni","",,0
216.00,"03a","SBPSdc","CAR","SBPS","dc","dc","","","03","a","","","Pl - Kinnikinnick - Feathermoss, Typic","","",14.00,10/11/2000 0:00:00,,216.00,"SBPSdc   /03a","","","",,0
217.00,"03b","SBPSdc","CAR","SBPS","dc","dc","","","03","b","","","Pl - Kinnikinnick - Feathermoss, Sand","","",14.00,10/11/2000 0:00:00,,217.00,"SBPSdc   /03b","","","",,0
218.00,"04","SBPSdc","CAR","SBPS","dc","dc","","","04","","","","PlSb - Feathermoss","","",14.00,10/11/2000 0:00:00,,218.00,"SBPSdc   /04","Pinucon-Calarub-Corncan-Pleusch","Pinucon-Calarub","",,0
219.00,"05","SBPSdc","CAR","SBPS","dc","dc","","","05","","","","Sxw - Scrub birch - Feathermoss","","",14.00,10/11/2000 0:00:00,,219.00,"SBPSdc   /05","Piceene-Betunan-Loniinv","Piceene-Loniinv","",,0
220.00,"06","SBPSdc","CAR","SBPS","dc","dc","","","06","","","","Sxw - Horsetail - Meadowrue","","",14.00,10/11/2000 0:00:00,,220.00,"SBPSdc   /06","Piceene-Equiset-Aulapal","Piceene-Equiset","",,0
221.00,"07","SBPSdc","CAR","SBPS","dc","dc","","","07","","","","Sb - Scrub birch - Sedge","","",14.00,10/11/2000 0:00:00,,221.00,"SBPSdc   /07","","","",,0
222.00,"08","SBPSdc","CAR","SBPS","dc","dc","","","08","","","","Sxw - Horsetail - Glow moss","","",14.00,10/11/2000 0:00:00,,222.00,"SBPSdc   /08","Piceene-Equiset-Aulapal","Piceene-Equiset","",,0
223.00,"01","SBPSmc","CAR","SBPS","mc","mc","","","01","","","","Pl - Feathermoss - Cladina","","",8.00,10/11/2000 0:00:00,,223.00,"SBPSmc   /01","Pinucon-Arctuva-Pleusch","Pinucon-Pleusch","",,0
224.00,"01a","SBPSmc","CAR","SBPS","mc","mc","","","01","a","","","Pl - Feathermoss - Cladina, Mesic","","",8.00,10/11/2000 0:00:00,,224.00,"SBPSmc   /01a","","","NA",,0
225.00,"01b","SBPSmc","CAR","SBPS","mc","mc","","","01","b","","","Pl - Feathermoss - Cladina, Submesic","","",8.00,10/11/2000 0:00:00,,225.00,"SBPSmc   /01b","","","NA",,0
226.00,"02","SBPSmc","CAR","SBPS","mc","mc","","","02","","","","Pl - Kinnikinnick - Cladonia","","",8.00,10/11/2000 0:00:00,,226.00,"SBPSmc   /02","Pinucon-Arctuva-Cladoni","Pinucon-Cladoni","",,0
227.00,"03","SBPSmc","CAR","SBPS","mc","mc","","","03","","","","SbPl - Feathermoss","","",8.00,10/11/2000 0:00:00,,227.00,"SBPSmc   /03","","Picemar-Abielas-Pleusch","",,0
228.00,"04","SBPSmc","CAR","SBPS","mc","mc","","","04","","","","Sxw - Scrub birch - Feathermoss","","",8.00,10/11/2000 0:00:00,,228.00,"SBPSmc   /04","Piceene-Betunan-Loniinv","Piceene-Loniinv","",,0
229.00,"05","SBPSmc","CAR","SBPS","mc","mc","","","05","","","","Sxw - Horsetail","","",8.00,10/11/2000 0:00:00,,229.00,"SBPSmc   /05","Piceene-Cornsto-Equiset","Piceene-Equiset","",,0
230.00,"06","SBPSmc","CAR","SBPS","mc","mc","","","06","","","","Sxw - Horsetail - Glow moss","","",8.00,10/11/2000 0:00:00,,230.00,"SBPSmc   /06","Piceene-Equiset-Aulapal","Piceene-Equiset","",,0
231.00,"07","SBPSmc","CAR","SBPS","mc","mc","","","07","","","","SbSxw - Scrub birch - Sedge","","",8.00,10/11/2000 0:00:00,,231.00,"SBPSmc   /07","","","",,0
232.00,"31","SBPSmc","CAR","SBPS","mc","mc","","","31","","","","Non-forested bog","","",8.00,10/11/2000 0:00:00,,232.00,"SBPSmc   /31","","","npe",,0
233.00,"32","SBPSmc","CAR","SBPS","mc","mc","","","32","","","","Non-forested fen/marsh","","",8.00,10/11/2000 0:00:00,,233.00,"SBPSmc   /32","","","npe",,0
234.00,"01","SBPSmk","CAR","SBPS","mk","mk","","","01","","","","Pl - Pinegrass - Arnica","","",14.00,10/11/2000 0:00:00,,234.00,"SBPSmk   /01","Pinucon-Calarub-Corncan-Pleusch","Pinucon-Calarub","",,0
235.00,"02","SBPSmk","CAR","SBPS","mk","mk","","","02","","","","Pl - Cladonia - Haircap moss","","",14.00,10/11/2000 0:00:00,,235.00,"SBPSmk   /02","Pinucon-Arctuva-Cladoni","Pinucon-Cladoni","",,0
236.00,"03","SBPSmk","CAR","SBPS","mk","mk","","","03","","","","Fd - Pinegrass - Aster","","",14.00,10/11/2000 0:00:00,,236.00,"SBPSmk   /03","Pseumen-Calarub-Pleusch","Pseumen-Calarub","",,0
237.00,"04","SBPSmk","CAR","SBPS","mk","mk","","","04","","","","Pl - Pinegrass - Feathermoss","","",14.00,10/11/2000 0:00:00,,237.00,"SBPSmk   /04","Pinucon-Calarub-Corncan-Pleusch","Pinucon-Calarub","",,0
238.00,"04a","SBPSmk","CAR","SBPS","mk","mk","","","04","a","","","Pl - Pinegrass - Feathermoss, Typic","","",14.00,10/11/2000 0:00:00,,238.00,"SBPSmk   /04a","","","",,0
239.00,"04b","SBPSmk","CAR","SBPS","mk","mk","","","04","b","","","Pl - Pinegrass - Feathermoss, Sand","","",14.00,10/11/2000 0:00:00,,239.00,"SBPSmk   /04b","","","",,0
240.00,"05","SBPSmk","CAR","SBPS","mk","mk","","","05","","","","SxwFd - Step moss","","",14.00,10/11/2000 0:00:00,,240.00,"SBPSmk   /05","","Piceene-Pseumen-Rubupar","",,0
241.00,"06","SBPSmk","CAR","SBPS","mk","mk","","","06","","","","Sxw - Twinberry","","",14.00,10/11/2000 0:00:00,,241.00,"SBPSmk   /06","Piceene-Loniinv","Piceene-Loniinv","",,0
242.00,"07","SBPSmk","CAR","SBPS","mk","mk","","","07","","","","Sxw - Horsetail - Glow moss","","",14.00,10/11/2000 0:00:00,,242.00,"SBPSmk   /07","Piceene-Equiset-Aulapal","Piceene-Equiset","",,0
243.00,"08","SBPSmk","CAR","SBPS","mk","mk","","","08","","","","SbSxw - Scrub birch - Sedge","","",14.00,10/11/2000 0:00:00,,243.00,"SBPSmk   /08","","Piceene-Caredis","",,0
244.00,"01","SBPSxc","CAR","SBPS","xc","xc","","","01","","","","Pl - Kinnikinnick - Feathermoss","","",14.00,10/11/2000 0:00:00,,244.00,"SBPSxc   /01","Pinucon-Arctuva-Cladoni","Pinucon-Cladoni","",,0
245.00,"02","SBPSxc","CAR","SBPS","xc","xc","","","02","","","","Pl - Kinnikinnick - Cladonia","","",14.00,10/11/2000 0:00:00,,245.00,"SBPSxc   /02","Pinucon-Arctuva-Cladoni","Pinucon-Cladoni","",,0
246.00,"02a","SBPSxc","CAR","SBPS","xc","xc","","","02","a","","","Pl - Kinnikinnick - Cladonia, Typic","","",14.00,10/11/2000 0:00:00,,246.00,"SBPSxc   /02a","","","",,0
247.00,"02b","SBPSxc","CAR","SBPS","xc","xc","","","02","b","","","Pl - Kinnikinnick - Cladonia, Sand","","",14.00,10/11/2000 0:00:00,,247.00,"SBPSxc   /02b","","","",,0
248.00,"02c","SBPSxc","CAR","SBPS","xc","xc","","","02","c","","","Pl - Kinnikinnick - Cladonia, Shallow","","",14.00,10/11/2000 0:00:00,,248.00,"SBPSxc   /02c","","","",,0
249.00,"03","SBPSxc","CAR","SBPS","xc","xc","","","03","","","","Sxw - Scrub birch - Fen moss","","",14.00,10/11/2000 0:00:00,,249.00,"SBPSxc   /03","Piceene-Betunan-Loniinv","Piceene-Loniinv","",,0
250.00,"04","SBPSxc","CAR","SBPS","xc","xc","","","04","","","","Sxw - Scrub birch - Feathermoss","","",14.00,10/11/2000 0:00:00,,250.00,"SBPSxc   /04","Piceene-Betunan-Loniinv","Piceene-Loniinv","",,0
251.00,"05","SBPSxc","CAR","SBPS","xc","xc","","","05","","","","Sxw - Horsetail - Glow moss","","",14.00,10/11/2000 0:00:00,,251.00,"SBPSxc   /05","Piceene-Equiset-Aulapal","Piceene-Equiset","",,0
252.00,"06","SBPSxc","CAR","SBPS","xc","xc","","","06","","","","Sxw - Horsetail - Meadowrue","","",14.00,10/11/2000 0:00:00,,252.00,"SBPSxc   /06","Piceene-Equiset-Aulapal","Piceene-Equiset","",,0
253.00,"01","SBS dw 1","CAR","SBS","dw1","dw","1","","01","","","","SxwFd - Pinegrass","","",14.00,10/11/2000 0:00:00,,253.00,"SBS dw 1 /01","Piceene-Pseumen-Calarub","Piceene-Pseumen-Chimumb","",,0
254.00,"02","SBS dw 1","CAR","SBS","dw1","dw","1","","02","","","","FdPl - Cladonia","","",14.00,10/11/2000 0:00:00,,254.00,"SBS dw 1 /02","","Pseumen-Pleusch","",,0
255.00,"03","SBS dw 1","CAR","SBS","dw1","dw","1","","03","","","","Fd - Saskatoon - Pinegrass","","",14.00,10/11/2000 0:00:00,,255.00,"SBS dw 1 /03","Pseumen-Calarub-Pleusch","Pseumen-Calarub","",,0
256.00,"04","SBS dw 1","CAR","SBS","dw1","dw","1","","04","","","","Pl - Pinegrass - Feathermoss","","",14.00,10/11/2000 0:00:00,,256.00,"SBS dw 1 /04","Pinucon-Calarub-Corncan-Pleusch","Pinucon-Calarub","",,0
257.00,"05","SBS dw 1","CAR","SBS","dw1","dw","1","","05","","","","SxwFd - Ricegrass","","",14.00,10/11/2000 0:00:00,,257.00,"SBS dw 1 /05","Piceene-Pseumen-Calarub","Piceene-Pseumen-Chimumb","",,0
258.00,"06","SBS dw 1","CAR","SBS","dw1","dw","1","","06","","","","SxwFd - Thimbleberry","","",14.00,10/11/2000 0:00:00,,258.00,"SBS dw 1 /06","","Piceene-Pseumen-Rubupar","",,0
259.00,"07","SBS dw 1","CAR","SBS","dw1","dw","1","","07","","","","Sxw - Twinberry - Coltsfoot","","",14.00,10/11/2000 0:00:00,,259.00,"SBS dw 1 /07","Piceene-Loniinv","Piceene-Loniinv","",,0
260.00,"08","SBS dw 1","CAR","SBS","dw1","dw","1","","08","","","","Sxw - Twinberry - Oak fern","","",14.00,10/11/2000 0:00:00,,260.00,"SBS dw 1 /08","Piceene-Gymndry","Piceene-Gymndry","",,0
261.00,"09","SBS dw 1","CAR","SBS","dw1","dw","1","","09","","","","Sxw - Horsetail - Glow moss","","",14.00,10/11/2000 0:00:00,,261.00,"SBS dw 1 /09","Piceene-Equiset-Aulapal","Piceene-Equiset","",,0
262.00,"01","SBS dw 2","CAR","SBS","dw2","dw","2","","01","","","","SxwFd - Pinegrass","","",14.00,10/11/2000 0:00:00,,262.00,"SBS dw 2 /01","Piceene-Pseumen-Calarub","Piceene-Pseumen-Chimumb","",,0
263.00,"02","SBS dw 2","CAR","SBS","dw2","dw","2","","02","","","","FdPl - Cladonia","","",14.00,10/11/2000 0:00:00,,263.00,"SBS dw 2 /02","","Pseumen-Pleusch","",,0
264.00,"03","SBS dw 2","CAR","SBS","dw2","dw","2","","03","","","","Pl - Kinnikinnick - Wavy-leaved moss","","",14.00,10/11/2000 0:00:00,,264.00,"SBS dw 2 /03","Pinucon-Arctuva-Pleusch","Pinucon-Pleusch","",,0
265.00,"04","SBS dw 2","CAR","SBS","dw2","dw","2","","04","","","","Fd - Pinegrass - Aster","","",14.00,10/11/2000 0:00:00,,265.00,"SBS dw 2 /04","Pseumen-Calarub-Pleusch","Pseumen-Calarub","",,0
266.00,"05","SBS dw 2","CAR","SBS","dw2","dw","2","","05","","","","SxwFd - Cat's-tail moss","","",14.00,10/11/2000 0:00:00,,266.00,"SBS dw 2 /05","Piceene-Pseumen-Calarub","Piceene-Pseumen-Chimumb","",,0
267.00,"06","SBS dw 2","CAR","SBS","dw2","dw","2","","06","","","","Pl - Pinegrass - Feathermoss","","",14.00,10/11/2000 0:00:00,,267.00,"SBS dw 2 /06","Pinucon-Calarub-Corncan-Pleusch","Pinucon-Calarub","",,0
268.00,"07","SBS dw 2","CAR","SBS","dw2","dw","2","","07","","","","PlSb - Feathermoss","","",14.00,10/11/2000 0:00:00,,268.00,"SBS dw 2 /07","Pinucon-Calarub-Corncan-Pleusch","Pinucon-Calarub","",,0
269.00,"08","SBS dw 2","CAR","SBS","dw2","dw","2","","08","","","","Sxw - Twinberry","","",14.00,10/11/2000 0:00:00,,269.00,"SBS dw 2 /08","Piceene-Loniinv","Piceene-Loniinv","",,0
270.00,"09","SBS dw 2","CAR","SBS","dw2","dw","2","","09","","","","Sxw - Devil's club - Knight's plume","","",14.00,10/11/2000 0:00:00,,270.00,"SBS dw 2 /09","Piceene-Oplohor-Gymndry","Piceene-Gymndry","",,0
271.00,"10","SBS dw 2","CAR","SBS","dw2","dw","2","","10","","","","Sxw - Horsetail","","",14.00,10/11/2000 0:00:00,,271.00,"SBS dw 2 /10","Piceene-Cornsto-Equiset","Piceene-Equiset","",,0
272.00,"11","SBS dw 2","CAR","SBS","dw2","dw","2","","11","","","","Sb - Soft-leaved sedge - Sphagnum","","",14.00,10/11/2000 0:00:00,,272.00,"SBS dw 2 /11","","","",,0
273.00,"01","SBS mc 1","CAR","SBS","mc1","mc","1","","01","","","","Sxw - Huckleberry","","",14.00,10/11/2000 0:00:00,,273.00,"SBS mc 1 /01","Piceene-Vaccmem","Piceene-Vaccmem","",,0
274.00,"01a","SBS mc 1","CAR","SBS","mc1","mc","1","","01","a","","","Sxw - Huckleberry, Typic","","",14.00,10/11/2000 0:00:00,,274.00,"SBS mc 1 /01a","","","",,0
275.00,"01b","SBS mc 1","CAR","SBS","mc1","mc","1","","01","b","","","Sxw - Huckleberry, Shallow","","",14.00,10/11/2000 0:00:00,,275.00,"SBS mc 1 /01b","","","",,0
276.00,"01c","SBS mc 1","CAR","SBS","mc1","mc","1","","01","c","","","Sxw - Huckleberry, Sand","","",14.00,10/11/2000 0:00:00,,276.00,"SBS mc 1 /01c","","","",,0
277.00,"02","SBS mc 1","CAR","SBS","mc1","mc","1","","02","","","","Pl - Cladonia - Haircap moss","","",14.00,10/11/2000 0:00:00,,277.00,"SBS mc 1 /02","Pinucon-Arctuva-Cladoni","Pinucon-Cladoni","",,0
278.00,"03","SBS mc 1","CAR","SBS","mc1","mc","1","","03","","","","Fd - Pinegrass - Aster","","",14.00,10/11/2000 0:00:00,,278.00,"SBS mc 1 /03","Pseumen-Calarub-Pleusch","Pseumen-Calarub","",,0
279.00,"04","SBS mc 1","CAR","SBS","mc1","mc","1","","04","","","","Sxw - Huckleberry - Labrador tea","","",14.00,10/11/2000 0:00:00,,279.00,"SBS mc 1 /04","Piceene-Vaccmem","Piceene-Vaccmem","",,0
280.00,"05","SBS mc 1","CAR","SBS","mc1","mc","1","","05","","","","Sxw - Spirea - Glow moss","","",14.00,10/11/2000 0:00:00,,280.00,"SBS mc 1 /05","Piceene-Loniinv","Piceene-Loniinv","",,0
281.00,"06","SBS mc 1","CAR","SBS","mc1","mc","1","","06","","","","Sxw - Oak fern","","",14.00,10/11/2000 0:00:00,,281.00,"SBS mc 1 /06","Piceene-Gymndry","Piceene-Gymndry","",,0
282.00,"07","SBS mc 1","CAR","SBS","mc1","mc","1","","07","","","","Sxw - Devil's club - Step moss","","",14.00,10/11/2000 0:00:00,,282.00,"SBS mc 1 /07","Piceene-Oplohor-Gymndry","Piceene-Gymndry","",,0
283.00,"08","SBS mc 1","CAR","SBS","mc1","mc","1","","08","","","","Sxw - Horsetail - Glow moss","","",14.00,10/11/2000 0:00:00,,283.00,"SBS mc 1 /08","Piceene-Equiset-Aulapal","Piceene-Equiset","",,0
284.00,"01","SBS mc 2","CAR","SBS","mc2","mc","2","","01","","","","Sxw - Huckleberry","","",14.00,10/11/2000 0:00:00,,284.00,"SBS mc 2 /01","Piceene-Vaccmem","Piceene-Vaccmem","",,0
285.00,"01a","SBS mc 2","CAR","SBS","mc2","mc","2","","01","a","","","Sxw - Huckleberry, Typic","","",14.00,10/11/2000 0:00:00,,285.00,"SBS mc 2 /01a","","","",,0
286.00,"01b","SBS mc 2","CAR","SBS","mc2","mc","2","","01","b","","","Sxw - Huckleberry, Shallow","","",14.00,10/11/2000 0:00:00,,286.00,"SBS mc 2 /01b","","","",,0
287.00,"02","SBS mc 2","CAR","SBS","mc2","mc","2","","02","","","","Pl - Huckleberry - Cladonia","","",14.00,10/11/2000 0:00:00,,287.00,"SBS mc 2 /02","Abielas-Pleusch-Cladoni","Abielas-Cladoni","",,0
288.00,"02a","SBS mc 2","CAR","SBS","mc2","mc","2","","02","a","","","Pl - Huckleberry - Cladonia, Typic","","",14.00,10/11/2000 0:00:00,,288.00,"SBS mc 2 /02a","","","",,0
289.00,"02b","SBS mc 2","CAR","SBS","mc2","mc","2","","02","b","","","Pl - Huckleberry - Cladonia, Sand","","",14.00,10/11/2000 0:00:00,,289.00,"SBS mc 2 /02b","","","",,0
290.00,"04","SBS mc 2","CAR","SBS","mc2","mc","2","","04","","","","Sxw - Huckleberry - Dwarf blueberry","","",14.00,10/11/2000 0:00:00,,290.00,"SBS mc 2 /04","Piceene-Vaccmem","Piceene-Vaccmem","",,0
291.00,"06","SBS mc 2","CAR","SBS","mc2","mc","2","","06","","","","Sxw - Oak fern","","",14.00,10/11/2000 0:00:00,,291.00,"SBS mc 2 /06","Piceene-Gymndry","Piceene-Gymndry","",,0
292.00,"08","SBS mc 2","CAR","SBS","mc2","mc","2","","08","","","","Sxw - Twinberry - Oak fern","","",14.00,10/11/2000 0:00:00,,292.00,"SBS mc 2 /08","Piceene-Gymndry","Piceene-Gymndry","",,0
293.00,"11","SBS mc 2","CAR","SBS","mc2","mc","2","","11","","","","Sxw - Horsetail - Glow moss","","",14.00,10/11/2000 0:00:00,,293.00,"SBS mc 2 /11","Piceene-Equiset-Aulapal","Piceene-Equiset","",,0
294.00,"01","SBS mh","CAR","SBS","mh","mh","","","01","","","","SxwFd - Hazelnut","","",14.00,10/11/2000 0:00:00,,294.00,"SBS mh   /01","","Piceene-Pseumen-Rubupar","",,0
295.00,"02","SBS mh","CAR","SBS","mh","mh","","","02","","","","FdPl - Cladonia","","",14.00,10/11/2000 0:00:00,,295.00,"SBS mh   /02","","Pseumen-Pleusch","",,0
296.00,"03","SBS mh","CAR","SBS","mh","mh","","","03","","","","FdPl - Velvet-leaved blueberry - Cladonia","","",14.00,10/11/2000 0:00:00,,296.00,"SBS mh   /03","","Pseumen-Pleusch","",,0
297.00,"04","SBS mh","CAR","SBS","mh","mh","","","04","","","","Fd - Douglas maple - Step moss","","",14.00,10/11/2000 0:00:00,,297.00,"SBS mh   /04","Pseumen-Acergla-Sympalb-Hylospl","Pseumen-Acergla-Sympalb","",,0
298.00,"05","SBS mh","CAR","SBS","mh","mh","","","05","","","","SxwFd - Feathermoss","","",14.00,10/11/2000 0:00:00,,298.00,"SBS mh   /05","","Piceene-Pseumen-Rubupar","",,0
299.00,"06","SBS mh","CAR","SBS","mh","mh","","","06","","","","SxwFd - Coltsfoot","","",14.00,10/11/2000 0:00:00,,299.00,"SBS mh   /06","","Piceene-Pseumen-Rubupar","",,0
300.00,"07","SBS mh","CAR","SBS","mh","mh","","","07","","","","SxwEp - Devil's club","","",14.00,10/11/2000 0:00:00,,300.00,"SBS mh   /07","Piceene-Oplohor-Gymndry","Piceene-Gymndry","",,0
301.00,"08","SBS mh","CAR","SBS","mh","mh","","","08","","","","Sxw - Ostrich fern","","",14.00,10/11/2000 0:00:00,,301.00,"SBS mh   /08","Piceene-Alnuinc-Equiset","Piceene-Alnuinc","",,0
302.00,"09","SBS mh","CAR","SBS","mh","mh","","","09","","","","Sxw - Horsetail - Glow moss","","",14.00,10/11/2000 0:00:00,,302.00,"SBS mh   /09","Piceene-Cornsto-Equiset","Piceene-Equiset","",,0
303.00,"01","SBS mm","CAR","SBS","mm","mm","","","01","","","","Sxw - Falsebox - Knight's plume","","",5.00,10/11/2000 0:00:00,,303.00,"SBS mm   /01","Piceene-Vaccmem-Paximyr","Piceene-Vaccmem","",,0
304.00,"02","SBS mm","CAR","SBS","mm","mm","","","02","","","","Pl - Huckleberry - Cladonia","","",5.00,10/11/2000 0:00:00,,304.00,"SBS mm   /02","Pinucon-Arctuva-Pleusch","Pinucon-Pleusch","",,0
305.00,"03","SBS mm","CAR","SBS","mm","mm","","","03","","","","Pl - Douglas-fir - Juniper","","",5.00,10/11/2000 0:00:00,,305.00,"SBS mm   /03","Abielas-Pleusch-Cladoni","Abielas-Cladoni","",,0
306.00,"04","SBS mm","CAR","SBS","mm","mm","","","04","","","","Pl - Soopolallie - Pinegrass","","",5.00,10/11/2000 0:00:00,,306.00,"SBS mm   /04","Pinucon-Calarub-Corncan-Pleusch","Pinucon-Calarub","",,0
307.00,"05","SBS mm","CAR","SBS","mm","mm","","","05","","","","Sxw - Soopolallie - Falsebox","","",5.00,10/11/2000 0:00:00,,307.00,"SBS mm   /05","Piceene-Gymndry","Piceene-Gymndry","",,0
308.00,"06","SBS mm","CAR","SBS","mm","mm","","","06","","","","Sxw - Huckleberry - Falsebox","","",5.00,10/11/2000 0:00:00,,308.00,"SBS mm   /06","Piceene-Oplohor-Gymndry","Piceene-Gymndry","",,0
309.00,"07","SBS mm","CAR","SBS","mm","mm","","","07","","","","Sxw - Oak fern","","",5.00,10/11/2000 0:00:00,,309.00,"SBS mm   /07","Piceene-Loniinv","Piceene-Loniinv","",,0
310.00,"08","SBS mm","CAR","SBS","mm","mm","","","08","","","","Sxw - Horsetail","","",5.00,10/11/2000 0:00:00,,310.00,"SBS mm   /08","","Picea-Careaqu-Sphagnu","",,0
311.00,"09","SBS mm","CAR","SBS","mm","mm","","","09","","","","Sedge - Sphagnum","","",5.00,10/11/2000 0:00:00,,311.00,"SBS mm   /09","Piceene-Cornsto-Equiset","Piceene-Equiset","",,0
312.00,"01","SBS mw","CAR","SBS","mw","mw","","","01","","","","SxwFd - Falsebox","","",20.00,10/11/2000 0:00:00,,312.00,"SBS mw   /01","Piceene-Pseumen-Pleusch","Piceene-Pseumen-Chimumb","",,0
313.00,"02","SBS mw","CAR","SBS","mw","mw","","","02","","","","FdBl - Huckleberry","","",20.00,10/11/2000 0:00:00,,313.00,"SBS mw   /02","Pinucon-Vaccmem-Cladina","Piceene-Vaccmem","",,0
314.00,"03","SBS mw","CAR","SBS","mw","mw","","","03","","","","Pl - Huckleberry - Velvet-leaved blueberry","","",20.00,10/11/2000 0:00:00,,314.00,"SBS mw   /03","Pinucon-Vaccmem-Cladina","Piceene-Vaccmem","",,0
315.00,"04","SBS mw","CAR","SBS","mw","mw","","","04","","","","SxwFd - Knight's plume","","",20.00,10/11/2000 0:00:00,,315.00,"SBS mw   /04","Piceene-Pseumen-Pleusch","Piceene-Pseumen-Chimumb","",,0
316.00,"05","SBS mw","CAR","SBS","mw","mw","","","05","","","","Sxw - Pink spirea","","",20.00,10/11/2000 0:00:00,,316.00,"SBS mw   /05","Piceene-Loniinv-Spirdou","Piceene-Loniinv","npe",,0
317.00,"06","SBS mw","CAR","SBS","mw","mw","","","06","","","","Sxw - Oak fern","","",20.00,10/11/2000 0:00:00,,317.00,"SBS mw   /06","Piceene-Gymndry","Piceene-Gymndry","",,0
318.00,"07","SBS mw","CAR","SBS","mw","mw","","","07","","","","Sxw - Twinberry - Oak fern","","",20.00,10/11/2000 0:00:00,,318.00,"SBS mw   /07","Piceene-Gymndry","Piceene-Gymndry","",,0
319.00,"08","SBS mw","CAR","SBS","mw","mw","","","08","","","","Sxw - Devil's club","","",20.00,10/11/2000 0:00:00,,319.00,"SBS mw   /08","Piceene-Oplohor-Gymndry","Piceene-Gymndry","",,0
320.00,"09","SBS mw","CAR","SBS","mw","mw","","","09","","","","Sxw - Horsetail","","",20.00,10/11/2000 0:00:00,,320.00,"SBS mw   /09","Piceene-Cornsto-Equiset","Piceene-Equiset","",,0
321.00,"10","SBS mw","CAR","SBS","mw","mw","","","10","","","","SbSxw - Scrub birch - Sedge","","",20.00,10/11/2000 0:00:00,,321.00,"SBS mw   /10","","","",,0
322.00,"01","SBS wk 1","CAR","SBS","wk1","wk","1","","01","","","","Sxw - Oak fern","","",14.00,10/11/2000 0:00:00,,322.00,"SBS wk 1 /01","Piceene-Gymndry","Piceene-Gymndry","",,0
323.00,"02","SBS wk 1","CAR","SBS","wk1","wk","1","","02","","","","Pl - Huckleberry - Cladina","","",14.00,10/11/2000 0:00:00,,323.00,"SBS wk 1 /02","Pinucon-Vaccmem-Cladina","Piceene-Vaccmem","",,0
324.00,"03","SBS wk 1","CAR","SBS","wk1","wk","1","","03","","","","Pl - Huckleberry - Velvet-leaved blueberry","","",14.00,10/11/2000 0:00:00,,324.00,"SBS wk 1 /03","Pinucon-Vaccmem-Cladina","Piceene-Vaccmem","",,0
325.00,"04","SBS wk 1","CAR","SBS","wk1","wk","1","","04","","","","SxwFd - Knight's plume","","",14.00,10/11/2000 0:00:00,,325.00,"SBS wk 1 /04","Piceene-Pseumen-Pleusch","Piceene-Pseumen-Chimumb","",,0
326.00,"05","SBS wk 1","CAR","SBS","wk1","wk","1","","05","","","","Sxw - Huckleberry - Highbush-cranberry","","",14.00,10/11/2000 0:00:00,,326.00,"SBS wk 1 /05","Piceene-Vaccmem","Piceene-Vaccmem","",,0
327.00,"06","SBS wk 1","CAR","SBS","wk1","wk","1","","06","","","","Sxw - Pink spirea - Oak fern","","",14.00,10/11/2000 0:00:00,,327.00,"SBS wk 1 /06","Piceene-Loniinv-Spirdou","Piceene-Loniinv","npe",,0
328.00,"07","SBS wk 1","CAR","SBS","wk1","wk","1","","07","","","","Sxw - Twinberry - Oak fern","","",14.00,10/11/2000 0:00:00,,328.00,"SBS wk 1 /07","Piceene-Gymndry","Piceene-Gymndry","",,0
329.00,"08","SBS wk 1","CAR","SBS","wk1","wk","1","","08","","","","Sxw - Devil's club","","",14.00,10/11/2000 0:00:00,,329.00,"SBS wk 1 /08","Piceene-Oplohor-Gymndry","Piceene-Gymndry","",,0
330.00,"09","SBS wk 1","CAR","SBS","wk1","wk","1","","09","","","","Sxw - Horsetail","","",14.00,10/11/2000 0:00:00,,330.00,"SBS wk 1 /09","Piceene-Cornsto-Equiset","Piceene-Equiset","",,0
331.00,"11","SBS wk 1","CAR","SBS","wk1","wk","1","","11","","","","SbSxw - Scrub birch - Sedge","","",14.00,10/11/2000 0:00:00,,331.00,"SBS wk 1 /11","","","",,0
332.00,"01","BG  xh 1","KAM","BG","xh1","xh","1","","01","","","","Big sage - Bluebunch wheatgrass","","",5.00,10/11/2000 0:00:00,,332.00,"BG  xh 1 /01","","","",,0
333.00,"02","BG  xh 1","KAM","BG","xh1","xh","1","","02","","","","Antelope-brush - Needle-and-thread grass","","",5.00,10/11/2000 0:00:00,,333.00,"BG  xh 1 /02","","","",,0
334.00,"03","BG  xh 1","KAM","BG","xh1","xh","1","","03","","","","Bluebunch wheatgrass - Selaginella","","",5.00,10/11/2000 0:00:00,,334.00,"BG  xh 1 /03","","Pinupon-Purstri","",,0
335.00,"04","BG  xh 1","KAM","BG","xh1","xh","1","","04","","","","Py - Antelope-brush - Red three-awn","","",5.00,10/11/2000 0:00:00,,335.00,"BG  xh 1 /04","Pinupon-Pseuspi","Pinupon-Pseuspi","",,0
336.00,"05","BG  xh 1","KAM","BG","xh1","xh","1","","05","","","","Py - Sumac","","",5.00,10/11/2000 0:00:00,,336.00,"BG  xh 1 /05","","Pinupon-Rhusgla","",,0
337.00,"06","BG  xh 1","KAM","BG","xh1","xh","1","","06","","","","Py - Nootka rose - Poison ivy","","",5.00,10/11/2000 0:00:00,,337.00,"BG  xh 1 /06","","Pinupon-Populus-Rosa","",,0
338.00,"07","BG  xh 1","KAM","BG","xh1","xh","1","","07","","","","Act - Water birch","","",5.00,10/11/2000 0:00:00,,338.00,"BG  xh 1 /07","","Popubal-Alnuinc-Equiset","",,0
339.00,"01","BG  xh 2","KAM","BG","xh2","xh","2","","01","","","","Big sage - Bluebunch wheatgrass","","",5.00,10/11/2000 0:00:00,,339.00,"BG  xh 2 /01","","","",,0
340.00,"02","BG  xh 2","KAM","BG","xh2","xh","2","","02","","","","Bluebunch wheatgrass - Selaginella","","",5.00,10/11/2000 0:00:00,,340.00,"BG  xh 2 /02","Pseumen-Pinupon-Pseuspi","Pseumen-Pinupon-Pseuspi","npe",,0
341.00,"03","BG  xh 2","KAM","BG","xh2","xh","2","","03","","","","Py - Red three-awn","","",5.00,10/11/2000 0:00:00,,341.00,"BG  xh 2 /03","Pseumen-Pinupon-Pseuspi","Pseumen-Pinupon-Pseuspi","npe",,0
342.00,"04","BG  xh 2","KAM","BG","xh2","xh","2","","04","","","","Py - Bluebunch wheatgrass","","",5.00,10/11/2000 0:00:00,,342.00,"BG  xh 2 /04","Pseumen-Pinupon-Sympalb","Pseumen-Pinupon-Calarub","npe",,0
343.00,"05","BG  xh 2","KAM","BG","xh2","xh","2","","05","","","","Big sage - Needle-and-thread grass","","",5.00,10/11/2000 0:00:00,,343.00,"BG  xh 2 /05","","Poputre-Cornsto","npe",,0
344.00,"06","BG  xh 2","KAM","BG","xh2","xh","2","","06","","","","Rough fescue - Bluebunch wheatgrass","","",5.00,10/11/2000 0:00:00,,344.00,"BG  xh 2 /06","","Pinupon-Populus-Rosa","npe",,0
345.00,"07","BG  xh 2","KAM","BG","xh2","xh","2","","07","","","","Act - Snowberry - Dogwood","","",5.00,10/11/2000 0:00:00,,345.00,"BG  xh 2 /07","","Popubal-Alnuinc-Equiset","npe",,0
346.00,"08","BG  xh 2","KAM","BG","xh2","xh","2","","08","","","","Woolly sedge - Arctic rush","","",5.00,10/11/2000 0:00:00,,346.00,"BG  xh 2 /08","","","npe",,0
347.00,"01","BG  xw 1","KAM","BG","xw1","xw","1","","01","","","","Bluebunch wheatgrass - Junegrass","","",5.00,10/11/2000 0:00:00,,347.00,"BG  xw 1 /01","","","",,0
348.00,"02","BG  xw 1","KAM","BG","xw1","xw","1","","02","","","","Bluebunch wheatgrass - Selaginella","","",5.00,10/11/2000 0:00:00,,348.00,"BG  xw 1 /02","Pinupon-Pseuspi","Pinupon-Pseuspi","npe",,0
349.00,"03","BG  xw 1","KAM","BG","xw1","xw","1","","03","","","","Py - Bluebunch wheatgrass","","",5.00,10/11/2000 0:00:00,,349.00,"BG  xw 1 /03","Pseumen-Pinupon-Pseuspi","Pseumen-Pinupon-Pseuspi","npe",,0
350.00,"04","BG  xw 1","KAM","BG","xw1","xw","1","","04","","","","Big sage - Bluebunch wheatgrass","","",5.00,10/11/2000 0:00:00,,350.00,"BG  xw 1 /04","","","npe",,0
351.00,"05","BG  xw 1","KAM","BG","xw1","xw","1","","05","","","","Py - Rough fescue - Bluebunch wheatgrass","","",5.00,10/11/2000 0:00:00,,351.00,"BG  xw 1 /05","Pseumen-Acergla-Sympalb-Hylospl","Pseumen-Acergla-Sympalb","npe",,0
352.00,"06","BG  xw 1","KAM","BG","xw1","xw","1","","06","","","","Rough fescue - Bluebunch wheatgrass","","",5.00,10/11/2000 0:00:00,,352.00,"BG  xw 1 /06","","Poputre-Festcam","npe",,0
353.00,"07","BG  xw 1","KAM","BG","xw1","xw","1","","07","","","","Giant wildrye","","",5.00,10/11/2000 0:00:00,,353.00,"BG  xw 1 /07","","Poputre-Sympalb-Poa pra","npe",,0
354.00,"08","BG  xw 1","KAM","BG","xw1","xw","1","","08","","","","At - Snowberry - Kentucky bluegrass","","",5.00,10/11/2000 0:00:00,,354.00,"BG  xw 1 /08","","Popubal-Alnuinc-Equiset","npe",,0
355.00,"09","BG  xw 1","KAM","BG","xw1","xw","1","","09","","","","Salt grass - Sedge","","",5.00,10/11/2000 0:00:00,,355.00,"BG  xw 1 /09","","Popubal-Alnuinc-Equiset","npe",,0
356.00,"01","CWH ds 1","KAM","CWH","ds1","ds","1","","01","","","","HwFd - Cat's-tail moss","","",11.00,10/11/2000 0:00:00,"38748",356.00,"CWH ds 1 /01","","Tsughet-Paximyr","",,0
357.00,"02","CWH ds 1","KAM","CWH","ds1","ds","1","","02","","","","FdPl - Kinnikinnick","","",11.00,10/11/2000 0:00:00,"38748",357.00,"CWH ds 1 /02","","Tsughet-Paximyr","",,0
358.00,"03","CWH ds 1","KAM","CWH","ds1","ds","1","","03","","","","FdHw - Falsebox","","",11.00,10/11/2000 0:00:00,"38748",358.00,"CWH ds 1 /03","","Tsughet-Gaulsha","",,0
359.00,"04","CWH ds 1","KAM","CWH","ds1","ds","1","","04","","","","Fd - Fairybells","","",11.00,10/11/2000 0:00:00,"38748",359.00,"CWH ds 1 /04","","","",,0
360.00,"05","CWH ds 1","KAM","CWH","ds1","ds","1","","05","","","","Cw - Solomon's-seal","","",11.00,10/11/2000 0:00:00,"38748",360.00,"CWH ds 1 /05","","Thujpli-Acercir","",,0
361.00,"06","CWH ds 1","KAM","CWH","ds1","ds","1","","06","","","","Hw - Queen's cup","","",11.00,10/11/2000 0:00:00,"38748",361.00,"CWH ds 1 /06","","Thujpli-Pseumen-Tiartri","",,0
362.00,"07","CWH ds 1","KAM","CWH","ds1","ds","1","","07","","","","Cw - Devil's club","","",11.00,10/11/2000 0:00:00,"38748",362.00,"CWH ds 1 /07","","Thujpli-Pseumen-Tiartri","",,0
363.00,"08","CWH ds 1","KAM","CWH","ds1","ds","1","","08","","","","Ss - Salmonberry","","",11.00,10/11/2000 0:00:00,"38748",363.00,"CWH ds 1 /08","","Picesit-Rubuspe","",,0
364.00,"09","CWH ds 1","KAM","CWH","ds1","ds","1","","09","","","","Act - Red-osier dogwood","","",11.00,10/11/2000 0:00:00,"38748",364.00,"CWH ds 1 /09","","","npe",,0
365.00,"10","CWH ds 1","KAM","CWH","ds1","ds","1","","10","","","","Act - Willow","","",11.00,10/11/2000 0:00:00,"38748",365.00,"CWH ds 1 /10","","","npe",,0
366.00,"11","CWH ds 1","KAM","CWH","ds1","ds","1","","11","","","","Pl - Sphagnum","","",11.00,10/11/2000 0:00:00,"38748",366.00,"CWH ds 1 /11","","","",,0
367.00,"12","CWH ds 1","KAM","CWH","ds1","ds","1","","12","","","","CwSs - Skunk cabbage","","",11.00,10/11/2000 0:00:00,"38748",367.00,"CWH ds 1 /12","","","",,0
368.00,"01","CWH ms 1","KAM","CWH","ms1","ms","1","","01","","","","HwBa - Step moss","","",11.00,10/11/2000 0:00:00,,368.00,"CWH ms 1 /01","","Abieama-Pleusch","",,0
369.00,"02","CWH ms 1","KAM","CWH","ms1","ms","1","","02","","","","FdPl - Kinnikinnick","","",11.00,10/11/2000 0:00:00,,369.00,"CWH ms 1 /02","","","",,0
370.00,"03","CWH ms 1","KAM","CWH","ms1","ms","1","","03","","","","FdHw - Falsebox","","",11.00,10/11/2000 0:00:00,,370.00,"CWH ms 1 /03","","Abieama-Pleusch","",,0
371.00,"04","CWH ms 1","KAM","CWH","ms1","ms","1","","04","","","","BaCw - Oak fern","","",11.00,10/11/2000 0:00:00,,371.00,"CWH ms 1 /04","","Abieama-Tiartri","",,0
372.00,"05","CWH ms 1","KAM","CWH","ms1","ms","1","","05","","","","HwBa - Queen's cup","","",11.00,10/11/2000 0:00:00,,372.00,"CWH ms 1 /05","","Abieama-Pleusch","",,0
373.00,"06","CWH ms 1","KAM","CWH","ms1","ms","1","","06","","","","BaCw - Devil's club","","",11.00,10/11/2000 0:00:00,,373.00,"CWH ms 1 /06","","Abieama-Tiartri","",,0
374.00,"07","CWH ms 1","KAM","CWH","ms1","ms","1","","07","","","","Ss - Salmonberry","","",11.00,10/11/2000 0:00:00,,374.00,"CWH ms 1 /07","","","",,0
375.00,"08","CWH ms 1","KAM","CWH","ms1","ms","1","","08","","","","Act - Red-osier dogwood","","",11.00,10/11/2000 0:00:00,,375.00,"CWH ms 1 /08","","","npe",,0
376.00,"09","CWH ms 1","KAM","CWH","ms1","ms","1","","09","","","","Act - Willow","","",11.00,10/11/2000 0:00:00,,376.00,"CWH ms 1 /09","","","npe",,0
377.00,"10","CWH ms 1","KAM","CWH","ms1","ms","1","","10","","","","Pl - Sphagnum","","",11.00,10/11/2000 0:00:00,,377.00,"CWH ms 1 /10","","","",,0
378.00,"11","CWH ms 1","KAM","CWH","ms1","ms","1","","11","","","","CwSs - Skunk cabbage","","",11.00,10/11/2000 0:00:00,,378.00,"CWH ms 1 /11","","","",,0
379.00,"01","ESSFdc 1","KAM","ESSF","dc1","dc","1","","01","","","","Bl - Rhododendron - Grouseberry","","",5.00,10/11/2000 0:00:00,,379.00,"ESSFdc 1 /01","Abielas-Rhodalb-Vaccsco","Abielas-Rhodalb-Vaccmem","",,0
380.00,"02","ESSFdc 1","KAM","ESSF","dc1","dc","1","","02","","","","PlSe - Pinegrass","","",5.00,10/11/2000 0:00:00,,380.00,"ESSFdc 1 /02","","","npe",,0
381.00,"03","ESSFdc 1","KAM","ESSF","dc1","dc","1","","03","","","","Bl - Grouseberry - Cladonia","","",5.00,10/11/2000 0:00:00,,381.00,"ESSFdc 1 /03","","","",,0
382.00,"04","ESSFdc 1","KAM","ESSF","dc1","dc","1","","04","","","","Bl - Rhododendron - Valerian","","",5.00,10/11/2000 0:00:00,,382.00,"ESSFdc 1 /04","Pinucon-Vaccsco-Calarub","Pinucon-Calarub-Vaccsco","",,0
383.00,"05","ESSFdc 1","KAM","ESSF","dc1","dc","1","","05","","","","Bl - Trapper's tea","","",5.00,10/11/2000 0:00:00,,383.00,"ESSFdc 1 /05","Abielas-Vaccmem-Vaccsco","Abielas-Vaccsco","",,0
384.00,"06","ESSFdc 1","KAM","ESSF","dc1","dc","1","","06","","","","Bl - Horsetail - Glow moss","","",5.00,10/11/2000 0:00:00,,384.00,"ESSFdc 1 /06","Abielas-Rhodalb-Vaccsco","Abielas-Rhodalb-Vaccmem","",,0
385.00,"07","ESSFdc 1","KAM","ESSF","dc1","dc","1","","07","","","","Sedge - Sphagnum","","",5.00,10/11/2000 0:00:00,,385.00,"ESSFdc 1 /07","","Abielas-Ledugla-Vaccsco","",,0
386.00,"01","ESSFdc 2","KAM","ESSF","dc2","dc","2","","01","","","","Bl - Rhododendron - Grouseberry","","",5.00,10/11/2000 0:00:00,,386.00,"ESSFdc 2 /01","Abielas-Rhodalb-Vaccsco","Abielas-Rhodalb-Vaccmem","",,0
387.00,"02","ESSFdc 2","KAM","ESSF","dc2","dc","2","","02","","","","Juniper - Pinegrass","","",5.00,10/11/2000 0:00:00,,387.00,"ESSFdc 2 /02","Pinucon-Vaccsco-Calarub-nudum","Pinucon-Calarub-Vaccsco","",,0
388.00,"03","ESSFdc 2","KAM","ESSF","dc2","dc","2","","03","","","","PlSe - Falsebox - Pinegrass","","",5.00,10/11/2000 0:00:00,,388.00,"ESSFdc 2 /03","Pinucon-Vaccsco-Calarub","Pinucon-Calarub-Vaccsco","",,0
389.00,"04","ESSFdc 2","KAM","ESSF","dc2","dc","2","","04","","","","Bl - Grouseberry - Cladonia","","",5.00,10/11/2000 0:00:00,,389.00,"ESSFdc 2 /04","Abielas-Vaccmem-Vaccsco","Abielas-Vaccsco","npe",,0
390.00,"05","ESSFdc 2","KAM","ESSF","dc2","dc","2","","05","","","","Bl - Huckleberry - Feathermoss","","",5.00,10/11/2000 0:00:00,,390.00,"ESSFdc 2 /05","Abielas-Vaccmem-Vaccsco","Abielas-Vaccsco","npe",,0
391.00,"06","ESSFdc 2","KAM","ESSF","dc2","dc","2","","06","","","","Bl - Gooseberry - Oak fern","","",5.00,10/11/2000 0:00:00,,391.00,"ESSFdc 2 /06","Abielas-Rhodalb-Vaccsco","Abielas-Rhodalb-Vaccmem","npe",,0
392.00,"07","ESSFdc 2","KAM","ESSF","dc2","dc","2","","07","","","","Bl - Rhododendron - Valerian","","",5.00,10/11/2000 0:00:00,,392.00,"ESSFdc 2 /07","","","",,0
393.00,"08","ESSFdc 2","KAM","ESSF","dc2","dc","2","","08","","","","Bl - Trapper's tea","","",5.00,10/11/2000 0:00:00,,393.00,"ESSFdc 2 /08","Abielas-Equiset","Abielas-Equiset","npe",,0
394.00,"09","ESSFdc 2","KAM","ESSF","dc2","dc","2","","09","","","","Sedge - Sphagnum","","",5.00,10/11/2000 0:00:00,,394.00,"ESSFdc 2 /09","","Piceene-Ledugla-Vaccsco","npe",,0
395.00,"01","ESSFdv","KAM","ESSF","dv","dv","","","01","","","","Bl - Rhododendron - Heron's-bill","","ESSFdv was previously expired",5.00,10/11/2000 0:00:00,"40304",395.00,"ESSFdv   /01","","","",,0
396.00,"02","ESSFdv","KAM","ESSF","dv","dv","","","02","","","","Pa - Junegrass","","ESSFdv was previously expired",5.00,10/11/2000 0:00:00,"40304",396.00,"ESSFdv   /02","","","npe",,0
397.00,"03","ESSFdv","KAM","ESSF","dv","dv","","","03","","","","BlPa - Juniper","","ESSFdv was previously expired",5.00,10/11/2000 0:00:00,"40304",397.00,"ESSFdv   /03","","","",,0
398.00,"04","ESSFdv","KAM","ESSF","dv","dv","","","04","","","","Bl - Huckleberry - Brachythecium","","ESSFdv was previously expired",5.00,10/11/2000 0:00:00,"40304",398.00,"ESSFdv   /04","","","",,0
399.00,"05","ESSFdv","KAM","ESSF","dv","dv","","","05","","","","Bl - Valerian - Arnica","","ESSFdv was previously expired",5.00,10/11/2000 0:00:00,"40304",399.00,"ESSFdv   /05","","","",,0
400.00,"06","ESSFdv","KAM","ESSF","dv","dv","","","06","","","","Bl - Horsetail - Glow moss","","ESSFdv was previously expired",5.00,10/11/2000 0:00:00,"40304",400.00,"ESSFdv   /06","","","",,0
401.00,"01","ESSFmw","KAM","ESSF","mw","mw","","","01","","","","BlBa - Rhododendron","","",5.00,10/11/2000 0:00:00,,401.00,"ESSFmw   /01","","","",,0
402.00,"02","ESSFmw","KAM","ESSF","mw","mw","","","02","","","","BlPl - Juniper - Rhacomitrium","","",5.00,10/11/2000 0:00:00,,402.00,"ESSFmw   /02","","","npe",,0
403.00,"03","ESSFmw","KAM","ESSF","mw","mw","","","03","","","","Fd - Falsebox - Pinegrass","","",5.00,10/11/2000 0:00:00,,403.00,"ESSFmw   /03","","","",,0
404.00,"04","ESSFmw","KAM","ESSF","mw","mw","","","04","","","","Bl - Huckleberry - Falsebox","","",5.00,10/11/2000 0:00:00,,404.00,"ESSFmw   /04","","","",,0
405.00,"05","ESSFmw","KAM","ESSF","mw","mw","","","05","","","","BlBa - Azalea - Pipecleaner moss","","",5.00,10/11/2000 0:00:00,,405.00,"ESSFmw   /05","","","",,0
406.00,"06","ESSFmw","KAM","ESSF","mw","mw","","","06","","","","Bl - Gooseberry - Valerian","","",5.00,10/11/2000 0:00:00,,406.00,"ESSFmw   /06","","","",,0
407.00,"07","ESSFmw","KAM","ESSF","mw","mw","","","07","","","","BlBa - Oak fern - Lady fern","","",5.00,10/11/2000 0:00:00,,407.00,"ESSFmw   /07","","","",,0
408.00,"08","ESSFmw","KAM","ESSF","mw","mw","","","08","","","","Bl - Gooseberry - Horsetail","","",5.00,10/11/2000 0:00:00,,408.00,"ESSFmw   /08","","","",,0
409.00,"01","ESSFvc","KAM","ESSF","vc","vc","","","01","","","","BlHm - Rhododendron - Oak fern","","",5.00,10/11/2000 0:00:00,,409.00,"ESSFvc   /01","Abielas-Rhodalb-Gymndry","Abielas-Gymndry","",,0
410.00,"02","ESSFvc","KAM","ESSF","vc","vc","","","02","","","","BlHm - Rhododendron - Leafy liverwort","","",5.00,10/11/2000 0:00:00,,410.00,"ESSFvc   /02","Abielas-Vaccmem","Abielas-Vaccmem","",,0
411.00,"03","ESSFvc","KAM","ESSF","vc","vc","","","03","","","","BlHm - Rhododendron - Pipecleaner moss","","",5.00,10/11/2000 0:00:00,,411.00,"ESSFvc   /03","Abielas-Vaccmem","Abielas-Vaccmem","",,0
412.00,"04","ESSFvc","KAM","ESSF","vc","vc","","","04","","","","BlHm - Devil's club - Lady fern","","",5.00,10/11/2000 0:00:00,,412.00,"ESSFvc   /04","Abielas-Rhodalb-Vaccmem","Abielas-Rhodalb-Vaccmem","",,0
413.00,"05","ESSFvc","KAM","ESSF","vc","vc","","","05","","","","BlHm - Horsetail","","",5.00,10/11/2000 0:00:00,,413.00,"ESSFvc   /05","Abielas-Gymndry","Abielas-Gymndry","",,0
414.00,"06","ESSFvc","KAM","ESSF","vc","vc","","","06","","","","Sedge - Sphagnum","","",5.00,10/11/2000 0:00:00,,414.00,"ESSFvc   /06","Abielas-Gymndry","Abielas-Gymndry","",,0
415.00,"01","ESSFvv","KAM","ESSF","vv","vv","","","01","","","","Bl - Rhododendron - Foamflower","","",5.00,10/11/2000 0:00:00,,415.00,"ESSFvv   /01","","","",,0
416.00,"02","ESSFvv","KAM","ESSF","vv","vv","","","02","","","","Bl - Huckleberry - Mountain liverwort","","",5.00,10/11/2000 0:00:00,,416.00,"ESSFvv   /02","","","",,0
417.00,"03","ESSFvv","KAM","ESSF","vv","vv","","","03","","","","BlHm - Rhododendron - Mountain liverwort","","",5.00,10/11/2000 0:00:00,,417.00,"ESSFvv   /03","","","",,0
418.00,"04","ESSFvv","KAM","ESSF","vv","vv","","","04","","","","Bl - Valerian - Groundsel","","",5.00,10/11/2000 0:00:00,,418.00,"ESSFvv   /04","","","",,0
419.00,"05","ESSFvv","KAM","ESSF","vv","vv","","","05","","","","Mountain-heather - Alpine sedge","","",5.00,10/11/2000 0:00:00,,419.00,"ESSFvv   /05","","","",,0
420.00,"01","ESSFwc 1","KAM","ESSF","wc1","wc","1","","01","","","","Bl - Rhododendron - Oak fern","","",7.00,10/11/2000 0:00:00,,420.00,"ESSFwc 1 /01","Abielas-Rhodalb-Gymndry","Abielas-Gymndry","",,0
421.00,"02","ESSFwc 1","KAM","ESSF","wc1","wc","1","","02","","","","Bl - Falsebox - Grouseberry","","",7.00,10/11/2000 0:00:00,,421.00,"ESSFwc 1 /02","","","",,0
422.00,"03","ESSFwc 1","KAM","ESSF","wc1","wc","1","","03","","","","Bl - Devil's club - Lady fern","","",7.00,10/11/2000 0:00:00,,422.00,"ESSFwc 1 /03","Abielas-Vaccmem","Abielas-Vaccmem","",,0
423.00,"04","ESSFwc 1","KAM","ESSF","wc1","wc","1","","04","","","","Bl - Horsetail - Brachythecium","","",7.00,10/11/2000 0:00:00,,423.00,"ESSFwc 1 /04","Abielas-Rhodalb-Vaccmem","Abielas-Rhodalb-Vaccmem","",,0
424.00,"05","ESSFwc 1","KAM","ESSF","wc1","wc","1","","05","","","","Sedge - Sphagnum","","",7.00,10/11/2000 0:00:00,,424.00,"ESSFwc 1 /05","Abielas-Gymndry","Abielas-Gymndry","",,0
425.00,"01","ESSFwc 2","KAM","ESSF","wc2","wc","2","","01","","","","Bl - Azalea - Oak fern","","",5.00,10/11/2000 0:00:00,,425.00,"ESSFwc 2 /01","Abielas-Rhodalb-Gymndry","Abielas-Gymndry","",,0
426.00,"02","ESSFwc 2","KAM","ESSF","wc2","wc","2","","02","","","","Pl - Huckleberry - Cladonia","","",5.00,10/11/2000 0:00:00,,426.00,"ESSFwc 2 /02","Abielas-Vaccmem","Abielas-Vaccmem","",,0
427.00,"03","ESSFwc 2","KAM","ESSF","wc2","wc","2","","03","","","","Bl - Huckleberry - Arnica","","",5.00,10/11/2000 0:00:00,,427.00,"ESSFwc 2 /03","Abielas-Rhodalb-Vaccmem","Abielas-Rhodalb-Vaccmem","",,0
428.00,"04","ESSFwc 2","KAM","ESSF","wc2","wc","2","","04","","","","Bl - Rhododendron - Heron's-bill","","",5.00,10/11/2000 0:00:00,,428.00,"ESSFwc 2 /04","Abielas-Gymndry","Abielas-Gymndry","",,0
429.00,"05","ESSFwc 2","KAM","ESSF","wc2","wc","2","","05","","","","Bl - Azalea - Feathermoss","","",5.00,10/11/2000 0:00:00,,429.00,"ESSFwc 2 /05","","Abielas-Oplohor","",,0
430.00,"06","ESSFwc 2","KAM","ESSF","wc2","wc","2","","06","","","","Bl - Valerian - Oak fern","","",5.00,10/11/2000 0:00:00,,430.00,"ESSFwc 2 /06","Abielas-Gymndry","Abielas-Gymndry","",,0
431.00,"07","ESSFwc 2","KAM","ESSF","wc2","wc","2","","07","","","","Bl - Devil's club - Lady fern","","",5.00,10/11/2000 0:00:00,,431.00,"ESSFwc 2 /07","Abielas-Valesit-Strepto","Abielas-Valesit","",,0
432.00,"08","ESSFwc 2","KAM","ESSF","wc2","wc","2","","08","","","","Bl - Horsetail - Sphagnum","","",5.00,10/11/2000 0:00:00,,432.00,"ESSFwc 2 /08","","Pinucon-Carepau-Sphagnu","",,0
433.00,"09","ESSFwc 2","KAM","ESSF","wc2","wc","2","","09","","","","Pl - Dwarf blueberry - Sphagnum","","",5.00,10/11/2000 0:00:00,,433.00,"ESSFwc 2 /09","Abielas-Gymndry-Equiset","Abielas-Equiset","",,0
434.00,"10","ESSFwc 2","KAM","ESSF","wc2","wc","2","","10","","","","Sedge - Sphagnum","","",5.00,10/11/2000 0:00:00,,434.00,"ESSFwc 2 /10","Abielas-Calacan-Equiset","Abielas-Equiset","npe",,0
435.00,"01","ESSFwc 3","KAM","ESSF","wc3","wc","3","","01","","","","Bl - Rhododendron - Oak fern","","",14.00,10/11/2000 0:00:00,,435.00,"ESSFwc 3 /01","Abielas-Rhodalb-Gymndry","Abielas-Gymndry","",,0
436.00,"02","ESSFwc 3","KAM","ESSF","wc3","wc","3","","02","","","","Bl - Rhododendron - Queen's cup","","",14.00,10/11/2000 0:00:00,,436.00,"ESSFwc 3 /02","Abielas-Rhodalb-Vaccmem","Abielas-Rhodalb-Vaccmem","",,0
437.00,"03","ESSFwc 3","KAM","ESSF","wc3","wc","3","","03","","","","Bl - Globeflower - Horsetail","","",14.00,10/11/2000 0:00:00,,437.00,"ESSFwc 3 /03","Abielas-Valesit-Strepto","Abielas-Valesit","",,0
438.00,"01","ESSFwc 4","KAM","ESSF","wc4","wc","4","","01","","","","Bl - Rhododendron - Oak fern","","",7.00,10/11/2000 0:00:00,,438.00,"ESSFwc 4 /01","Abielas-Rhodalb-Gymndry","Abielas-Gymndry","",,0
439.00,"02","ESSFwc 4","KAM","ESSF","wc4","wc","4","","02","","","","Bl - Rhododendron - Falsebox","","",7.00,10/11/2000 0:00:00,,439.00,"ESSFwc 4 /02","Abielas-Vaccmem","Abielas-Vaccmem","",,0
440.00,"03","ESSFwc 4","KAM","ESSF","wc4","wc","4","","03","","","","Bl - Rhododendron - Woodrush","","",7.00,10/11/2000 0:00:00,,440.00,"ESSFwc 4 /03","Abielas-Rhodalb-Vaccmem","Abielas-Rhodalb-Vaccmem","",,0
441.00,"04","ESSFwc 4","KAM","ESSF","wc4","wc","4","","04","","","","Bl - Rhododendron - Foamflower","","",7.00,10/11/2000 0:00:00,,441.00,"ESSFwc 4 /04","Abielas-Gymndry","Abielas-Gymndry","",,0
442.00,"05","ESSFwc 4","KAM","ESSF","wc4","wc","4","","05","","","","Bl - Rhododendron - Lady fern","","",7.00,10/11/2000 0:00:00,,442.00,"ESSFwc 4 /05","Abielas-Gymndry","Abielas-Gymndry","",,0
443.00,"06","ESSFwc 4","KAM","ESSF","wc4","wc","4","","06","","","","Bl - Horsetail - Brachythecium","","",7.00,10/11/2000 0:00:00,,443.00,"ESSFwc 4 /06","Abielas-Valesit-Strepto","Abielas-Valesit","",,0
444.00,"07","ESSFwc 4","KAM","ESSF","wc4","wc","4","","07","","","","Bl - Sedge - Sphagnum","","",7.00,10/11/2000 0:00:00,,444.00,"ESSFwc 4 /07","Abielas-Gymndry-Equiset","Abielas-Equiset","",,0
445.00,"08","ESSFwc 4","KAM","ESSF","wc4","wc","4","","08","","","","Willow - Sedge","","",7.00,10/11/2000 0:00:00,,445.00,"ESSFwc 4 /08","Abielas-Valesit-Strepto","Abielas-Valesit","",,0
446.00,"01","ESSFwk 1","KAM","ESSF","wk1","wk","1","","01","","","","Bl - Oak fern - Brachythecium","","",14.00,10/11/2000 0:00:00,,446.00,"ESSFwk 1 /01","Abielas-Rhodalb-Gymndry","Abielas-Gymndry","",,0
447.00,"02","ESSFwk 1","KAM","ESSF","wk1","wk","1","","02","","","","Bl - Huckleberry - Feathermoss","","",14.00,10/11/2000 0:00:00,,447.00,"ESSFwk 1 /02","Abielas-Vaccmem-Pleusch","Abielas-Vaccmem","",,0
448.00,"03","ESSFwk 1","KAM","ESSF","wk1","wk","1","","03","","","","Bl - Oak fern - Knight's plume","","",14.00,10/11/2000 0:00:00,,448.00,"ESSFwk 1 /03","Abielas-Rhodalb-Gymndry","Abielas-Gymndry","",,0
449.00,"04","ESSFwk 1","KAM","ESSF","wk1","wk","1","","04","","","","Bl - Twinberry - Lady fern","","",14.00,10/11/2000 0:00:00,,449.00,"ESSFwk 1 /04","Abielas-Gymndry","Abielas-Gymndry","",,0
450.00,"05","ESSFwk 1","KAM","ESSF","wk1","wk","1","","05","","","","Bl - Devil's club - Lady fern","","",14.00,10/11/2000 0:00:00,,450.00,"ESSFwk 1 /05","","Abielas-Oplohor","",,0
451.00,"06","ESSFwk 1","KAM","ESSF","wk1","wk","1","","06","","","","Bl - Horsetail - Sphagnum","","",14.00,10/11/2000 0:00:00,,451.00,"ESSFwk 1 /06","Abielas-Equiset","Abielas-Equiset","",,0
452.00,"07","ESSFwk 1","KAM","ESSF","wk1","wk","1","","07","","","","Bl - Lady fern - Horsetail","","",14.00,10/11/2000 0:00:00,,452.00,"ESSFwk 1 /07","Abielas-Gymndry-Equiset","Abielas-Equiset","",,0
453.00,"01","ESSFxc","KAM","ESSF","xc","xc","","","01","","","","Bl - Grouseberry - Valerian","","",5.00,10/11/2000 0:00:00,,453.00,"ESSFxc   /01","","","",,0
454.00,"02","ESSFxc","KAM","ESSF","xc","xc","","","02","","","","Pl - Juniper - Lupine","","",5.00,10/11/2000 0:00:00,,454.00,"ESSFxc   /02","","","",,0
455.00,"03","ESSFxc","KAM","ESSF","xc","xc","","","03","","","","Bluebunch wheatgrass - Pasqueflower","","",5.00,10/11/2000 0:00:00,,455.00,"ESSFxc   /03","","","",,0
456.00,"04","ESSFxc","KAM","ESSF","xc","xc","","","04","","","","Pinegrass - Meadowrue","","",5.00,10/11/2000 0:00:00,,456.00,"ESSFxc   /04","","","",,0
457.00,"05","ESSFxc","KAM","ESSF","xc","xc","","","05","","","","Bl - Grouseberry - Cladonia","","",5.00,10/11/2000 0:00:00,,457.00,"ESSFxc   /05","","","",,0
458.00,"06","ESSFxc","KAM","ESSF","xc","xc","","","06","","","","Bl - Rhododendron - Grouseberry","","",5.00,10/11/2000 0:00:00,,458.00,"ESSFxc   /06","","","",,0
459.00,"07","ESSFxc","KAM","ESSF","xc","xc","","","07","","","","Bl - Gooseberry - Foamflower","","",5.00,10/11/2000 0:00:00,,459.00,"ESSFxc   /07","","","",,0
460.00,"08","ESSFxc","KAM","ESSF","xc","xc","","","08","","","","Bl - Horsetail - Glow moss","","",5.00,10/11/2000 0:00:00,,460.00,"ESSFxc   /08","","","",,0
461.00,"09","ESSFxc","KAM","ESSF","xc","xc","","","09","","","","Bluejoint - Sedge","","",5.00,10/11/2000 0:00:00,,461.00,"ESSFxc   /09","","","NA",,0
462.00,"10","ESSFxc","KAM","ESSF","xc","xc","","","10","","","","Willow - Sedge","","",5.00,10/11/2000 0:00:00,,462.00,"ESSFxc   /10","","","",,0
463.00,"01","ICH dk","KAM","ICH","dk","dk","","","01","","","","CwSxw - Falsebox - Wintergreen","","",14.00,10/11/2000 0:00:00,,463.00,"ICH dk   /01","","Thujpli-Piceene-Paximyr","",,0
464.00,"02","ICH dk","KAM","ICH","dk","dk","","","02","","","","CwSxw - Soopolallie","","",14.00,10/11/2000 0:00:00,,464.00,"ICH dk   /02","","","NA",,0
465.00,"02a","ICH dk","KAM","ICH","dk","dk","","","02","a","","","CwSxw - Soopolallie, Typic","","",14.00,10/11/2000 0:00:00,,465.00,"ICH dk   /02a","","Thujpli-Piceene-Paximyr","",,0
466.00,"02b","ICH dk","KAM","ICH","dk","dk","","","02","b","","","CwSxw - Soopolallie, Shallow","","",14.00,10/11/2000 0:00:00,,466.00,"ICH dk   /02b","","Thujpli-Piceene-Paximyr","",,0
467.00,"03","ICH dk","KAM","ICH","dk","dk","","","03","","","","CwSxw - Falsebox - Soopolallie","","",14.00,10/11/2000 0:00:00,,467.00,"ICH dk   /03","Piceene-Thujpli","Piceene-Vaccmem","",,0
468.00,"04","ICH dk","KAM","ICH","dk","dk","","","04","","","","CwSxw - Falsebox - Feathermoss","","",14.00,10/11/2000 0:00:00,,468.00,"ICH dk   /04","","Thujpli-Piceene-Paximyr","",,0
469.00,"05","ICH dk","KAM","ICH","dk","dk","","","05","","","","CwSxw - Thimbleberry","","",14.00,10/11/2000 0:00:00,,469.00,"ICH dk   /05","Thujpli-Piceene-Abielas-Paximyr","Thujpli-Piceene-Rubupar","",,0
470.00,"06","ICH dk","KAM","ICH","dk","dk","","","06","","","","CwSxw - Raspberry - Oak fern","","",14.00,10/11/2000 0:00:00,,470.00,"ICH dk   /06","","Thujpli-Piceene-Gymndry","",,0
471.00,"07","ICH dk","KAM","ICH","dk","dk","","","07","","","","Sxw - Twinberry - Oak fern","","",14.00,10/11/2000 0:00:00,,471.00,"ICH dk   /07","Piceene-Gymndry","Piceene-Gymndry","",,0
472.00,"08","ICH dk","KAM","ICH","dk","dk","","","08","","","","Sxw - Devil's club - Lady fern","","",14.00,10/11/2000 0:00:00,,472.00,"ICH dk   /08","Piceene-Oplohor-Gymndry","Piceene-Gymndry","",,0
473.00,"09","ICH dk","KAM","ICH","dk","dk","","","09","","","","Sxw - Horsetail","","",14.00,10/11/2000 0:00:00,,473.00,"ICH dk   /09","Piceene-Cornsto-Equiset","Piceene-Equiset","",,0
474.00,"01","ICH mk 1","KAM","ICH","mk1","mk","1","","01","","","","CwSxw - Falsebox","","",5.00,10/11/2000 0:00:00,,474.00,"ICH mk 1 /01","","Thujpli-Piceene-Paximyr","npe",,0
475.00,"02","ICH mk 1","KAM","ICH","mk1","mk","1","","02","","","","Fd - Juniper - Penstemon","","",5.00,10/11/2000 0:00:00,,475.00,"ICH mk 1 /02","Pseumen-Paximyr-Calarub","Pseumen-Calarub","",,0
476.00,"03","ICH mk 1","KAM","ICH","mk1","mk","1","","03","","","","FdPl - Pinegrass - Twinflower","","",5.00,10/11/2000 0:00:00,,476.00,"ICH mk 1 /03","","Pseumen-Abielas-Paximyr","",,0
477.00,"04","ICH mk 1","KAM","ICH","mk1","mk","1","","04","","","","FdPl - Sitka alder - Pinegrass","","",5.00,10/11/2000 0:00:00,,477.00,"ICH mk 1 /04","Piceene-Paximyr-Vaccmem-Orthsec","Piceene-Vaccmem-Orthsec-Pleusch","",,0
478.00,"05","ICH mk 1","KAM","ICH","mk1","mk","1","","05","","","","SxwFd - Gooseberry - Sarsaparilla","","",5.00,10/11/2000 0:00:00,,478.00,"ICH mk 1 /05","Pseumen-Paximyr-Calarub","Pseumen-Calarub","",,0
479.00,"06","ICH mk 1","KAM","ICH","mk1","mk","1","","06","","","","Sxw - Oak fern","","",5.00,10/11/2000 0:00:00,,479.00,"ICH mk 1 /06","","Tsughet-Thujpli-Hylospl","",,0
480.00,"07","ICH mk 1","KAM","ICH","mk1","mk","1","","07","","","","Sxw - Horsetail","","",5.00,10/11/2000 0:00:00,,480.00,"ICH mk 1 /07","Thujpli-Piceene-Abielas-Paximyr","Thujpli-Piceene-Rubupar","npe",,0
481.00,"08","ICH mk 1","KAM","ICH","mk1","mk","1","","08","","","","Sedge - Cinquefoil","","",5.00,10/11/2000 0:00:00,,481.00,"ICH mk 1 /08","Piceene-Gymndry","Piceene-Gymndry","",,0
482.00,"01","ICH mk 2","KAM","ICH","mk2","mk","2","","01","","","","CwSxw - Falsebox - Knight's plume","","",5.00,10/11/2000 0:00:00,,482.00,"ICH mk 2 /01","","Thujpli-Piceene-Paximyr","",,0
483.00,"02","ICH mk 2","KAM","ICH","mk2","mk","2","","02","","","","Fd - Juniper - Pinegrass","","",5.00,10/11/2000 0:00:00,,483.00,"ICH mk 2 /02","","","",,0
484.00,"03","ICH mk 2","KAM","ICH","mk2","mk","2","","03","","","","Fd - Falsebox - Pinegrass","","",5.00,10/11/2000 0:00:00,,484.00,"ICH mk 2 /03","Pseumen-Paximyr-Calarub","Pseumen-Calarub","",,0
485.00,"04","ICH mk 2","KAM","ICH","mk2","mk","2","","04","","","","CwSxw - Douglas maple - Fairybells","","",5.00,10/11/2000 0:00:00,,485.00,"ICH mk 2 /04","","Pseumen-Abielas-Paximyr","",,0
486.00,"05","ICH mk 2","KAM","ICH","mk2","mk","2","","05","","","","CwSxw - Oak fern - Bunchberry","","",5.00,10/11/2000 0:00:00,,486.00,"ICH mk 2 /05","","Thujpli-Piceene-Gymndry","",,0
487.00,"06","ICH mk 2","KAM","ICH","mk2","mk","2","","06","","","","Sxw - Horsetail","","",5.00,10/11/2000 0:00:00,,487.00,"ICH mk 2 /06","","Thujpli-Piceene-Oplohor","",,0
488.00,"01","ICH mk 3","KAM","ICH","mk3","mk","3","","01","","","","CwSxw - Falsebox - Knight's plume","","",14.00,10/11/2000 0:00:00,,488.00,"ICH mk 3 /01","","Thujpli-Piceene-Paximyr","",,0
489.00,"02","ICH mk 3","KAM","ICH","mk3","mk","3","","02","","","","FdCw - Wavy-leaved moss","","",14.00,10/11/2000 0:00:00,,489.00,"ICH mk 3 /02","Pseumen-Thujpli-Paximyr","Pseumen-Thujpli-Paximyr","",,0
490.00,"03","ICH mk 3","KAM","ICH","mk3","mk","3","","03","","","","CwSxw - Soopolallie","","",14.00,10/11/2000 0:00:00,,490.00,"ICH mk 3 /03","","Thujpli-Piceene-Paximyr","",,0
491.00,"04","ICH mk 3","KAM","ICH","mk3","mk","3","","04","","","","CwSxw - Oak fern - Cat's-tail moss","","",14.00,10/11/2000 0:00:00,,491.00,"ICH mk 3 /04","","Thujpli-Piceene-Gymndry","",,0
492.00,"05","ICH mk 3","KAM","ICH","mk3","mk","3","","05","","","","SxwCw - Oak fern","","",14.00,10/11/2000 0:00:00,,492.00,"ICH mk 3 /05","Piceene-Gymndry","Piceene-Gymndry","",,0
493.00,"06","ICH mk 3","KAM","ICH","mk3","mk","3","","06","","","","CwHw - Devil's club - Lady fern","","",14.00,10/11/2000 0:00:00,,493.00,"ICH mk 3 /06","","Thujpli-Piceene-Oplohor","",,0
494.00,"07","ICH mk 3","KAM","ICH","mk3","mk","3","","07","","","","CwSxw - Devil's club - Horsetail","","",14.00,10/11/2000 0:00:00,,494.00,"ICH mk 3 /07","","Thujpli-Piceene-Oplohor","",,0
495.00,"01","ICH mm","KAM","ICH","mm","mm","","","01","","","","HwCw - Spruce - Step moss","","",13.00,10/11/2000 0:00:00,,495.00,"ICH mm   /01","","Tsughet-Thujpli-Hylospl","missing",,0
496.00,"02","ICH mm","KAM","ICH","mm","mm","","","02","","","","CwSxw - Soopolallie","","",13.00,10/11/2000 0:00:00,,496.00,"ICH mm   /02","","Thujpli-Piceene-Paximyr","missing",,0
497.00,"03","ICH mm","KAM","ICH","mm","mm","","","03","","","","HwCw - Step moss","","",13.00,10/11/2000 0:00:00,,497.00,"ICH mm   /03","","Tsughet-Thujpli-Hylospl","missing",,0
498.00,"04","ICH mm","KAM","ICH","mm","mm","","","04","","","","CwHw - Oak fern","","",13.00,10/11/2000 0:00:00,,498.00,"ICH mm   /04","","Thujpli-Tsughet-Gymndry","missing",,0
499.00,"05","ICH mm","KAM","ICH","mm","mm","","","05","","","","CwHw - Devil's club - Oak fern","","",13.00,10/11/2000 0:00:00,,499.00,"ICH mm   /05","Tsughet-Thujpli-Oplohor","Thujpli-Tsughet-Oplohor","missing",,0
500.00,"06","ICH mm","KAM","ICH","mm","mm","","","06","","","","CwSxw - Devil's club - Horsetail","","",13.00,10/11/2000 0:00:00,,500.00,"ICH mm   /06","","Thujpli-Piceene-Oplohor","missing",,0
501.00,"07","ICH mm","KAM","ICH","mm","mm","","","07","","","","SbPl - Bog-laurel - Sphagnum","","",13.00,10/11/2000 0:00:00,,501.00,"ICH mm   /07","","","missing",,0
502.00,"08","ICH mm","KAM","ICH","mm","mm","","","08","","","","CwSxw - Skunk cabbage - Sphagnum","","",13.00,10/11/2000 0:00:00,,502.00,"ICH mm   /08","","","missing",,0
503.00,"01","ICH mw 2","KAM","ICH","mw2","mw","2","","01","","","","HwCw - Falsebox - Feathermoss","","",5.00,10/11/2000 0:00:00,,503.00,"ICH mw 2 /01","","Tsughet-Thujpli-Hylospl","",,0
504.00,"02","ICH mw 2","KAM","ICH","mw2","mw","2","","02","","","","FdCw - Falsebox - Prince's pine","","",5.00,10/11/2000 0:00:00,,504.00,"ICH mw 2 /02","Pseumen-Paximyr-Calarub","Pseumen-Calarub","",,0
505.00,"03","ICH mw 2","KAM","ICH","mw2","mw","2","","03","","","","CwFd - Falsebox","","",5.00,10/11/2000 0:00:00,,505.00,"ICH mw 2 /03","Pseumen-Thujpli-Paximyr","Pseumen-Thujpli-Paximyr","",,0
506.00,"04","ICH mw 2","KAM","ICH","mw2","mw","2","","04","","","","CwHw - Oak fern - Foamflower","","",5.00,10/11/2000 0:00:00,,506.00,"ICH mw 2 /04","","Thujpli-Tsughet-Gymndry","",,0
507.00,"05","ICH mw 2","KAM","ICH","mw2","mw","2","","05","","","","CwHw - Devil's club - Sarsaparilla","","",5.00,10/11/2000 0:00:00,,507.00,"ICH mw 2 /05","","Thujpli-Tsughet-Gymndry","",,0
508.00,"06","ICH mw 2","KAM","ICH","mw2","mw","2","","06","","","","CwHw - Horsetail","","",5.00,10/11/2000 0:00:00,,508.00,"ICH mw 2 /06","Tsughet-Thujpli-Oplohor","Thujpli-Tsughet-Oplohor","npe",,0
509.00,"07","ICH mw 2","KAM","ICH","mw2","mw","2","","07","","","","CwSxw - Skunk cabbage","","",5.00,10/11/2000 0:00:00,,509.00,"ICH mw 2 /07","","Popubal-Oplohor","npe",,0
510.00,"08","ICH mw 2","KAM","ICH","mw2","mw","2","","08","","","","Bluejoint - Glow moss","","",5.00,10/11/2000 0:00:00,,510.00,"ICH mw 2 /08","","Popubal-Thujpli-Rubupar","",,0
511.00,"01","ICH mw 3","KAM","ICH","mw3","mw","3","","01","","","","HwCw - Falsebox - Feathermoss","","",5.00,10/11/2000 0:00:00,,511.00,"ICH mw 3 /01","","Tsughet-Thujpli-Hylospl","",,0
512.00,"02","ICH mw 3","KAM","ICH","mw3","mw","3","","02","","","","Fd - Juniper - Cladina","","",5.00,10/11/2000 0:00:00,,512.00,"ICH mw 3 /02","","Pseumen-Junicom","",,0
513.00,"03","ICH mw 3","KAM","ICH","mw3","mw","3","","03","","","","Fd - Pinegrass - Feathermoss","","",5.00,10/11/2000 0:00:00,,513.00,"ICH mw 3 /03","","","",,0
514.00,"04","ICH mw 3","KAM","ICH","mw3","mw","3","","04","","","","CwFd - Soopolallie - Twinflower","","",5.00,10/11/2000 0:00:00,,514.00,"ICH mw 3 /04","Pseumen-Paximyr-Calarub","Pseumen-Calarub","",,0
515.00,"05","ICH mw 3","KAM","ICH","mw3","mw","3","","05","","","","CwFd - Falsebox","","",5.00,10/11/2000 0:00:00,,515.00,"ICH mw 3 /05","Pseumen-Thujpli-Paximyr","Pseumen-Thujpli-Paximyr","",,0
516.00,"06","ICH mw 3","KAM","ICH","mw3","mw","3","","06","","","","CwHw - Oak fern","","",5.00,10/11/2000 0:00:00,,516.00,"ICH mw 3 /06","","Thujpli-Tsughet-Gymndry","npe",,0
517.00,"07","ICH mw 3","KAM","ICH","mw3","mw","3","","07","","","","CwHw - Devil's club - Lady fern","","",5.00,10/11/2000 0:00:00,,517.00,"ICH mw 3 /07","","Thujpli-Tsughet-Equiset","",,0
518.00,"08","ICH mw 3","KAM","ICH","mw3","mw","3","","08","","","","CwSxw - Skunk cabbage","","",5.00,10/11/2000 0:00:00,,518.00,"ICH mw 3 /08","Tsughet-Thujpli-Oplohor","Thujpli-Tsughet-Oplohor","",,0
519.00,"09","ICH mw 3","KAM","ICH","mw3","mw","3","","09","","","","Sedge - Sphagnum","","",5.00,10/11/2000 0:00:00,,519.00,"ICH mw 3 /09","","Popubal-Alnuinc-Equiset","",,0
520.00,"01","ICH vk 1","KAM","ICH","vk1","vk","1","","01","","","","CwHw - Devil's club - Lady fern","","",5.00,10/11/2000 0:00:00,,520.00,"ICH vk 1 /01","Tsughet-Thujpli-Oplohor","Thujpli-Tsughet-Oplohor","",,0
521.00,"02","ICH vk 1","KAM","ICH","vk1","vk","1","","02","","","","HwCw - Falsebox - Feathermoss","","",5.00,10/11/2000 0:00:00,,521.00,"ICH vk 1 /02","","Tsughet-Thujpli-Hylospl","",,0
522.00,"03","ICH vk 1","KAM","ICH","vk1","vk","1","","03","","","","CwHw - Oak fern - Foamflower","","",5.00,10/11/2000 0:00:00,,522.00,"ICH vk 1 /03","","Tsughet-Thujpli-Hylospl","",,0
523.00,"04","ICH vk 1","KAM","ICH","vk1","vk","1","","04","","","","CwHw - Oak fern - Spiny wood fern","","",5.00,10/11/2000 0:00:00,,523.00,"ICH vk 1 /04","","Thujpli-Tsughet-Gymndry","",,0
524.00,"05","ICH vk 1","KAM","ICH","vk1","vk","1","","05","","","","CwSxw - Devil's club - Horsetail","","",5.00,10/11/2000 0:00:00,,524.00,"ICH vk 1 /05","","Thujpli-Tsughet-Gymndry","",,0
525.00,"06","ICH vk 1","KAM","ICH","vk1","vk","1","","06","","","","CwSxw - Skunk cabbage","","",5.00,10/11/2000 0:00:00,,525.00,"ICH vk 1 /06","Piceene-Gymndry","Piceene-Gymndry","",,0
526.00,"01","ICH wk 1","KAM","ICH","wk1","wk","1","","01","","","","CwHw - Oak fern","","",5.00,10/11/2000 0:00:00,,526.00,"ICH wk 1 /01","","Thujpli-Tsughet-Gymndry","",,0
527.00,"02","ICH wk 1","KAM","ICH","wk1","wk","1","","02","","","","PlHw - Velvet-leaved blueberry","","",5.00,10/11/2000 0:00:00,,527.00,"ICH wk 1 /02","","Tsughet-Thujpli-Hylospl","",,0
528.00,"03","ICH wk 1","KAM","ICH","wk1","wk","1","","03","","","","HwCw - Step moss","","",5.00,10/11/2000 0:00:00,,528.00,"ICH wk 1 /03","","Tsughet-Thujpli-Hylospl","",,0
529.00,"04","ICH wk 1","KAM","ICH","wk1","wk","1","","04","","","","HwCw - Falsebox - Feathermoss","","",5.00,10/11/2000 0:00:00,,529.00,"ICH wk 1 /04","","Thujpli-Tsughet-Gymndry","",,0
530.00,"05","ICH wk 1","KAM","ICH","wk1","wk","1","","05","","","","CwHw - Devil's club - Lady fern","","",5.00,10/11/2000 0:00:00,,530.00,"ICH wk 1 /05","Tsughet-Thujpli-Oplohor","Thujpli-Tsughet-Oplohor","",,0
531.00,"06","ICH wk 1","KAM","ICH","wk1","wk","1","","06","","","","CwSxw - Devil's club - Horsetail","","",5.00,10/11/2000 0:00:00,,531.00,"ICH wk 1 /06","Piceene-Gymndry","Piceene-Gymndry","",,0
532.00,"07","ICH wk 1","KAM","ICH","wk1","wk","1","","07","","","","CwSxw - Skunk cabbage","","",5.00,10/11/2000 0:00:00,,532.00,"ICH wk 1 /07","Piceene-Oplohor-Gymndry","Piceene-Gymndry","",,0
533.00,"08","ICH wk 1","KAM","ICH","wk1","wk","1","","08","","","","Sedge - Sphagnum","","",5.00,10/11/2000 0:00:00,,533.00,"ICH wk 1 /08","","Popubal-Alnuinc-Equiset","",,0
534.00,"01","IDF dk 1","KAM","IDF","dk1","dk","1","","01","","","","FdPl - Pinegrass - Feathermoss","","",5.00,10/11/2000 0:00:00,,534.00,"IDF dk 1 /01","Pseumen-Calarub-Pleusch","Pseumen-Calarub","",,0
535.00,"02","IDF dk 1","KAM","IDF","dk1","dk","1","","02","","","","Fd - Snowberry - Bluebunch wheatgrass","","",5.00,10/11/2000 0:00:00,,535.00,"IDF dk 1 /02","","Pseumen-Junicom","",,0
536.00,"03","IDF dk 1","KAM","IDF","dk1","dk","1","","03","","","","Fd - Juniper - Pinegrass","","",5.00,10/11/2000 0:00:00,,536.00,"IDF dk 1 /03","Pseumen-Pinupon-Pseuspi-Calarub","Pseumen-Pinupon-Pseuspi","",,0
537.00,"04","IDF dk 1","KAM","IDF","dk1","dk","1","","04","","","","Fd - Pinegrass - Yarrow","","",5.00,10/11/2000 0:00:00,,537.00,"IDF dk 1 /04","Pseumen-Calarub","Pseumen-Calarub","",,0
538.00,"05","IDF dk 1","KAM","IDF","dk1","dk","1","","05","","","","SxwFd - Gooseberry - Feathermoss","","",5.00,10/11/2000 0:00:00,,538.00,"IDF dk 1 /05","Pseumen-Calarub-Pleusch","Pseumen-Calarub","",,0
539.00,"06","IDF dk 1","KAM","IDF","dk1","dk","1","","06","","","","Sxw - Horsetail","","",5.00,10/11/2000 0:00:00,,539.00,"IDF dk 1 /06","Piceene-Pseumen-Ribelac","Piceene-Pseumen-Ribelac","",,0
540.00,"07","IDF dk 1","KAM","IDF","dk1","dk","1","","07","","","","Willow - Sedge","","",5.00,10/11/2000 0:00:00,,540.00,"IDF dk 1 /07","","Popubal-Alnuinc-Equiset","npe",,0
541.00,"91","IDF dk 1a","KAM","IDF","dk1a","dk","1","a","91","","","","Fescue - Bluebunch wheatgrass","","",5.00,10/11/2000 0:00:00,,541.00,"IDF dk 1a/91","","","missing",,0
542.00,"92","IDF dk 1a","KAM","IDF","dk1a","dk","1","a","92","","","","Bluebunch wheatgrass - Junegrass","","",5.00,10/11/2000 0:00:00,,542.00,"IDF dk 1a/92","","","missing",,0
543.00,"93","IDF dk 1a","KAM","IDF","dk1a","dk","1","a","93","","","","Spreading needlegrass","","",5.00,10/11/2000 0:00:00,,543.00,"IDF dk 1a/93","","","missing",,0
544.00,"94","IDF dk 1a","KAM","IDF","dk1a","dk","1","a","94","","","","At - Snowberry - Kentucky bluegrass","","",5.00,10/11/2000 0:00:00,,544.00,"IDF dk 1a/94","","","missing",,0
545.00,"91","IDF dk 1b","KAM","IDF","dk1b","dk","1","b","91","","","","Fescue - Bluebunch wheatgrass","","",,10/11/2000 0:00:00,"37996",545.00,"IDF dk 1b/91","","","",,0
546.00,"92","IDF dk 1b","KAM","IDF","dk1b","dk","1","b","92","","","","Bluebunch wheatgrass - Junegrass","","",,10/11/2000 0:00:00,"37996",546.00,"IDF dk 1b/92","","","",,0
547.00,"93","IDF dk 1b","KAM","IDF","dk1b","dk","1","b","93","","","","Spreading needlegrass","","",,10/11/2000 0:00:00,"37996",547.00,"IDF dk 1b/93","","","",,0
548.00,"94","IDF dk 1b","KAM","IDF","dk1b","dk","1","b","94","","","","At - Snowberry - Kentucky bluegrass","","",,10/11/2000 0:00:00,"37996",548.00,"IDF dk 1b/94","","","",,0
549.00,"01","IDF dk 2","KAM","IDF","dk2","dk","2","","01","","","","FdPl - Pinegrass - Feathermoss","","",5.00,10/11/2000 0:00:00,,549.00,"IDF dk 2 /01","Pseumen-Calarub-Pleusch","Pseumen-Calarub","",,0
550.00,"02","IDF dk 2","KAM","IDF","dk2","dk","2","","02","","","","FdPy - Bluebunch wheatgrass - Pinegrass","","",5.00,10/11/2000 0:00:00,,550.00,"IDF dk 2 /02","Pseumen-Pinupon-Pseuspi-Calarub","Pseumen-Pinupon-Pseuspi","",,0
551.00,"03","IDF dk 2","KAM","IDF","dk2","dk","2","","03","","","","FdPy - Pinegrass","","",5.00,10/11/2000 0:00:00,,551.00,"IDF dk 2 /03","Pseumen-Paximyr-Calarub","Pseumen-Calarub","",,0
552.00,"04","IDF dk 2","KAM","IDF","dk2","dk","2","","04","","","","Fd - Feathermoss","","",5.00,10/11/2000 0:00:00,,552.00,"IDF dk 2 /04","Pinucon-Vaccsco-Calarub","Pinucon-Calarub-Vaccsco","npe",,0
553.00,"05","IDF dk 2","KAM","IDF","dk2","dk","2","","05","","","","SxwFd - Dogwood - Gooseberry","","",5.00,10/11/2000 0:00:00,,553.00,"IDF dk 2 /05","Pseumen-Calarub-Pleusch","Pseumen-Calarub","",,0
554.00,"06","IDF dk 2","KAM","IDF","dk2","dk","2","","06","","","","Sxw - Horsetail","","",5.00,10/11/2000 0:00:00,,554.00,"IDF dk 2 /06","Piceene-Pseumen-Ribelac","Piceene-Pseumen-Ribelac","",,0
555.00,"07","IDF dk 2","KAM","IDF","dk2","dk","2","","07","","","","CwSxw - Twinberry - Soft-leaved sedge","","",5.00,10/11/2000 0:00:00,,555.00,"IDF dk 2 /07","Piceene-Pseumen-Ribelac","Piceene-Pseumen-Ribelac","npe",,0
556.00,"08","IDF dk 2","KAM","IDF","dk2","dk","2","","08","","","","Willow - Sedge","","",5.00,10/11/2000 0:00:00,,556.00,"IDF dk 2 /08","Piceene-Equiset-Aulapal","Piceene-Equiset","npe",,0
557.00,"01","IDF dk 3","KAM","IDF","dk3","dk","3","","01","","","","FdPl - Pinegrass - Feathermoss","","",14.00,10/11/2000 0:00:00,,557.00,"IDF dk 3 /01","Pseumen-Calarub-Pleusch","Pseumen-Calarub","",,0
558.00,"02","IDF dk 3","KAM","IDF","dk3","dk","3","","02","","","","Fd - Juniper - Kinnikinnick","","",14.00,10/11/2000 0:00:00,,558.00,"IDF dk 3 /02","Pseumen-Juniper-Pseuspi","Pseumen-Pseuspi","",,0
559.00,"03","IDF dk 3","KAM","IDF","dk3","dk","3","","03","","","","Fd - Juniper - Peltigera","","",14.00,10/11/2000 0:00:00,,559.00,"IDF dk 3 /03","Pseumen-Juniper-Pseuspi","Pseumen-Pseuspi","",,0
560.00,"04","IDF dk 3","KAM","IDF","dk3","dk","3","","04","","","","Fd - Bluebunch wheatgrass - Needlegrass","","",14.00,10/11/2000 0:00:00,,560.00,"IDF dk 3 /04","Pseumen-Pseuspi","Pseumen-Pseuspi","",,0
561.00,"05","IDF dk 3","KAM","IDF","dk3","dk","3","","05","","","","Fd - Feathermoss - Step moss","","",14.00,10/11/2000 0:00:00,,561.00,"IDF dk 3 /05","","Pseumen-Pleusch","",,0
562.00,"06","IDF dk 3","KAM","IDF","dk3","dk","3","","06","","","","Fd - Pinegrass - Aster","","",14.00,10/11/2000 0:00:00,,562.00,"IDF dk 3 /06","Pseumen-Calarub-Pleusch","Pseumen-Calarub","",,0
563.00,"07","IDF dk 3","KAM","IDF","dk3","dk","3","","07","","","","SxwFd - Prickly rose - Sedge","","",14.00,10/11/2000 0:00:00,,563.00,"IDF dk 3 /07","","Piceene-Pseumen-Rosaaci","",,0
564.00,"08","IDF dk 3","KAM","IDF","dk3","dk","3","","08","","","","SxwFd - Prickly rose - Sarsaparilla","","",14.00,10/11/2000 0:00:00,,564.00,"IDF dk 3 /08","","Piceene-Pseumen-Rosaaci","",,0
565.00,"09","IDF dk 3","KAM","IDF","dk3","dk","3","","09","","","","Sxw - Horsetail - Glow moss","","",14.00,10/11/2000 0:00:00,,565.00,"IDF dk 3 /09","Piceene-Equiset-Aulapal","Piceene-Equiset","",,0
566.00,"01","IDF dm 1","KAM","IDF","dm1","dm","1","","01","","","","FdPl - Pinegrass - Twinflower","","",5.00,10/11/2000 0:00:00,,566.00,"IDF dm 1 /01","Pseumen-Calarub-Pleusch","Pseumen-Calarub","",,0
567.00,"02","IDF dm 1","KAM","IDF","dm1","dm","1","","02","","","","Bluebunch wheatgrass - Junegrass","","",5.00,10/11/2000 0:00:00,,567.00,"IDF dm 1 /02","Pseumen-Pinupon-Pseuspi-Calarub","Pseumen-Pinupon-Pseuspi","",,0
568.00,"03","IDF dm 1","KAM","IDF","dm1","dm","1","","03","","","","FdPy - Bluebunch wheatgrass - Pinegrass","","",5.00,10/11/2000 0:00:00,,568.00,"IDF dm 1 /03","Pseumen-Calarub","Pseumen-Calarub","",,0
569.00,"04","IDF dm 1","KAM","IDF","dm1","dm","1","","04","","","","Fd - Pinegrass - Kinnikinnick","","",5.00,10/11/2000 0:00:00,,569.00,"IDF dm 1 /04","Pseumen-Calarub","Pseumen-Calarub","",,0
570.00,"05","IDF dm 1","KAM","IDF","dm1","dm","1","","05","","","","FdLw - Spruce - Pinegrass","","",5.00,10/11/2000 0:00:00,,570.00,"IDF dm 1 /05","Piceene-Pseumen-Ribelac","Piceene-Pseumen-Ribelac","",,0
571.00,"06","IDF dm 1","KAM","IDF","dm1","dm","1","","06","","","","SxwFd - Dogwood - Gooseberry","","",5.00,10/11/2000 0:00:00,,571.00,"IDF dm 1 /06","Piceene-Pseumen-Ribelac","Piceene-Pseumen-Ribelac","",,0
572.00,"07","IDF dm 1","KAM","IDF","dm1","dm","1","","07","","","","Sxw - Horsetail","","",5.00,10/11/2000 0:00:00,,572.00,"IDF dm 1 /07","Piceene-Gymndry","Piceene-Gymndry","npe",,0
573.00,"01","IDF mw 1","KAM","IDF","mw1","mw","1","","01","","","","FdCw - Falsebox - Prince's pine","","",5.00,10/11/2000 0:00:00,,573.00,"IDF mw 1 /01","Pseumen-Thujpli-Paximyr","Pseumen-Thujpli-Paximyr","",,0
574.00,"02","IDF mw 1","KAM","IDF","mw1","mw","1","","02","","","","FdPy - Snowberry - Bluebunch wheatgrass","","",5.00,10/11/2000 0:00:00,,574.00,"IDF mw 1 /02","Pseumen-Pinupon-Pseuspi-Calarub","Pseumen-Pinupon-Pseuspi","npe",,0
575.00,"03","IDF mw 1","KAM","IDF","mw1","mw","1","","03","","","","Fd - Penstemon - Pinegrass","","",5.00,10/11/2000 0:00:00,,575.00,"IDF mw 1 /03","Pseumen-Paximyr-Calarub","Pseumen-Calarub","",,0
576.00,"04","IDF mw 1","KAM","IDF","mw1","mw","1","","04","","","","Fd - Pinegrass - Feathermoss","","",5.00,10/11/2000 0:00:00,,576.00,"IDF mw 1 /04","Pseumen-Acergla-Sympalb","Pseumen-Acergla-Sympalb","",,0
577.00,"05","IDF mw 1","KAM","IDF","mw1","mw","1","","05","","","","CwFd - Dogwood","","",5.00,10/11/2000 0:00:00,,577.00,"IDF mw 1 /05","Pseumen-Paximyr-Calarub","Pseumen-Calarub","npe",,0
578.00,"06","IDF mw 1","KAM","IDF","mw1","mw","1","","06","","","","Cw - Devil's club - Foamflower","","",5.00,10/11/2000 0:00:00,,578.00,"IDF mw 1 /06","","Thujpli-Pseumen-Paximyr","npe",,0
579.00,"01","IDF mw 2","KAM","IDF","mw2","mw","2","","01","","","","FdCw - Falsebox - Prince's pine","","",5.00,10/11/2000 0:00:00,,579.00,"IDF mw 2 /01","Pseumen-Thujpli-Paximyr","Pseumen-Thujpli-Paximyr","",,0
580.00,"02","IDF mw 2","KAM","IDF","mw2","mw","2","","02","","","","Fd - Snowberry - Bluebunch wheatgrass","","",5.00,10/11/2000 0:00:00,,580.00,"IDF mw 2 /02","Pseumen-Pseuspi","Pseumen-Pseuspi","",,0
581.00,"03","IDF mw 2","KAM","IDF","mw2","mw","2","","03","","","","Fd - Pinegrass - Feathermoss","","",5.00,10/11/2000 0:00:00,,581.00,"IDF mw 2 /03","Pseumen-Paximyr-Calarub","Pseumen-Calarub","",,0
582.00,"04","IDF mw 2","KAM","IDF","mw2","mw","2","","04","","","","CwSxw - Oak fern","","",5.00,10/11/2000 0:00:00,,582.00,"IDF mw 2 /04","Pseumen-Thujpli-Paximyr","Pseumen-Thujpli-Paximyr","",,0
583.00,"05","IDF mw 2","KAM","IDF","mw2","mw","2","","05","","","","Dogwood - Sedge","","",5.00,10/11/2000 0:00:00,,583.00,"IDF mw 2 /05","Thujpli-Piceene-Paximyr","Thujpli-Piceene-Rubupar","",,0
584.00,"01","IDF ww","KAM","IDF","ww","ww","","","01","","","","FdCw - Hazelnut","","",11.00,10/11/2000 0:00:00,,584.00,"IDF ww   /01","","","",,0
585.00,"02","IDF ww","KAM","IDF","ww","ww","","","02","","","","FdPl - Peltigera","","",11.00,10/11/2000 0:00:00,,585.00,"IDF ww   /02","","","",,0
586.00,"03","IDF ww","KAM","IDF","ww","ww","","","03","","","","Fd - Falsebox - Feathermoss","","",11.00,10/11/2000 0:00:00,,586.00,"IDF ww   /03","","","",,0
587.00,"04","IDF ww","KAM","IDF","ww","ww","","","04","","","","Fd - Douglas maple - Fairybells","","",11.00,10/11/2000 0:00:00,,587.00,"IDF ww   /04","","","",,0
588.00,"05","IDF ww","KAM","IDF","ww","ww","","","05","","","","CwFd - Vine maple","","",11.00,10/11/2000 0:00:00,,588.00,"IDF ww   /05","","","",,0
589.00,"06","IDF ww","KAM","IDF","ww","ww","","","06","","","","Cw - Devil's club - Lady fern","","",11.00,10/11/2000 0:00:00,,589.00,"IDF ww   /06","","","",,0
590.00,"07","IDF ww","KAM","IDF","ww","ww","","","07","","","","CwSx - Skunk cabbage","","",11.00,10/11/2000 0:00:00,,590.00,"IDF ww   /07","","","",,0
591.00,"01","IDF xh 1","KAM","IDF","xh1","xh","1","","01","","","","FdPy - Pinegrass","","",5.00,10/11/2000 0:00:00,,591.00,"IDF xh 1 /01","Pseumen-Pinupon-Calarub","Pseumen-Pinupon-Calarub","",,0
592.00,"02","IDF xh 1","KAM","IDF","xh1","xh","1","","02","","","","FdPy - Bluebunch wheatgrass - Balsamroot","","",5.00,10/11/2000 0:00:00,,592.00,"IDF xh 1 /02","Pseumen-Pinupon-Pseuspi-Calarub","Pseumen-Pinupon-Pseuspi","npe",,0
593.00,"03","IDF xh 1","KAM","IDF","xh1","xh","1","","03","","","","FdPy - Bluebunch wheatgrass - Pinegrass","","",5.00,10/11/2000 0:00:00,,593.00,"IDF xh 1 /03","Pseumen-Pinupon-Pseuspi","Pseumen-Pinupon-Pseuspi","",,0
594.00,"04","IDF xh 1","KAM","IDF","xh1","xh","1","","04","","","","FdPy - Snowbrush - Pinegrass","","",5.00,10/11/2000 0:00:00,,594.00,"IDF xh 1 /04","Pseumen-Pinupon-Pseuspi","Pseumen-Pinupon-Pseuspi","",,0
595.00,"05","IDF xh 1","KAM","IDF","xh1","xh","1","","05","","","","FdPy - Pinegrass - Idaho fescue","","",5.00,10/11/2000 0:00:00,,595.00,"IDF xh 1 /05","Pseumen-Pinupon-Pseuspi-Calarub","Pseumen-Pinupon-Pseuspi","",,0
596.00,"06","IDF xh 1","KAM","IDF","xh1","xh","1","","06","","","","FdPy - Spirea - Feathermoss","","",5.00,10/11/2000 0:00:00,,596.00,"IDF xh 1 /06","","Pseumen-Pleusch","",,0
597.00,"07","IDF xh 1","KAM","IDF","xh1","xh","1","","07","","","","FdPy - Snowberry - Spirea","","",5.00,10/11/2000 0:00:00,,597.00,"IDF xh 1 /07","Pseumen-Pinupon-Sympalb","Pseumen-Pinupon-Calarub","",,0
598.00,"08","IDF xh 1","KAM","IDF","xh1","xh","1","","08","","","","SxwFd - Douglas maple - Dogwood","","",5.00,10/11/2000 0:00:00,,598.00,"IDF xh 1 /08","","","npe",,0
599.00,"09","IDF xh 1","KAM","IDF","xh1","xh","1","","09","","","","Willow - Sedge","","",5.00,10/11/2000 0:00:00,,599.00,"IDF xh 1 /09","","Thujpli-Pseumen-Paximyr","npe",,0
600.00,"91","IDF xh 1a","KAM","IDF","xh1a","xh","1","a","91","","","","Idaho fescue - Bluebunch wheatgrass","","",5.00,10/11/2000 0:00:00,,600.00,"IDF xh 1a/91","","","",,0
601.00,"92","IDF xh 1a","KAM","IDF","xh1a","xh","1","a","92","","","","Big sage - Bluebunch wheatgrass - Balsamroot","","",5.00,10/11/2000 0:00:00,,601.00,"IDF xh 1a/92","","","",,0
602.00,"93","IDF xh 1a","KAM","IDF","xh1a","xh","1","a","93","","","","Bluebunch wheatgrass - Balsamroot","","",5.00,10/11/2000 0:00:00,,602.00,"IDF xh 1a/93","","","",,0
603.00,"94","IDF xh 1a","KAM","IDF","xh1a","xh","1","a","94","","","","Big sage - Bluebunch wheatgrass - Idaho fescue","","",5.00,10/11/2000 0:00:00,,603.00,"IDF xh 1a/94","","","",,0
604.00,"95","IDF xh 1a","KAM","IDF","xh1a","xh","1","a","95","","","","Big sage - Kentucky bluegrass","","",5.00,10/11/2000 0:00:00,,604.00,"IDF xh 1a/95","","","",,0
605.00,"96","IDF xh 1a","KAM","IDF","xh1a","xh","1","a","96","","","","Kentucky bluegrass - Stiff needlegrass","","",5.00,10/11/2000 0:00:00,,605.00,"IDF xh 1a/96","","","",,0
606.00,"97","IDF xh 1a","KAM","IDF","xh1a","xh","1","a","97","","","","Prairie rose - Idaho fescue","","",5.00,10/11/2000 0:00:00,,606.00,"IDF xh 1a/97","","","",,0
607.00,"98","IDF xh 1a","KAM","IDF","xh1a","xh","1","a","98","","","","At - Snowberry - Kentucky bluegrass","","",5.00,10/11/2000 0:00:00,,607.00,"IDF xh 1a/98","","","",,0
608.00,"91","IDF xh 1b","KAM","IDF","xh1b","xh","1","b","91","","","","Fescue - Bluebunch wheatgrass","","",,10/11/2000 0:00:00,"37996",608.00,"IDF xh 1b/91","","","",,0
609.00,"92","IDF xh 1b","KAM","IDF","xh1b","xh","1","b","92","","","","Big sage - Bluebunch wheatgrass - Balsamroot","","",,10/11/2000 0:00:00,"37996",609.00,"IDF xh 1b/92","","","",,0
610.00,"93","IDF xh 1b","KAM","IDF","xh1b","xh","1","b","93","","","","Bluebunch wheatgrass - Balsamroot","","",,10/11/2000 0:00:00,"37996",610.00,"IDF xh 1b/93","","","",,0
611.00,"94","IDF xh 1b","KAM","IDF","xh1b","xh","1","b","94","","","","Big sage - Bluebunch wheatgrass - Idaho fescue","","",,10/11/2000 0:00:00,"37996",611.00,"IDF xh 1b/94","","","",,0
612.00,"95","IDF xh 1b","KAM","IDF","xh1b","xh","1","b","95","","","","Big sage - Kentucky bluegrass","","",,10/11/2000 0:00:00,"37996",612.00,"IDF xh 1b/95","","","",,0
613.00,"96","IDF xh 1b","KAM","IDF","xh1b","xh","1","b","96","","","","Kentucky bluegrass - Stiff needlegrass","","",,10/11/2000 0:00:00,"37996",613.00,"IDF xh 1b/96","","","",,0
614.00,"97","IDF xh 1b","KAM","IDF","xh1b","xh","1","b","97","","","","Prairie rose - Idaho fescue","","",,10/11/2000 0:00:00,"37996",614.00,"IDF xh 1b/97","","","",,0
615.00,"98","IDF xh 1b","KAM","IDF","xh1b","xh","1","b","98","","","","At - Snowberry - Kentucky bluegrass","","",,10/11/2000 0:00:00,"37996",615.00,"IDF xh 1b/98","","","",,0
616.00,"01","IDF xh 2","KAM","IDF","xh2","xh","2","","01","","","","FdPy - Pinegrass - Feathermoss","","",5.00,10/11/2000 0:00:00,,616.00,"IDF xh 2 /01","Pseumen-Pinupon-Calarub","Pseumen-Pinupon-Calarub","",,0
617.00,"02","IDF xh 2","KAM","IDF","xh2","xh","2","","02","","","","FdPy - Bluebunch wheatgrass - Rough fescue","","",5.00,10/11/2000 0:00:00,,617.00,"IDF xh 2 /02","Pseumen-Pinupon-Pseuspi","Pseumen-Pinupon-Pseuspi","",,0
618.00,"03","IDF xh 2","KAM","IDF","xh2","xh","2","","03","","","","FdPy - Bluebunch wheatgrass - Balsamroot","","",5.00,10/11/2000 0:00:00,,618.00,"IDF xh 2 /03","Pseumen-Pinupon-Pseuspi","Pseumen-Pinupon-Pseuspi","",,0
619.00,"04","IDF xh 2","KAM","IDF","xh2","xh","2","","04","","","","FdPy - Bluebunch wheatgrass - Pinegrass","","",5.00,10/11/2000 0:00:00,,619.00,"IDF xh 2 /04","Pseumen-Pinupon-Pseuspi","Pseumen-Pinupon-Pseuspi","",,0
620.00,"05","IDF xh 2","KAM","IDF","xh2","xh","2","","05","","","","FdPy - Pinegrass","","",5.00,10/11/2000 0:00:00,,620.00,"IDF xh 2 /05","Pseumen-Pinupon-Pseuspi-Calarub","Pseumen-Pinupon-Pseuspi","",,0
621.00,"06","IDF xh 2","KAM","IDF","xh2","xh","2","","06","","","","Fd - Feathermoss","","",5.00,10/11/2000 0:00:00,,621.00,"IDF xh 2 /06","","Pseumen-Pleusch","",,0
622.00,"07","IDF xh 2","KAM","IDF","xh2","xh","2","","07","","","","CwFd - Dogwood","","",5.00,10/11/2000 0:00:00,,622.00,"IDF xh 2 /07","Pseumen-Pinupon-Sympalb","Pseumen-Pinupon-Calarub","",,0
623.00,"08","IDF xh 2","KAM","IDF","xh2","xh","2","","08","","","","Sxw - Horsetail","","",5.00,10/11/2000 0:00:00,,623.00,"IDF xh 2 /08","","","",,0
624.00,"91","IDF xh 2a","KAM","IDF","xh2a","xh","2","a","91","","","","Fescue - Bluebunch wheatgrass","","",5.00,10/11/2000 0:00:00,,624.00,"IDF xh 2a/91","","","",,0
625.00,"92","IDF xh 2a","KAM","IDF","xh2a","xh","2","a","92","","","","Bluebunch wheatgrass - Needle-and-thread grass","","",5.00,10/11/2000 0:00:00,,625.00,"IDF xh 2a/92","","","",,0
626.00,"93","IDF xh 2a","KAM","IDF","xh2a","xh","2","a","93","","","","Big sage - Kentucky bluegrass","","",5.00,10/11/2000 0:00:00,,626.00,"IDF xh 2a/93","","","",,0
627.00,"94","IDF xh 2a","KAM","IDF","xh2a","xh","2","a","94","","","","Balsamroot - Kentucky bluegrass","","",5.00,10/11/2000 0:00:00,,627.00,"IDF xh 2a/94","","","",,0
628.00,"95","IDF xh 2a","KAM","IDF","xh2a","xh","2","a","95","","","","At - Snowberry - Kentucky bluegrass","","",5.00,10/11/2000 0:00:00,,628.00,"IDF xh 2a/95","","","",,0
629.00,"01","IDF xm","KAM","IDF","xm","xm","","","01","","","","Fd - Pinegrass - Feathermoss","","",14.00,10/11/2000 0:00:00,"38748",629.00,"IDF xm   /01","","Pseumen-Pleusch","",,0
630.00,"01a","IDF xm","KAM","IDF","xm","xm","","","01","a","","","Fd - Pinegrass - Feathermoss, Typic","","",14.00,10/11/2000 0:00:00,"38748",630.00,"IDF xm   /01a","","","",,0
631.00,"01b","IDF xm","KAM","IDF","xm","xm","","","01","b","","","Fd - Pinegrass - Feathermoss, Cold","","",14.00,10/11/2000 0:00:00,"38748",631.00,"IDF xm   /01b","","","",,0
632.00,"02","IDF xm","KAM","IDF","xm","xm","","","02","","","","Fd - Bluebunch wheatgrass - Penstemon","","",14.00,10/11/2000 0:00:00,"38748",632.00,"IDF xm   /02","Pseumen-Juniper-Pseuspi","Pseumen-Pseuspi","",,0
633.00,"02a","IDF xm","KAM","IDF","xm","xm","","","02","a","","","Fd - Bluebunch wheatgrass - Penstemon, Typic","","",14.00,10/11/2000 0:00:00,"38748",633.00,"IDF xm   /02a","","","",,0
634.00,"02b","IDF xm","KAM","IDF","xm","xm","","","02","b","","","Fd - Bluebunch wheatgrass - Penstemon, Shallow","","",14.00,10/11/2000 0:00:00,"38748",634.00,"IDF xm   /02b","","","",,0
635.00,"03","IDF xm","KAM","IDF","xm","xm","","","03","","","","Fd - Juniper - Cladonia","","",14.00,10/11/2000 0:00:00,"38748",635.00,"IDF xm   /03","","Pseumen-Junicom","",,0
636.00,"04","IDF xm","KAM","IDF","xm","xm","","","04","","","","Fd - Bluebunch wheatgrass - Pasture sage","","",14.00,10/11/2000 0:00:00,"38748",636.00,"IDF xm   /04","Pseumen-Juniper-Pseuspi","Pseumen-Pseuspi","",,0
637.00,"05","IDF xm","KAM","IDF","xm","xm","","","05","","","","Fd - Feathermoss - Step moss","","",14.00,10/11/2000 0:00:00,"38748",637.00,"IDF xm   /05","","Pseumen-Pleusch","",,0
638.00,"06","IDF xm","KAM","IDF","xm","xm","","","06","","","","Fd - Ricegrass - Feathermoss","","",14.00,10/11/2000 0:00:00,"38748",638.00,"IDF xm   /06","","Pseumen-Pleusch","",,0
639.00,"07","IDF xm","KAM","IDF","xm","xm","","","07","","","","Fd - Prickly rose - Sarsaparilla","","",14.00,10/11/2000 0:00:00,"38748",639.00,"IDF xm   /07","Pseumen-Acergla-Sympalb-Hylospl","Pseumen-Acergla-Sympalb","",,0
640.00,"08","IDF xm","KAM","IDF","xm","xm","","","08","","","","Sxw - Snowberry - Prickly rose","","",14.00,10/11/2000 0:00:00,"38748",640.00,"IDF xm   /08","","Piceene-Pseumen-Rosaaci","",,0
641.00,"09","IDF xm","KAM","IDF","xm","xm","","","09","","","","Sxw - Horsetail","","",14.00,10/11/2000 0:00:00,"38748",641.00,"IDF xm   /09","Piceene-Cornsto-Equiset","Piceene-Equiset","",,0
642.00,"01","MH  mm 2","KAM","MH","mm2","mm","2","","01","","","","HmBa - Blueberry","","",11.00,10/11/2000 0:00:00,,642.00,"MH  mm 2 /01","","Tsugmer-Vaccmem","",,0
643.00,"02","MH  mm 2","KAM","MH","mm2","mm","2","","02","","","","HmBa - Mountain-heather","","",11.00,10/11/2000 0:00:00,,643.00,"MH  mm 2 /02","","Tsugmer-Cassmer","",,0
644.00,"03","MH  mm 2","KAM","MH","mm2","mm","2","","03","","","","BaHm - Oak fern","","",11.00,10/11/2000 0:00:00,,644.00,"MH  mm 2 /03","","Tsugmer-Strelan","",,0
645.00,"04","MH  mm 2","KAM","MH","mm2","mm","2","","04","","","","HmBa - Bramble","","",11.00,10/11/2000 0:00:00,,645.00,"MH  mm 2 /04","","Tsugmer-Vaccmem","",,0
646.00,"05","MH  mm 2","KAM","MH","mm2","mm","2","","05","","","","BaHm - Twistedstalk","","",11.00,10/11/2000 0:00:00,,646.00,"MH  mm 2 /05","","Tsugmer-Strelan","",,0
647.00,"06","MH  mm 2","KAM","MH","mm2","mm","2","","06","","","","HmYc - Deer-cabbage","","",11.00,10/11/2000 0:00:00,,647.00,"MH  mm 2 /06","","","",,0
648.00,"07","MH  mm 2","KAM","MH","mm2","mm","2","","07","","","","YcHm - Hellebore","","",11.00,10/11/2000 0:00:00,,648.00,"MH  mm 2 /07","","","",,0
649.00,"08","MH  mm 2","KAM","MH","mm2","mm","2","","08","","","","HmYc - Sphagnum","","",11.00,10/11/2000 0:00:00,,649.00,"MH  mm 2 /08","","","",,0
650.00,"09","MH  mm 2","KAM","MH","mm2","mm","2","","09","","","","YcHm - Skunk cabbage","","",11.00,10/11/2000 0:00:00,,650.00,"MH  mm 2 /09","","Tsugmer-Coptasp","",,0
651.00,"01","MS  dc 1","KAM","MS","dc1","dc","1","","01","","","","Sxw - Wintergreen - Feathermoss","","In field guide as MSdc",5.00,10/11/2000 0:00:00,,651.00,"MS  dc 1 /01","Piceene-Vaccsco-Orthsec-Pleusch","Piceene-Vaccmem-Orthsec-Pleusch","",,0
652.00,"02","MS  dc 1","KAM","MS","dc1","dc","1","","02","","","","FdPl - Juniper","","In field guide as MSdc",5.00,10/11/2000 0:00:00,,652.00,"MS  dc 1 /02","","Pseumen-Junicom","",,0
653.00,"03","MS  dc 1","KAM","MS","dc1","dc","1","","03","","","","Pl - Spirea - Pinegrass","","In field guide as MSdc",5.00,10/11/2000 0:00:00,,653.00,"MS  dc 1 /03","","Pseumen-Abielas-Paximyr","",,0
654.00,"04","MS  dc 1","KAM","MS","dc1","dc","1","","04","","","","Sxw - Gooseberry","","In field guide as MSdc",5.00,10/11/2000 0:00:00,,654.00,"MS  dc 1 /04","Pseumen-Paximyr-Calarub","Pseumen-Calarub","",,0
655.00,"05","MS  dc 1","KAM","MS","dc1","dc","1","","05","","","","Sedge - Glow moss","","In field guide as MSdc",5.00,10/11/2000 0:00:00,,655.00,"MS  dc 1 /05","Abielas-Rhodalb-Vaccmem","Abielas-Rhodalb-Vaccmem","npe",,0
656.00,"01","MS  dm 1","KAM","MS","dm1","dm","1","","01","","","","Sxw - Falsebox - Feathermoss","","",5.00,10/11/2000 0:00:00,,656.00,"MS  dm 1 /01","Piceene-Paximyr-Vaccmem-Orthsec","Piceene-Vaccmem-Orthsec-Pleusch","",,0
657.00,"02","MS  dm 1","KAM","MS","dm1","dm","1","","02","","","","Fd - Big sage - Pinegrass","","",5.00,10/11/2000 0:00:00,,657.00,"MS  dm 1 /02","","Pseumen-Junicom","npe",,0
658.00,"03","MS  dm 1","KAM","MS","dm1","dm","1","","03","","","","Pl - Grouseberry - Cladonia","","",5.00,10/11/2000 0:00:00,,658.00,"MS  dm 1 /03","","Pinucon-Vaccsco","",,0
659.00,"04","MS  dm 1","KAM","MS","dm1","dm","1","","04","","","","Pl - Pinegrass - Kinnikinnick","","",5.00,10/11/2000 0:00:00,,659.00,"MS  dm 1 /04","Pinucon-Vaccsco-Calarub","Pinucon-Calarub-Vaccsco","",,0
660.00,"05","MS  dm 1","KAM","MS","dm1","dm","1","","05","","","","Sxw - Trapper's tea - Grouseberry","","",5.00,10/11/2000 0:00:00,,660.00,"MS  dm 1 /05","","Piceene-Ledugla-Vaccsco","",,0
661.00,"06","MS  dm 1","KAM","MS","dm1","dm","1","","06","","","","Sxw - Gooseberry","","",5.00,10/11/2000 0:00:00,,661.00,"MS  dm 1 /06","","Piceene-Ledugla-Vaccsco","",,0
662.00,"07","MS  dm 1","KAM","MS","dm1","dm","1","","07","","","","Sxw - Trapper's tea - Horsetail","","",5.00,10/11/2000 0:00:00,,662.00,"MS  dm 1 /07","Piceene-Ribelac","Piceene-Ribelac","",,0
663.00,"08","MS  dm 1","KAM","MS","dm1","dm","1","","08","","","","Willow - Sedge","","",5.00,10/11/2000 0:00:00,,663.00,"MS  dm 1 /08","Piceene-Gymndry","Piceene-Gymndry","",,0
664.00,"01","MS  dm 2","KAM","MS","dm2","dm","2","","01","","","","Sxw - Falsebox - Feathermoss","","",5.00,10/11/2000 0:00:00,,664.00,"MS  dm 2 /01","Piceene-Paximyr-Vaccmem-Orthsec","Piceene-Vaccmem-Orthsec-Pleusch","",,0
665.00,"02","MS  dm 2","KAM","MS","dm2","dm","2","","02","","","","Juniper - Bluebunch wheatgrass","","",5.00,10/11/2000 0:00:00,,665.00,"MS  dm 2 /02","Pinucon-Vaccsco-Calarub-nudum","Pinucon-Calarub-Vaccsco","",,0
666.00,"03","MS  dm 2","KAM","MS","dm2","dm","2","","03","","","","Pl - Juniper - Grouseberry","","",5.00,10/11/2000 0:00:00,,666.00,"MS  dm 2 /03","Pinucon-Vaccsco-Calarub","Pinucon-Calarub-Vaccsco","",,0
667.00,"04","MS  dm 2","KAM","MS","dm2","dm","2","","04","","","","Pl - Grouseberry - Pinegrass","","",5.00,10/11/2000 0:00:00,,667.00,"MS  dm 2 /04","Pinucon-Vaccsco-Calarub","Pinucon-Calarub-Vaccsco","",,0
668.00,"05","MS  dm 2","KAM","MS","dm2","dm","2","","05","","","","Sxw - Gooseberry - Grouseberry","","",5.00,10/11/2000 0:00:00,,668.00,"MS  dm 2 /05","Pseumen-Paximyr-Calarub","Pseumen-Calarub","",,0
669.00,"06","MS  dm 2","KAM","MS","dm2","dm","2","","06","","","","Sxw - Gooseberry - Devil's club","","",5.00,10/11/2000 0:00:00,,669.00,"MS  dm 2 /06","","Abielas-Ledugla-Vaccsco","",,0
670.00,"07","MS  dm 2","KAM","MS","dm2","dm","2","","07","","","","Sxw - Horsetail - Leafy moss","","",5.00,10/11/2000 0:00:00,,670.00,"MS  dm 2 /07","","Abielas-Ledugla-Vaccsco","",,0
671.00,"01","MS  xk","KAM","MS","xk","xk","","","01","","","","Pl - Pinegrass - Lupine","","",5.00,10/11/2000 0:00:00,,671.00,"MS  xk   /01","","","",,0
672.00,"02","MS  xk","KAM","MS","xk","xk","","","02","","","","Fd - Juniper - Grouseberry","","",5.00,10/11/2000 0:00:00,,672.00,"MS  xk   /02","","","",,0
673.00,"03","MS  xk","KAM","MS","xk","xk","","","03","","","","Bluebunch wheatgrass - Junegrass","","",5.00,10/11/2000 0:00:00,,673.00,"MS  xk   /03","","","",,0
674.00,"04","MS  xk","KAM","MS","xk","xk","","","04","","","","Big sage - Pinegrass","","",5.00,10/11/2000 0:00:00,,674.00,"MS  xk   /04","","","",,0
675.00,"05","MS  xk","KAM","MS","xk","xk","","","05","","","","FdPl - Pinegrass - Arnica","","",5.00,10/11/2000 0:00:00,,675.00,"MS  xk   /05","","","",,0
676.00,"06","MS  xk","KAM","MS","xk","xk","","","06","","","","Pl - Falsebox - Lupine","","",5.00,10/11/2000 0:00:00,,676.00,"MS  xk   /06","","","",,0
677.00,"07","MS  xk","KAM","MS","xk","xk","","","07","","","","Sxw - Trapper's tea - Grouseberry","","",5.00,10/11/2000 0:00:00,,677.00,"MS  xk   /07","","","",,0
678.00,"08","MS  xk","KAM","MS","xk","xk","","","08","","","","Sxw - Gooseberry - Grouseberry","","",5.00,10/11/2000 0:00:00,,678.00,"MS  xk   /08","","","",,0
679.00,"09","MS  xk","KAM","MS","xk","xk","","","09","","","","Sxw - Horsetail - Leafy moss","","",5.00,10/11/2000 0:00:00,,679.00,"MS  xk   /09","","","",,0
680.00,"01","MS  xv","KAM","MS","xv","xv","","","01","","","","Pl - Grouseberry - Feathermoss","","",14.00,10/11/2000 0:00:00,,680.00,"MS  xv   /01","","Pinucon-Vaccsco","",,0
681.00,"02","MS  xv","KAM","MS","xv","xv","","","02","","","","Pl - Fescue - Stereocaulon","","",14.00,10/11/2000 0:00:00,,681.00,"MS  xv   /02","","Pseumen-Junicom","",,0
682.00,"03","MS  xv","KAM","MS","xv","xv","","","03","","","","Pl - Kinnikinnick - Cladonia","","",14.00,10/11/2000 0:00:00,,682.00,"MS  xv   /03","Pinucon-Arctuva-Cladoni","Pinucon-Cladoni","",,0
683.00,"03a","MS  xv","KAM","MS","xv","xv","","","03","a","","","Pl - Kinnikinnick - Cladonia, Typic","","",14.00,10/11/2000 0:00:00,,683.00,"MS  xv   /03a","","","",,0
684.00,"03b","MS  xv","KAM","MS","xv","xv","","","03","b","","","Pl - Kinnikinnick - Cladonia, Shallow","","",14.00,10/11/2000 0:00:00,,684.00,"MS  xv   /03b","","","",,0
685.00,"04","MS  xv","KAM","MS","xv","xv","","","04","","","","Pl - Grouseberry - Kinnikinnick","","",14.00,10/11/2000 0:00:00,,685.00,"MS  xv   /04","Pinucon-Arctuva-Cladoni","Pinucon-Cladoni","",,0
686.00,"05","MS  xv","KAM","MS","xv","xv","","","05","","","","Pl - Trapper's tea - Crowberry","","",14.00,10/11/2000 0:00:00,,686.00,"MS  xv   /05","","Piceene-Empenig-Vaccsco","",,0
687.00,"06","MS  xv","KAM","MS","xv","xv","","","06","","","","Sxw - Crowberry - Knight's plume","","",14.00,10/11/2000 0:00:00,,687.00,"MS  xv   /06","Pinucon-Calarub","Pinucon-Calarub","",,0
688.00,"07","MS  xv","KAM","MS","xv","xv","","","07","","","","Sxw - Crowberry - Glow moss","","",14.00,10/11/2000 0:00:00,,688.00,"MS  xv   /07","","Piceene-Empenig-Vaccsco","",,0
689.00,"08","MS  xv","KAM","MS","xv","xv","","","08","","","","Sxw - Horsetail - Crowberry","","",14.00,10/11/2000 0:00:00,,689.00,"MS  xv   /08","","Piceene-Ledugla-Vaccsco","",,0
690.00,"09","MS  xv","KAM","MS","xv","xv","","","09","","","","Sxw - Labrador tea - Willow","","",14.00,10/11/2000 0:00:00,,690.00,"MS  xv   /09","","Piceene-Empenig-Vaccsco","npe",,0
691.00,"01","PP  xh 1","KAM","PP","xh1","xh","1","","01","","","","Py - Bluebunch wheatgrass - Idaho fescue","","",5.00,10/11/2000 0:00:00,,691.00,"PP  xh 1 /01","Pinupon-Pseuspi","Pinupon-Pseuspi","",,0
692.00,"02","PP  xh 1","KAM","PP","xh1","xh","1","","02","","","","Py - Red three-awn","","",5.00,10/11/2000 0:00:00,,692.00,"PP  xh 1 /02","Pseumen-Pinupon-Pseuspi","Pseumen-Pinupon-Pseuspi","",,0
693.00,"03","PP  xh 1","KAM","PP","xh1","xh","1","","03","","","","Big sage - Bluebunch wheatgrass","","",5.00,10/11/2000 0:00:00,,693.00,"PP  xh 1 /03","","Pinupon-Purstri","npe",,0
694.00,"04","PP  xh 1","KAM","PP","xh1","xh","1","","04","","","","Py - Bluebunch wheatgrass - Cheatgrass","","",5.00,10/11/2000 0:00:00,,694.00,"PP  xh 1 /04","Pinupon-Pseuspi","Pinupon-Pseuspi","",,0
695.00,"05","PP  xh 1","KAM","PP","xh1","xh","1","","05","","","","Py - Bluebunch wheatgrass - Rough fescue","","",5.00,10/11/2000 0:00:00,,695.00,"PP  xh 1 /05","Pseumen-Pinupon-Calarub","Pseumen-Pinupon-Calarub","",,0
696.00,"06","PP  xh 1","KAM","PP","xh1","xh","1","","06","","","","FdPy - Snowberry - Pinegrass","","",5.00,10/11/2000 0:00:00,,696.00,"PP  xh 1 /06","Pseumen-Pinupon-Sympalb","Pseumen-Pinupon-Calarub","",,0
697.00,"07","PP  xh 1","KAM","PP","xh1","xh","1","","07","","","","FdPy - Snowberry - Spirea","","",5.00,10/11/2000 0:00:00,,697.00,"PP  xh 1 /07","","Poputre-Sympalb-Rosanut","",,0
698.00,"08","PP  xh 1","KAM","PP","xh1","xh","1","","08","","","","Fd - Water birch - Douglas maple","","",5.00,10/11/2000 0:00:00,,698.00,"PP  xh 1 /08","","Betupap-Acergla","npe",,0
699.00,"01","PP  xh 2","KAM","PP","xh2","xh","2","","01","","","","Py - Bluebunch wheatgrass - Fescue","","",5.00,10/11/2000 0:00:00,,699.00,"PP  xh 2 /01","Pinupon-Pseuspi","Pinupon-Pseuspi","",,0
700.00,"02","PP  xh 2","KAM","PP","xh2","xh","2","","02","","","","FdPy - Bluebunch wheatgrass - Selaginella","","",5.00,10/11/2000 0:00:00,,700.00,"PP  xh 2 /02","Pseumen-Pinupon-Pseuspi","Pseumen-Pinupon-Pseuspi","npe",,0
701.00,"03","PP  xh 2","KAM","PP","xh2","xh","2","","03","","","","Py - Bluebunch wheatgrass","","",5.00,10/11/2000 0:00:00,,701.00,"PP  xh 2 /03","","Pinupon-Arispur","",,0
702.00,"04","PP  xh 2","KAM","PP","xh2","xh","2","","04","","","","Py - Big sage - Bluebunch wheatgrass","","",5.00,10/11/2000 0:00:00,,702.00,"PP  xh 2 /04","Pinupon-Pseuspi","Pinupon-Pseuspi","npe",,0
703.00,"05","PP  xh 2","KAM","PP","xh2","xh","2","","05","","","","Big sage - Bluebunch wheatgrass - Fescue","","",5.00,10/11/2000 0:00:00,,703.00,"PP  xh 2 /05","Pinupon-Pseuspi","Pinupon-Pseuspi","npe",,0
704.00,"06","PP  xh 2","KAM","PP","xh2","xh","2","","06","","","","FdPy - Snowberry - Saskatoon","","",5.00,10/11/2000 0:00:00,,704.00,"PP  xh 2 /06","","Pseumen-Pleusch","",,0
705.00,"07","PP  xh 2","KAM","PP","xh2","xh","2","","07","","","","Act - Water birch","","",5.00,10/11/2000 0:00:00,,705.00,"PP  xh 2 /07","","Pseumen-Popubal-Cornsto","npe",,0
706.00,"01","SBPSmk","KAM","SBPS","mk","mk","","","01","","","","Pl - Pinegrass - Arnica","","",14.00,10/11/2000 0:00:00,,706.00,"SBPSmk   /01","Pinucon-Calarub-Corncan-Pleusch","Pinucon-Calarub","",,0
707.00,"02","SBPSmk","KAM","SBPS","mk","mk","","","02","","","","Pl - Cladonia - Haircap moss","","",14.00,10/11/2000 0:00:00,,707.00,"SBPSmk   /02","Pinucon-Arctuva-Cladoni","Pinucon-Cladoni","",,0
708.00,"03","SBPSmk","KAM","SBPS","mk","mk","","","03","","","","Fd - Pinegrass - Aster","","",14.00,10/11/2000 0:00:00,,708.00,"SBPSmk   /03","Pseumen-Calarub-Pleusch","Pseumen-Calarub","",,0
709.00,"04","SBPSmk","KAM","SBPS","mk","mk","","","04","","","","Pl - Pinegrass - Feathermoss","","",14.00,10/11/2000 0:00:00,,709.00,"SBPSmk   /04","Pinucon-Calarub-Corncan-Pleusch","Pinucon-Calarub","",,0
710.00,"04a","SBPSmk","KAM","SBPS","mk","mk","","","04","a","","","Pl - Pinegrass - Feathermoss, Typic","","",14.00,10/11/2000 0:00:00,,710.00,"SBPSmk   /04a","","","",,0
711.00,"04b","SBPSmk","KAM","SBPS","mk","mk","","","04","b","","","Pl - Pinegrass - Feathermoss, Sand","","",14.00,10/11/2000 0:00:00,,711.00,"SBPSmk   /04b","","","",,0
712.00,"05","SBPSmk","KAM","SBPS","mk","mk","","","05","","","","SxwFd - Step moss","","",14.00,10/11/2000 0:00:00,,712.00,"SBPSmk   /05","","Piceene-Pseumen-Rubupar","",,0
713.00,"06","SBPSmk","KAM","SBPS","mk","mk","","","06","","","","Sxw - Twinberry","","",14.00,10/11/2000 0:00:00,,713.00,"SBPSmk   /06","Piceene-Loniinv","Piceene-Loniinv","",,0
714.00,"07","SBPSmk","KAM","SBPS","mk","mk","","","07","","","","Sxw - Horsetail - Glow moss","","",14.00,10/11/2000 0:00:00,,714.00,"SBPSmk   /07","Piceene-Equiset-Aulapal","Piceene-Equiset","",,0
715.00,"08","SBPSmk","KAM","SBPS","mk","mk","","","08","","","","SbSxw - Scrub birch - Sedge","","",14.00,10/11/2000 0:00:00,,715.00,"SBPSmk   /08","","Piceene-Caredis","",,0
716.00,"01","SBS dh 1","KAM","SBS","dh1","dh","1","","01","","","","SxwFd - Ricegrass","","",13.00,10/11/2000 0:00:00,,716.00,"SBS dh 1 /01","Piceene-Pseumen-Calarub","Piceene-Pseumen-Chimumb","missing",,0
717.00,"02","SBS dh 1","KAM","SBS","dh1","dh","1","","02","","","","Pl - Velvet-leaved blueberry - Cladonia","","",13.00,10/11/2000 0:00:00,,717.00,"SBS dh 1 /02","Pinucon-Arctuva-Cladoni","Pinucon-Cladoni","missing",,0
718.00,"03","SBS dh 1","KAM","SBS","dh1","dh","1","","03","","","","FdPl - Pinegrass - Feathermoss","","",13.00,10/11/2000 0:00:00,,718.00,"SBS dh 1 /03","","Pseumen-Pleusch","missing",,0
719.00,"04","SBS dh 1","KAM","SBS","dh1","dh","1","","04","","","","Pl - Pinegrass - Feathermoss","","",13.00,10/11/2000 0:00:00,,719.00,"SBS dh 1 /04","Pinucon-Calarub-Corncan-Pleusch","Pinucon-Calarub","missing",,0
720.00,"05","SBS dh 1","KAM","SBS","dh1","dh","1","","05","","","","Pl - Labrador tea - Velvet-leaved blueberry","","",13.00,10/11/2000 0:00:00,,720.00,"SBS dh 1 /05","","Piceene-Ledugro","missing",,0
721.00,"06","SBS dh 1","KAM","SBS","dh1","dh","1","","06","","","","SxwFd - Thimbleberry","","",13.00,10/11/2000 0:00:00,,721.00,"SBS dh 1 /06","","Piceene-Pseumen-Rubupar","missing",,0
722.00,"07","SBS dh 1","KAM","SBS","dh1","dh","1","","07","","","","Sxw - Horsetail","","",13.00,10/11/2000 0:00:00,,722.00,"SBS dh 1 /07","Piceene-Cornsto-Equiset","Piceene-Equiset","missing",,0
723.00,"08","SBS dh 1","KAM","SBS","dh1","dh","1","","08","","","","Sb - Scrub birch - Sedge","","",13.00,10/11/2000 0:00:00,,723.00,"SBS dh 1 /08","","","missing",,0
724.00,"01","SBS dw 1","KAM","SBS","dw1","dw","1","","01","","","","SxwFd - Pinegrass","","",14.00,10/11/2000 0:00:00,,724.00,"SBS dw 1 /01","Piceene-Pseumen-Calarub","Piceene-Pseumen-Chimumb","",,0
725.00,"02","SBS dw 1","KAM","SBS","dw1","dw","1","","02","","","","FdPl - Cladonia","","",14.00,10/11/2000 0:00:00,,725.00,"SBS dw 1 /02","","Pseumen-Pleusch","",,0
726.00,"03","SBS dw 1","KAM","SBS","dw1","dw","1","","03","","","","Fd - Saskatoon - Pinegrass","","",14.00,10/11/2000 0:00:00,,726.00,"SBS dw 1 /03","Pseumen-Calarub-Pleusch","Pseumen-Calarub","",,0
727.00,"04","SBS dw 1","KAM","SBS","dw1","dw","1","","04","","","","Pl - Pinegrass - Feathermoss","","",14.00,10/11/2000 0:00:00,,727.00,"SBS dw 1 /04","Pinucon-Calarub-Corncan-Pleusch","Pinucon-Calarub","",,0
728.00,"05","SBS dw 1","KAM","SBS","dw1","dw","1","","05","","","","SxwFd - Ricegrass","","",14.00,10/11/2000 0:00:00,,728.00,"SBS dw 1 /05","Piceene-Pseumen-Calarub","Piceene-Pseumen-Chimumb","",,0
729.00,"06","SBS dw 1","KAM","SBS","dw1","dw","1","","06","","","","SxwFd - Thimbleberry","","",14.00,10/11/2000 0:00:00,,729.00,"SBS dw 1 /06","","Piceene-Pseumen-Rubupar","",,0
730.00,"07","SBS dw 1","KAM","SBS","dw1","dw","1","","07","","","","Sxw - Twinberry - Coltsfoot","","",14.00,10/11/2000 0:00:00,,730.00,"SBS dw 1 /07","Piceene-Loniinv","Piceene-Loniinv","",,0
731.00,"08","SBS dw 1","KAM","SBS","dw1","dw","1","","08","","","","Sxw - Twinberry - Oak fern","","",14.00,10/11/2000 0:00:00,,731.00,"SBS dw 1 /08","Piceene-Gymndry","Piceene-Gymndry","",,0
732.00,"09","SBS dw 1","KAM","SBS","dw1","dw","1","","09","","","","Sxw - Horsetail - Glow moss","","",14.00,10/11/2000 0:00:00,,732.00,"SBS dw 1 /09","Piceene-Equiset-Aulapal","Piceene-Equiset","",,0
733.00,"01","SBS mm","KAM","SBS","mm","mm","","","01","","","","Sxw - Falsebox - Knight's plume","","",5.00,10/11/2000 0:00:00,,733.00,"SBS mm   /01","Piceene-Vaccmem-Paximyr","Piceene-Vaccmem","",,0
734.00,"02","SBS mm","KAM","SBS","mm","mm","","","02","","","","Pl - Huckleberry - Cladonia","","",5.00,10/11/2000 0:00:00,,734.00,"SBS mm   /02","Pinucon-Arctuva-Pleusch","Pinucon-Pleusch","",,0
735.00,"03","SBS mm","KAM","SBS","mm","mm","","","03","","","","Pl - Douglas-fir - Juniper","","",5.00,10/11/2000 0:00:00,,735.00,"SBS mm   /03","Abielas-Pleusch-Cladoni","Abielas-Cladoni","",,0
736.00,"04","SBS mm","KAM","SBS","mm","mm","","","04","","","","Pl - Soopolallie - Pinegrass","","",5.00,10/11/2000 0:00:00,,736.00,"SBS mm   /04","Pinucon-Calarub-Corncan-Pleusch","Pinucon-Calarub","",,0
737.00,"05","SBS mm","KAM","SBS","mm","mm","","","05","","","","Sxw - Soopolallie - Falsebox","","",5.00,10/11/2000 0:00:00,,737.00,"SBS mm   /05","Piceene-Gymndry","Piceene-Gymndry","",,0
738.00,"06","SBS mm","KAM","SBS","mm","mm","","","06","","","","Sxw - Huckleberry - Falsebox","","",5.00,10/11/2000 0:00:00,,738.00,"SBS mm   /06","Piceene-Oplohor-Gymndry","Piceene-Gymndry","",,0
739.00,"07","SBS mm","KAM","SBS","mm","mm","","","07","","","","Sxw - Oak fern","","",5.00,10/11/2000 0:00:00,,739.00,"SBS mm   /07","Piceene-Loniinv","Piceene-Loniinv","",,0
740.00,"08","SBS mm","KAM","SBS","mm","mm","","","08","","","","Sxw - Horsetail","","",5.00,10/11/2000 0:00:00,,740.00,"SBS mm   /08","","Picea-Careaqu-Sphagnu","",,0
741.00,"09","SBS mm","KAM","SBS","mm","mm","","","09","","","","Sedge - Sphagnum","","",5.00,10/11/2000 0:00:00,,741.00,"SBS mm   /09","Piceene-Cornsto-Equiset","Piceene-Equiset","",,0
742.00,"01","ESSFdc 1","NEL","ESSF","dc1","dc","1","","01","","","","Bl - Rhododendron - Grouseberry","","",7.00,10/11/2000 0:00:00,,742.00,"ESSFdc 1 /01","Abielas-Rhodalb-Vaccsco","Abielas-Rhodalb-Vaccmem","",,0
743.00,"02","ESSFdc 1","NEL","ESSF","dc1","dc","1","","02","","","","PlSe - Pinegrass","","",7.00,10/11/2000 0:00:00,,743.00,"ESSFdc 1 /02","","","",,0
744.00,"03","ESSFdc 1","NEL","ESSF","dc1","dc","1","","03","","","","Bl - Grouseberry - Cladonia","","",7.00,10/11/2000 0:00:00,,744.00,"ESSFdc 1 /03","","","",,0
745.00,"04","ESSFdc 1","NEL","ESSF","dc1","dc","1","","04","","","","Bl - Rhododendron - Valerian","","",7.00,10/11/2000 0:00:00,,745.00,"ESSFdc 1 /04","Pinucon-Vaccsco-Calarub","Pinucon-Calarub-Vaccsco","",,0
746.00,"05","ESSFdc 1","NEL","ESSF","dc1","dc","1","","05","","","","Bl - Trapper's tea","","",7.00,10/11/2000 0:00:00,,746.00,"ESSFdc 1 /05","Abielas-Vaccmem-Vaccsco","Abielas-Vaccsco","",,0
747.00,"06","ESSFdc 1","NEL","ESSF","dc1","dc","1","","06","","","","Bl - Horsetail - Glow moss","","",7.00,10/11/2000 0:00:00,,747.00,"ESSFdc 1 /06","Abielas-Rhodalb-Vaccsco","Abielas-Rhodalb-Vaccmem","",,0
748.00,"07","ESSFdc 1","NEL","ESSF","dc1","dc","1","","07","","","","Sedge - Sphagnum","","",7.00,10/11/2000 0:00:00,,748.00,"ESSFdc 1 /07","","Abielas-Ledugla-Vaccsco","",,0
749.00,"01","ESSFdk","NEL","ESSF","dk","dk","","","01","","","","Bl - Azalea - Foamflower","","",7.00,10/11/2000 0:00:00,"38748",749.00,"ESSFdk   /01","","","",,0
750.00,"02","ESSFdk","NEL","ESSF","dk","dk","","","02","","","","Fd - Douglas maple - Soopolallie","","",7.00,10/11/2000 0:00:00,"38748",750.00,"ESSFdk   /02","","","",,0
751.00,"03","ESSFdk","NEL","ESSF","dk","dk","","","03","","","","Bl - Azalea - Grouseberry","","",7.00,10/11/2000 0:00:00,"38748",751.00,"ESSFdk   /03","","","",,0
752.00,"04","ESSFdk","NEL","ESSF","dk","dk","","","04","","","","Bl - Azalea - Soopolallie","","",7.00,10/11/2000 0:00:00,"38748",752.00,"ESSFdk   /04","","","",,0
753.00,"05","ESSFdk","NEL","ESSF","dk","dk","","","05","","","","Bl - Azalea - Step moss","","",7.00,10/11/2000 0:00:00,"38748",753.00,"ESSFdk   /05","","","",,0
754.00,"06","ESSFdk","NEL","ESSF","dk","dk","","","06","","","","Bl - Azalea - Horsetail","","",7.00,10/11/2000 0:00:00,"38748",754.00,"ESSFdk   /06","","","",,0
755.00,"07","ESSFdk","NEL","ESSF","dk","dk","","","07","","","","Willow - Sedge","","",7.00,10/11/2000 0:00:00,"38748",755.00,"ESSFdk   /07","","","",,0
756.00,"01","ESSFvc","NEL","ESSF","vc","vc","","","01","","","","BlHm - Rhododendron - Oak fern","","",7.00,10/11/2000 0:00:00,,756.00,"ESSFvc   /01","Abielas-Rhodalb-Gymndry","Abielas-Gymndry","",,0
757.00,"02","ESSFvc","NEL","ESSF","vc","vc","","","02","","","","BlHm - Rhododendron - Leafy liverwort","","",7.00,10/11/2000 0:00:00,,757.00,"ESSFvc   /02","Abielas-Vaccmem","Abielas-Vaccmem","",,0
758.00,"03","ESSFvc","NEL","ESSF","vc","vc","","","03","","","","BlHm - Rhododendron - Pipecleaner moss","","",7.00,10/11/2000 0:00:00,,758.00,"ESSFvc   /03","Abielas-Vaccmem","Abielas-Vaccmem","",,0
759.00,"04","ESSFvc","NEL","ESSF","vc","vc","","","04","","","","BlHm - Devil's club - Lady fern","","",7.00,10/11/2000 0:00:00,,759.00,"ESSFvc   /04","Abielas-Rhodalb-Vaccmem","Abielas-Rhodalb-Vaccmem","",,0
760.00,"05","ESSFvc","NEL","ESSF","vc","vc","","","05","","","","BlHm - Horsetail","","",7.00,10/11/2000 0:00:00,,760.00,"ESSFvc   /05","Abielas-Gymndry","Abielas-Gymndry","",,0
761.00,"06","ESSFvc","NEL","ESSF","vc","vc","","","06","","","","Sedge - Sphagnum","","",7.00,10/11/2000 0:00:00,,761.00,"ESSFvc   /06","Abielas-Gymndry","Abielas-Gymndry","",,0
762.00,"01","ESSFwc 1","NEL","ESSF","wc1","wc","1","","01","","","","Bl - Rhododendron - Oak fern","","",7.00,10/11/2000 0:00:00,,762.00,"ESSFwc 1 /01","Abielas-Rhodalb-Gymndry","Abielas-Gymndry","",,0
763.00,"02","ESSFwc 1","NEL","ESSF","wc1","wc","1","","02","","","","Bl - Falsebox - Grouseberry","","",7.00,10/11/2000 0:00:00,,763.00,"ESSFwc 1 /02","","","",,0
764.00,"03","ESSFwc 1","NEL","ESSF","wc1","wc","1","","03","","","","Bl - Devil's club - Lady fern","","",7.00,10/11/2000 0:00:00,,764.00,"ESSFwc 1 /03","Abielas-Vaccmem","Abielas-Vaccmem","",,0
765.00,"04","ESSFwc 1","NEL","ESSF","wc1","wc","1","","04","","","","Bl - Horsetail - Brachythecium","","",7.00,10/11/2000 0:00:00,,765.00,"ESSFwc 1 /04","Abielas-Rhodalb-Vaccmem","Abielas-Rhodalb-Vaccmem","",,0
766.00,"05","ESSFwc 1","NEL","ESSF","wc1","wc","1","","05","","","","Sedge - Sphagnum","","",7.00,10/11/2000 0:00:00,,766.00,"ESSFwc 1 /05","Abielas-Gymndry","Abielas-Gymndry","",,0
767.00,"01","ESSFwc 2","NEL","ESSF","wc2","wc","2","","01","","","","Bl - Azalea - Oak fern","","",5.00,10/11/2000 0:00:00,,767.00,"ESSFwc 2 /01","Abielas-Rhodalb-Gymndry","Abielas-Gymndry","",,0
768.00,"02","ESSFwc 2","NEL","ESSF","wc2","wc","2","","02","","","","Pl - Huckleberry - Cladonia","","",5.00,10/11/2000 0:00:00,,768.00,"ESSFwc 2 /02","Abielas-Vaccmem","Abielas-Vaccmem","",,0
769.00,"03","ESSFwc 2","NEL","ESSF","wc2","wc","2","","03","","","","Bl - Huckleberry - Arnica","","",5.00,10/11/2000 0:00:00,,769.00,"ESSFwc 2 /03","Abielas-Rhodalb-Vaccmem","Abielas-Rhodalb-Vaccmem","",,0
770.00,"04","ESSFwc 2","NEL","ESSF","wc2","wc","2","","04","","","","Bl - Rhododendron - Heron's-bill","","",5.00,10/11/2000 0:00:00,,770.00,"ESSFwc 2 /04","Abielas-Gymndry","Abielas-Gymndry","",,0
771.00,"05","ESSFwc 2","NEL","ESSF","wc2","wc","2","","05","","","","Bl - Azalea - Feathermoss","","",5.00,10/11/2000 0:00:00,,771.00,"ESSFwc 2 /05","","Abielas-Oplohor","",,0
772.00,"06","ESSFwc 2","NEL","ESSF","wc2","wc","2","","06","","","","Bl - Valerian - Oak fern","","",5.00,10/11/2000 0:00:00,,772.00,"ESSFwc 2 /06","Abielas-Gymndry","Abielas-Gymndry","",,0
773.00,"07","ESSFwc 2","NEL","ESSF","wc2","wc","2","","07","","","","Bl - Devil's club - Lady fern","","",5.00,10/11/2000 0:00:00,,773.00,"ESSFwc 2 /07","Abielas-Valesit-Strepto","Abielas-Valesit","",,0
774.00,"08","ESSFwc 2","NEL","ESSF","wc2","wc","2","","08","","","","Bl - Horsetail - Sphagnum","","",5.00,10/11/2000 0:00:00,,774.00,"ESSFwc 2 /08","","Pinucon-Carepau-Sphagnu","",,0
775.00,"09","ESSFwc 2","NEL","ESSF","wc2","wc","2","","09","","","","Pl - Dwarf blueberry - Sphagnum","","",5.00,10/11/2000 0:00:00,,775.00,"ESSFwc 2 /09","Abielas-Gymndry-Equiset","Abielas-Equiset","",,0
776.00,"10","ESSFwc 2","NEL","ESSF","wc2","wc","2","","10","","","","Sedge - Sphagnum","","",5.00,10/11/2000 0:00:00,,776.00,"ESSFwc 2 /10","Abielas-Calacan-Equiset","Abielas-Equiset","npe",,0
777.00,"01","ESSFwc 4","NEL","ESSF","wc4","wc","4","","01","","","","Bl - Rhododendron - Oak fern","","",7.00,10/11/2000 0:00:00,,777.00,"ESSFwc 4 /01","Abielas-Rhodalb-Gymndry","Abielas-Gymndry","",,0
778.00,"02","ESSFwc 4","NEL","ESSF","wc4","wc","4","","02","","","","Bl - Rhododendron - Falsebox","","",7.00,10/11/2000 0:00:00,,778.00,"ESSFwc 4 /02","Abielas-Vaccmem","Abielas-Vaccmem","",,0
779.00,"03","ESSFwc 4","NEL","ESSF","wc4","wc","4","","03","","","","Bl - Rhododendron - Woodrush","","",7.00,10/11/2000 0:00:00,,779.00,"ESSFwc 4 /03","Abielas-Rhodalb-Vaccmem","Abielas-Rhodalb-Vaccmem","",,0
780.00,"04","ESSFwc 4","NEL","ESSF","wc4","wc","4","","04","","","","Bl - Rhododendron - Foamflower","","",7.00,10/11/2000 0:00:00,,780.00,"ESSFwc 4 /04","Abielas-Gymndry","Abielas-Gymndry","",,0
781.00,"05","ESSFwc 4","NEL","ESSF","wc4","wc","4","","05","","","","Bl - Rhododendron - Lady fern","","",7.00,10/11/2000 0:00:00,,781.00,"ESSFwc 4 /05","Abielas-Gymndry","Abielas-Gymndry","",,0
782.00,"06","ESSFwc 4","NEL","ESSF","wc4","wc","4","","06","","","","Bl - Horsetail - Brachythecium","","",7.00,10/11/2000 0:00:00,,782.00,"ESSFwc 4 /06","Abielas-Valesit-Strepto","Abielas-Valesit","",,0
783.00,"07","ESSFwc 4","NEL","ESSF","wc4","wc","4","","07","","","","Bl - Sedge - Sphagnum","","",7.00,10/11/2000 0:00:00,,783.00,"ESSFwc 4 /07","Abielas-Gymndry-Equiset","Abielas-Equiset","",,0
784.00,"08","ESSFwc 4","NEL","ESSF","wc4","wc","4","","08","","","","Willow - Sedge","","",7.00,10/11/2000 0:00:00,,784.00,"ESSFwc 4 /08","Abielas-Valesit-Strepto","Abielas-Valesit","",,0
785.00,"01","ESSFwm","NEL","ESSF","wm","wm","","","01","","","","Bl - Azalea - Arnica","","",7.00,10/11/2000 0:00:00,,785.00,"ESSFwm   /01","Abielas-Menzfer-Gymndry","Abielas-Gymndry","",,0
786.00,"02","ESSFwm","NEL","ESSF","wm","wm","","","02","","","","Bl - Rhododendron - Azalea","","",7.00,10/11/2000 0:00:00,,786.00,"ESSFwm   /02","Abielas-Rhodalb-Vaccmem","Abielas-Rhodalb-Vaccmem","",,0
787.00,"03","ESSFwm","NEL","ESSF","wm","wm","","","03","","","","BlHw - Rhododendron - Azalea","","",7.00,10/11/2000 0:00:00,,787.00,"ESSFwm   /03","Abielas-Menzfer-Vaccmem","Abielas-Menzfer-Vaccmem","",,0
788.00,"04","ESSFwm","NEL","ESSF","wm","wm","","","04","","","","Bl - Azalea - Queen's cup","","",7.00,10/11/2000 0:00:00,,788.00,"ESSFwm   /04","Abielas-Menzfer-Gymndry","Abielas-Gymndry","missing",,0
789.00,"01","ICH dw","NEL","ICH","dw","dw","","","01","","","","CwFd - Falsebox","","",,10/11/2000 0:00:00,"37996",789.00,"ICH dw   /01","","","NA",,0
790.00,"01a","ICH dw","NEL","ICH","dw","dw","","","01","a","","","CwFd - Falsebox, SX-SM","","",,10/11/2000 0:00:00,"37996",790.00,"ICH dw   /01a","","","NA",,0
791.00,"01b","ICH dw","NEL","ICH","dw","dw","","","01","b","","","CwFd - Falsebox, M-SHG","","",,10/11/2000 0:00:00,"37996",791.00,"ICH dw   /01b","","","NA",,0
792.00,"02","ICH dw","NEL","ICH","dw","dw","","","02","","","","FdPy - Oregon-grape - Parsley fern","","",,10/11/2000 0:00:00,"37996",792.00,"ICH dw   /02","","","NA",,0
793.00,"03","ICH dw","NEL","ICH","dw","dw","","","03","","","","CwHw - White pine - Devil's club","","",,10/11/2000 0:00:00,"37996",793.00,"ICH dw   /03","","","NA",,0
794.00,"04","ICH dw","NEL","ICH","dw","dw","","","04","","","","CwHw - Devil's club - Lady fern","","",,10/11/2000 0:00:00,"37996",794.00,"ICH dw   /04","","","NA",,0
795.00,"01","ICH mk 1","NEL","ICH","mk1","mk","1","","01","","","","CwSxw - Falsebox","","",7.00,10/11/2000 0:00:00,,795.00,"ICH mk 1 /01","","Thujpli-Piceene-Paximyr","",,0
796.00,"02","ICH mk 1","NEL","ICH","mk1","mk","1","","02","","","","Fd - Penstemon - Pinegrass","","",7.00,10/11/2000 0:00:00,,796.00,"ICH mk 1 /02","Pseumen-Paximyr-Calarub","Pseumen-Calarub","npe",,0
797.00,"03","ICH mk 1","NEL","ICH","mk1","mk","1","","03","","","","FdPl - Pinegrass - Twinflower","","",7.00,10/11/2000 0:00:00,,797.00,"ICH mk 1 /03","","Pseumen-Abielas-Paximyr","",,0
798.00,"04","ICH mk 1","NEL","ICH","mk1","mk","1","","04","","","","FdPl - Sitka alder - Pinegrass","","",7.00,10/11/2000 0:00:00,,798.00,"ICH mk 1 /04","Piceene-Paximyr-Vaccmem-Orthsec","Piceene-Vaccmem-Orthsec-Pleusch","npe",,0
799.00,"05","ICH mk 1","NEL","ICH","mk1","mk","1","","05","","","","SxwFd - Gooseberry - Sarsaparilla","","",7.00,10/11/2000 0:00:00,,799.00,"ICH mk 1 /05","Pseumen-Paximyr-Calarub","Pseumen-Calarub","",,0
800.00,"06","ICH mk 1","NEL","ICH","mk1","mk","1","","06","","","","Sxw - Oak fern","","",7.00,10/11/2000 0:00:00,,800.00,"ICH mk 1 /06","","Tsughet-Thujpli-Hylospl","",,0
801.00,"07","ICH mk 1","NEL","ICH","mk1","mk","1","","07","","","","Sxw - Horsetail","","",7.00,10/11/2000 0:00:00,,801.00,"ICH mk 1 /07","Thujpli-Piceene-Abielas-Paximyr","Thujpli-Piceene-Rubupar","npe",,0
802.00,"08","ICH mk 1","NEL","ICH","mk1","mk","1","","08","","","","Sedge - Cinquefoil","","",7.00,10/11/2000 0:00:00,,802.00,"ICH mk 1 /08","Piceene-Gymndry","Piceene-Gymndry","",,0
803.00,"01","ICH mw 1","NEL","ICH","mw1","mw","1","","01","","","","HwCw - Falsebox - Feathermoss","","",7.00,10/11/2000 0:00:00,,803.00,"ICH mw 1 /01","","Tsughet-Thujpli-Hylospl","",,0
804.00,"02","ICH mw 1","NEL","ICH","mw1","mw","1","","02","","","","Pl - Juniper - Twinflower","","",7.00,10/11/2000 0:00:00,,804.00,"ICH mw 1 /02","Pinucon-Arctuva-Pleusch","Pinucon-Pleusch","",,0
805.00,"03","ICH mw 1","NEL","ICH","mw1","mw","1","","03","","","","HwCw - Falsebox - Pipecleaner moss","","",7.00,10/11/2000 0:00:00,,805.00,"ICH mw 1 /03","","Tsughet-Thujpli-Hylospl","",,0
806.00,"04","ICH mw 1","NEL","ICH","mw1","mw","1","","04","","","","CwFd - Soopolallie - Douglas maple","","",7.00,10/11/2000 0:00:00,,806.00,"ICH mw 1 /04","Pseumen-Thujpli-Tsughet-Paximyr","Pseumen-Thujpli-Paximyr","npe",,0
807.00,"05","ICH mw 1","NEL","ICH","mw1","mw","1","","05","","","","CwHw - Devil's club - Lady fern","","",7.00,10/11/2000 0:00:00,,807.00,"ICH mw 1 /05","Thujpli-Oplohor","Thujpli-Tsughet-Oplohor","",,0
808.00,"06","ICH mw 1","NEL","ICH","mw1","mw","1","","06","","","","CwHw - Oval-leaved blueberry - Oak fern","","",7.00,10/11/2000 0:00:00,,808.00,"ICH mw 1 /06","","Thujpli-Tsughet-Gymndry","",,0
809.00,"07","ICH mw 1","NEL","ICH","mw1","mw","1","","07","","","","CwHw - Horsetail","","",7.00,10/11/2000 0:00:00,,809.00,"ICH mw 1 /07","","Thujpli-Tsughet-Equiset","npe",,0
810.00,"01","ICH mw 2","NEL","ICH","mw2","mw","2","","01","","","","HwCw - Falsebox - Feathermoss","","",7.00,10/11/2000 0:00:00,,810.00,"ICH mw 2 /01","","Tsughet-Thujpli-Hylospl","",,0
811.00,"02","ICH mw 2","NEL","ICH","mw2","mw","2","","02","","","","Rhacomitrium - Cladonia","","",7.00,10/11/2000 0:00:00,,811.00,"ICH mw 2 /02","Pseumen-Paximyr-Calarub","Pseumen-Calarub","",,0
812.00,"03","ICH mw 2","NEL","ICH","mw2","mw","2","","03","","","","FdCw - Falsebox - Prince's pine","","",7.00,10/11/2000 0:00:00,,812.00,"ICH mw 2 /03","Pseumen-Thujpli-Paximyr","Pseumen-Thujpli-Paximyr","",,0
813.00,"04","ICH mw 2","NEL","ICH","mw2","mw","2","","04","","","","CwFd - Falsebox","","",7.00,10/11/2000 0:00:00,,813.00,"ICH mw 2 /04","","Thujpli-Tsughet-Gymndry","npe",,0
814.00,"05","ICH mw 2","NEL","ICH","mw2","mw","2","","05","","","","CwHw - Oak fern - Foamflower","","",7.00,10/11/2000 0:00:00,,814.00,"ICH mw 2 /05","","Thujpli-Tsughet-Gymndry","",,0
815.00,"06","ICH mw 2","NEL","ICH","mw2","mw","2","","06","","","","CwHw - Devil's club - Lady fern","","",7.00,10/11/2000 0:00:00,,815.00,"ICH mw 2 /06","Tsughet-Thujpli-Oplohor","Thujpli-Tsughet-Oplohor","",,0
816.00,"07","ICH mw 2","NEL","ICH","mw2","mw","2","","07","","","","CwHw - Horsetail","","",7.00,10/11/2000 0:00:00,,816.00,"ICH mw 2 /07","","Popubal-Oplohor","npe",,0
817.00,"08","ICH mw 2","NEL","ICH","mw2","mw","2","","08","","","","CwSxw - Skunk cabbage","","",7.00,10/11/2000 0:00:00,,817.00,"ICH mw 2 /08","","Popubal-Thujpli-Rubupar","",,0
818.00,"09","ICH mw 2","NEL","ICH","mw2","mw","2","","09","","","","Bluejoint - Sedge","","",7.00,10/11/2000 0:00:00,,818.00,"ICH mw 2 /09","","Thujpli-Tsughet-Equiset","",,0
819.00,"01","ICH mw 3","NEL","ICH","mw3","mw","3","","01","","","","HwCw - Falsebox - Feathermoss","","",5.00,10/11/2000 0:00:00,,819.00,"ICH mw 3 /01","","Tsughet-Thujpli-Hylospl","",,0
820.00,"02","ICH mw 3","NEL","ICH","mw3","mw","3","","02","","","","Fd - Juniper - Cladina","","",5.00,10/11/2000 0:00:00,,820.00,"ICH mw 3 /02","","Pseumen-Junicom","",,0
821.00,"03","ICH mw 3","NEL","ICH","mw3","mw","3","","03","","","","Fd - Pinegrass - Feathermoss","","",5.00,10/11/2000 0:00:00,,821.00,"ICH mw 3 /03","","","",,0
822.00,"04","ICH mw 3","NEL","ICH","mw3","mw","3","","04","","","","CwFd - Soopolallie - Twinflower","","",5.00,10/11/2000 0:00:00,,822.00,"ICH mw 3 /04","Pseumen-Paximyr-Calarub","Pseumen-Calarub","",,0
823.00,"05","ICH mw 3","NEL","ICH","mw3","mw","3","","05","","","","CwFd - Falsebox","","",5.00,10/11/2000 0:00:00,,823.00,"ICH mw 3 /05","Pseumen-Thujpli-Paximyr","Pseumen-Thujpli-Paximyr","",,0
824.00,"06","ICH mw 3","NEL","ICH","mw3","mw","3","","06","","","","CwHw - Oak fern","","",5.00,10/11/2000 0:00:00,,824.00,"ICH mw 3 /06","","Thujpli-Tsughet-Gymndry","npe",,0
825.00,"07","ICH mw 3","NEL","ICH","mw3","mw","3","","07","","","","CwHw - Devil's club - Lady fern","","",5.00,10/11/2000 0:00:00,,825.00,"ICH mw 3 /07","","Thujpli-Tsughet-Equiset","",,0
826.00,"08","ICH mw 3","NEL","ICH","mw3","mw","3","","08","","","","CwSxw - Skunk cabbage","","",5.00,10/11/2000 0:00:00,,826.00,"ICH mw 3 /08","Tsughet-Thujpli-Oplohor","Thujpli-Tsughet-Oplohor","",,0
827.00,"09","ICH mw 3","NEL","ICH","mw3","mw","3","","09","","","","Sedge - Sphagnum","","",5.00,10/11/2000 0:00:00,,827.00,"ICH mw 3 /09","","Popubal-Alnuinc-Equiset","",,0
828.00,"01","ICH vk 1","NEL","ICH","vk1","vk","1","","01","","","","CwHw - Devil's club - Lady fern","","",7.00,10/11/2000 0:00:00,,828.00,"ICH vk 1 /01","Tsughet-Thujpli-Oplohor","Thujpli-Tsughet-Oplohor","",,0
829.00,"03","ICH vk 1","NEL","ICH","vk1","vk","1","","03","","","","HwCw - Falsebox - Feathermoss","","",7.00,10/11/2000 0:00:00,,829.00,"ICH vk 1 /03","","Tsughet-Thujpli-Hylospl","",,0
830.00,"04","ICH vk 1","NEL","ICH","vk1","vk","1","","04","","","","CwHw - Oak fern - Spiny wood fern","","",7.00,10/11/2000 0:00:00,,830.00,"ICH vk 1 /04","","Thujpli-Tsughet-Gymndry","",,0
831.00,"05","ICH vk 1","NEL","ICH","vk1","vk","1","","05","","","","CwSxw - Devil's club - Horsetail","","",7.00,10/11/2000 0:00:00,,831.00,"ICH vk 1 /05","","Thujpli-Tsughet-Gymndry","",,0
832.00,"06","ICH vk 1","NEL","ICH","vk1","vk","1","","06","","","","CwSxw - Skunk cabbage","","",7.00,10/11/2000 0:00:00,,832.00,"ICH vk 1 /06","Piceene-Gymndry","Piceene-Gymndry","",,0
833.00,"01","ICH wk 1","NEL","ICH","wk1","wk","1","","01","","","","CwHw - Oak fern","","",7.00,10/11/2000 0:00:00,,833.00,"ICH wk 1 /01","","Thujpli-Tsughet-Gymndry","",,0
834.00,"02","ICH wk 1","NEL","ICH","wk1","wk","1","","02","","","","Rhacomitrium - Cladonia","","",7.00,10/11/2000 0:00:00,,834.00,"ICH wk 1 /02","","Tsughet-Thujpli-Hylospl","npe",,0
835.00,"04","ICH wk 1","NEL","ICH","wk1","wk","1","","04","","","","HwCw - Falsebox - Feathermoss","","",7.00,10/11/2000 0:00:00,,835.00,"ICH wk 1 /04","","Thujpli-Tsughet-Gymndry","",,0
836.00,"05","ICH wk 1","NEL","ICH","wk1","wk","1","","05","","","","CwHw - Devil's club - Lady fern","","",7.00,10/11/2000 0:00:00,,836.00,"ICH wk 1 /05","Tsughet-Thujpli-Oplohor","Thujpli-Tsughet-Oplohor","",,0
837.00,"06","ICH wk 1","NEL","ICH","wk1","wk","1","","06","","","","CwSxw - Devil's club - Horsetail","","",7.00,10/11/2000 0:00:00,,837.00,"ICH wk 1 /06","Piceene-Gymndry","Piceene-Gymndry","",,0
838.00,"07","ICH wk 1","NEL","ICH","wk1","wk","1","","07","","","","Act - Dogwood - Twinberry","","",7.00,10/11/2000 0:00:00,,838.00,"ICH wk 1 /07","Piceene-Oplohor-Gymndry","Piceene-Gymndry","",,0
839.00,"08","ICH wk 1","NEL","ICH","wk1","wk","1","","08","","","","CwSxw - Skunk cabbage","","",7.00,10/11/2000 0:00:00,,839.00,"ICH wk 1 /08","","Popubal-Alnuinc-Equiset","",,0
840.00,"09","ICH wk 1","NEL","ICH","wk1","wk","1","","09","","","","Sedge - Sphagnum","","",7.00,10/11/2000 0:00:00,,840.00,"ICH wk 1 /09","","Thujpli-Tsughet-Equiset","npe",,0
841.00,"01","IDF dm 1","NEL","IDF","dm1","dm","1","","01","","","","FdPl - Pinegrass - Twinflower","","",7.00,10/11/2000 0:00:00,,841.00,"IDF dm 1 /01","Pseumen-Calarub-Pleusch","Pseumen-Calarub","",,0
842.00,"02","IDF dm 1","NEL","IDF","dm1","dm","1","","02","","","","Bluebunch wheatgrass - Junegrass","","",7.00,10/11/2000 0:00:00,,842.00,"IDF dm 1 /02","Pseumen-Pinupon-Pseuspi-Calarub","Pseumen-Pinupon-Pseuspi","",,0
843.00,"03","IDF dm 1","NEL","IDF","dm1","dm","1","","03","","","","FdPy - Bluebunch wheatgrass - Pinegrass","","",7.00,10/11/2000 0:00:00,,843.00,"IDF dm 1 /03","Pseumen-Calarub","Pseumen-Calarub","",,0
844.00,"04","IDF dm 1","NEL","IDF","dm1","dm","1","","04","","","","Fd - Pinegrass - Kinnikinnick","","",7.00,10/11/2000 0:00:00,,844.00,"IDF dm 1 /04","Pseumen-Calarub","Pseumen-Calarub","",,0
845.00,"05","IDF dm 1","NEL","IDF","dm1","dm","1","","05","","","","FdLw - Spruce - Pinegrass","","",7.00,10/11/2000 0:00:00,,845.00,"IDF dm 1 /05","Piceene-Pseumen-Ribelac","Piceene-Pseumen-Ribelac","",,0
846.00,"06","IDF dm 1","NEL","IDF","dm1","dm","1","","06","","","","SxwFd - Dogwood - Gooseberry","","",7.00,10/11/2000 0:00:00,,846.00,"IDF dm 1 /06","Piceene-Pseumen-Ribelac","Piceene-Pseumen-Ribelac","",,0
847.00,"07","IDF dm 1","NEL","IDF","dm1","dm","1","","07","","","","Sxw - Horsetail","","",7.00,10/11/2000 0:00:00,,847.00,"IDF dm 1 /07","Piceene-Gymndry","Piceene-Gymndry","",,0
848.00,"01","IDF dm 2","NEL","IDF","dm2","dm","2","","01","","","","FdPl - Pinegrass - Twinflower","","",7.00,10/11/2000 0:00:00,,848.00,"IDF dm 2 /01","Pseumen-Calarub-Pleusch","Pseumen-Calarub","",,0
849.00,"02","IDF dm 2","NEL","IDF","dm2","dm","2","","02","","","","Antelope-brush - Bluebunch wheatgrass","","",7.00,10/11/2000 0:00:00,,849.00,"IDF dm 2 /02","","Pseumen-Junicom","",,0
850.00,"03","IDF dm 2","NEL","IDF","dm2","dm","2","","03","","","","Fd - Snowberry - Balsamroot","","",7.00,10/11/2000 0:00:00,,850.00,"IDF dm 2 /03","","Pseumen-Junicom","",,0
851.00,"04","IDF dm 2","NEL","IDF","dm2","dm","2","","04","","","","FdLw - Spruce - Pinegrass","","",7.00,10/11/2000 0:00:00,,851.00,"IDF dm 2 /04","Pseumen-Juniper-Pseuspi","Pseumen-Pseuspi","",,0
852.00,"05","IDF dm 2","NEL","IDF","dm2","dm","2","","05","","","","SxwAt - Sarsaparilla","","",7.00,10/11/2000 0:00:00,,852.00,"IDF dm 2 /05","Pseumen-Calarub","Pseumen-Calarub","",,0
853.00,"06","IDF dm 2","NEL","IDF","dm2","dm","2","","06","","","","Scrub birch - Horsetail","","",7.00,10/11/2000 0:00:00,,853.00,"IDF dm 2 /06","Piceene-Spirbet-Pleusch","Piceene-Loniinv","",,0
854.00,"07","IDF dm 2","NEL","IDF","dm2","dm","2","","07","","","","Sxw - Horsetail","","",7.00,10/11/2000 0:00:00,,854.00,"IDF dm 2 /07","","Piceene-Pseumen-Rosaaci","",,0
855.00,"01","IDF xh 1","NEL","IDF","xh1","xh","1","","01","","","","FdPy - Pinegrass","","",5.00,10/11/2000 0:00:00,"38748",855.00,"IDF xh 1 /01","Pseumen-Pinupon-Calarub","Pseumen-Pinupon-Calarub","",,0
856.00,"02","IDF xh 1","NEL","IDF","xh1","xh","1","","02","","","","FdPy - Bluebunch wheatgrass - Balsamroot","","",5.00,10/11/2000 0:00:00,"38748",856.00,"IDF xh 1 /02","Pseumen-Pinupon-Pseuspi-Calarub","Pseumen-Pinupon-Pseuspi","npe",,0
857.00,"03","IDF xh 1","NEL","IDF","xh1","xh","1","","03","","","","FdPy - Bluebunch wheatgrass - Pinegrass","","",5.00,10/11/2000 0:00:00,"38748",857.00,"IDF xh 1 /03","Pseumen-Pinupon-Pseuspi","Pseumen-Pinupon-Pseuspi","",,0
858.00,"04","IDF xh 1","NEL","IDF","xh1","xh","1","","04","","","","FdPy - Snowbrush - Pinegrass","","",5.00,10/11/2000 0:00:00,"38748",858.00,"IDF xh 1 /04","Pseumen-Pinupon-Pseuspi","Pseumen-Pinupon-Pseuspi","",,0
859.00,"05","IDF xh 1","NEL","IDF","xh1","xh","1","","05","","","","FdPy - Pinegrass - Idaho fescue","","",5.00,10/11/2000 0:00:00,"38748",859.00,"IDF xh 1 /05","Pseumen-Pinupon-Pseuspi-Calarub","Pseumen-Pinupon-Pseuspi","",,0
860.00,"06","IDF xh 1","NEL","IDF","xh1","xh","1","","06","","","","FdPy - Spirea - Feathermoss","","",5.00,10/11/2000 0:00:00,"38748",860.00,"IDF xh 1 /06","","Pseumen-Pleusch","",,0
861.00,"07","IDF xh 1","NEL","IDF","xh1","xh","1","","07","","","","FdPy - Snowberry - Spirea","","",5.00,10/11/2000 0:00:00,"38748",861.00,"IDF xh 1 /07","Pseumen-Pinupon-Sympalb","Pseumen-Pinupon-Calarub","",,0
862.00,"08","IDF xh 1","NEL","IDF","xh1","xh","1","","08","","","","SxwFd - Douglas maple - Dogwood","","",5.00,10/11/2000 0:00:00,"38748",862.00,"IDF xh 1 /08","","","npe",,0
863.00,"09","IDF xh 1","NEL","IDF","xh1","xh","1","","09","","","","Willow - Sedge","","",5.00,10/11/2000 0:00:00,"38748",863.00,"IDF xh 1 /09","","Thujpli-Pseumen-Paximyr","npe",,0
864.00,"01","MS  dk","NEL","MS","dk","dk","","","01","","","","Sxw - Soopolallie - Grouseberry","","",7.00,10/11/2000 0:00:00,,864.00,"MS  dk   /01","","","",,0
865.00,"02","MS  dk","NEL","MS","dk","dk","","","02","","","","Saskatoon - Bluebunch wheatgrass","","",7.00,10/11/2000 0:00:00,,865.00,"MS  dk   /02","","","",,0
866.00,"03","MS  dk","NEL","MS","dk","dk","","","03","","","","Pl - Juniper - Pinegrass","","",7.00,10/11/2000 0:00:00,,866.00,"MS  dk   /03","","","",,0
867.00,"04","MS  dk","NEL","MS","dk","dk","","","04","","","","Pl - Oregon-grape - Pinegrass","","",7.00,10/11/2000 0:00:00,,867.00,"MS  dk   /04","","","",,0
868.00,"05","MS  dk","NEL","MS","dk","dk","","","05","","","","Sxw - Soopolallie - Snowberry","","",7.00,10/11/2000 0:00:00,,868.00,"MS  dk   /05","","","",,0
869.00,"06","MS  dk","NEL","MS","dk","dk","","","06","","","","Sxw - Dogwood - Horsetail","","",7.00,10/11/2000 0:00:00,,869.00,"MS  dk   /06","","","",,0
870.00,"07","MS  dk","NEL","MS","dk","dk","","","07","","","","Sxw - Scrub birch - Sedge","","",7.00,10/11/2000 0:00:00,,870.00,"MS  dk   /07","","","",,0
871.00,"01","MS  dm 1","NEL","MS","dm1","dm","1","","01","","","","Sxw - Falsebox - Feathermoss","","",7.00,10/11/2000 0:00:00,,871.00,"MS  dm 1 /01","Piceene-Paximyr-Vaccmem-Orthsec","Piceene-Vaccmem-Orthsec-Pleusch","npe",,0
872.00,"02","MS  dm 1","NEL","MS","dm1","dm","1","","02","","","","Fd - Penstemon - Pinegrass","","",7.00,10/11/2000 0:00:00,,872.00,"MS  dm 1 /02","","Pseumen-Junicom","",,0
873.00,"03","MS  dm 1","NEL","MS","dm1","dm","1","","03","","","","Pl - Grouseberry - Cladonia","","",7.00,10/11/2000 0:00:00,,873.00,"MS  dm 1 /03","","Pinucon-Vaccsco","",,0
874.00,"04","MS  dm 1","NEL","MS","dm1","dm","1","","04","","","","Pl - Pinegrass - Kinnikinnick","","",7.00,10/11/2000 0:00:00,,874.00,"MS  dm 1 /04","Pinucon-Vaccsco-Calarub","Pinucon-Calarub-Vaccsco","",,0
875.00,"05","MS  dm 1","NEL","MS","dm1","dm","1","","05","","","","Sxw - Trapper's tea - Grouseberry","","",7.00,10/11/2000 0:00:00,,875.00,"MS  dm 1 /05","","Piceene-Ledugla-Vaccsco","",,0
876.00,"06","MS  dm 1","NEL","MS","dm1","dm","1","","06","","","","Sxw - Gooseberry","","",7.00,10/11/2000 0:00:00,,876.00,"MS  dm 1 /06","","Piceene-Ledugla-Vaccsco","",,0
877.00,"07","MS  dm 1","NEL","MS","dm1","dm","1","","07","","","","Sxw - Trapper's tea - Horsetail","","",7.00,10/11/2000 0:00:00,,877.00,"MS  dm 1 /07","Piceene-Ribelac","Piceene-Ribelac","",,0
878.00,"08","MS  dm 1","NEL","MS","dm1","dm","1","","08","","","","Sxw - Gooseberry - Oak fern","","",7.00,10/11/2000 0:00:00,,878.00,"MS  dm 1 /08","Piceene-Gymndry","Piceene-Gymndry","",,0
879.00,"09","MS  dm 1","NEL","MS","dm1","dm","1","","09","","","","Willow - Sedge","","",7.00,10/11/2000 0:00:00,,879.00,"MS  dm 1 /09","Piceene-Equiset-Aulapal","Piceene-Equiset","",,0
880.00,"01","PP  dh 1","NEL","PP","dh1","dh","1","","01","","","","Py - Bluebunch wheatgrass - Junegrass","","",7.00,10/11/2000 0:00:00,,880.00,"PP  dh 1 /01","","","",,0
881.00,"02","PP  dh 1","NEL","PP","dh1","dh","1","","02","","","","Selaginella - Bluebunch wheatgrass - Blue-eyed Mary","","",7.00,10/11/2000 0:00:00,,881.00,"PP  dh 1 /02","","","",,0
882.00,"03","PP  dh 1","NEL","PP","dh1","dh","1","","03","","","","Bluebunch wheatgrass - Balsamroot","","",7.00,10/11/2000 0:00:00,,882.00,"PP  dh 1 /03","","","",,0
883.00,"04","PP  dh 1","NEL","PP","dh1","dh","1","","04","","","","FdPy - Ninebark","","",7.00,10/11/2000 0:00:00,,883.00,"PP  dh 1 /04","","","",,0
884.00,"05","PP  dh 1","NEL","PP","dh1","dh","1","","05","","","","PyAct - Snowberry - Kentucky bluegrass","","",7.00,10/11/2000 0:00:00,,884.00,"PP  dh 1 /05","","","",,0
885.00,"06","PP  dh 1","NEL","PP","dh1","dh","1","","06","","","","AtAct - Snowberry - Horsetail","","",7.00,10/11/2000 0:00:00,,885.00,"PP  dh 1 /06","","","",,0
886.00,"01","PP  dh 2","NEL","PP","dh2","dh","2","","01","","","","Py - Bluebunch wheatgrass - Junegrass","","",7.00,10/11/2000 0:00:00,,886.00,"PP  dh 2 /01","","","",,0
887.00,"02","PP  dh 2","NEL","PP","dh2","dh","2","","02","","","","Bluebunch wheatgrass - Junegrass","","",7.00,10/11/2000 0:00:00,,887.00,"PP  dh 2 /02","","","NA",,0
888.00,"02a","PP  dh 2","NEL","PP","dh2","dh","2","","02","a","","","Bluebunch wheatgrass - Junegrass, X-SX","","",7.00,10/11/2000 0:00:00,,888.00,"PP  dh 2 /02a","","","",,0
889.00,"02b","PP  dh 2","NEL","PP","dh2","dh","2","","02","b","","","Bluebunch wheatgrass - Junegrass, SM-M","","",7.00,10/11/2000 0:00:00,,889.00,"PP  dh 2 /02b","","","",,0
890.00,"03","PP  dh 2","NEL","PP","dh2","dh","2","","03","","","","PyAt - Rose - Solomon's-seal","","",7.00,10/11/2000 0:00:00,,890.00,"PP  dh 2 /03","","","",,0
891.00,"04","PP  dh 2","NEL","PP","dh2","dh","2","","04","","","","Act - Dogwood - Nootka rose","","",7.00,10/11/2000 0:00:00,,891.00,"PP  dh 2 /04","","","",,0
952.00,"01","ESSFmc","PG","ESSF","mc","mc","","","01","","","","Bl - Huckleberry - Leafy liverwort","","",8.00,10/11/2000 0:00:00,,952.00,"ESSFmc   /01","Abielas-Vaccmem-Pleusch","Abielas-Vaccmem","",,0
953.00,"01a","ESSFmc","PG","ESSF","mc","mc","","","01","a","","","Bl - Huckleberry - Leafy liverwort, Medium-textured","","",8.00,10/11/2000 0:00:00,,953.00,"ESSFmc   /01a","","","",,0
954.00,"01b","ESSFmc","PG","ESSF","mc","mc","","","01","b","","","Bl - Huckleberry - Leafy liverwort, Fine-textured","","",8.00,10/11/2000 0:00:00,,954.00,"ESSFmc   /01b","","","",,0
955.00,"02","ESSFmc","PG","ESSF","mc","mc","","","02","","","","BlPl - Juniper - Cladonia","","",8.00,10/11/2000 0:00:00,,955.00,"ESSFmc   /02","Abielas-Cladoni","Abielas-Cladoni","",,0
956.00,"03","ESSFmc","PG","ESSF","mc","mc","","","03","","","","Bl - Huckleberry - Crowberry","","",8.00,10/11/2000 0:00:00,,956.00,"ESSFmc   /03","Abielas-Vaccmem","Abielas-Vaccmem","",,0
957.00,"04","ESSFmc","PG","ESSF","mc","mc","","","04","","","","Bl - Huckleberry - Heron's-bill","","",8.00,10/11/2000 0:00:00,,957.00,"ESSFmc   /04","Abielas-Vaccmem-Pleusch","Abielas-Vaccmem","",,0
958.00,"05","ESSFmc","PG","ESSF","mc","mc","","","05","","","","Bl - Huckleberry - Thimbleberry","","",8.00,10/11/2000 0:00:00,,958.00,"ESSFmc   /05","Abielas-Vaccmem-Pleusch","Abielas-Vaccmem","",,0
959.00,"06","ESSFmc","PG","ESSF","mc","mc","","","06","","","","Bl - Oak fern - Heron's-bill","","",8.00,10/11/2000 0:00:00,,959.00,"ESSFmc   /06","Abielas-Menzfer-Gymndry","Abielas-Gymndry","",,0
960.00,"07","ESSFmc","PG","ESSF","mc","mc","","","07","","","","Bl - Devil's club - Lady fern","","",8.00,10/11/2000 0:00:00,,960.00,"ESSFmc   /07","","Abielas-Oplohor","",,0
961.00,"08","ESSFmc","PG","ESSF","mc","mc","","","08","","","","Bl - Valerian - Sickle moss","","",8.00,10/11/2000 0:00:00,,961.00,"ESSFmc   /08","Abielas-Valesit-Strepto","Abielas-Valesit","",,0
962.00,"09","ESSFmc","PG","ESSF","mc","mc","","","09","","","","Bl - Horsetail - Glow moss","","",8.00,10/11/2000 0:00:00,,962.00,"ESSFmc   /09","Abielas-Equiset","Abielas-Equiset","",,0
963.00,"10","ESSFmc","PG","ESSF","mc","mc","","","10","","","","Bl - Horsetail - Leafy moss","","",8.00,10/11/2000 0:00:00,,963.00,"ESSFmc   /10","Abielas-Gymndry-Equiset","Abielas-Equiset","",,0
964.00,"31","ESSFmc","PG","ESSF","mc","mc","","","31","","","","Non-forested wetland","","",8.00,10/11/2000 0:00:00,,964.00,"ESSFmc   /31","","","npe",,0
965.00,"51","ESSFmc","PG","ESSF","mc","mc","","","51","","","","Avalanche track","","",8.00,10/11/2000 0:00:00,,965.00,"ESSFmc   /51","","","npe",,0
966.00,"01","ESSFmm 1","PG","ESSF","mm1","mm","1","","01","","","","Bl - Azalea - Gooseberry","","",13.00,10/11/2000 0:00:00,,966.00,"ESSFmm 1 /01","Abielas-Menzfer-Vaccmem","Abielas-Menzfer-Vaccmem","missing",,0
967.00,"02","ESSFmm 1","PG","ESSF","mm1","mm","1","","02","","","","Bl - Huckleberry - Feathermoss","","",13.00,10/11/2000 0:00:00,,967.00,"ESSFmm 1 /02","Abielas-Vaccmem-Pleusch","Abielas-Vaccmem","missing",,0
968.00,"03","ESSFmm 1","PG","ESSF","mm1","mm","1","","03","","","","BlPl - Cladina","","",13.00,10/11/2000 0:00:00,,968.00,"ESSFmm 1 /03","Abielas-Cladoni","Abielas-Cladoni","missing",,0
969.00,"04","ESSFmm 1","PG","ESSF","mm1","mm","1","","04","","","","Bl - Azalea - Rhododendron","","",13.00,10/11/2000 0:00:00,,969.00,"ESSFmm 1 /04","Abielas-Menzfer-Vaccmem","Abielas-Menzfer-Vaccmem","missing",,0
970.00,"05","ESSFmm 1","PG","ESSF","mm1","mm","1","","05","","","","Bl - Oak fern - Bramble","","",13.00,10/11/2000 0:00:00,,970.00,"ESSFmm 1 /05","Abielas-Menzfer-Gymndry","Abielas-Gymndry","missing",,0
971.00,"06","ESSFmm 1","PG","ESSF","mm1","mm","1","","06","","","","Bl - Devil's club - Lady fern","","",13.00,10/11/2000 0:00:00,,971.00,"ESSFmm 1 /06","","Abielas-Oplohor","missing",,0
972.00,"07","ESSFmm 1","PG","ESSF","mm1","mm","1","","07","","","","Bl - Labrador tea - Horsetail","","",13.00,10/11/2000 0:00:00,,972.00,"ESSFmm 1 /07","","","missing",,0
973.00,"01","ESSFmv 1","PG","ESSF","mv1","mv","1","","01","","","","Bl - Rhododendron - Feathermoss","","",9.00,10/11/2000 0:00:00,,973.00,"ESSFmv 1 /01","Abielas-Rhodalb-Ptilcri","Abielas-Rhodalb-Vaccmem","NA",,0
974.00,"02","ESSFmv 1","PG","ESSF","mv1","mv","1","","02","","","","Pl - Huckleberry - Cladonia","","",9.00,10/11/2000 0:00:00,,974.00,"ESSFmv 1 /02","Abielas-Pleusch-Cladoni","Abielas-Cladoni","NA",,0
975.00,"03","ESSFmv 1","PG","ESSF","mv1","mv","1","","03","","","","Bl - Huckleberry - Feathermoss","","",9.00,10/11/2000 0:00:00,,975.00,"ESSFmv 1 /03","Abielas-Vaccmem-Pleusch","Abielas-Vaccmem","NA",,0
976.00,"04","ESSFmv 1","PG","ESSF","mv1","mv","1","","04","","","","Bl - Huckleberry - Gooseberry","","",9.00,10/11/2000 0:00:00,,976.00,"ESSFmv 1 /04","Abielas-Vaccmem-Pleusch","Abielas-Vaccmem","NA",,0
977.00,"05","ESSFmv 1","PG","ESSF","mv1","mv","1","","05","","","","Bl - Horsetail - Glow moss","","",9.00,10/11/2000 0:00:00,,977.00,"ESSFmv 1 /05","Abielas-Equiset","Abielas-Equiset","NA",,0
978.00,"01","ESSFmv 2","PG","ESSF","mv2","mv","2","","01","","","","Bl - Rhododendron - Feathermoss","","",10.00,10/11/2000 0:00:00,,978.00,"ESSFmv 2 /01","Abielas-Rhodalb-Ptilcri","Abielas-Rhodalb-Vaccmem","",,0
979.00,"02","ESSFmv 2","PG","ESSF","mv2","mv","2","","02","","","","Bl - Lingonberry","","",10.00,10/11/2000 0:00:00,,979.00,"ESSFmv 2 /02","Abielas-Rhodalb-Ptilcri","Abielas-Rhodalb-Vaccmem","",,0
980.00,"03","ESSFmv 2","PG","ESSF","mv2","mv","2","","03","","","","BlSb - Labrador tea","","",10.00,10/11/2000 0:00:00,,980.00,"ESSFmv 2 /03","","Abielas-Picemar-Ledugro","",,0
981.00,"04","ESSFmv 2","PG","ESSF","mv2","mv","2","","04","","","","Bl - Oak fern - Knight's plume","","",10.00,10/11/2000 0:00:00,,981.00,"ESSFmv 2 /04","Abielas-Rhodalb-Gymndry","Abielas-Gymndry","",,0
982.00,"05","ESSFmv 2","PG","ESSF","mv2","mv","2","","05","","","","Bl - Devil's club - Rhododendron","","",10.00,10/11/2000 0:00:00,,982.00,"ESSFmv 2 /05","","","",,0
983.00,"06","ESSFmv 2","PG","ESSF","mv2","mv","2","","06","","","","Bl - Alder - Horsetail","","",10.00,10/11/2000 0:00:00,,983.00,"ESSFmv 2 /06","Abielas-Equiset","Abielas-Equiset","npe",,0
984.00,"01","ESSFmv 3","PG","ESSF","mv3","mv","3","","01","","","","Bl - Rhododendron - Feathermoss","","",16.00,10/11/2000 0:00:00,,984.00,"ESSFmv 3 /01","Abielas-Rhodalb-Ptilcri","Abielas-Rhodalb-Vaccmem","missing",,0
985.00,"02","ESSFmv 3","PG","ESSF","mv3","mv","3","","02","","","","BlPl - Crowberry - Cladina","","",16.00,10/11/2000 0:00:00,,985.00,"ESSFmv 3 /02","Abielas-Pleusch-Cladoni","Abielas-Cladoni","missing",,0
986.00,"03","ESSFmv 3","PG","ESSF","mv3","mv","3","","03","","","","BlSb - Labrador tea","","",16.00,10/11/2000 0:00:00,,986.00,"ESSFmv 3 /03","","Abielas-Picemar-Ledugro","missing",,0
987.00,"04","ESSFmv 3","PG","ESSF","mv3","mv","3","","04","","","","Bl - Oak fern - Knight's plume","","",16.00,10/11/2000 0:00:00,,987.00,"ESSFmv 3 /04","Abielas-Rhodalb-Gymndry","Abielas-Gymndry","missing",,0
988.00,"05","ESSFmv 3","PG","ESSF","mv3","mv","3","","05","","","","Bl - Devil's club - Rhododendron","","",16.00,10/11/2000 0:00:00,,988.00,"ESSFmv 3 /05","","Abielas-Oplohor","missing",,0
989.00,"06","ESSFmv 3","PG","ESSF","mv3","mv","3","","06","","","","Sxw - Huckleberry - Highbush-cranberry","","",16.00,10/11/2000 0:00:00,,989.00,"ESSFmv 3 /06","Piceene-Vaccmem","Piceene-Vaccmem","missing",,0
990.00,"07","ESSFmv 3","PG","ESSF","mv3","mv","3","","07","","","","Bl - Horsetail - Feathermoss","","",16.00,10/11/2000 0:00:00,,990.00,"ESSFmv 3 /07","Abielas-Gymndry-Equiset","Abielas-Equiset","missing",,0
991.00,"01","ESSFmv 4","PG","ESSF","mv4","mv","4","","01","","","","Bl - Rhododendron - Feathermoss","","",10.00,10/11/2000 0:00:00,,991.00,"ESSFmv 4 /01","Abielas-Rhodalb-Ptilcri","Abielas-Rhodalb-Vaccmem","",,0
992.00,"02","ESSFmv 4","PG","ESSF","mv4","mv","4","","02","","","","BlPl - Crowberry - Cladina","","",10.00,10/11/2000 0:00:00,,992.00,"ESSFmv 4 /02","Abielas-Pleusch-Cladoni","Abielas-Cladoni","",,0
993.00,"03","ESSFmv 4","PG","ESSF","mv4","mv","4","","03","","","","BlSb - Labrador tea","","",10.00,10/11/2000 0:00:00,,993.00,"ESSFmv 4 /03","","Abielas-Picemar-Ledugro","",,0
994.00,"04","ESSFmv 4","PG","ESSF","mv4","mv","4","","04","","","","Bl - Rhododendron - Horsetail","","",10.00,10/11/2000 0:00:00,,994.00,"ESSFmv 4 /04","Abielas-Rhodalb-Ptilcri","Abielas-Rhodalb-Vaccmem","",,0
995.00,"05","ESSFmv 4","PG","ESSF","mv4","mv","4","","05","","","","Bl - Alder - Horsetail","","",10.00,10/11/2000 0:00:00,,995.00,"ESSFmv 4 /05","Abielas-Equiset","Abielas-Equiset","",,0
996.00,"01","ESSFwc 2","PG","ESSF","wc2","wc","2","","01","","","","Bl - Azalea - Oak fern","","",13.00,10/11/2000 0:00:00,,996.00,"ESSFwc 2 /01","Abielas-Rhodalb-Gymndry","Abielas-Gymndry","missing",,0
997.00,"02","ESSFwc 2","PG","ESSF","wc2","wc","2","","02","","","","Pl - Huckleberry - Cladonia","","",13.00,10/11/2000 0:00:00,,997.00,"ESSFwc 2 /02","Abielas-Vaccmem","Abielas-Vaccmem","missing",,0
998.00,"03","ESSFwc 2","PG","ESSF","wc2","wc","2","","03","","","","Bl - Huckleberry - Arnica","","",13.00,10/11/2000 0:00:00,,998.00,"ESSFwc 2 /03","Abielas-Rhodalb-Vaccmem","Abielas-Rhodalb-Vaccmem","missing",,0
999.00,"04","ESSFwc 2","PG","ESSF","wc2","wc","2","","04","","","","Bl - Rhododendron - Heron's-bill","","",13.00,10/11/2000 0:00:00,,999.00,"ESSFwc 2 /04","Abielas-Gymndry","Abielas-Gymndry","missing",,0
1000.00,"05","ESSFwc 2","PG","ESSF","wc2","wc","2","","05","","","","Bl - Azalea - Feathermoss","","",13.00,10/11/2000 0:00:00,,1000.00,"ESSFwc 2 /05","","Abielas-Oplohor","missing",,0
1001.00,"06","ESSFwc 2","PG","ESSF","wc2","wc","2","","06","","","","Bl - Valerian - Oak fern","","",13.00,10/11/2000 0:00:00,,1001.00,"ESSFwc 2 /06","Abielas-Gymndry","Abielas-Gymndry","missing",,0
1002.00,"07","ESSFwc 2","PG","ESSF","wc2","wc","2","","07","","","","Bl - Devil's club - Lady fern","","",13.00,10/11/2000 0:00:00,,1002.00,"ESSFwc 2 /07","Abielas-Valesit-Strepto","Abielas-Valesit","missing",,0
1003.00,"08","ESSFwc 2","PG","ESSF","wc2","wc","2","","08","","","","Bl - Horsetail - Sphagnum","","",13.00,10/11/2000 0:00:00,,1003.00,"ESSFwc 2 /08","","Pinucon-Carepau-Sphagnu","missing",,0
1004.00,"09","ESSFwc 2","PG","ESSF","wc2","wc","2","","09","","","","Pl - Dwarf blueberry - Sphagnum","","",13.00,10/11/2000 0:00:00,,1004.00,"ESSFwc 2 /09","Abielas-Gymndry-Equiset","Abielas-Equiset","missing",,0
1005.00,"10","ESSFwc 2","PG","ESSF","wc2","wc","2","","10","","","","Sedge - Sphagnum","","",13.00,10/11/2000 0:00:00,,1005.00,"ESSFwc 2 /10","Abielas-Calacan-Equiset","Abielas-Equiset","missing",,0
1006.00,"01","ESSFwc 3","PG","ESSF","wc3","wc","3","","01","","","","Bl - Rhododendron - Oak fern","","",10.00,10/11/2000 0:00:00,,1006.00,"ESSFwc 3 /01","Abielas-Rhodalb-Gymndry","Abielas-Gymndry","",,0
1007.00,"02","ESSFwc 3","PG","ESSF","wc3","wc","3","","02","","","","Bl - Rhododendron - Queen's cup","","",10.00,10/11/2000 0:00:00,,1007.00,"ESSFwc 3 /02","Abielas-Rhodalb-Vaccmem","Abielas-Rhodalb-Vaccmem","npe",,0
1008.00,"03","ESSFwc 3","PG","ESSF","wc3","wc","3","","03","","","","Bl - Globeflower - Horsetail","","",10.00,10/11/2000 0:00:00,,1008.00,"ESSFwc 3 /03","Abielas-Valesit-Strepto","Abielas-Valesit","npe",,0
1009.00,"01","ESSFwk 1","PG","ESSF","wk1","wk","1","","01","","","","Bl - Oak fern - Brachythecium","","",23.00,10/11/2000 0:00:00,,1009.00,"ESSFwk 1 /01","Abielas-Rhodalb-Gymndry","Abielas-Gymndry","missing",,0
1010.00,"02","ESSFwk 1","PG","ESSF","wk1","wk","1","","02","","","","Bl - Huckleberry - Feathermoss","","",23.00,10/11/2000 0:00:00,,1010.00,"ESSFwk 1 /02","Abielas-Vaccmem-Pleusch","Abielas-Vaccmem","missing",,0
1011.00,"03","ESSFwk 1","PG","ESSF","wk1","wk","1","","03","","","","Bl - Oak fern - Knight's plume","","",23.00,10/11/2000 0:00:00,,1011.00,"ESSFwk 1 /03","Abielas-Rhodalb-Gymndry","Abielas-Gymndry","missing",,0
1012.00,"04","ESSFwk 1","PG","ESSF","wk1","wk","1","","04","","","","Bl - Twinberry - Lady fern","","",23.00,10/11/2000 0:00:00,,1012.00,"ESSFwk 1 /04","Abielas-Gymndry","Abielas-Gymndry","missing",,0
1013.00,"05","ESSFwk 1","PG","ESSF","wk1","wk","1","","05","","","","Bl - Devil's club - Lady fern","","",23.00,10/11/2000 0:00:00,,1013.00,"ESSFwk 1 /05","","Abielas-Oplohor","missing",,0
1014.00,"06","ESSFwk 1","PG","ESSF","wk1","wk","1","","06","","","","Bl - Horsetail - Sphagnum","","",23.00,10/11/2000 0:00:00,,1014.00,"ESSFwk 1 /06","Abielas-Equiset","Abielas-Equiset","missing",,0
1015.00,"07","ESSFwk 1","PG","ESSF","wk1","wk","1","","07","","","","Bl - Lady fern - Horsetail","","",23.00,10/11/2000 0:00:00,,1015.00,"ESSFwk 1 /07","Abielas-Gymndry-Equiset","Abielas-Equiset","missing",,0
1016.00,"08","ESSFwk 1","PG","ESSF","wk1","wk","1","","08","","","","Scrub birch - Sedge - Sphagnum","","",,10/11/2000 0:00:00,"37996",1016.00,"ESSFwk 1 /08","","","missing",,0
1017.00,"09","ESSFwk 1","PG","ESSF","wk1","wk","1","","09","","","","Alder - Lady fern","","",,10/11/2000 0:00:00,"37996",1017.00,"ESSFwk 1 /09","","","missing",,0
1018.00,"01","ESSFwk 2","PG","ESSF","wk2","wk","2","","01","","","","Bl - Oak fern - Knight's plume","","",10.00,10/11/2000 0:00:00,,1018.00,"ESSFwk 2 /01","Abielas-Rhodalb-Gymndry","Abielas-Gymndry","",,0
1019.00,"02","ESSFwk 2","PG","ESSF","wk2","wk","2","","02","","","","Bl - Oak fern - Sarsaparilla","","",10.00,10/11/2000 0:00:00,,1019.00,"ESSFwk 2 /02","Abielas-Rhodalb-Gymndry","Abielas-Gymndry","",,0
1020.00,"03","ESSFwk 2","PG","ESSF","wk2","wk","2","","03","","","","Bl - Oak fern - Bluebells","","",10.00,10/11/2000 0:00:00,,1020.00,"ESSFwk 2 /03","Abielas-Rhodalb-Gymndry","Abielas-Gymndry","",,0
1021.00,"04","ESSFwk 2","PG","ESSF","wk2","wk","2","","04","","","","Bl - Devil's club - Rhododendron","","",10.00,10/11/2000 0:00:00,,1021.00,"ESSFwk 2 /04","","Abielas-Oplohor","",,0
1022.00,"05","ESSFwk 2","PG","ESSF","wk2","wk","2","","05","","","","Bl - Rhododendron - Lady fern","","",10.00,10/11/2000 0:00:00,,1022.00,"ESSFwk 2 /05","Abielas-Gymndry","Abielas-Gymndry","",,0
1023.00,"06","ESSFwk 2","PG","ESSF","wk2","wk","2","","06","","","","Bl - Horsetail - Sphagnum","","",10.00,10/11/2000 0:00:00,,1023.00,"ESSFwk 2 /06","Abielas-Gymndry-Equiset","Abielas-Equiset","",,0
1024.00,"31","ESSFwk 2","PG","ESSF","wk2","wk","2","","31","","","","Non-forested bog","","",10.00,10/11/2000 0:00:00,,1024.00,"ESSFwk 2 /31","","","",,0
1025.00,"01","ESSFwv","PG","ESSF","wv","wv","","","01","","","","BlHm - Azalea","","",8.00,10/11/2000 0:00:00,,1025.00,"ESSFwv   /01","Abielas-Menzfer-Vaccmem","Abielas-Menzfer-Vaccmem","",,0
1026.00,"02","ESSFwv","PG","ESSF","wv","wv","","","02","","","","BlPl - Cladonia","","",8.00,10/11/2000 0:00:00,,1026.00,"ESSFwv   /02","","","",,0
1027.00,"03","ESSFwv","PG","ESSF","wv","wv","","","03","","","","BlHm - Feathermoss","","",8.00,10/11/2000 0:00:00,,1027.00,"ESSFwv   /03","Abielas-Menzfer-Vaccmem","Abielas-Menzfer-Vaccmem","",,0
1028.00,"04","ESSFwv","PG","ESSF","wv","wv","","","04","","","","BlHm - Heron's-bill","","",8.00,10/11/2000 0:00:00,,1028.00,"ESSFwv   /04","Abielas-Menzfer-Vaccmem","Abielas-Menzfer-Vaccmem","",,0
1029.00,"05","ESSFwv","PG","ESSF","wv","wv","","","05","","","","Bl - Oak fern - Heron's-bill","","",8.00,10/11/2000 0:00:00,,1029.00,"ESSFwv   /05","Abielas-Menzfer-Gymndry","Abielas-Gymndry","",,0
1030.00,"06","ESSFwv","PG","ESSF","wv","wv","","","06","","","","Bl - Devil's club - Lady fern","","",8.00,10/11/2000 0:00:00,,1030.00,"ESSFwv   /06","","Abielas-Oplohor","",,0
1031.00,"07","ESSFwv","PG","ESSF","wv","wv","","","07","","","","Bl - Valerian - Sickle moss","","",8.00,10/11/2000 0:00:00,,1031.00,"ESSFwv   /07","Abielas-Valesit-Strepto","Abielas-Valesit","",,0
1032.00,"08","ESSFwv","PG","ESSF","wv","wv","","","08","","","","Bl - Horsetail - Glow moss","","",8.00,10/11/2000 0:00:00,,1032.00,"ESSFwv   /08","Abielas-Equiset","Abielas-Equiset","NA",,0
1033.00,"09","ESSFwv","PG","ESSF","wv","wv","","","09","","","","Bl - Lady fern - Horsetail","","",8.00,10/11/2000 0:00:00,,1033.00,"ESSFwv   /09","Abielas-Gymndry-Equiset","Abielas-Equiset","",,0
1034.00,"31","ESSFwv","PG","ESSF","wv","wv","","","31","","","","Non-forested wetland","","",8.00,10/11/2000 0:00:00,,1034.00,"ESSFwv   /31","","","npe",,0
1035.00,"51","ESSFwv","PG","ESSF","wv","wv","","","51","","","","Avalanche track","","",8.00,10/11/2000 0:00:00,,1035.00,"ESSFwv   /51","","","npe",,0
1036.00,"01","ICH mm","PG","ICH","mm","mm","","","01","","","","HwCw - Spruce - Step moss","","",13.00,10/11/2000 0:00:00,,1036.00,"ICH mm   /01","","Tsughet-Thujpli-Hylospl","missing",,0
1037.00,"02","ICH mm","PG","ICH","mm","mm","","","02","","","","CwSxw - Soopolallie","","",13.00,10/11/2000 0:00:00,,1037.00,"ICH mm   /02","","Thujpli-Piceene-Paximyr","missing",,0
1038.00,"03","ICH mm","PG","ICH","mm","mm","","","03","","","","HwCw - Step moss","","",13.00,10/11/2000 0:00:00,,1038.00,"ICH mm   /03","","Tsughet-Thujpli-Hylospl","missing",,0
1039.00,"04","ICH mm","PG","ICH","mm","mm","","","04","","","","CwHw - Oak fern","","",13.00,10/11/2000 0:00:00,,1039.00,"ICH mm   /04","","Thujpli-Tsughet-Gymndry","missing",,0
1040.00,"05","ICH mm","PG","ICH","mm","mm","","","05","","","","CwHw - Devil's club - Oak fern","","",13.00,10/11/2000 0:00:00,,1040.00,"ICH mm   /05","Tsughet-Thujpli-Oplohor","Thujpli-Tsughet-Oplohor","missing",,0
1041.00,"06","ICH mm","PG","ICH","mm","mm","","","06","","","","CwSxw - Devil's club - Horsetail","","",13.00,10/11/2000 0:00:00,,1041.00,"ICH mm   /06","","Thujpli-Piceene-Oplohor","missing",,0
1042.00,"07","ICH mm","PG","ICH","mm","mm","","","07","","","","SbPl - Bog-laurel - Sphagnum","","",13.00,10/11/2000 0:00:00,,1042.00,"ICH mm   /07","","","missing",,0
1043.00,"08","ICH mm","PG","ICH","mm","mm","","","08","","","","CwSxw - Skunk cabbage - Sphagnum","","",13.00,10/11/2000 0:00:00,,1043.00,"ICH mm   /08","","","missing",,0
1044.00,"01","ICH vk 2","PG","ICH","vk2","vk","2","","01","","","","CwHw - Devil's club - Lady fern","","",23.00,10/11/2000 0:00:00,,1044.00,"ICH vk 2 /01","Tsughet-Thujpli-Oplohor","Thujpli-Tsughet-Oplohor","missing",,0
1045.00,"02","ICH vk 2","PG","ICH","vk2","vk","2","","02","","","","HwCw - Cladonia","","",23.00,10/11/2000 0:00:00,,1045.00,"ICH vk 2 /02","","Tsughet-Thujpli-Cladoni","missing",,0
1046.00,"03","ICH vk 2","PG","ICH","vk2","vk","2","","03","","","","HwCw - Step moss","","",23.00,10/11/2000 0:00:00,,1046.00,"ICH vk 2 /03","","Tsughet-Thujpli-Hylospl","missing",,0
1047.00,"04","ICH vk 2","PG","ICH","vk2","vk","2","","04","","","","CwHw - Oak fern","","",23.00,10/11/2000 0:00:00,,1047.00,"ICH vk 2 /04","","Thujpli-Tsughet-Gymndry","missing",,0
1048.00,"05","ICH vk 2","PG","ICH","vk2","vk","2","","05","","","","Cw - Devil's club - Ostrich fern","","",23.00,10/11/2000 0:00:00,,1048.00,"ICH vk 2 /05","Thujpli-Oplohor","Thujpli-Tsughet-Oplohor","missing",,0
1049.00,"06","ICH vk 2","PG","ICH","vk2","vk","2","","06","","","","CwSxw - Skunk cabbage","","",23.00,10/11/2000 0:00:00,,1049.00,"ICH vk 2 /06","","Thujpli-Abielas-Lysiame","missing",,0
1050.00,"07","ICH vk 2","PG","ICH","vk2","vk","2","","07","","","","Sb - Sphagnum","","",23.00,10/11/2000 0:00:00,,1050.00,"ICH vk 2 /07","","","missing",,0
1051.00,"01","ICH wk 1","PG","ICH","wk1","wk","1","","01","","","","CwHw - Oak fern","","",13.00,10/11/2000 0:00:00,,1051.00,"ICH wk 1 /01","","Thujpli-Tsughet-Gymndry","missing",,0
1052.00,"02","ICH wk 1","PG","ICH","wk1","wk","1","","02","","","","Rhacomitrium - Cladonia","","",13.00,10/11/2000 0:00:00,,1052.00,"ICH wk 1 /02","","Tsughet-Thujpli-Hylospl","missing",,0
1053.00,"03","ICH wk 1","PG","ICH","wk1","wk","1","","03","","","","PlHw - Velvet-leaved blueberry","","",13.00,10/11/2000 0:00:00,,1053.00,"ICH wk 1 /03","","Tsughet-Thujpli-Hylospl","missing",,0
1054.00,"04","ICH wk 1","PG","ICH","wk1","wk","1","","04","","","","HwCw - Falsebox - Feathermoss","","",13.00,10/11/2000 0:00:00,,1054.00,"ICH wk 1 /04","","Thujpli-Tsughet-Gymndry","missing",,0
1055.00,"05","ICH wk 1","PG","ICH","wk1","wk","1","","05","","","","CwHw - Devil's club - Lady fern","","",13.00,10/11/2000 0:00:00,,1055.00,"ICH wk 1 /05","Tsughet-Thujpli-Oplohor","Thujpli-Tsughet-Oplohor","missing",,0
1056.00,"06","ICH wk 1","PG","ICH","wk1","wk","1","","06","","","","CwSxw - Devil's club - Horsetail","","",13.00,10/11/2000 0:00:00,,1056.00,"ICH wk 1 /06","Piceene-Gymndry","Piceene-Gymndry","missing",,0
1057.00,"07","ICH wk 1","PG","ICH","wk1","wk","1","","07","","","","Act - Dogwood - Twinberry","","",13.00,10/11/2000 0:00:00,,1057.00,"ICH wk 1 /07","Piceene-Oplohor-Gymndry","Piceene-Gymndry","missing",,0
1058.00,"08","ICH wk 1","PG","ICH","wk1","wk","1","","08","","","","CwSxw - Skunk cabbage","","",13.00,10/11/2000 0:00:00,,1058.00,"ICH wk 1 /08","","Popubal-Alnuinc-Equiset","missing",,0
1059.00,"09","ICH wk 1","PG","ICH","wk1","wk","1","","09","","","","Sedge - Sphagnum","","",13.00,10/11/2000 0:00:00,,1059.00,"ICH wk 1 /09","","Thujpli-Tsughet-Equiset","missing",,0
1060.00,"01","ICH wk 3","PG","ICH","wk3","wk","3","","01","","","","CwHw - Oak fern","","",13.00,10/11/2000 0:00:00,,1060.00,"ICH wk 3 /01","","Thujpli-Tsughet-Gymndry","missing",,0
1061.00,"02","ICH wk 3","PG","ICH","wk3","wk","3","","02","","","","Hw - Azalea - Cladonia","","",13.00,10/11/2000 0:00:00,,1061.00,"ICH wk 3 /02","","Tsughet-Thujpli-Cladoni","missing",,0
1062.00,"03","ICH wk 3","PG","ICH","wk3","wk","3","","03","","","","CwSxw - Prince's pine - Cat's-tail moss","","",13.00,10/11/2000 0:00:00,,1062.00,"ICH wk 3 /03","","Tsughet-Thujpli-Hylospl","missing",,0
1063.00,"04","ICH wk 3","PG","ICH","wk3","wk","3","","04","","","","HwCw - Step moss","","",13.00,10/11/2000 0:00:00,,1063.00,"ICH wk 3 /04","","Tsughet-Thujpli-Hylospl","missing",,0
1064.00,"05","ICH wk 3","PG","ICH","wk3","wk","3","","05","","","","CwHw - Devil's club - Lady fern","","",13.00,10/11/2000 0:00:00,,1064.00,"ICH wk 3 /05","Tsughet-Thujpli-Oplohor","Thujpli-Tsughet-Oplohor","missing",,0
1065.00,"06","ICH wk 3","PG","ICH","wk3","wk","3","","06","","","","CwSxw - Devil's club - Horsetail","","",13.00,10/11/2000 0:00:00,,1065.00,"ICH wk 3 /06","","Thujpli-Piceene-Oplohor","missing",,0
1066.00,"07","ICH wk 3","PG","ICH","wk3","wk","3","","07","","","","Hw - Wood horsetail - Sphagnum","","",13.00,10/11/2000 0:00:00,,1066.00,"ICH wk 3 /07","","Tsughet-Equiset-Sphagnu","missing",,0
1067.00,"08","ICH wk 3","PG","ICH","wk3","wk","3","","08","","","","PlSb - Sedge - Sphagnum","","",13.00,10/11/2000 0:00:00,,1067.00,"ICH wk 3 /08","","","missing",,0
1068.00,"09","ICH wk 3","PG","ICH","wk3","wk","3","","09","","","","CwSxw - Skunk cabbage","","",13.00,10/11/2000 0:00:00,,1068.00,"ICH wk 3 /09","","","missing",,0
1069.00,"01","ICH wk 4","PG","ICH","wk4","wk","4","","01","","","","CwHw - Oak fern","","",14.00,10/11/2000 0:00:00,,1069.00,"ICH wk 4 /01","","Thujpli-Tsughet-Gymndry","",,0
1070.00,"02","ICH wk 4","PG","ICH","wk4","wk","4","","02","","","","HwCw - Cladonia","","",14.00,10/11/2000 0:00:00,,1070.00,"ICH wk 4 /02","","","",,0
1071.00,"03","ICH wk 4","PG","ICH","wk4","wk","4","","03","","","","CwSxw - Soopolallie","","",14.00,10/11/2000 0:00:00,,1071.00,"ICH wk 4 /03","","Thujpli-Piceene-Paximyr","",,0
1072.00,"04","ICH wk 4","PG","ICH","wk4","wk","4","","04","","","","CwSxw - Velvet-leaved blueberry","","",14.00,10/11/2000 0:00:00,,1072.00,"ICH wk 4 /04","Piceene-Thujpli","Piceene-Vaccmem","",,0
1073.00,"05","ICH wk 4","PG","ICH","wk4","wk","4","","05","","","","HwCw - Step moss","","",14.00,10/11/2000 0:00:00,,1073.00,"ICH wk 4 /05","","Tsughet-Thujpli-Hylospl","",,0
1074.00,"06","ICH wk 4","PG","ICH","wk4","wk","4","","06","","","","Sxw - Twinberry - Oak fern","","",14.00,10/11/2000 0:00:00,,1074.00,"ICH wk 4 /06","Piceene-Gymndry","Piceene-Gymndry","",,0
1075.00,"07","ICH wk 4","PG","ICH","wk4","wk","4","","07","","","","CwHw - Devil's club - Lady fern","","",14.00,10/11/2000 0:00:00,,1075.00,"ICH wk 4 /07","Tsughet-Thujpli-Oplohor","Thujpli-Tsughet-Oplohor","",,0
1076.00,"08","ICH wk 4","PG","ICH","wk4","wk","4","","08","","","","Sxw - Devil's club - Lady fern","","",14.00,10/11/2000 0:00:00,,1076.00,"ICH wk 4 /08","Piceene-Oplohor-Gymndry","Piceene-Gymndry","",,0
1077.00,"09","ICH wk 4","PG","ICH","wk4","wk","4","","09","","","","Labrador tea - Sedge - Sphagnum","","",14.00,10/11/2000 0:00:00,,1077.00,"ICH wk 4 /09","","","npe",,0
1078.00,"01","SBPSdc","PG","SBPS","dc","dc","","","01","","","","Pl - Juniper - Feathermoss","","",14.00,10/11/2000 0:00:00,,1078.00,"SBPSdc   /01","Pinucon-Calarub-Corncan-Pleusch","Pinucon-Calarub","",,0
1079.00,"02","SBPSdc","PG","SBPS","dc","dc","","","02","","","","Pl - Kinnikinnick - Cladonia","","",14.00,10/11/2000 0:00:00,,1079.00,"SBPSdc   /02","Pinucon-Arctuva-Cladoni","Pinucon-Cladoni","",,0
1080.00,"02a","SBPSdc","PG","SBPS","dc","dc","","","02","a","","","Pl - Kinnikinnick - Cladonia, Typic","","",14.00,10/11/2000 0:00:00,,1080.00,"SBPSdc   /02a","","","",,0
1081.00,"02b","SBPSdc","PG","SBPS","dc","dc","","","02","b","","","Pl - Kinnikinnick - Cladonia, Shallow","","",14.00,10/11/2000 0:00:00,,1081.00,"SBPSdc   /02b","","","",,0
1082.00,"03","SBPSdc","PG","SBPS","dc","dc","","","03","","","","Pl - Kinnikinnick - Feathermoss","","",14.00,10/11/2000 0:00:00,,1082.00,"SBPSdc   /03","Pinucon-Arctuva-Cladoni","Pinucon-Cladoni","",,0
1083.00,"03a","SBPSdc","PG","SBPS","dc","dc","","","03","a","","","Pl - Kinnikinnick - Feathermoss, Typic","","",14.00,10/11/2000 0:00:00,,1083.00,"SBPSdc   /03a","","","",,0
1084.00,"03b","SBPSdc","PG","SBPS","dc","dc","","","03","b","","","Pl - Kinnikinnick - Feathermoss, Sand","","",14.00,10/11/2000 0:00:00,,1084.00,"SBPSdc   /03b","","","",,0
1085.00,"04","SBPSdc","PG","SBPS","dc","dc","","","04","","","","PlSb - Feathermoss","","",14.00,10/11/2000 0:00:00,,1085.00,"SBPSdc   /04","Pinucon-Calarub-Corncan-Pleusch","Pinucon-Calarub","",,0
1086.00,"05","SBPSdc","PG","SBPS","dc","dc","","","05","","","","Sxw - Scrub birch - Feathermoss","","",14.00,10/11/2000 0:00:00,,1086.00,"SBPSdc   /05","Piceene-Betunan-Loniinv","Piceene-Loniinv","",,0
1087.00,"06","SBPSdc","PG","SBPS","dc","dc","","","06","","","","Sxw - Horsetail - Meadowrue","","",14.00,10/11/2000 0:00:00,,1087.00,"SBPSdc   /06","Piceene-Equiset-Aulapal","Piceene-Equiset","",,0
1088.00,"07","SBPSdc","PG","SBPS","dc","dc","","","07","","","","Sb - Scrub birch - Sedge","","",14.00,10/11/2000 0:00:00,,1088.00,"SBPSdc   /07","","","",,0
1089.00,"08","SBPSdc","PG","SBPS","dc","dc","","","08","","","","Sxw - Horsetail - Glow moss","","",14.00,10/11/2000 0:00:00,,1089.00,"SBPSdc   /08","Piceene-Equiset-Aulapal","Piceene-Equiset","",,0
1090.00,"01","SBPSmc","PG","SBPS","mc","mc","","","01","","","","Pl - Feathermoss - Cladina","","",9.00,10/11/2000 0:00:00,,1090.00,"SBPSmc   /01","Pinucon-Arctuva-Pleusch","Pinucon-Pleusch","",,0
1091.00,"02","SBPSmc","PG","SBPS","mc","mc","","","02","","","","Pl - Kinnikinnick - Cladonia","","",9.00,10/11/2000 0:00:00,,1091.00,"SBPSmc   /02","Pinucon-Arctuva-Cladoni","Pinucon-Cladoni","",,0
1092.00,"03","SBPSmc","PG","SBPS","mc","mc","","","03","","","","SbPl - Feathermoss","","",9.00,10/11/2000 0:00:00,,1092.00,"SBPSmc   /03","","Picemar-Abielas-Pleusch","",,0
1093.00,"04","SBPSmc","PG","SBPS","mc","mc","","","04","","","","Sxw - Scrub birch - Feathermoss","","",9.00,10/11/2000 0:00:00,,1093.00,"SBPSmc   /04","Piceene-Betunan-Loniinv","Piceene-Loniinv","",,0
1094.00,"05","SBPSmc","PG","SBPS","mc","mc","","","05","","","","Sxw - Horsetail","","",9.00,10/11/2000 0:00:00,,1094.00,"SBPSmc   /05","Piceene-Cornsto-Equiset","Piceene-Equiset","",,0
1095.00,"06","SBPSmc","PG","SBPS","mc","mc","","","06","","","","Sxw - Horsetail - Glow moss","","",9.00,10/11/2000 0:00:00,,1095.00,"SBPSmc   /06","Piceene-Equiset-Aulapal","Piceene-Equiset","",,0
1096.00,"07","SBPSmc","PG","SBPS","mc","mc","","","07","","","","SbSxw - Scrub birch - Sedge","","",9.00,10/11/2000 0:00:00,,1096.00,"SBPSmc   /07","","","",,0
1097.00,"01","SBS dh 1","PG","SBS","dh1","dh","1","","01","","","","SxwFd - Ricegrass","","",13.00,10/11/2000 0:00:00,,1097.00,"SBS dh 1 /01","Piceene-Pseumen-Calarub","Piceene-Pseumen-Chimumb","missing",,0
1098.00,"02","SBS dh 1","PG","SBS","dh1","dh","1","","02","","","","Pl - Velvet-leaved blueberry - Cladonia","","",13.00,10/11/2000 0:00:00,,1098.00,"SBS dh 1 /02","Pinucon-Arctuva-Cladoni","Pinucon-Cladoni","missing",,0
1099.00,"03","SBS dh 1","PG","SBS","dh1","dh","1","","03","","","","FdPl - Pinegrass - Feathermoss","","",13.00,10/11/2000 0:00:00,,1099.00,"SBS dh 1 /03","","Pseumen-Pleusch","missing",,0
1100.00,"04","SBS dh 1","PG","SBS","dh1","dh","1","","04","","","","Pl - Pinegrass - Feathermoss","","",13.00,10/11/2000 0:00:00,,1100.00,"SBS dh 1 /04","Pinucon-Calarub-Corncan-Pleusch","Pinucon-Calarub","missing",,0
1101.00,"05","SBS dh 1","PG","SBS","dh1","dh","1","","05","","","","Pl - Labrador tea - Velvet-leaved blueberry","","",13.00,10/11/2000 0:00:00,,1101.00,"SBS dh 1 /05","","Piceene-Ledugro","missing",,0
1102.00,"06","SBS dh 1","PG","SBS","dh1","dh","1","","06","","","","SxwFd - Thimbleberry","","",13.00,10/11/2000 0:00:00,,1102.00,"SBS dh 1 /06","","Piceene-Pseumen-Rubupar","missing",,0
1103.00,"07","SBS dh 1","PG","SBS","dh1","dh","1","","07","","","","Sxw - Horsetail","","",13.00,10/11/2000 0:00:00,,1103.00,"SBS dh 1 /07","Piceene-Cornsto-Equiset","Piceene-Equiset","missing",,0
1104.00,"08","SBS dh 1","PG","SBS","dh1","dh","1","","08","","","","Sb - Scrub birch - Sedge","","",13.00,10/11/2000 0:00:00,,1104.00,"SBS dh 1 /08","","","missing",,0
1105.00,"01","SBS dk","PG","SBS","dk","dk","","","01","","","","Sxw - Spirea - Purple peavine","","",9.00,10/11/2000 0:00:00,,1105.00,"SBS dk   /01","Piceene-Loniinv","Piceene-Loniinv","missing",,0
1106.00,"02","SBS dk","PG","SBS","dk","dk","","","02","","","","Pl - Juniper - Ricegrass","","",9.00,10/11/2000 0:00:00,,1106.00,"SBS dk   /02","Pinucon-Arctuva-Cladoni","Pinucon-Cladoni","",,0
1107.00,"03","SBS dk","PG","SBS","dk","dk","","","03","","","","Pl - Feathermoss - Cladina","","",9.00,10/11/2000 0:00:00,,1107.00,"SBS dk   /03","Pinucon-Arctuva-Pleusch","Pinucon-Pleusch","missing",,0
1108.00,"04","SBS dk","PG","SBS","dk","dk","","","04","","","","Fd - Soopolallie - Feathermoss","","",9.00,10/11/2000 0:00:00,,1108.00,"SBS dk   /04","","Pseumen-Shepcan","missing",,0
1109.00,"05","SBS dk","PG","SBS","dk","dk","","","05","","","","Sxw - Spirea - Feathermoss","","",9.00,10/11/2000 0:00:00,,1109.00,"SBS dk   /05","Piceene-Spirbet-Pleusch","Piceene-Loniinv","missing",,0
1110.00,"06","SBS dk","PG","SBS","dk","dk","","","06","","","","Sxw - Twinberry - Coltsfoot","","",9.00,10/11/2000 0:00:00,,1110.00,"SBS dk   /06","Piceene-Loniinv","Piceene-Loniinv","missing",,0
1111.00,"07","SBS dk","PG","SBS","dk","dk","","","07","","","","Sxw - Horsetail","","",9.00,10/11/2000 0:00:00,,1111.00,"SBS dk   /07","Piceene-Cornsto-Equiset","Piceene-Equiset","missing",,0
1112.00,"08","SBS dk","PG","SBS","dk","dk","","","08","","","","Act - Dogwood - Prickly rose","","",9.00,10/11/2000 0:00:00,,1112.00,"SBS dk   /08","","","",,0
1113.00,"09","SBS dk","PG","SBS","dk","dk","","","09","","","","Sb - Creeping-snowberry - Sphagnum","","",9.00,10/11/2000 0:00:00,,1113.00,"SBS dk   /09","","","",,0
1114.00,"10","SBS dk","PG","SBS","dk","dk","","","10","","","","Sb - Soft-leaved sedge - Sphagnum","","",9.00,10/11/2000 0:00:00,,1114.00,"SBS dk   /10","","","missing",,0
1115.00,"81","SBS dk","PG","SBS","dk","dk","","","81","","","","Saskatoon - Slender wheatgrass","","",9.00,10/11/2000 0:00:00,,1115.00,"SBS dk   /81","","Sympalb-Amelaln-Rosaaci","",,0
1116.00,"82","SBS dk","PG","SBS","dk","dk","","","82","","","","Bluegrass - Slender wheatgrass","","",9.00,10/11/2000 0:00:00,,1116.00,"SBS dk   /82","","","",,0
1117.00,"01","SBS dw 1","PG","SBS","dw1","dw","1","","01","","","","SxwFd - Pinegrass","","",23.00,10/11/2000 0:00:00,,1117.00,"SBS dw 1 /01","Piceene-Pseumen-Calarub","Piceene-Pseumen-Chimumb","missing",,0
1118.00,"02","SBS dw 1","PG","SBS","dw1","dw","1","","02","","","","FdPl - Cladonia","","",23.00,10/11/2000 0:00:00,,1118.00,"SBS dw 1 /02","","Pseumen-Pleusch","missing",,0
1119.00,"03","SBS dw 1","PG","SBS","dw1","dw","1","","03","","","","Fd - Saskatoon - Pinegrass","","",23.00,10/11/2000 0:00:00,,1119.00,"SBS dw 1 /03","Pseumen-Calarub-Pleusch","Pseumen-Calarub","missing",,0
1120.00,"04","SBS dw 1","PG","SBS","dw1","dw","1","","04","","","","Pl - Pinegrass - Feathermoss","","",23.00,10/11/2000 0:00:00,,1120.00,"SBS dw 1 /04","Pinucon-Calarub-Corncan-Pleusch","Pinucon-Calarub","missing",,0
1121.00,"05","SBS dw 1","PG","SBS","dw1","dw","1","","05","","","","SxwFd - Ricegrass","","",23.00,10/11/2000 0:00:00,,1121.00,"SBS dw 1 /05","Piceene-Pseumen-Calarub","Piceene-Pseumen-Chimumb","missing",,0
1122.00,"06","SBS dw 1","PG","SBS","dw1","dw","1","","06","","","","SxwFd - Thimbleberry","","",23.00,10/11/2000 0:00:00,,1122.00,"SBS dw 1 /06","","Piceene-Pseumen-Rubupar","missing",,0
1123.00,"07","SBS dw 1","PG","SBS","dw1","dw","1","","07","","","","Sxw - Twinberry - Coltsfoot","","",23.00,10/11/2000 0:00:00,,1123.00,"SBS dw 1 /07","Piceene-Loniinv","Piceene-Loniinv","missing",,0
1124.00,"08","SBS dw 1","PG","SBS","dw1","dw","1","","08","","","","Sxw - Twinberry - Oak fern","","",23.00,10/11/2000 0:00:00,,1124.00,"SBS dw 1 /08","Piceene-Gymndry","Piceene-Gymndry","missing",,0
1125.00,"09","SBS dw 1","PG","SBS","dw1","dw","1","","09","","","","Sxw - Horsetail - Glow moss","","",23.00,10/11/2000 0:00:00,,1125.00,"SBS dw 1 /09","Piceene-Equiset-Aulapal","Piceene-Equiset","missing",,0
1126.00,"01","SBS dw 2","PG","SBS","dw2","dw","2","","01","","","","SxwFd - Pinegrass","","",9.00,10/11/2000 0:00:00,,1126.00,"SBS dw 2 /01","Piceene-Pseumen-Calarub","Piceene-Pseumen-Chimumb","",,0
1127.00,"02","SBS dw 2","PG","SBS","dw2","dw","2","","02","","","","FdPl - Cladonia","","",9.00,10/11/2000 0:00:00,,1127.00,"SBS dw 2 /02","","Pseumen-Pleusch","",,0
1128.00,"03","SBS dw 2","PG","SBS","dw2","dw","2","","03","","","","Pl - Kinnikinnick - Wavy-leaved moss","","",9.00,10/11/2000 0:00:00,,1128.00,"SBS dw 2 /03","Pinucon-Arctuva-Pleusch","Pinucon-Pleusch","",,0
1129.00,"04","SBS dw 2","PG","SBS","dw2","dw","2","","04","","","","Fd - Pinegrass - Aster","","",9.00,10/11/2000 0:00:00,,1129.00,"SBS dw 2 /04","Pseumen-Calarub-Pleusch","Pseumen-Calarub","",,0
1130.00,"05","SBS dw 2","PG","SBS","dw2","dw","2","","05","","","","SxwFd - Cat's-tail moss","","",9.00,10/11/2000 0:00:00,,1130.00,"SBS dw 2 /05","Piceene-Pseumen-Calarub","Piceene-Pseumen-Chimumb","",,0
1131.00,"06","SBS dw 2","PG","SBS","dw2","dw","2","","06","","","","Pl - Pinegrass - Feathermoss","","",9.00,10/11/2000 0:00:00,,1131.00,"SBS dw 2 /06","Pinucon-Calarub-Corncan-Pleusch","Pinucon-Calarub","",,0
1132.00,"07","SBS dw 2","PG","SBS","dw2","dw","2","","07","","","","PlSb - Feathermoss","","",9.00,10/11/2000 0:00:00,,1132.00,"SBS dw 2 /07","Pinucon-Calarub-Corncan-Pleusch","Pinucon-Calarub","",,0
1133.00,"08","SBS dw 2","PG","SBS","dw2","dw","2","","08","","","","Sxw - Twinberry","","",9.00,10/11/2000 0:00:00,,1133.00,"SBS dw 2 /08","Piceene-Loniinv","Piceene-Loniinv","",,0
1134.00,"09","SBS dw 2","PG","SBS","dw2","dw","2","","09","","","","Sxw - Devil's club - Knight's plume","","",9.00,10/11/2000 0:00:00,,1134.00,"SBS dw 2 /09","Piceene-Oplohor-Gymndry","Piceene-Gymndry","",,0
1135.00,"10","SBS dw 2","PG","SBS","dw2","dw","2","","10","","","","Sxw - Horsetail","","",9.00,10/11/2000 0:00:00,,1135.00,"SBS dw 2 /10","Piceene-Cornsto-Equiset","Piceene-Equiset","",,0
1136.00,"11","SBS dw 2","PG","SBS","dw2","dw","2","","11","","","","Sb - Soft-leaved sedge - Sphagnum","","",9.00,10/11/2000 0:00:00,,1136.00,"SBS dw 2 /11","","","",,0
1137.00,"01","SBS dw 3","PG","SBS","dw3","dw","3","","01","","","","SxwFd - Pinegrass","","",9.00,10/11/2000 0:00:00,,1137.00,"SBS dw 3 /01","Piceene-Pseumen-Calarub","Piceene-Pseumen-Chimumb","",,0
1138.00,"02","SBS dw 3","PG","SBS","dw3","dw","3","","02","","","","FdPl - Cladonia","","",9.00,10/11/2000 0:00:00,,1138.00,"SBS dw 3 /02","","Pseumen-Pleusch","",,0
1139.00,"03","SBS dw 3","PG","SBS","dw3","dw","3","","03","","","","Pl - Feathermoss - Cladina","","",9.00,10/11/2000 0:00:00,,1139.00,"SBS dw 3 /03","Pinucon-Arctuva-Pleusch","Pinucon-Pleusch","",,0
1140.00,"04","SBS dw 3","PG","SBS","dw3","dw","3","","04","","","","SxwFd - Ricegrass","","",9.00,10/11/2000 0:00:00,,1140.00,"SBS dw 3 /04","Piceene-Pseumen-Calarub","Piceene-Pseumen-Chimumb","",,0
1141.00,"05","SBS dw 3","PG","SBS","dw3","dw","3","","05","","","","PlSb - Feathermoss","","",9.00,10/11/2000 0:00:00,,1141.00,"SBS dw 3 /05","Pinucon-Calarub-Corncan-Pleusch","Pinucon-Calarub","",,0
1142.00,"06","SBS dw 3","PG","SBS","dw3","dw","3","","06","","","","Sxw - Pink spirea - Prickly rose","","",9.00,10/11/2000 0:00:00,,1142.00,"SBS dw 3 /06","Piceene-Loniinv-Spirdou","Piceene-Loniinv","npe",,0
1143.00,"07","SBS dw 3","PG","SBS","dw3","dw","3","","07","","","","Sxw - Twinberry","","",9.00,10/11/2000 0:00:00,,1143.00,"SBS dw 3 /07","Piceene-Loniinv","Piceene-Loniinv","",,0
1144.00,"08","SBS dw 3","PG","SBS","dw3","dw","3","","08","","","","Sxw - Oak fern","","",9.00,10/11/2000 0:00:00,,1144.00,"SBS dw 3 /08","Piceene-Gymndry","Piceene-Gymndry","",,0
1145.00,"09","SBS dw 3","PG","SBS","dw3","dw","3","","09","","","","Sxw - Horsetail - Glow moss","","",9.00,10/11/2000 0:00:00,,1145.00,"SBS dw 3 /09","Piceene-Cornsto-Equiset","Piceene-Equiset","",,0
1146.00,"10","SBS dw 3","PG","SBS","dw3","dw","3","","10","","","","Sb - Soft-leaved sedge - Sphagnum","","",9.00,10/11/2000 0:00:00,,1146.00,"SBS dw 3 /10","","","",,0
1147.00,"01","SBS mc 2","PG","SBS","mc2","mc","2","","01","","","","Sxw - Huckleberry","","",9.00,10/11/2000 0:00:00,,1147.00,"SBS mc 2 /01","Piceene-Vaccmem","Piceene-Vaccmem","",,0
1148.00,"02","SBS mc 2","PG","SBS","mc2","mc","2","","02","","","","Pl - Huckleberry - Cladonia","","",9.00,10/11/2000 0:00:00,,1148.00,"SBS mc 2 /02","Abielas-Pleusch-Cladoni","Abielas-Cladoni","",,0
1149.00,"03","SBS mc 2","PG","SBS","mc2","mc","2","","03","","","","SbPl - Feathermoss","","",9.00,10/11/2000 0:00:00,,1149.00,"SBS mc 2 /03","","Picemar-Abielas-Pleusch","",,0
1150.00,"04","SBS mc 2","PG","SBS","mc2","mc","2","","04","","","","Sxw - Huckleberry - Dwarf blueberry","","",9.00,10/11/2000 0:00:00,,1150.00,"SBS mc 2 /04","Piceene-Vaccmem","Piceene-Vaccmem","NA",,0
1151.00,"05","SBS mc 2","PG","SBS","mc2","mc","2","","05","","","","Sxw - Twinberry - Coltsfoot","","",9.00,10/11/2000 0:00:00,,1151.00,"SBS mc 2 /05","Piceene-Loniinv","Piceene-Loniinv","",,0
1152.00,"06","SBS mc 2","PG","SBS","mc2","mc","2","","06","","","","Sxw - Oak fern","","",9.00,10/11/2000 0:00:00,,1152.00,"SBS mc 2 /06","Piceene-Gymndry","Piceene-Gymndry","",,0
1153.00,"07","SBS mc 2","PG","SBS","mc2","mc","2","","07","","","","Sxw - Scrub birch - Feathermoss","","",9.00,10/11/2000 0:00:00,,1153.00,"SBS mc 2 /07","Piceene-Betunan-Loniinv","Piceene-Loniinv","",,0
1154.00,"08","SBS mc 2","PG","SBS","mc2","mc","2","","08","","","","Sxw - Twinberry - Oak fern","","",9.00,10/11/2000 0:00:00,,1154.00,"SBS mc 2 /08","Piceene-Gymndry","Piceene-Gymndry","NA",,0
1155.00,"09","SBS mc 2","PG","SBS","mc2","mc","2","","09","","","","Sxw - Devil's club","","",9.00,10/11/2000 0:00:00,,1155.00,"SBS mc 2 /09","Piceene-Oplohor-Gymndry","Piceene-Gymndry","",,0
1156.00,"10","SBS mc 2","PG","SBS","mc2","mc","2","","10","","","","Sxw - Horsetail","","",9.00,10/11/2000 0:00:00,,1156.00,"SBS mc 2 /10","Piceene-Cornsto-Equiset","Piceene-Equiset","",,0
1157.00,"11","SBS mc 2","PG","SBS","mc2","mc","2","","11","","","","Sxw - Horsetail - Glow moss","","",9.00,10/11/2000 0:00:00,,1157.00,"SBS mc 2 /11","Piceene-Equiset-Aulapal","Piceene-Equiset","NA",,0
1158.00,"12","SBS mc 2","PG","SBS","mc2","mc","2","","12","","","","SbSxw - Scrub birch - Sedge","","",9.00,10/11/2000 0:00:00,,1158.00,"SBS mc 2 /12","","","",,0
1159.00,"01","SBS mc 3","PG","SBS","mc3","mc","3","","01","","","","Sxw - Huckleberry","","",9.00,10/11/2000 0:00:00,,1159.00,"SBS mc 3 /01","Piceene-Vaccmem","Piceene-Vaccmem","",,0
1160.00,"02","SBS mc 3","PG","SBS","mc3","mc","3","","02","","","","Pl - Juniper - Dwarf blueberry","","",9.00,10/11/2000 0:00:00,,1160.00,"SBS mc 3 /02","Pinucon-Arctuva-Pleusch","Pinucon-Pleusch","",,0
1161.00,"03","SBS mc 3","PG","SBS","mc3","mc","3","","03","","","","Pl - Feathermoss - Cladina","","",9.00,10/11/2000 0:00:00,,1161.00,"SBS mc 3 /03","Pinucon-Arctuva-Pleusch","Pinucon-Pleusch","",,0
1162.00,"04","SBS mc 3","PG","SBS","mc3","mc","3","","04","","","","Sxw - Huckleberry - Soopolallie","","",9.00,10/11/2000 0:00:00,,1162.00,"SBS mc 3 /04","Piceene-Vaccmem","Piceene-Vaccmem","",,0
1163.00,"05","SBS mc 3","PG","SBS","mc3","mc","3","","05","","","","Sb - Huckleberry - Spirea","","",9.00,10/11/2000 0:00:00,,1163.00,"SBS mc 3 /05","","Picemar-Abielas-Pleusch","",,0
1164.00,"06","SBS mc 3","PG","SBS","mc3","mc","3","","06","","","","SbPl - Feathermoss","","",9.00,10/11/2000 0:00:00,,1164.00,"SBS mc 3 /06","","Picemar-Abielas-Pleusch","",,0
1165.00,"07","SBS mc 3","PG","SBS","mc3","mc","3","","07","","","","Sxw - Twinberry","","",9.00,10/11/2000 0:00:00,,1165.00,"SBS mc 3 /07","Piceene-Loniinv","Piceene-Loniinv","",,0
1166.00,"08","SBS mc 3","PG","SBS","mc3","mc","3","","08","","","","Sxw - Horsetail","","",9.00,10/11/2000 0:00:00,,1166.00,"SBS mc 3 /08","Piceene-Cornsto-Equiset","Piceene-Equiset","",,0
1167.00,"09","SBS mc 3","PG","SBS","mc3","mc","3","","09","","","","SbSxw - Scrub birch - Sedge","","",9.00,10/11/2000 0:00:00,,1167.00,"SBS mc 3 /09","","","npe",,0
1168.00,"01","SBS mh","PG","SBS","mh","mh","","","01","","","","SxwFd - Hazelnut","","",23.00,10/11/2000 0:00:00,,1168.00,"SBS mh   /01","","Piceene-Pseumen-Rubupar","missing",,0
1169.00,"02","SBS mh","PG","SBS","mh","mh","","","02","","","","FdPl - Cladonia","","",23.00,10/11/2000 0:00:00,,1169.00,"SBS mh   /02","","Pseumen-Pleusch","missing",,0
1170.00,"03","SBS mh","PG","SBS","mh","mh","","","03","","","","FdPl - Velvet-leaved blueberry - Cladonia","","",23.00,10/11/2000 0:00:00,,1170.00,"SBS mh   /03","","Pseumen-Pleusch","missing",,0
1171.00,"04","SBS mh","PG","SBS","mh","mh","","","04","","","","Fd - Douglas maple - Step moss","","",23.00,10/11/2000 0:00:00,,1171.00,"SBS mh   /04","Pseumen-Acergla-Sympalb-Hylospl","Pseumen-Acergla-Sympalb","missing",,0
1172.00,"05","SBS mh","PG","SBS","mh","mh","","","05","","","","SxwFd - Feathermoss","","",23.00,10/11/2000 0:00:00,,1172.00,"SBS mh   /05","","Piceene-Pseumen-Rubupar","missing",,0
1173.00,"06","SBS mh","PG","SBS","mh","mh","","","06","","","","SxwFd - Coltsfoot","","",23.00,10/11/2000 0:00:00,,1173.00,"SBS mh   /06","","Piceene-Pseumen-Rubupar","missing",,0
1174.00,"07","SBS mh","PG","SBS","mh","mh","","","07","","","","SxwEp - Devil's club","","",23.00,10/11/2000 0:00:00,,1174.00,"SBS mh   /07","Piceene-Oplohor-Gymndry","Piceene-Gymndry","missing",,0
1175.00,"08","SBS mh","PG","SBS","mh","mh","","","08","","","","Sxw - Ostrich fern","","",23.00,10/11/2000 0:00:00,,1175.00,"SBS mh   /08","Piceene-Alnuinc-Equiset","Piceene-Alnuinc","missing",,0
1176.00,"09","SBS mh","PG","SBS","mh","mh","","","09","","","","Sxw - Horsetail - Glow moss","","",23.00,10/11/2000 0:00:00,,1176.00,"SBS mh   /09","Piceene-Cornsto-Equiset","Piceene-Equiset","missing",,0
1177.00,"01","SBS mk 1","PG","SBS","mk1","mk","1","","01","","","","Sxw - Huckleberry - Highbush-cranberry","","",9.00,10/11/2000 0:00:00,,1177.00,"SBS mk 1 /01","Piceene-Vaccmem","Piceene-Vaccmem","",,0
1178.00,"02","SBS mk 1","PG","SBS","mk1","mk","1","","02","","","","Pl - Cladina - Step moss","","",9.00,10/11/2000 0:00:00,,1178.00,"SBS mk 1 /02","Abielas-Pleusch-Cladoni","Abielas-Cladoni","",,0
1179.00,"03","SBS mk 1","PG","SBS","mk1","mk","1","","03","","","","Pl - Feathermoss - Cladina","","",9.00,10/11/2000 0:00:00,,1179.00,"SBS mk 1 /03","Pinucon-Arctuva-Pleusch","Pinucon-Pleusch","",,0
1180.00,"04","SBS mk 1","PG","SBS","mk1","mk","1","","04","","","","SxwFd - Knight's plume","","",9.00,10/11/2000 0:00:00,,1180.00,"SBS mk 1 /04","Piceene-Pseumen-Pleusch","Piceene-Pseumen-Chimumb","",,0
1181.00,"05","SBS mk 1","PG","SBS","mk1","mk","1","","05","","","","SxwFd - Toad-flax","","",9.00,10/11/2000 0:00:00,,1181.00,"SBS mk 1 /05","Piceene-Pseumen-Pleusch","Piceene-Pseumen-Chimumb","",,0
1182.00,"06","SBS mk 1","PG","SBS","mk1","mk","1","","06","","","","Sb - Huckleberry - Spirea","","",9.00,10/11/2000 0:00:00,,1182.00,"SBS mk 1 /06","","Picemar-Abielas-Pleusch","",,0
1183.00,"07","SBS mk 1","PG","SBS","mk1","mk","1","","07","","","","Sxw - Oak fern","","",9.00,10/11/2000 0:00:00,,1183.00,"SBS mk 1 /07","Piceene-Gymndry","Piceene-Gymndry","",,0
1184.00,"08","SBS mk 1","PG","SBS","mk1","mk","1","","08","","","","Sxw - Devil's club","","",9.00,10/11/2000 0:00:00,,1184.00,"SBS mk 1 /08","Piceene-Oplohor-Gymndry","Piceene-Gymndry","",,0
1185.00,"09","SBS mk 1","PG","SBS","mk1","mk","1","","09","","","","Sxw - Horsetail","","",9.00,10/11/2000 0:00:00,,1185.00,"SBS mk 1 /09","Piceene-Cornsto-Equiset","Piceene-Equiset","",,0
1186.00,"10","SBS mk 1","PG","SBS","mk1","mk","1","","10","","","","Sb - Scrub birch - Sedge","","",9.00,10/11/2000 0:00:00,,1186.00,"SBS mk 1 /10","","","",,0
1187.00,"01","SBS mk 2","PG","SBS","mk2","mk","2","","01","","","","Sxw - Huckleberry - Highbush-cranberry","","",16.00,10/11/2000 0:00:00,,1187.00,"SBS mk 2 /01","Piceene-Vaccmem","Piceene-Vaccmem","",,0
1188.00,"02","SBS mk 2","PG","SBS","mk2","mk","2","","02","","","","Pl - Feathermoss - Cladina","","",16.00,10/11/2000 0:00:00,,1188.00,"SBS mk 2 /02","Pinucon-Arctuva-Pleusch","Pinucon-Pleusch","",,0
1189.00,"03","SBS mk 2","PG","SBS","mk2","mk","2","","03","","","","Sxw - Huckleberry - Soopolallie","","",16.00,10/11/2000 0:00:00,,1189.00,"SBS mk 2 /03","Piceene-Vaccmem","Piceene-Vaccmem","",,0
1190.00,"04","SBS mk 2","PG","SBS","mk2","mk","2","","04","","","","Sb - Huckleberry - Spirea","","",16.00,10/11/2000 0:00:00,,1190.00,"SBS mk 2 /04","","Picemar-Abielas-Pleusch","",,0
1191.00,"05","SBS mk 2","PG","SBS","mk2","mk","2","","05","","","","Sxw - Oak fern","","",16.00,10/11/2000 0:00:00,,1191.00,"SBS mk 2 /05","Piceene-Gymndry","Piceene-Gymndry","",,0
1192.00,"06","SBS mk 2","PG","SBS","mk2","mk","2","","06","","","","Sxw - Horsetail","","",16.00,10/11/2000 0:00:00,,1192.00,"SBS mk 2 /06","Piceene-Cornsto-Equiset","Piceene-Equiset","",,0
1193.00,"01","SBS mw","PG","SBS","mw","mw","","","01","","","","SxwFd - Falsebox","","",23.00,10/11/2000 0:00:00,,1193.00,"SBS mw   /01","Piceene-Pseumen-Pleusch","Piceene-Pseumen-Chimumb","missing",,0
1194.00,"02","SBS mw","PG","SBS","mw","mw","","","02","","","","FdBl - Huckleberry","","",23.00,10/11/2000 0:00:00,,1194.00,"SBS mw   /02","Pinucon-Vaccmem-Cladina","Piceene-Vaccmem","missing",,0
1195.00,"03","SBS mw","PG","SBS","mw","mw","","","03","","","","Pl - Huckleberry - Velvet-leaved blueberry","","",23.00,10/11/2000 0:00:00,,1195.00,"SBS mw   /03","Pinucon-Vaccmem-Cladina","Piceene-Vaccmem","missing",,0
1196.00,"04","SBS mw","PG","SBS","mw","mw","","","04","","","","SxwFd - Knight's plume","","",23.00,10/11/2000 0:00:00,,1196.00,"SBS mw   /04","Piceene-Pseumen-Pleusch","Piceene-Pseumen-Chimumb","missing",,0
1197.00,"05","SBS mw","PG","SBS","mw","mw","","","05","","","","Sxw - Pink spirea","","",23.00,10/11/2000 0:00:00,,1197.00,"SBS mw   /05","Piceene-Loniinv-Spirdou","Piceene-Loniinv","missing",,0
1198.00,"06","SBS mw","PG","SBS","mw","mw","","","06","","","","Sxw - Oak fern","","",23.00,10/11/2000 0:00:00,,1198.00,"SBS mw   /06","Piceene-Gymndry","Piceene-Gymndry","missing",,0
1199.00,"07","SBS mw","PG","SBS","mw","mw","","","07","","","","Sxw - Twinberry - Oak fern","","",23.00,10/11/2000 0:00:00,,1199.00,"SBS mw   /07","Piceene-Gymndry","Piceene-Gymndry","missing",,0
1200.00,"08","SBS mw","PG","SBS","mw","mw","","","08","","","","Sxw - Devil's club","","",23.00,10/11/2000 0:00:00,,1200.00,"SBS mw   /08","Piceene-Oplohor-Gymndry","Piceene-Gymndry","missing",,0
1201.00,"09","SBS mw","PG","SBS","mw","mw","","","09","","","","Sxw - Horsetail","","",23.00,10/11/2000 0:00:00,,1201.00,"SBS mw   /09","Piceene-Cornsto-Equiset","Piceene-Equiset","missing",,0
1202.00,"10","SBS mw","PG","SBS","mw","mw","","","10","","","","SbSxw - Scrub birch - Sedge","","",23.00,10/11/2000 0:00:00,,1202.00,"SBS mw   /10","","","missing",,0
1203.00,"01","SBS vk","PG","SBS","vk","vk","","","01","","","","Sxw - Devil's club","","",23.00,10/11/2000 0:00:00,,1203.00,"SBS vk   /01","Piceene-Oplohor-Gymndry","Piceene-Gymndry","missing",,0
1204.00,"02","SBS vk","PG","SBS","vk","vk","","","02","","","","Pl - Huckleberry - Velvet-leaved blueberry","","",23.00,10/11/2000 0:00:00,,1204.00,"SBS vk   /02","Pinucon-Vaccmem-Cladina","Piceene-Vaccmem","missing",,0
1205.00,"03","SBS vk","PG","SBS","vk","vk","","","03","","","","SxwFd - Thimbleberry","","",23.00,10/11/2000 0:00:00,,1205.00,"SBS vk   /03","","Piceene-Pseumen-Rubupar","missing",,0
1206.00,"04","SBS vk","PG","SBS","vk","vk","","","04","","","","Sxw - Oak fern","","",23.00,10/11/2000 0:00:00,,1206.00,"SBS vk   /04","Piceene-Gymndry","Piceene-Gymndry","missing",,0
1207.00,"05","SBS vk","PG","SBS","vk","vk","","","05","","","","Sxw - Devil's club - Spiny wood fern","","",23.00,10/11/2000 0:00:00,,1207.00,"SBS vk   /05","Piceene-Oplohor-Gymndry","Piceene-Gymndry","missing",,0
1208.00,"06","SBS vk","PG","SBS","vk","vk","","","06","","","","Sxw - Horsetail","","",23.00,10/11/2000 0:00:00,,1208.00,"SBS vk   /06","Piceene-Cornsto-Equiset","Piceene-Equiset","missing",,0
1209.00,"07","SBS vk","PG","SBS","vk","vk","","","07","","","","Sxw - Devil's club - Ostrich fern","","",23.00,10/11/2000 0:00:00,,1209.00,"SBS vk   /07","Piceene-Oplohor-Gymndry","Piceene-Gymndry","missing",,0
1210.00,"08","SBS vk","PG","SBS","vk","vk","","","08","","","","SbPl - Bog-laurel - Sphagnum","","",23.00,10/11/2000 0:00:00,,1210.00,"SBS vk   /08","","","missing",,0
1211.00,"09","SBS vk","PG","SBS","vk","vk","","","09","","","","Pl - Huckleberry - Cladina","","",23.00,10/11/2000 0:00:00,,1211.00,"SBS vk   /09","","","missing",,0
1212.00,"10","SBS vk","PG","SBS","vk","vk","","","10","","","","Sxw - Skunk cabbage","","",23.00,10/11/2000 0:00:00,,1212.00,"SBS vk   /10","","","missing",,0
1213.00,"11","SBS vk","PG","SBS","vk","vk","","","11","","","","Mountain alder - Lady fern","","",,10/11/2000 0:00:00,"37996",1213.00,"SBS vk   /11","","","missing",,0
1214.00,"01","SBS wk 1","PG","SBS","wk1","wk","1","","01","","","","Sxw - Oak fern","","",23.00,10/11/2000 0:00:00,,1214.00,"SBS wk 1 /01","Piceene-Gymndry","Piceene-Gymndry","missing",,0
1215.00,"02","SBS wk 1","PG","SBS","wk1","wk","1","","02","","","","Pl - Huckleberry - Cladina","","",23.00,10/11/2000 0:00:00,,1215.00,"SBS wk 1 /02","Pinucon-Vaccmem-Cladina","Piceene-Vaccmem","missing",,0
1216.00,"03","SBS wk 1","PG","SBS","wk1","wk","1","","03","","","","Pl - Huckleberry - Velvet-leaved blueberry","","",23.00,10/11/2000 0:00:00,,1216.00,"SBS wk 1 /03","Pinucon-Vaccmem-Cladina","Piceene-Vaccmem","missing",,0
1217.00,"04","SBS wk 1","PG","SBS","wk1","wk","1","","04","","","","SxwFd - Knight's plume","","",23.00,10/11/2000 0:00:00,,1217.00,"SBS wk 1 /04","Piceene-Pseumen-Pleusch","Piceene-Pseumen-Chimumb","missing",,0
1218.00,"05","SBS wk 1","PG","SBS","wk1","wk","1","","05","","","","Sxw - Huckleberry - Highbush-cranberry","","",23.00,10/11/2000 0:00:00,,1218.00,"SBS wk 1 /05","Piceene-Vaccmem","Piceene-Vaccmem","missing",,0
1219.00,"06","SBS wk 1","PG","SBS","wk1","wk","1","","06","","","","Sxw - Pink spirea - Oak fern","","",23.00,10/11/2000 0:00:00,,1219.00,"SBS wk 1 /06","Piceene-Loniinv-Spirdou","Piceene-Loniinv","missing",,0
1220.00,"07","SBS wk 1","PG","SBS","wk1","wk","1","","07","","","","Sxw - Twinberry - Oak fern","","",23.00,10/11/2000 0:00:00,,1220.00,"SBS wk 1 /07","Piceene-Gymndry","Piceene-Gymndry","missing",,0
1221.00,"08","SBS wk 1","PG","SBS","wk1","wk","1","","08","","","","Sxw - Devil's club","","",23.00,10/11/2000 0:00:00,,1221.00,"SBS wk 1 /08","Piceene-Oplohor-Gymndry","Piceene-Gymndry","missing",,0
1222.00,"09","SBS wk 1","PG","SBS","wk1","wk","1","","09","","","","Sxw - Horsetail","","",23.00,10/11/2000 0:00:00,,1222.00,"SBS wk 1 /09","Piceene-Cornsto-Equiset","Piceene-Equiset","missing",,0
1223.00,"10","SBS wk 1","PG","SBS","wk1","wk","1","","10","","","","Sxw - Devil's club - Lady fern","","",23.00,10/11/2000 0:00:00,,1223.00,"SBS wk 1 /10","Piceene-Oplohor-Gymndry","Piceene-Gymndry","missing",,0
1224.00,"11","SBS wk 1","PG","SBS","wk1","wk","1","","11","","","","SbSxw - Scrub birch - Sedge","","",23.00,10/11/2000 0:00:00,,1224.00,"SBS wk 1 /11","","","missing",,0
1225.00,"12","SBS wk 1","PG","SBS","wk1","wk","1","","12","","","","SbPl - Feathermoss","","",23.00,10/11/2000 0:00:00,,1225.00,"SBS wk 1 /12","","","missing",,0
1226.00,"01","SBS wk 2","PG","SBS","wk2","wk","2","","01","","","","Sxw - Oak fern","","",16.00,10/11/2000 0:00:00,,1226.00,"SBS wk 2 /01","Piceene-Gymndry","Piceene-Gymndry","",,0
1227.00,"02","SBS wk 2","PG","SBS","wk2","wk","2","","02","","","","Pl - Huckleberry - Cladina","","",16.00,10/11/2000 0:00:00,,1227.00,"SBS wk 2 /02","Pinucon-Vaccmem-Cladina","Piceene-Vaccmem","",,0
1228.00,"03","SBS wk 2","PG","SBS","wk2","wk","2","","03","","","","Sxw - Huckleberry - Highbush-cranberry","","",16.00,10/11/2000 0:00:00,,1228.00,"SBS wk 2 /03","Piceene-Vaccmem","Piceene-Vaccmem","",,0
1229.00,"04","SBS wk 2","PG","SBS","wk2","wk","2","","04","","","","SbPl - Feathermoss","","",16.00,10/11/2000 0:00:00,,1229.00,"SBS wk 2 /04","","Picemar-Abielas-Pleusch","npe",,0
1230.00,"05","SBS wk 2","PG","SBS","wk2","wk","2","","05","","","","Sxw - Devil's club","","",16.00,10/11/2000 0:00:00,,1230.00,"SBS wk 2 /05","Piceene-Oplohor-Gymndry","Piceene-Gymndry","",,0
1231.00,"06","SBS wk 2","PG","SBS","wk2","wk","2","","06","","","","Sxw - Horsetail","","",16.00,10/11/2000 0:00:00,,1231.00,"SBS wk 2 /06","Piceene-Cornsto-Equiset","Piceene-Equiset","",,0
1232.00,"01","SBS wk 3","PG","SBS","wk3","wk","3","","01","","","","Sxw - Oak fern","","",16.00,10/11/2000 0:00:00,,1232.00,"SBS wk 3 /01","Piceene-Gymndry","Piceene-Gymndry","",,0
1233.00,"02","SBS wk 3","PG","SBS","wk3","wk","3","","02","","","","Pl - Huckleberry - Cladina","","",16.00,10/11/2000 0:00:00,,1233.00,"SBS wk 3 /02","Pinucon-Vaccmem-Cladina","Piceene-Vaccmem","NA",,0
1234.00,"03","SBS wk 3","PG","SBS","wk3","wk","3","","03","","","","SxwFd - Purple peavine","","",16.00,10/11/2000 0:00:00,,1234.00,"SBS wk 3 /03","","Piceene-Pseumen-Rubupar","",,0
1235.00,"04","SBS wk 3","PG","SBS","wk3","wk","3","","04","","","","Sxw - Huckleberry - Highbush-cranberry","","",16.00,10/11/2000 0:00:00,,1235.00,"SBS wk 3 /04","Piceene-Vaccmem","Piceene-Vaccmem","",,0
1236.00,"05","SBS wk 3","PG","SBS","wk3","wk","3","","05","","","","Sb - Labrador tea","","",16.00,10/11/2000 0:00:00,,1236.00,"SBS wk 3 /05","","","",,0
1237.00,"06","SBS wk 3","PG","SBS","wk3","wk","3","","06","","","","Sxw - Twinberry - Coltsfoot","","",16.00,10/11/2000 0:00:00,,1237.00,"SBS wk 3 /06","Piceene-Loniinv","Piceene-Loniinv","",,0
1238.00,"07","SBS wk 3","PG","SBS","wk3","wk","3","","07","","","","Sxw - Devil's club","","",16.00,10/11/2000 0:00:00,,1238.00,"SBS wk 3 /07","Piceene-Oplohor-Gymndry","Piceene-Gymndry","",,0
1239.00,"08","SBS wk 3","PG","SBS","wk3","wk","3","","08","","","","Sxw - Horsetail","","",16.00,10/11/2000 0:00:00,,1239.00,"SBS wk 3 /08","Piceene-Cornsto-Equiset","Piceene-Equiset","npe",,0
1240.00,"01","SBS wk 3a","PG","SBS","wk3a","wk","3","a","01","","","","Sxw - Dogwood - Fairybells","","",16.00,10/11/2000 0:00:00,,1240.00,"SBS wk 3a/01","","Piceene-Pseumen-Rubupar","missing",,0
1241.00,"02","SBS wk 3a","PG","SBS","wk3a","wk","3","a","02","","","","Pl - Huckleberry - Cladina","","",16.00,10/11/2000 0:00:00,,1241.00,"SBS wk 3a/02","","","missing",,0
1242.00,"03","SBS wk 3a","PG","SBS","wk3a","wk","3","a","03","","","","SxwFd - Purple peavine","","",16.00,10/11/2000 0:00:00,,1242.00,"SBS wk 3a/03","","Piceene-Pseumen-Rubupar","missing",,0
1243.00,"04","SBS wk 3a","PG","SBS","wk3a","wk","3","a","04","","","","SxwFd - Birch-leaved spirea - Feathermoss","","",16.00,10/11/2000 0:00:00,,1243.00,"SBS wk 3a/04","Piceene-Vaccmem","Piceene-Vaccmem","missing",,0
1244.00,"05","SBS wk 3a","PG","SBS","wk3a","wk","3","a","05","","","","Sb - Labrador tea","","",16.00,10/11/2000 0:00:00,,1244.00,"SBS wk 3a/05","","","missing",,0
1245.00,"06","SBS wk 3a","PG","SBS","wk3a","wk","3","a","06","","","","Sxw - Twinberry - Coltsfoot","","",16.00,10/11/2000 0:00:00,,1245.00,"SBS wk 3a/06","","","missing",,0
1246.00,"07","SBS wk 3a","PG","SBS","wk3a","wk","3","a","07","","","","Sxw - Devil's club","","",16.00,10/11/2000 0:00:00,,1246.00,"SBS wk 3a/07","Piceene-Oplohor-Gymndry","Piceene-Gymndry","missing",,0
1247.00,"08","SBS wk 3a","PG","SBS","wk3a","wk","3","a","08","","","","Sxw - Horsetail","","",16.00,10/11/2000 0:00:00,,1247.00,"SBS wk 3a/08","","","missing",,0
1248.00,"01","SWB mk","PG","SWB","mk","mk","","","01","","","","Sw - Grey-leaved willow - Scrub birch","","",16.00,10/11/2000 0:00:00,,1248.00,"SWB mk   /01","","","missing",,0
1249.00,"02","SWB mk","PG","SWB","mk","mk","","","02","","","","Sw - Scrub birch - Cladina","","",16.00,10/11/2000 0:00:00,,1249.00,"SWB mk   /02","","","missing",,0
1250.00,"03","SWB mk","PG","SWB","mk","mk","","","03","","","","Sw - Juniper - Wildrye","","",16.00,10/11/2000 0:00:00,,1250.00,"SWB mk   /03","","","missing",,0
1251.00,"04","SWB mk","PG","SWB","mk","mk","","","04","","","","Sw - Arctic lupine - Step moss","","",16.00,10/11/2000 0:00:00,,1251.00,"SWB mk   /04","","","missing",,0
1252.00,"05","SWB mk","PG","SWB","mk","mk","","","05","","","","Sw - Willow - Crowberry","","",16.00,10/11/2000 0:00:00,,1252.00,"SWB mk   /05","","","missing",,0
1253.00,"06","SWB mk","PG","SWB","mk","mk","","","06","","","","Sw - Willow - Step moss","","",16.00,10/11/2000 0:00:00,,1253.00,"SWB mk   /06","","","missing",,0
1254.00,"07","SWB mk","PG","SWB","mk","mk","","","07","","","","Sw - Scrub birch - Bluejoint","","",16.00,10/11/2000 0:00:00,,1254.00,"SWB mk   /07","","","missing",,0
1255.00,"08","SWB mk","PG","SWB","mk","mk","","","08","","","","Sw - Shrubby cinquefoil - Horsetail","","",16.00,10/11/2000 0:00:00,,1255.00,"SWB mk   /08","","","missing",,0
1256.00,"09","SWB mk","PG","SWB","mk","mk","","","09","","","","Sw - Forested wetland","","",16.00,10/11/2000 0:00:00,,1256.00,"SWB mk   /09","","","missing",,0
1282.00,"01","CWH vh 2","PR","CWH","vh2","vh","2","","01","","","","CwHw - Salal","","",8.00,10/11/2000 0:00:00,,1282.00,"CWH vh 2 /01","","Tsughet-Gaulsha","",,0
1283.00,"01a","CWH vh 2","PR","CWH","vh2","vh","2","","01","a","","","CwHw - Salal, Mineral","","",8.00,10/11/2000 0:00:00,,1283.00,"CWH vh 2 /01a","","","",,0
1284.00,"01b","CWH vh 2","PR","CWH","vh2","vh","2","","01","b","","","CwHw - Salal, Lithic","","",8.00,10/11/2000 0:00:00,,1284.00,"CWH vh 2 /01b","","","",,0
1285.00,"01c","CWH vh 2","PR","CWH","vh2","vh","2","","01","c","","","CwHw - Salal, Peaty","","",8.00,10/11/2000 0:00:00,,1285.00,"CWH vh 2 /01c","","","",,0
1286.00,"02","CWH vh 2","PR","CWH","vh2","vh","2","","02","","","","PlYc - Rhacomitrium","","",8.00,10/11/2000 0:00:00,,1286.00,"CWH vh 2 /02","","PlYc-Racolan","",,0
1287.00,"03","CWH vh 2","PR","CWH","vh2","vh","2","","03","","","","CwYc - Salal","","",8.00,10/11/2000 0:00:00,,1287.00,"CWH vh 2 /03","","Tsughet-Gaulsha","",,0
1288.00,"03a","CWH vh 2","PR","CWH","vh2","vh","2","","03","a","","","CwYc - Salal, Mineral","","",8.00,10/11/2000 0:00:00,,1288.00,"CWH vh 2 /03a","","","",,0
1289.00,"03b","CWH vh 2","PR","CWH","vh2","vh","2","","03","b","","","CwYc - Salal, Lithic","","",8.00,10/11/2000 0:00:00,,1289.00,"CWH vh 2 /03b","","","",,0
1290.00,"04","CWH vh 2","PR","CWH","vh2","vh","2","","04","","","","HwSs - Lanky moss","","",8.00,10/11/2000 0:00:00,,1290.00,"CWH vh 2 /04","Picesit-Rhytlor","Picesit-Rhytlor","",,0
1291.00,"04a","CWH vh 2","PR","CWH","vh2","vh","2","","04","a","","","HwSs - Lanky moss, Mineral","","",8.00,10/11/2000 0:00:00,,1291.00,"CWH vh 2 /04a","","","",,0
1292.00,"04b","CWH vh 2","PR","CWH","vh2","vh","2","","04","b","","","HwSs - Lanky moss, Lithic","","",8.00,10/11/2000 0:00:00,,1292.00,"CWH vh 2 /04b","","","",,0
1293.00,"05","CWH vh 2","PR","CWH","vh2","vh","2","","05","","","","CwSs - Sword fern","","",8.00,10/11/2000 0:00:00,,1293.00,"CWH vh 2 /05","Picesit-Polymun","Picesit-Rhytlor","",,0
1294.00,"05a","CWH vh 2","PR","CWH","vh2","vh","2","","05","a","","","CwSs - Sword fern, Mineral","","",8.00,10/11/2000 0:00:00,,1294.00,"CWH vh 2 /05a","","","",,0
1295.00,"05b","CWH vh 2","PR","CWH","vh2","vh","2","","05","b","","","CwSs - Sword fern, Lithic","","",8.00,10/11/2000 0:00:00,,1295.00,"CWH vh 2 /05b","","","",,0
1296.00,"06","CWH vh 2","PR","CWH","vh2","vh","2","","06","","","","CwSs - Foamflower","","",8.00,10/11/2000 0:00:00,,1296.00,"CWH vh 2 /06","","Abieama-Tiartri","",,0
1297.00,"07","CWH vh 2","PR","CWH","vh2","vh","2","","07","","","","CwSs - Devil's club","","",8.00,10/11/2000 0:00:00,,1297.00,"CWH vh 2 /07","","Abieama-Tiartri","",,0
1298.00,"07a","CWH vh 2","PR","CWH","vh2","vh","2","","07","a","","","CwSs - Devil's club, Mineral","","",8.00,10/11/2000 0:00:00,,1298.00,"CWH vh 2 /07a","","","",,0
1299.00,"07b","CWH vh 2","PR","CWH","vh2","vh","2","","07","b","","","CwSs - Devil's club, Lithic","","",8.00,10/11/2000 0:00:00,,1299.00,"CWH vh 2 /07b","","","",,0
1300.00,"08","CWH vh 2","PR","CWH","vh2","vh","2","","08","","","","Ss - Lily-of-the-valley","","",8.00,10/11/2000 0:00:00,,1300.00,"CWH vh 2 /08","","","",,0
1301.00,"09","CWH vh 2","PR","CWH","vh2","vh","2","","09","","","","Ss - Trisetum","","",8.00,10/11/2000 0:00:00,,1301.00,"CWH vh 2 /09","","","",,0
1302.00,"10","CWH vh 2","PR","CWH","vh2","vh","2","","10","","","","Dr - Lily-of-the-valley","","",8.00,10/11/2000 0:00:00,,1302.00,"CWH vh 2 /10","","","",,0
1303.00,"11","CWH vh 2","PR","CWH","vh2","vh","2","","11","","","","CwYc - Goldthread","","",8.00,10/11/2000 0:00:00,,1303.00,"CWH vh 2 /11","","Chamnoo-Vaccala","",,0
1304.00,"12","CWH vh 2","PR","CWH","vh2","vh","2","","12","","","","PlYc - Sphagnum","","",8.00,10/11/2000 0:00:00,,1304.00,"CWH vh 2 /12","","","",,0
1305.00,"13","CWH vh 2","PR","CWH","vh2","vh","2","","13","","","","CwSs - Skunk cabbage","","",8.00,10/11/2000 0:00:00,,1305.00,"CWH vh 2 /13","","","",,0
1306.00,"13a","CWH vh 2","PR","CWH","vh2","vh","2","","13","a","","","CwSs - Skunk cabbage, Mineral","","",8.00,10/11/2000 0:00:00,,1306.00,"CWH vh 2 /13a","","","",,0
1307.00,"13b","CWH vh 2","PR","CWH","vh2","vh","2","","13","b","","","CwSs - Skunk cabbage, Peaty","","",8.00,10/11/2000 0:00:00,,1307.00,"CWH vh 2 /13b","","","",,0
1308.00,"14","CWH vh 2","PR","CWH","vh2","vh","2","","14","","","","Ss - Salal","","",8.00,10/11/2000 0:00:00,,1308.00,"CWH vh 2 /14","","Picesit-Gaulsha","",,0
1309.00,"15","CWH vh 2","PR","CWH","vh2","vh","2","","15","","","","Ss - Kindbergia","","",8.00,10/11/2000 0:00:00,,1309.00,"CWH vh 2 /15","","","",,0
1310.00,"16","CWH vh 2","PR","CWH","vh2","vh","2","","16","","","","Ss - Reedgrass","","",8.00,10/11/2000 0:00:00,,1310.00,"CWH vh 2 /16","","","",,0
1311.00,"17","CWH vh 2","PR","CWH","vh2","vh","2","","17","","","","Ss - Sword fern","","",8.00,10/11/2000 0:00:00,,1311.00,"CWH vh 2 /17","","","",,0
1312.00,"18","CWH vh 2","PR","CWH","vh2","vh","2","","18","","","","Ss - Slough sedge","","",8.00,10/11/2000 0:00:00,,1312.00,"CWH vh 2 /18","","","",,0
1313.00,"19","CWH vh 2","PR","CWH","vh2","vh","2","","19","","","","Ss - Pacific crab apple","","",8.00,10/11/2000 0:00:00,,1313.00,"CWH vh 2 /19","","","npe",,0
1314.00,"31","CWH vh 2","PR","CWH","vh2","vh","2","","31","","","","Non-forested topogenous bog","","",8.00,10/11/2000 0:00:00,,1314.00,"CWH vh 2 /31","","","",,0
1315.00,"32","CWH vh 2","PR","CWH","vh2","vh","2","","32","","","","Non-forested slope/blanket bog","","",8.00,10/11/2000 0:00:00,,1315.00,"CWH vh 2 /32","","","",,0
1316.00,"33","CWH vh 2","PR","CWH","vh2","vh","2","","33","","","","Non-forested fen/marsh","","",8.00,10/11/2000 0:00:00,,1316.00,"CWH vh 2 /33","","","",,0
1317.00,"01","CWH vm 1","PR","CWH","vm1","vm","1","","01","","","","HwBa - Blueberry","","",8.00,10/11/2000 0:00:00,,1317.00,"CWH vm 1 /01","","Abieama-Rhytrob","",,0
1318.00,"01a","CWH vm 1","PR","CWH","vm1","vm","1","","01","a","","","HwBa - Blueberry, Mineral","","",8.00,10/11/2000 0:00:00,,1318.00,"CWH vm 1 /01a","","","",,0
1319.00,"01b","CWH vm 1","PR","CWH","vm1","vm","1","","01","b","","","HwBa - Blueberry, Lithic","","",8.00,10/11/2000 0:00:00,,1319.00,"CWH vm 1 /01b","Picesit-Rhytlor","Picesit-Rhytlor","",,0
1320.00,"02","CWH vm 1","PR","CWH","vm1","vm","1","","02","","","","HwPl - Cladina","","",8.00,10/11/2000 0:00:00,,1320.00,"CWH vm 1 /02","","Pinucon-Gaulsha-Cladina","",,0
1321.00,"03","CWH vm 1","PR","CWH","vm1","vm","1","","03","","","","HwCw - Salal","","",8.00,10/11/2000 0:00:00,,1321.00,"CWH vm 1 /03","","Tsughet-Gaulsha","",,0
1322.00,"04","CWH vm 1","PR","CWH","vm1","vm","1","","04","","","","CwHw - Sword fern","","",8.00,10/11/2000 0:00:00,,1322.00,"CWH vm 1 /04","Tsughet-Pseumen-Achltri","Thujpli-Achltri","",,0
1323.00,"05","CWH vm 1","PR","CWH","vm1","vm","1","","05","","","","BaCw - Foamflower","","",8.00,10/11/2000 0:00:00,,1323.00,"CWH vm 1 /05","","Abieama-Tiartri","",,0
1324.00,"06","CWH vm 1","PR","CWH","vm1","vm","1","","06","","","","HwBa - Deer fern","","",8.00,10/11/2000 0:00:00,,1324.00,"CWH vm 1 /06","","Abieama-Rhytrob","",,0
1325.00,"06a","CWH vm 1","PR","CWH","vm1","vm","1","","06","a","","","HwBa - Deer fern, Mineral","","",8.00,10/11/2000 0:00:00,,1325.00,"CWH vm 1 /06a","","Chamnoo-Vaccala","",,0
1326.00,"06b","CWH vm 1","PR","CWH","vm1","vm","1","","06","b","","","HwBa - Deer fern, Lithic","","",8.00,10/11/2000 0:00:00,,1326.00,"CWH vm 1 /06b","","","",,0
1327.00,"07","CWH vm 1","PR","CWH","vm1","vm","1","","07","","","","BaCw - Salmonberry","","",8.00,10/11/2000 0:00:00,,1327.00,"CWH vm 1 /07","","Abieama-Tiartri","na",,0
1328.00,"08","CWH vm 1","PR","CWH","vm1","vm","1","","08","","","","BaSs - Devil's club","","",8.00,10/11/2000 0:00:00,,1328.00,"CWH vm 1 /08","","Abieama-Tiartri","",,0
1329.00,"09","CWH vm 1","PR","CWH","vm1","vm","1","","09","","","","Ss - Salmonberry","","",8.00,10/11/2000 0:00:00,,1329.00,"CWH vm 1 /09","","Picesit-Rubuspe","",,0
1330.00,"10","CWH vm 1","PR","CWH","vm1","vm","1","","10","","","","Act - Red-osier dogwood","","",8.00,10/11/2000 0:00:00,,1330.00,"CWH vm 1 /10","","","",,0
1331.00,"11","CWH vm 1","PR","CWH","vm1","vm","1","","11","","","","Act - Willow","","",8.00,10/11/2000 0:00:00,,1331.00,"CWH vm 1 /11","","","",,0
1332.00,"12","CWH vm 1","PR","CWH","vm1","vm","1","","12","","","","CwYc - Goldthread","","",8.00,10/11/2000 0:00:00,,1332.00,"CWH vm 1 /12","","Chamnoo-Vaccala","npe",,0
1333.00,"13","CWH vm 1","PR","CWH","vm1","vm","1","","13","","","","Pl - Sphagnum","","",8.00,10/11/2000 0:00:00,,1333.00,"CWH vm 1 /13","","Pinucon-Chamnoo-Gaulsha","",,0
1334.00,"14","CWH vm 1","PR","CWH","vm1","vm","1","","14","","","","CwSs - Skunk cabbage","","",8.00,10/11/2000 0:00:00,,1334.00,"CWH vm 1 /14","","","",,0
1335.00,"31","CWH vm 1","PR","CWH","vm1","vm","1","","31","","","","Non-forested bog","","",8.00,10/11/2000 0:00:00,,1335.00,"CWH vm 1 /31","","","npe",,0
1336.00,"32","CWH vm 1","PR","CWH","vm1","vm","1","","32","","","","Non-forested fen/marsh","","",8.00,10/11/2000 0:00:00,,1336.00,"CWH vm 1 /32","","","npe",,0
1337.00,"51","CWH vm 1","PR","CWH","vm1","vm","1","","51","","","","Avalanche track","","",8.00,10/11/2000 0:00:00,,1337.00,"CWH vm 1 /51","","","npe",,0
1338.00,"01","CWH vm 2","PR","CWH","vm2","vm","2","","01","","","","HwBa - Blueberry","","",8.00,10/11/2000 0:00:00,,1338.00,"CWH vm 2 /01","","Abieama-Rhytrob","",,0
1339.00,"01a","CWH vm 2","PR","CWH","vm2","vm","2","","01","a","","","HwBa - Blueberry, Mineral","","",8.00,10/11/2000 0:00:00,,1339.00,"CWH vm 2 /01a","","","",,0
1340.00,"01b","CWH vm 2","PR","CWH","vm2","vm","2","","01","b","","","HwBa - Blueberry, Lithic","","",8.00,10/11/2000 0:00:00,,1340.00,"CWH vm 2 /01b","","","",,0
1341.00,"02","CWH vm 2","PR","CWH","vm2","vm","2","","02","","","","HwPl - Cladina","","",8.00,10/11/2000 0:00:00,,1341.00,"CWH vm 2 /02","","Pinucon-Gaulsha-Cladina","npe",,0
1342.00,"03","CWH vm 2","PR","CWH","vm2","vm","2","","03","","","","HwCw - Salal","","",8.00,10/11/2000 0:00:00,,1342.00,"CWH vm 2 /03","","Tsughet-Gaulsha","",,0
1343.00,"04","CWH vm 2","PR","CWH","vm2","vm","2","","04","","","","CwHw - Sword fern","","",8.00,10/11/2000 0:00:00,,1343.00,"CWH vm 2 /04","Tsughet-Pseumen-Achltri","Thujpli-Achltri","na",,0
1344.00,"05","CWH vm 2","PR","CWH","vm2","vm","2","","05","","","","BaCw - Foamflower","","",8.00,10/11/2000 0:00:00,,1344.00,"CWH vm 2 /05","","Abieama-Tiartri","",,0
1345.00,"06","CWH vm 2","PR","CWH","vm2","vm","2","","06","","","","HwBa - Deer fern","","",8.00,10/11/2000 0:00:00,,1345.00,"CWH vm 2 /06","","Abieama-Rhytrob","",,0
1346.00,"07","CWH vm 2","PR","CWH","vm2","vm","2","","07","","","","BaCw - Salmonberry","","",8.00,10/11/2000 0:00:00,,1346.00,"CWH vm 2 /07","","Abieama-Tiartri","npe",,0
1347.00,"08","CWH vm 2","PR","CWH","vm2","vm","2","","08","","","","BaSs - Devil's club","","",8.00,10/11/2000 0:00:00,,1347.00,"CWH vm 2 /08","","Abieama-Tiartri","",,0
1348.00,"09","CWH vm 2","PR","CWH","vm2","vm","2","","09","","","","CwYc - Goldthread","","",8.00,10/11/2000 0:00:00,,1348.00,"CWH vm 2 /09","","Chamnoo-Vaccala","",,0
1349.00,"10","CWH vm 2","PR","CWH","vm2","vm","2","","10","","","","Pl - Sphagnum","","",8.00,10/11/2000 0:00:00,,1349.00,"CWH vm 2 /10","","Pinucon-Chamnoo-Gaulsha","",,0
1350.00,"11","CWH vm 2","PR","CWH","vm2","vm","2","","11","","","","CwSs - Skunk cabbage","","",8.00,10/11/2000 0:00:00,,1350.00,"CWH vm 2 /11","","Tsugmer-Coptasp","npe",,0
1351.00,"31","CWH vm 2","PR","CWH","vm2","vm","2","","31","","","","Non-forested bog","","",8.00,10/11/2000 0:00:00,,1351.00,"CWH vm 2 /31","","","npe",,0
1352.00,"32","CWH vm 2","PR","CWH","vm2","vm","2","","32","","","","Non-forested fen/marsh","","",8.00,10/11/2000 0:00:00,,1352.00,"CWH vm 2 /32","","","npe",,0
1353.00,"51","CWH vm 2","PR","CWH","vm2","vm","2","","51","","","","Avalanche track","","",8.00,10/11/2000 0:00:00,,1353.00,"CWH vm 2 /51","","","npe",,0
1354.00,"01","CWH wm","PR","CWH","wm","wm","","","01","","","","HwSs - Blueberry","","",8.00,10/11/2000 0:00:00,,1354.00,"CWH wm   /01","Picesit-Rhytlor","Picesit-Rhytlor","",,0
1355.00,"01a","CWH wm","PR","CWH","wm","wm","","","01","a","","","HwSs - Blueberry, Mineral","","",8.00,10/11/2000 0:00:00,,1355.00,"CWH wm   /01a","","","",,0
1356.00,"01b","CWH wm","PR","CWH","wm","wm","","","01","b","","","HwSs - Blueberry, Lithic","","",8.00,10/11/2000 0:00:00,,1356.00,"CWH wm   /01b","","","",,0
1357.00,"02","CWH wm","PR","CWH","wm","wm","","","02","","","","HwSs - Step moss","","",8.00,10/11/2000 0:00:00,,1357.00,"CWH wm   /02","Picesit-Rhytlor","Picesit-Rhytlor","",,0
1358.00,"03","CWH wm","PR","CWH","wm","wm","","","03","","","","SsHw - Oak fern","","",8.00,10/11/2000 0:00:00,,1358.00,"CWH wm   /03","","Picesit-Dryoexp","",,0
1359.00,"04","CWH wm","PR","CWH","wm","wm","","","04","","","","SsHw - Devil's club","","",8.00,10/11/2000 0:00:00,,1359.00,"CWH wm   /04","","Picesit-Dryoexp","",,0
1360.00,"05","CWH wm","PR","CWH","wm","wm","","","05","","","","Ss - Salmonberry","","",8.00,10/11/2000 0:00:00,,1360.00,"CWH wm   /05","","","",,0
1361.00,"06","CWH wm","PR","CWH","wm","wm","","","06","","","","Act - Red-osier dogwood","","",8.00,10/11/2000 0:00:00,,1361.00,"CWH wm   /06","","","",,0
1362.00,"07","CWH wm","PR","CWH","wm","wm","","","07","","","","Act - Willow","","",8.00,10/11/2000 0:00:00,,1362.00,"CWH wm   /07","","","",,0
1363.00,"08","CWH wm","PR","CWH","wm","wm","","","08","","","","Hw - Sphagnum","","",8.00,10/11/2000 0:00:00,,1363.00,"CWH wm   /08","","","",,0
1364.00,"09","CWH wm","PR","CWH","wm","wm","","","09","","","","Ss - Skunk cabbage","","",8.00,10/11/2000 0:00:00,,1364.00,"CWH wm   /09","","","",,0
1365.00,"10","CWH wm","PR","CWH","wm","wm","","","10","","","","Pl - Sphagnum","","",8.00,10/11/2000 0:00:00,,1365.00,"CWH wm   /10","","Pinucon-Chamnoo-Gaulsha","",,0
1366.00,"31","CWH wm","PR","CWH","wm","wm","","","31","","","","Non-forested bog","","",8.00,10/11/2000 0:00:00,,1366.00,"CWH wm   /31","","","npe",,0
1367.00,"32","CWH wm","PR","CWH","wm","wm","","","32","","","","Non-forested fen/marsh","","",8.00,10/11/2000 0:00:00,,1367.00,"CWH wm   /32","","","",,0
1368.00,"51","CWH wm","PR","CWH","wm","wm","","","51","","","","Avalanche track","","",8.00,10/11/2000 0:00:00,,1368.00,"CWH wm   /51","","","",,0
1369.00,"01","CWH ws 1","PR","CWH","ws1","ws","1","","01","","","","HwBa - Bramble","","",8.00,10/11/2000 0:00:00,,1369.00,"CWH ws 1 /01","","Abieama-Pleusch","",,0
1370.00,"01a","CWH ws 1","PR","CWH","ws1","ws","1","","01","a","","","HwBa - Bramble, Typic","","",8.00,10/11/2000 0:00:00,,1370.00,"CWH ws 1 /01a","","","",,0
1371.00,"01b","CWH ws 1","PR","CWH","ws1","ws","1","","01","b","","","HwBa - Bramble, Glaciofluvial","","",8.00,10/11/2000 0:00:00,,1371.00,"CWH ws 1 /01b","","","",,0
1372.00,"02","CWH ws 1","PR","CWH","ws1","ws","1","","02","","","","Pl - Kinnikinnick","","",8.00,10/11/2000 0:00:00,,1372.00,"CWH ws 1 /02","","","",,0
1373.00,"03","CWH ws 1","PR","CWH","ws1","ws","1","","03","","","","HwPl - Feathermoss","","",8.00,10/11/2000 0:00:00,,1373.00,"CWH ws 1 /03","","Abieama-Pleusch","",,0
1374.00,"03a","CWH ws 1","PR","CWH","ws1","ws","1","","03","a","","","HwPl - Feathermoss, Typic","","",8.00,10/11/2000 0:00:00,,1374.00,"CWH ws 1 /03a","","","",,0
1375.00,"03b","CWH ws 1","PR","CWH","ws1","ws","1","","03","b","","","HwPl - Feathermoss, Glaciofluvial","","",8.00,10/11/2000 0:00:00,,1375.00,"CWH ws 1 /03b","","","",,0
1376.00,"04","CWH ws 1","PR","CWH","ws1","ws","1","","04","","","","BaCw - Oak fern","","",8.00,10/11/2000 0:00:00,,1376.00,"CWH ws 1 /04","","Abieama-Tiartri","",,0
1377.00,"05","CWH ws 1","PR","CWH","ws1","ws","1","","05","","","","HwBa - Queen's cup","","",8.00,10/11/2000 0:00:00,,1377.00,"CWH ws 1 /05","","Abieama-Pleusch","",,0
1378.00,"06","CWH ws 1","PR","CWH","ws1","ws","1","","06","","","","BaCw - Devil's club","","",8.00,10/11/2000 0:00:00,,1378.00,"CWH ws 1 /06","","Abieama-Tiartri","",,0
1379.00,"07","CWH ws 1","PR","CWH","ws1","ws","1","","07","","","","Ss - Salmonberry","","",8.00,10/11/2000 0:00:00,,1379.00,"CWH ws 1 /07","","Picesit-Rubuspe","",,0
1380.00,"08","CWH ws 1","PR","CWH","ws1","ws","1","","08","","","","Act - Red-osier dogwood","","",8.00,10/11/2000 0:00:00,,1380.00,"CWH ws 1 /08","","","",,0
1381.00,"09","CWH ws 1","PR","CWH","ws1","ws","1","","09","","","","Act - Willow","","",8.00,10/11/2000 0:00:00,,1381.00,"CWH ws 1 /09","","","",,0
1382.00,"10","CWH ws 1","PR","CWH","ws1","ws","1","","10","","","","Pl - Sphagnum","","",8.00,10/11/2000 0:00:00,,1382.00,"CWH ws 1 /10","","Pinucon-Chamnoo-Gaulsha","",,0
1383.00,"11","CWH ws 1","PR","CWH","ws1","ws","1","","11","","","","CwSs - Skunk cabbage","","",8.00,10/11/2000 0:00:00,,1383.00,"CWH ws 1 /11","","","",,0
1384.00,"31","CWH ws 1","PR","CWH","ws1","ws","1","","31","","","","Non-forested bog","","",8.00,10/11/2000 0:00:00,,1384.00,"CWH ws 1 /31","","","npe",,0
1385.00,"32","CWH ws 1","PR","CWH","ws1","ws","1","","32","","","","Non-forested fen/marsh","","",8.00,10/11/2000 0:00:00,,1385.00,"CWH ws 1 /32","","","npe",,0
1386.00,"01","CWH ws 2","PR","CWH","ws2","ws","2","","01","","","","HwBa - Bramble","","",8.00,10/11/2000 0:00:00,,1386.00,"CWH ws 2 /01","","Abieama-Pleusch","",,0
1387.00,"02","CWH ws 2","PR","CWH","ws2","ws","2","","02","","","","Pl - Kinnikinnick","","",8.00,10/11/2000 0:00:00,,1387.00,"CWH ws 2 /02","","","npe",,0
1388.00,"03","CWH ws 2","PR","CWH","ws2","ws","2","","03","","","","HwPl - Feathermoss","","",8.00,10/11/2000 0:00:00,,1388.00,"CWH ws 2 /03","","Abieama-Pleusch","",,0
1389.00,"04","CWH ws 2","PR","CWH","ws2","ws","2","","04","","","","BaCw - Oak fern","","",8.00,10/11/2000 0:00:00,,1389.00,"CWH ws 2 /04","","Abieama-Tiartri","",,0
1390.00,"05","CWH ws 2","PR","CWH","ws2","ws","2","","05","","","","HwBa - Queen's cup","","",8.00,10/11/2000 0:00:00,,1390.00,"CWH ws 2 /05","","Abieama-Pleusch","npe",,0
1391.00,"06","CWH ws 2","PR","CWH","ws2","ws","2","","06","","","","BaCw - Devil's club","","",8.00,10/11/2000 0:00:00,,1391.00,"CWH ws 2 /06","","Abieama-Tiartri","",,0
1392.00,"07","CWH ws 2","PR","CWH","ws2","ws","2","","07","","","","Ss - Salmonberry","","",8.00,10/11/2000 0:00:00,,1392.00,"CWH ws 2 /07","","Picesit-Rubuspe","npe",,0
1393.00,"08","CWH ws 2","PR","CWH","ws2","ws","2","","08","","","","Act - Red-osier dogwood","","",8.00,10/11/2000 0:00:00,,1393.00,"CWH ws 2 /08","","","npe",,0
1394.00,"09","CWH ws 2","PR","CWH","ws2","ws","2","","09","","","","Act - Willow","","",8.00,10/11/2000 0:00:00,,1394.00,"CWH ws 2 /09","","","npe",,0
1395.00,"10","CWH ws 2","PR","CWH","ws2","ws","2","","10","","","","Pl - Sphagnum","","",8.00,10/11/2000 0:00:00,,1395.00,"CWH ws 2 /10","","Pinucon-Chamnoo-Gaulsha","npe",,0
1396.00,"11","CWH ws 2","PR","CWH","ws2","ws","2","","11","","","","CwSs - Skunk cabbage","","",8.00,10/11/2000 0:00:00,,1396.00,"CWH ws 2 /11","","","npe",,0
1397.00,"31","CWH ws 2","PR","CWH","ws2","ws","2","","31","","","","Non-forested bog","","",8.00,10/11/2000 0:00:00,,1397.00,"CWH ws 2 /31","","","npe",,0
1398.00,"32","CWH ws 2","PR","CWH","ws2","ws","2","","32","","","","Non-forested fen/marsh","","",8.00,10/11/2000 0:00:00,,1398.00,"CWH ws 2 /32","","","npe",,0
1399.00,"51","CWH ws 2","PR","CWH","ws2","ws","2","","51","","","","Avalanche track","","",8.00,10/11/2000 0:00:00,,1399.00,"CWH ws 2 /51","","","npe",,0
1400.00,"01","ESSFmc","PR","ESSF","mc","mc","","","01","","","","Bl - Huckleberry - Leafy liverwort","","",8.00,10/11/2000 0:00:00,,1400.00,"ESSFmc   /01","Abielas-Vaccmem-Pleusch","Abielas-Vaccmem","",,0
1401.00,"01a","ESSFmc","PR","ESSF","mc","mc","","","01","a","","","Bl - Huckleberry - Leafy liverwort, Medium-textured","","",8.00,10/11/2000 0:00:00,,1401.00,"ESSFmc   /01a","","","",,0
1402.00,"01b","ESSFmc","PR","ESSF","mc","mc","","","01","b","","","Bl - Huckleberry - Leafy liverwort, Fine-textured","","",8.00,10/11/2000 0:00:00,,1402.00,"ESSFmc   /01b","","","",,0
1403.00,"02","ESSFmc","PR","ESSF","mc","mc","","","02","","","","BlPl - Juniper - Cladonia","","",8.00,10/11/2000 0:00:00,,1403.00,"ESSFmc   /02","Abielas-Cladoni","Abielas-Cladoni","",,0
1404.00,"03","ESSFmc","PR","ESSF","mc","mc","","","03","","","","Bl - Huckleberry - Crowberry","","",8.00,10/11/2000 0:00:00,,1404.00,"ESSFmc   /03","Abielas-Vaccmem","Abielas-Vaccmem","",,0
1405.00,"04","ESSFmc","PR","ESSF","mc","mc","","","04","","","","Bl - Huckleberry - Heron's-bill","","",8.00,10/11/2000 0:00:00,,1405.00,"ESSFmc   /04","Abielas-Vaccmem-Pleusch","Abielas-Vaccmem","",,0
1406.00,"05","ESSFmc","PR","ESSF","mc","mc","","","05","","","","Bl - Huckleberry - Thimbleberry","","",8.00,10/11/2000 0:00:00,,1406.00,"ESSFmc   /05","Abielas-Vaccmem-Pleusch","Abielas-Vaccmem","",,0
1407.00,"06","ESSFmc","PR","ESSF","mc","mc","","","06","","","","Bl - Oak fern - Heron's-bill","","",8.00,10/11/2000 0:00:00,,1407.00,"ESSFmc   /06","Abielas-Menzfer-Gymndry","Abielas-Gymndry","",,0
1408.00,"07","ESSFmc","PR","ESSF","mc","mc","","","07","","","","Bl - Devil's club - Lady fern","","",8.00,10/11/2000 0:00:00,,1408.00,"ESSFmc   /07","","Abielas-Oplohor","",,0
1409.00,"08","ESSFmc","PR","ESSF","mc","mc","","","08","","","","Bl - Valerian - Sickle moss","","",8.00,10/11/2000 0:00:00,,1409.00,"ESSFmc   /08","Abielas-Valesit-Strepto","Abielas-Valesit","",,0
1410.00,"09","ESSFmc","PR","ESSF","mc","mc","","","09","","","","Bl - Horsetail - Glow moss","","",8.00,10/11/2000 0:00:00,,1410.00,"ESSFmc   /09","Abielas-Equiset","Abielas-Equiset","",,0
1411.00,"10","ESSFmc","PR","ESSF","mc","mc","","","10","","","","Bl - Horsetail - Leafy moss","","",8.00,10/11/2000 0:00:00,,1411.00,"ESSFmc   /10","Abielas-Gymndry-Equiset","Abielas-Equiset","",,0
1412.00,"31","ESSFmc","PR","ESSF","mc","mc","","","31","","","","Non-forested wetland","","",8.00,10/11/2000 0:00:00,,1412.00,"ESSFmc   /31","","","npe",,0
1413.00,"51","ESSFmc","PR","ESSF","mc","mc","","","51","","","","Avalanche track","","",8.00,10/11/2000 0:00:00,,1413.00,"ESSFmc   /51","","","npe",,0
1414.00,"01","ESSFmk","PR","ESSF","mk","mk","","","01","","","","BlHm - Twistedstalk","","",8.00,10/11/2000 0:00:00,,1414.00,"ESSFmk   /01","Abielas-Abieama-Vaccmem","Abielas-Vaccmem","",,0
1415.00,"02","ESSFmk","PR","ESSF","mk","mk","","","02","","","","BlPa - Cladonia","","",8.00,10/11/2000 0:00:00,,1415.00,"ESSFmk   /02","","Abielas-Tsugmer-Vaccmem-Cladoni","",,0
1416.00,"02a","ESSFmk","PR","ESSF","mk","mk","","","02","a","","","BlPa - Cladonia, Lithic","","",8.00,10/11/2000 0:00:00,,1416.00,"ESSFmk   /02a","","","",,0
1417.00,"02b","ESSFmk","PR","ESSF","mk","mk","","","02","b","","","BlPa - Cladonia, Fluvial","","",8.00,10/11/2000 0:00:00,,1417.00,"ESSFmk   /02b","","","",,0
1418.00,"03","ESSFmk","PR","ESSF","mk","mk","","","03","","","","BlHm - Cladonia","","",8.00,10/11/2000 0:00:00,,1418.00,"ESSFmk   /03","","Abielas-Tsugmer-Vaccmem-Cladoni","",,0
1419.00,"04","ESSFmk","PR","ESSF","mk","mk","","","04","","","","BlHm - Oak fern","","",8.00,10/11/2000 0:00:00,,1419.00,"ESSFmk   /04","Abielas-Gymndry","Abielas-Gymndry","",,0
1420.00,"05","ESSFmk","PR","ESSF","mk","mk","","","05","","","","Bl - Devil's club - Lady fern","","",8.00,10/11/2000 0:00:00,,1420.00,"ESSFmk   /05","","Abielas-Oplohor","",,0
1421.00,"06","ESSFmk","PR","ESSF","mk","mk","","","06","","","","Bl - Horsetail - Leafy moss","","",8.00,10/11/2000 0:00:00,,1421.00,"ESSFmk   /06","Abielas-Gymndry-Equiset","Abielas-Equiset","",,0
1422.00,"07","ESSFmk","PR","ESSF","mk","mk","","","07","","","","Bl - Lady fern - Horsetail","","",8.00,10/11/2000 0:00:00,,1422.00,"ESSFmk   /07","Abielas-Gymndry-Equiset","Abielas-Equiset","",,0
1423.00,"31","ESSFmk","PR","ESSF","mk","mk","","","31","","","","Non-forested bog","","",8.00,10/11/2000 0:00:00,,1423.00,"ESSFmk   /31","","","npe",,0
1424.00,"51","ESSFmk","PR","ESSF","mk","mk","","","51","","","","Avalanche track","","",8.00,10/11/2000 0:00:00,,1424.00,"ESSFmk   /51","","","npe",,0
1425.00,"01","ESSFmv 1","PR","ESSF","mv1","mv","1","","01","","","","Bl - Rhododendron - Feathermoss","","",9.00,10/11/2000 0:00:00,,1425.00,"ESSFmv 1 /01","Abielas-Rhodalb-Ptilcri","Abielas-Rhodalb-Vaccmem","NA",,0
1426.00,"02","ESSFmv 1","PR","ESSF","mv1","mv","1","","02","","","","Pl - Huckleberry - Cladonia","","",9.00,10/11/2000 0:00:00,,1426.00,"ESSFmv 1 /02","Abielas-Pleusch-Cladoni","Abielas-Cladoni","NA",,0
1427.00,"03","ESSFmv 1","PR","ESSF","mv1","mv","1","","03","","","","Bl - Huckleberry - Feathermoss","","",9.00,10/11/2000 0:00:00,,1427.00,"ESSFmv 1 /03","Abielas-Vaccmem-Pleusch","Abielas-Vaccmem","NA",,0
1428.00,"04","ESSFmv 1","PR","ESSF","mv1","mv","1","","04","","","","Bl - Huckleberry - Gooseberry","","",9.00,10/11/2000 0:00:00,,1428.00,"ESSFmv 1 /04","Abielas-Vaccmem-Pleusch","Abielas-Vaccmem","NA",,0
1429.00,"05","ESSFmv 1","PR","ESSF","mv1","mv","1","","05","","","","Bl - Horsetail - Glow moss","","",9.00,10/11/2000 0:00:00,,1429.00,"ESSFmv 1 /05","Abielas-Equiset","Abielas-Equiset","NA",,0
1430.00,"01","ESSFmv 3","PR","ESSF","mv3","mv","3","","01","","","","Bl - Rhododendron - Feathermoss","","",16.00,10/11/2000 0:00:00,,1430.00,"ESSFmv 3 /01","Abielas-Rhodalb-Ptilcri","Abielas-Rhodalb-Vaccmem","missing",,0
1431.00,"02","ESSFmv 3","PR","ESSF","mv3","mv","3","","02","","","","BlPl - Crowberry - Cladina","","",16.00,10/11/2000 0:00:00,,1431.00,"ESSFmv 3 /02","Abielas-Pleusch-Cladoni","Abielas-Cladoni","missing",,0
1432.00,"03","ESSFmv 3","PR","ESSF","mv3","mv","3","","03","","","","BlSb - Labrador tea","","",16.00,10/11/2000 0:00:00,,1432.00,"ESSFmv 3 /03","","Abielas-Picemar-Ledugro","missing",,0
1433.00,"04","ESSFmv 3","PR","ESSF","mv3","mv","3","","04","","","","Bl - Oak fern - Knight's plume","","",16.00,10/11/2000 0:00:00,,1433.00,"ESSFmv 3 /04","Abielas-Rhodalb-Gymndry","Abielas-Gymndry","missing",,0
1434.00,"05","ESSFmv 3","PR","ESSF","mv3","mv","3","","05","","","","Bl - Devil's club - Rhododendron","","",16.00,10/11/2000 0:00:00,,1434.00,"ESSFmv 3 /05","","Abielas-Oplohor","missing",,0
1435.00,"06","ESSFmv 3","PR","ESSF","mv3","mv","3","","06","","","","Sxw - Huckleberry - Highbush-cranberry","","",16.00,10/11/2000 0:00:00,,1435.00,"ESSFmv 3 /06","Piceene-Vaccmem","Piceene-Vaccmem","missing",,0
1436.00,"07","ESSFmv 3","PR","ESSF","mv3","mv","3","","07","","","","Bl - Horsetail - Feathermoss","","",16.00,10/11/2000 0:00:00,,1436.00,"ESSFmv 3 /07","Abielas-Gymndry-Equiset","Abielas-Equiset","missing",,0
1437.00,"01","ESSFwv","PR","ESSF","wv","wv","","","01","","","","BlHm - Azalea","","",8.00,10/11/2000 0:00:00,,1437.00,"ESSFwv   /01","Abielas-Menzfer-Vaccmem","Abielas-Menzfer-Vaccmem","",,0
1438.00,"02","ESSFwv","PR","ESSF","wv","wv","","","02","","","","BlPl - Cladonia","","",8.00,10/11/2000 0:00:00,,1438.00,"ESSFwv   /02","","","",,0
1439.00,"03","ESSFwv","PR","ESSF","wv","wv","","","03","","","","BlHm - Feathermoss","","",8.00,10/11/2000 0:00:00,,1439.00,"ESSFwv   /03","Abielas-Menzfer-Vaccmem","Abielas-Menzfer-Vaccmem","",,0
1440.00,"04","ESSFwv","PR","ESSF","wv","wv","","","04","","","","BlHm - Heron's-bill","","",8.00,10/11/2000 0:00:00,,1440.00,"ESSFwv   /04","Abielas-Menzfer-Vaccmem","Abielas-Menzfer-Vaccmem","",,0
1441.00,"05","ESSFwv","PR","ESSF","wv","wv","","","05","","","","Bl - Oak fern - Heron's-bill","","",8.00,10/11/2000 0:00:00,,1441.00,"ESSFwv   /05","Abielas-Menzfer-Gymndry","Abielas-Gymndry","",,0
1442.00,"06","ESSFwv","PR","ESSF","wv","wv","","","06","","","","Bl - Devil's club - Lady fern","","",8.00,10/11/2000 0:00:00,,1442.00,"ESSFwv   /06","","Abielas-Oplohor","",,0
1443.00,"07","ESSFwv","PR","ESSF","wv","wv","","","07","","","","Bl - Valerian - Sickle moss","","",8.00,10/11/2000 0:00:00,,1443.00,"ESSFwv   /07","Abielas-Valesit-Strepto","Abielas-Valesit","",,0
1444.00,"08","ESSFwv","PR","ESSF","wv","wv","","","08","","","","Bl - Horsetail - Glow moss","","",8.00,10/11/2000 0:00:00,,1444.00,"ESSFwv   /08","Abielas-Equiset","Abielas-Equiset","NA",,0
1445.00,"09","ESSFwv","PR","ESSF","wv","wv","","","09","","","","Bl - Lady fern - Horsetail","","",8.00,10/11/2000 0:00:00,,1445.00,"ESSFwv   /09","Abielas-Gymndry-Equiset","Abielas-Equiset","",,0
1446.00,"31","ESSFwv","PR","ESSF","wv","wv","","","31","","","","Non-forested wetland","","",8.00,10/11/2000 0:00:00,,1446.00,"ESSFwv   /31","","","npe",,0
1447.00,"51","ESSFwv","PR","ESSF","wv","wv","","","51","","","","Avalanche track","","",8.00,10/11/2000 0:00:00,,1447.00,"ESSFwv   /51","","","npe",,0
1448.00,"01","ICH mc 1","PR","ICH","mc1","mc","1","","01","","","","Hw - Step moss","","",8.00,10/11/2000 0:00:00,,1448.00,"ICH mc 1 /01","","Tsughet-Abielas-Hylospl","",,0
1449.00,"01a","ICH mc 1","PR","ICH","mc1","mc","1","","01","a","","","Hw - Step moss, Mesic","","",8.00,10/11/2000 0:00:00,,1449.00,"ICH mc 1 /01a","","","",,0
1450.00,"01b","ICH mc 1","PR","ICH","mc1","mc","1","","01","b","","","Hw - Step moss, Submesic","","",8.00,10/11/2000 0:00:00,,1450.00,"ICH mc 1 /01b","","","",,0
1451.00,"02","ICH mc 1","PR","ICH","mc1","mc","1","","02","","","","HwPl - Kinnikinnick - Cladonia","","",8.00,10/11/2000 0:00:00,,1451.00,"ICH mc 1 /02","","","",,0
1452.00,"03","ICH mc 1","PR","ICH","mc1","mc","1","","03","","","","HwBl - Oak fern","","",8.00,10/11/2000 0:00:00,,1452.00,"ICH mc 1 /03","","Tsughet-Abielas-Gymndry","",,0
1453.00,"04","ICH mc 1","PR","ICH","mc1","mc","1","","04","","","","HwBl - Devil's club","","",8.00,10/11/2000 0:00:00,,1453.00,"ICH mc 1 /04","","Tsughet-Abielas-Oplohor","",,0
1454.00,"05","ICH mc 1","PR","ICH","mc1","mc","1","","05","","","","ActSx - Dogwood","","",8.00,10/11/2000 0:00:00,,1454.00,"ICH mc 1 /05","","","",,0
1455.00,"06","ICH mc 1","PR","ICH","mc1","mc","1","","06","","","","Hw - Azalea - Skunk cabbage","","",8.00,10/11/2000 0:00:00,,1455.00,"ICH mc 1 /06","","Thujpli-Abielas-Lysiame","",,0
1456.00,"31","ICH mc 1","PR","ICH","mc1","mc","1","","31","","","","Non-forested fen/marsh","","",8.00,10/11/2000 0:00:00,,1456.00,"ICH mc 1 /31","","","npe",,0
1457.00,"01","ICH mc 1a","PR","ICH","mc1a","mc","1","a","01","","","","HwBa - Bramble","","",8.00,10/11/2000 0:00:00,,1457.00,"ICH mc 1a/01","","","",,0
1458.00,"01a","ICH mc 1a","PR","ICH","mc1a","mc","1","a","01","a","","","HwBa - Bramble, Mesic","","",8.00,10/11/2000 0:00:00,,1458.00,"ICH mc 1a/01a","","","",,0
1459.00,"01b","ICH mc 1a","PR","ICH","mc1a","mc","1","a","01","b","","","HwBa - Bramble, Submesic","","",8.00,10/11/2000 0:00:00,,1459.00,"ICH mc 1a/01b","","","",,0
1460.00,"02","ICH mc 1a","PR","ICH","mc1a","mc","1","a","02","","","","HwBa - Oak fern","","",8.00,10/11/2000 0:00:00,,1460.00,"ICH mc 1a/02","","","",,0
1461.00,"03","ICH mc 1a","PR","ICH","mc1a","mc","1","a","03","","","","HwBa - Devil's club - Lady fern","","",8.00,10/11/2000 0:00:00,,1461.00,"ICH mc 1a/03","","","",,0
1462.00,"01","ICH mc 2","PR","ICH","mc2","mc","2","","01","","","","Hw - Step moss","","",8.00,10/11/2000 0:00:00,,1462.00,"ICH mc 2 /01","","Tsughet-Abielas-Hylospl","missing",,0
1463.00,"01_(1)","ICH mc 2","PR","ICH","mc2","mc","2","","01","","(1)","","Hw - Step moss, Cw Variation","","",,10/11/2000 0:00:00,"37996",1463.00,"ICH mc 2 /01(1)","","","NA",,0
1464.00,"01_(2)","ICH mc 2","PR","ICH","mc2","mc","2","","01","","(2)","","Hw - Step moss, BlSx Variation","","",,10/11/2000 0:00:00,"37996",1464.00,"ICH mc 2 /01(2)","","","NA",,0
1465.00,"01a","ICH mc 2","PR","ICH","mc2","mc","2","","01","a","","","Hw - Step moss, Mesic","","",8.00,10/11/2000 0:00:00,,1465.00,"ICH mc 2 /01a","","","missing",,0
1466.00,"01b","ICH mc 2","PR","ICH","mc2","mc","2","","01","b","","","Hw - Step moss, Submesic","","",8.00,10/11/2000 0:00:00,,1466.00,"ICH mc 2 /01b","","","missing",,0
1467.00,"02","ICH mc 2","PR","ICH","mc2","mc","2","","02","","","","HwPl - Kinnikinnick - Cladonia","","",8.00,10/11/2000 0:00:00,,1467.00,"ICH mc 2 /02","","","missing",,0
1468.00,"03","ICH mc 2","PR","ICH","mc2","mc","2","","03","","","","HwCw - Oak fern","","",8.00,10/11/2000 0:00:00,,1468.00,"ICH mc 2 /03","","Thujpli-Tsughet-Gymndry","missing",,0
1469.00,"04","ICH mc 2","PR","ICH","mc2","mc","2","","04","","","","CwHw - Devil's club - Oak fern","","",8.00,10/11/2000 0:00:00,,1469.00,"ICH mc 2 /04","Tsughet-Thujpli-Oplohor","Thujpli-Tsughet-Oplohor","missing",,0
1470.00,"05","ICH mc 2","PR","ICH","mc2","mc","2","","05","","","","Sx - Devil's club - Lady fern","","",8.00,10/11/2000 0:00:00,,1470.00,"ICH mc 2 /05","Piceene-Oplohor-Gymndry","Piceene-Gymndry","missing",,0
1471.00,"06","ICH mc 2","PR","ICH","mc2","mc","2","","06","","","","ActSx - Dogwood","","",8.00,10/11/2000 0:00:00,,1471.00,"ICH mc 2 /06","","","",,0
1472.00,"07","ICH mc 2","PR","ICH","mc2","mc","2","","07","","","","CwSx - Horsetail - Skunk cabbage","","",8.00,10/11/2000 0:00:00,,1472.00,"ICH mc 2 /07","","Thujpli-Abielas-Lysiame","missing",,0
1473.00,"08","ICH mc 2","PR","ICH","mc2","mc","2","","08","","","","SbSx - Scrub birch - Sedge","","",8.00,10/11/2000 0:00:00,,1473.00,"ICH mc 2 /08","","","",,0
1474.00,"31","ICH mc 2","PR","ICH","mc2","mc","2","","31","","","","Non-forested bog","","",8.00,10/11/2000 0:00:00,,1474.00,"ICH mc 2 /31","","","npe",,0
1475.00,"32","ICH mc 2","PR","ICH","mc2","mc","2","","32","","","","Non-forested fen/marsh","","",8.00,10/11/2000 0:00:00,,1475.00,"ICH mc 2 /32","","","npe",,0
1476.00,"01","ICH vc","PR","ICH","vc","vc","","","01","","","","HwBl - Devil's club","","",8.00,10/11/2000 0:00:00,,1476.00,"ICH vc   /01","","","",,0
1477.00,"01_(1)","ICH vc","PR","ICH","vc","vc","","","01","","(1)","","HwBl - Devil's club, Hw Variation","","",,10/11/2000 0:00:00,"37996",1477.00,"ICH vc   /01(1)","","","NA",,0
1478.00,"01_(2)","ICH vc","PR","ICH","vc","vc","","","01","","(2)","","HwBl - Devil's club, Bl Variation","","",,10/11/2000 0:00:00,"37996",1478.00,"ICH vc   /01(2)","","","NA",,0
1479.00,"02","ICH vc","PR","ICH","vc","vc","","","02","","","","Hw - Step moss","","",8.00,10/11/2000 0:00:00,,1479.00,"ICH vc   /02","","","",,0
1480.00,"02_(1)","ICH vc","PR","ICH","vc","vc","","","02","","(1)","","Hw - Step moss, Hw Variation","","",,10/11/2000 0:00:00,"37996",1480.00,"ICH vc   /02(1)","","","NA",,0
1481.00,"02_(2)","ICH vc","PR","ICH","vc","vc","","","02","","(2)","","Hw - Step moss, Bl Variation","","",,10/11/2000 0:00:00,"37996",1481.00,"ICH vc   /02(2)","","","NA",,0
1482.00,"03","ICH vc","PR","ICH","vc","vc","","","03","","","","Sx - Devil's club","","",8.00,10/11/2000 0:00:00,,1482.00,"ICH vc   /03","Piceene-Oplohor-Gymndry","Piceene-Gymndry","",,0
1483.00,"03a","ICH vc","PR","ICH","vc","vc","","","03","a","","","Sx - Devil's club, Fluvial","","",8.00,10/11/2000 0:00:00,,1483.00,"ICH vc   /03a","","","",,0
1484.00,"03b","ICH vc","PR","ICH","vc","vc","","","03","b","","","Sx - Devil's club, Morainal","","",8.00,10/11/2000 0:00:00,,1484.00,"ICH vc   /03b","","","",,0
1485.00,"04","ICH vc","PR","ICH","vc","vc","","","04","","","","Sx - Devil's club - Dogwood","","",8.00,10/11/2000 0:00:00,,1485.00,"ICH vc   /04","Piceene-Oplohor-Gymndry","Piceene-Gymndry","",,0
1486.00,"05","ICH vc","PR","ICH","vc","vc","","","05","","","","ActSx - Dogwood","","",8.00,10/11/2000 0:00:00,,1486.00,"ICH vc   /05","","","",,0
1487.00,"06","ICH vc","PR","ICH","vc","vc","","","06","","","","Sx - Horsetail","","",8.00,10/11/2000 0:00:00,,1487.00,"ICH vc   /06","Piceene-Cornsto-Equiset","Piceene-Equiset","",,0
1488.00,"31","ICH vc","PR","ICH","vc","vc","","","31","","","","Non-forested fen/marsh","","",8.00,10/11/2000 0:00:00,,1488.00,"ICH vc   /31","","","",,0
1489.00,"01","ICH wc","PR","ICH","wc","wc","","","01","","","","HwBl - Oak fern","","",8.00,10/11/2000 0:00:00,,1489.00,"ICH wc   /01","","Tsughet-Abielas-Gymndry","npe",,0
1490.00,"02","ICH wc","PR","ICH","wc","wc","","","02","","","","HwPl - Feathermoss - Cladonia","","",8.00,10/11/2000 0:00:00,,1490.00,"ICH wc   /02","","Tsughet-Abielas-Hylospl","npe",,0
1491.00,"03","ICH wc","PR","ICH","wc","wc","","","03","","","","Hw - Step moss","","",8.00,10/11/2000 0:00:00,,1491.00,"ICH wc   /03","","Tsughet-Abielas-Hylospl","npe",,0
1492.00,"04","ICH wc","PR","ICH","wc","wc","","","04","","","","HwBl - Devil's club","","",8.00,10/11/2000 0:00:00,,1492.00,"ICH wc   /04","","Tsughet-Abielas-Oplohor","npe",,0
1493.00,"05","ICH wc","PR","ICH","wc","wc","","","05","","","","Sx - Devil's club","","",8.00,10/11/2000 0:00:00,,1493.00,"ICH wc   /05","Piceene-Oplohor-Gymndry","Piceene-Gymndry","npe",,0
1494.00,"06","ICH wc","PR","ICH","wc","wc","","","06","","","","ActSx - Dogwood","","",8.00,10/11/2000 0:00:00,,1494.00,"ICH wc   /06","","Popubal-Oplohor","npe",,0
1495.00,"07","ICH wc","PR","ICH","wc","wc","","","07","","","","HwSx - Blueberry - Sphagnum","","",8.00,10/11/2000 0:00:00,,1495.00,"ICH wc   /07","","","npe",,0
1496.00,"08","ICH wc","PR","ICH","wc","wc","","","08","","","","Sx - Horsetail","","",8.00,10/11/2000 0:00:00,,1496.00,"ICH wc   /08","Piceene-Cornsto-Equiset","Piceene-Equiset","npe",,0
1497.00,"31","ICH wc","PR","ICH","wc","wc","","","31","","","","Non-forested bog","","",8.00,10/11/2000 0:00:00,,1497.00,"ICH wc   /31","","","npe",,0
1498.00,"32","ICH wc","PR","ICH","wc","wc","","","32","","","","Non-forested fen/marsh","","",8.00,10/11/2000 0:00:00,,1498.00,"ICH wc   /32","","","npe",,0
1499.00,"01","MH  mm 1","PR","MH","mm1","mm","1","","01","","","","HmBa - Blueberry","","",8.00,10/11/2000 0:00:00,,1499.00,"MH  mm 1 /01","","Tsugmer-Vaccmem","",,0
1500.00,"02","MH  mm 1","PR","MH","mm1","mm","1","","02","","","","HmBa - Mountain-heather","","",8.00,10/11/2000 0:00:00,,1500.00,"MH  mm 1 /02","","Tsugmer-Cassmer","",,0
1501.00,"03","MH  mm 1","PR","MH","mm1","mm","1","","03","","","","BaHm - Oak fern","","",8.00,10/11/2000 0:00:00,,1501.00,"MH  mm 1 /03","","Tsugmer-Strelan","",,0
1502.00,"04","MH  mm 1","PR","MH","mm1","mm","1","","04","","","","HmBa - Bramble","","",8.00,10/11/2000 0:00:00,,1502.00,"MH  mm 1 /04","","Tsugmer-Vaccmem","",,0
1503.00,"05","MH  mm 1","PR","MH","mm1","mm","1","","05","","","","BaHm - Twistedstalk","","",8.00,10/11/2000 0:00:00,,1503.00,"MH  mm 1 /05","","Tsugmer-Strelan","",,0
1504.00,"06","MH  mm 1","PR","MH","mm1","mm","1","","06","","","","HmYc - Deer-cabbage","","",8.00,10/11/2000 0:00:00,,1504.00,"MH  mm 1 /06","","Tsugmer-Coptasp","",,0
1505.00,"07","MH  mm 1","PR","MH","mm1","mm","1","","07","","","","YcHm - Hellebore","","",8.00,10/11/2000 0:00:00,,1505.00,"MH  mm 1 /07","","","",,0
1506.00,"08","MH  mm 1","PR","MH","mm1","mm","1","","08","","","","HmYc - Sphagnum","","",8.00,10/11/2000 0:00:00,,1506.00,"MH  mm 1 /08","","Chamnoo-Sphagnu","",,0
1507.00,"09","MH  mm 1","PR","MH","mm1","mm","1","","09","","","","YcHm - Skunk cabbage","","",8.00,10/11/2000 0:00:00,,1507.00,"MH  mm 1 /09","","Tsugmer-Coptasp","",,0
1508.00,"31","MH  mm 1","PR","MH","mm1","mm","1","","31","","","","Non-forested wetland","","",8.00,10/11/2000 0:00:00,,1508.00,"MH  mm 1 /31","","","npe",,0
1509.00,"51","MH  mm 1","PR","MH","mm1","mm","1","","51","","","","Avalanche track","","",8.00,10/11/2000 0:00:00,,1509.00,"MH  mm 1 /51","","","npe",,0
1510.00,"01","MH  mm 2","PR","MH","mm2","mm","2","","01","","","","HmBa - Blueberry","","",8.00,10/11/2000 0:00:00,,1510.00,"MH  mm 2 /01","","Tsugmer-Vaccmem","missing",,0
1511.00,"02","MH  mm 2","PR","MH","mm2","mm","2","","02","","","","HmBa - Mountain-heather","","",8.00,10/11/2000 0:00:00,,1511.00,"MH  mm 2 /02","","Tsugmer-Cassmer","missing",,0
1512.00,"03","MH  mm 2","PR","MH","mm2","mm","2","","03","","","","BaHm - Oak fern","","",8.00,10/11/2000 0:00:00,,1512.00,"MH  mm 2 /03","","Tsugmer-Strelan","missing",,0
1513.00,"04","MH  mm 2","PR","MH","mm2","mm","2","","04","","","","HmBa - Bramble","","",8.00,10/11/2000 0:00:00,,1513.00,"MH  mm 2 /04","","Tsugmer-Vaccmem","missing",,0
1514.00,"05","MH  mm 2","PR","MH","mm2","mm","2","","05","","","","BaHm - Twistedstalk","","",8.00,10/11/2000 0:00:00,,1514.00,"MH  mm 2 /05","","Tsugmer-Strelan","missing",,0
1515.00,"06","MH  mm 2","PR","MH","mm2","mm","2","","06","","","","HmYc - Deer-cabbage","","",8.00,10/11/2000 0:00:00,,1515.00,"MH  mm 2 /06","","","missing",,0
1516.00,"07","MH  mm 2","PR","MH","mm2","mm","2","","07","","","","YcHm - Hellebore","","",8.00,10/11/2000 0:00:00,,1516.00,"MH  mm 2 /07","","","missing",,0
1517.00,"08","MH  mm 2","PR","MH","mm2","mm","2","","08","","","","HmYc - Sphagnum","","",8.00,10/11/2000 0:00:00,,1517.00,"MH  mm 2 /08","","","missing",,0
1518.00,"09","MH  mm 2","PR","MH","mm2","mm","2","","09","","","","YcHm - Skunk cabbage","","",8.00,10/11/2000 0:00:00,,1518.00,"MH  mm 2 /09","","Tsugmer-Coptasp","missing",,0
1519.00,"31","MH  mm 2","PR","MH","mm2","mm","2","","31","","","","Non-forested wetland","","",8.00,10/11/2000 0:00:00,,1519.00,"MH  mm 2 /31","","","missing",,0
1520.00,"51","MH  mm 2","PR","MH","mm2","mm","2","","51","","","","Avalanche track","","",8.00,10/11/2000 0:00:00,,1520.00,"MH  mm 2 /51","","","missing",,0
1521.00,"01","MH  wh 1","PR","MH","wh1","wh","1","","01","","","","HmSs - Blueberry","","",8.00,10/11/2000 0:00:00,,1521.00,"MH  wh 1 /01","","Tsugmer-Coptasp","NA",,0
1522.00,"02","MH  wh 1","PR","MH","wh1","wh","1","","02","","","","HmYc - Mountain-heather","","",8.00,10/11/2000 0:00:00,,1522.00,"MH  wh 1 /02","","","NA",,0
1523.00,"03","MH  wh 1","PR","MH","wh1","wh","1","","03","","","","SsHm - Reedgrass","","",8.00,10/11/2000 0:00:00,,1523.00,"MH  wh 1 /03","","Tsugmer-Coptasp","NA",,0
1524.00,"04","MH  wh 1","PR","MH","wh1","wh","1","","04","","","","HmYc - Goldthread","","",8.00,10/11/2000 0:00:00,,1524.00,"MH  wh 1 /04","","Tsugmer-Coptasp","NA",,0
1525.00,"05","MH  wh 1","PR","MH","wh1","wh","1","","05","","","","YcHm - Twistedstalk","","",8.00,10/11/2000 0:00:00,,1525.00,"MH  wh 1 /05","","Tsugmer-Coptasp","NA",,0
1526.00,"06","MH  wh 1","PR","MH","wh1","wh","1","","06","","","","HmYc - Deer-cabbage","","",8.00,10/11/2000 0:00:00,,1526.00,"MH  wh 1 /06","","Tsugmer-Coptasp","NA",,0
1527.00,"07","MH  wh 1","PR","MH","wh1","wh","1","","07","","","","YcHm - Hellebore","","",8.00,10/11/2000 0:00:00,,1527.00,"MH  wh 1 /07","","Tsugmer-Coptasp","NA",,0
1528.00,"08","MH  wh 1","PR","MH","wh1","wh","1","","08","","","","HmYc - Sphagnum","","",8.00,10/11/2000 0:00:00,,1528.00,"MH  wh 1 /08","","","NA",,0
1529.00,"09","MH  wh 1","PR","MH","wh1","wh","1","","09","","","","YcHm - Skunk cabbage","","",8.00,10/11/2000 0:00:00,,1529.00,"MH  wh 1 /09","","","NA",,0
1530.00,"31","MH  wh 1","PR","MH","wh1","wh","1","","31","","","","Non-forested wetland","","",8.00,10/11/2000 0:00:00,,1530.00,"MH  wh 1 /31","","","npe",,0
1531.00,"01","SBPSmc","PR","SBPS","mc","mc","","","01","","","","Pl - Feathermoss - Cladina","","",8.00,10/11/2000 0:00:00,,1531.00,"SBPSmc   /01","Pinucon-Arctuva-Pleusch","Pinucon-Pleusch","",,0
1532.00,"01a","SBPSmc","PR","SBPS","mc","mc","","","01","a","","","Pl - Feathermoss - Cladina, Mesic","","",8.00,10/11/2000 0:00:00,,1532.00,"SBPSmc   /01a","","","",,0
1533.00,"01b","SBPSmc","PR","SBPS","mc","mc","","","01","b","","","Pl - Feathermoss - Cladina, Submesic","","",8.00,10/11/2000 0:00:00,,1533.00,"SBPSmc   /01b","","","",,0
1534.00,"02","SBPSmc","PR","SBPS","mc","mc","","","02","","","","Pl - Kinnikinnick - Cladonia","","",8.00,10/11/2000 0:00:00,,1534.00,"SBPSmc   /02","Pinucon-Arctuva-Cladoni","Pinucon-Cladoni","",,0
1535.00,"03","SBPSmc","PR","SBPS","mc","mc","","","03","","","","SbPl - Feathermoss","","",8.00,10/11/2000 0:00:00,,1535.00,"SBPSmc   /03","","Picemar-Abielas-Pleusch","",,0
1536.00,"04","SBPSmc","PR","SBPS","mc","mc","","","04","","","","Sxw - Scrub birch - Feathermoss","","",8.00,10/11/2000 0:00:00,,1536.00,"SBPSmc   /04","Piceene-Betunan-Loniinv","Piceene-Loniinv","",,0
1537.00,"05","SBPSmc","PR","SBPS","mc","mc","","","05","","","","Sxw - Horsetail","","",8.00,10/11/2000 0:00:00,,1537.00,"SBPSmc   /05","Piceene-Cornsto-Equiset","Piceene-Equiset","",,0
1538.00,"06","SBPSmc","PR","SBPS","mc","mc","","","06","","","","Sxw - Horsetail - Glow moss","","",8.00,10/11/2000 0:00:00,,1538.00,"SBPSmc   /06","Piceene-Equiset-Aulapal","Piceene-Equiset","",,0
1539.00,"07","SBPSmc","PR","SBPS","mc","mc","","","07","","","","SbSxw - Scrub birch - Sedge","","",8.00,10/11/2000 0:00:00,,1539.00,"SBPSmc   /07","","","",,0
1540.00,"31","SBPSmc","PR","SBPS","mc","mc","","","31","","","","Non-forested bog","","",8.00,10/11/2000 0:00:00,,1540.00,"SBPSmc   /31","","","npe",,0
1541.00,"32","SBPSmc","PR","SBPS","mc","mc","","","32","","","","Non-forested fen/marsh","","",8.00,10/11/2000 0:00:00,,1541.00,"SBPSmc   /32","","","npe",,0
1542.00,"01","SBS dk","PR","SBS","dk","dk","","","01","","","","Sxw - Spirea - Purple peavine","","",8.00,10/11/2000 0:00:00,,1542.00,"SBS dk   /01","Piceene-Loniinv","Piceene-Loniinv","missing",,0
1543.00,"01a","SBS dk","PR","SBS","dk","dk","","","01","a","","","Sxw - Spirea - Purple peavine, Fine-textured","","",8.00,10/11/2000 0:00:00,,1543.00,"SBS dk   /01a","","","missing",,0
1544.00,"01b","SBS dk","PR","SBS","dk","dk","","","01","b","","","Sxw - Spirea - Purple peavine, Coarse-textured","","",8.00,10/11/2000 0:00:00,,1544.00,"SBS dk   /01b","","","missing",,0
1545.00,"02","SBS dk","PR","SBS","dk","dk","","","02","","","","Pl - Juniper - Ricegrass","","",8.00,10/11/2000 0:00:00,,1545.00,"SBS dk   /02","Pinucon-Arctuva-Cladoni","Pinucon-Cladoni","",,0
1546.00,"03","SBS dk","PR","SBS","dk","dk","","","03","","","","Pl - Feathermoss - Cladina","","",8.00,10/11/2000 0:00:00,,1546.00,"SBS dk   /03","Pinucon-Arctuva-Pleusch","Pinucon-Pleusch","missing",,0
1547.00,"04","SBS dk","PR","SBS","dk","dk","","","04","","","","Fd - Soopolallie - Feathermoss","","",8.00,10/11/2000 0:00:00,,1547.00,"SBS dk   /04","","Pseumen-Shepcan","missing",,0
1548.00,"05","SBS dk","PR","SBS","dk","dk","","","05","","","","Sxw - Spirea - Feathermoss","","",8.00,10/11/2000 0:00:00,,1548.00,"SBS dk   /05","Piceene-Spirbet-Pleusch","Piceene-Loniinv","missing",,0
1549.00,"06","SBS dk","PR","SBS","dk","dk","","","06","","","","Sxw - Twinberry - Coltsfoot","","",8.00,10/11/2000 0:00:00,,1549.00,"SBS dk   /06","Piceene-Loniinv","Piceene-Loniinv","missing",,0
1550.00,"07","SBS dk","PR","SBS","dk","dk","","","07","","","","Sxw - Horsetail","","",8.00,10/11/2000 0:00:00,,1550.00,"SBS dk   /07","Piceene-Cornsto-Equiset","Piceene-Equiset","missing",,0
1551.00,"07a","SBS dk","PR","SBS","dk","dk","","","07","a","","","Sxw - Horsetail, Freely drained","","",8.00,10/11/2000 0:00:00,,1551.00,"SBS dk   /07a","","","missing",,0
1552.00,"07b","SBS dk","PR","SBS","dk","dk","","","07","b","","","Sxw - Horsetail, Poorly drained","","",8.00,10/11/2000 0:00:00,,1552.00,"SBS dk   /07b","","","missing",,0
1553.00,"08","SBS dk","PR","SBS","dk","dk","","","08","","","","Act - Dogwood - Prickly rose","","",8.00,10/11/2000 0:00:00,,1553.00,"SBS dk   /08","","","",,0
1554.00,"09","SBS dk","PR","SBS","dk","dk","","","09","","","","Sb - Creeping-snowberry - Sphagnum","","",8.00,10/11/2000 0:00:00,,1554.00,"SBS dk   /09","","","",,0
1555.00,"10","SBS dk","PR","SBS","dk","dk","","","10","","","","Sb - Soft-leaved sedge - Sphagnum","","",8.00,10/11/2000 0:00:00,,1555.00,"SBS dk   /10","","","missing",,0
1556.00,"31","SBS dk","PR","SBS","dk","dk","","","31","","","","Non-forested bog","","",8.00,10/11/2000 0:00:00,,1556.00,"SBS dk   /31","","","npe",,0
1557.00,"32","SBS dk","PR","SBS","dk","dk","","","32","","","","Non-forested fen/marsh","","",8.00,10/11/2000 0:00:00,,1557.00,"SBS dk   /32","","","npe",,0
1558.00,"81","SBS dk","PR","SBS","dk","dk","","","81","","","","Saskatoon - Slender wheatgrass","","",8.00,10/11/2000 0:00:00,,1558.00,"SBS dk   /81","","Sympalb-Amelaln-Rosaaci","",,0
1559.00,"82","SBS dk","PR","SBS","dk","dk","","","82","","","","Bluegrass - Slender wheatgrass","","",8.00,10/11/2000 0:00:00,,1559.00,"SBS dk   /82","","","",,0
1560.00,"01","SBS mc 2","PR","SBS","mc2","mc","2","","01","","","","Sxw - Huckleberry","","",8.00,10/11/2000 0:00:00,,1560.00,"SBS mc 2 /01","Piceene-Vaccmem","Piceene-Vaccmem","",,0
1561.00,"01a","SBS mc 2","PR","SBS","mc2","mc","2","","01","a","","","Sxw - Huckleberry, Mesic, fine-textured","","",8.00,10/11/2000 0:00:00,,1561.00,"SBS mc 2 /01a","","","",,0
1562.00,"01b","SBS mc 2","PR","SBS","mc2","mc","2","","01","b","","","Sxw - Huckleberry, Mesic, coarse-textured","","",8.00,10/11/2000 0:00:00,,1562.00,"SBS mc 2 /01b","","","",,0
1563.00,"01c","SBS mc 2","PR","SBS","mc2","mc","2","","01","c","","","Sxw - Huckleberry, Submesic","","",8.00,10/11/2000 0:00:00,,1563.00,"SBS mc 2 /01c","","","",,0
1564.00,"02","SBS mc 2","PR","SBS","mc2","mc","2","","02","","","","Pl - Huckleberry - Cladonia","","",8.00,10/11/2000 0:00:00,,1564.00,"SBS mc 2 /02","Abielas-Pleusch-Cladoni","Abielas-Cladoni","",,0
1565.00,"03","SBS mc 2","PR","SBS","mc2","mc","2","","03","","","","SbPl - Feathermoss","","",8.00,10/11/2000 0:00:00,,1565.00,"SBS mc 2 /03","","Picemar-Abielas-Pleusch","",,0
1566.00,"05","SBS mc 2","PR","SBS","mc2","mc","2","","05","","","","Sxw - Twinberry - Coltsfoot","","",8.00,10/11/2000 0:00:00,,1566.00,"SBS mc 2 /05","Piceene-Loniinv","Piceene-Loniinv","",,0
1567.00,"06","SBS mc 2","PR","SBS","mc2","mc","2","","06","","","","Sxw - Oak fern","","",8.00,10/11/2000 0:00:00,,1567.00,"SBS mc 2 /06","Piceene-Gymndry","Piceene-Gymndry","",,0
1568.00,"07","SBS mc 2","PR","SBS","mc2","mc","2","","07","","","","Sxw - Scrub birch - Feathermoss","","",8.00,10/11/2000 0:00:00,,1568.00,"SBS mc 2 /07","Piceene-Betunan-Loniinv","Piceene-Loniinv","",,0
1569.00,"09","SBS mc 2","PR","SBS","mc2","mc","2","","09","","","","Sxw - Devil's club","","",8.00,10/11/2000 0:00:00,,1569.00,"SBS mc 2 /09","Piceene-Oplohor-Gymndry","Piceene-Gymndry","",,0
1570.00,"09a","SBS mc 2","PR","SBS","mc2","mc","2","","09","a","","","Sxw - Devil's club, Fluvial","","",8.00,10/11/2000 0:00:00,,1570.00,"SBS mc 2 /09a","","","",,0
1571.00,"09b","SBS mc 2","PR","SBS","mc2","mc","2","","09","b","","","Sxw - Devil's club, Morainal","","",8.00,10/11/2000 0:00:00,,1571.00,"SBS mc 2 /09b","","","",,0
1572.00,"10","SBS mc 2","PR","SBS","mc2","mc","2","","10","","","","Sxw - Horsetail","","",8.00,10/11/2000 0:00:00,,1572.00,"SBS mc 2 /10","Piceene-Cornsto-Equiset","Piceene-Equiset","",,0
1573.00,"10a","SBS mc 2","PR","SBS","mc2","mc","2","","10","a","","","Sxw - Horsetail, Fluvial","","",8.00,10/11/2000 0:00:00,,1573.00,"SBS mc 2 /10a","","","",,0
1574.00,"10b","SBS mc 2","PR","SBS","mc2","mc","2","","10","b","","","Sxw - Horsetail, Lacustrine/morainal","","",8.00,10/11/2000 0:00:00,,1574.00,"SBS mc 2 /10b","","","",,0
1575.00,"12","SBS mc 2","PR","SBS","mc2","mc","2","","12","","","","SbSxw - Scrub birch - Sedge","","",8.00,10/11/2000 0:00:00,,1575.00,"SBS mc 2 /12","","","",,0
1576.00,"31","SBS mc 2","PR","SBS","mc2","mc","2","","31","","","","Non-forested fen/marsh","","",8.00,10/11/2000 0:00:00,,1576.00,"SBS mc 2 /31","","","npe",,0
1577.00,"01","SBS wk 3","PR","SBS","wk3","wk","3","","01","","","","Sxw - Oak fern","","",16.00,10/11/2000 0:00:00,,1577.00,"SBS wk 3 /01","Piceene-Gymndry","Piceene-Gymndry","",,0
1578.00,"02","SBS wk 3","PR","SBS","wk3","wk","3","","02","","","","Pl - Huckleberry - Cladina","","",16.00,10/11/2000 0:00:00,,1578.00,"SBS wk 3 /02","Pinucon-Vaccmem-Cladina","Piceene-Vaccmem","NA",,0
1579.00,"03","SBS wk 3","PR","SBS","wk3","wk","3","","03","","","","SxwFd - Purple peavine","","",16.00,10/11/2000 0:00:00,,1579.00,"SBS wk 3 /03","","Piceene-Pseumen-Rubupar","",,0
1580.00,"04","SBS wk 3","PR","SBS","wk3","wk","3","","04","","","","Sxw - Huckleberry - Highbush-cranberry","","",16.00,10/11/2000 0:00:00,,1580.00,"SBS wk 3 /04","Piceene-Vaccmem","Piceene-Vaccmem","",,0
1581.00,"05","SBS wk 3","PR","SBS","wk3","wk","3","","05","","","","Sb - Labrador tea","","",16.00,10/11/2000 0:00:00,,1581.00,"SBS wk 3 /05","","","",,0
1582.00,"06","SBS wk 3","PR","SBS","wk3","wk","3","","06","","","","Sxw - Twinberry - Coltsfoot","","",16.00,10/11/2000 0:00:00,,1582.00,"SBS wk 3 /06","Piceene-Loniinv","Piceene-Loniinv","",,0
1583.00,"07","SBS wk 3","PR","SBS","wk3","wk","3","","07","","","","Sxw - Devil's club","","",16.00,10/11/2000 0:00:00,,1583.00,"SBS wk 3 /07","Piceene-Oplohor-Gymndry","Piceene-Gymndry","",,0
1584.00,"08","SBS wk 3","PR","SBS","wk3","wk","3","","08","","","","Sxw - Horsetail","","",16.00,10/11/2000 0:00:00,,1584.00,"SBS wk 3 /08","Piceene-Cornsto-Equiset","Piceene-Equiset","npe",,0
1585.00,"01","SWB mk","PR","SWB","mk","mk","","","01","","","","Sw - Grey-leaved willow - Scrub birch","","",16.00,10/11/2000 0:00:00,,1585.00,"SWB mk   /01","","","missing",,0
1586.00,"02","SWB mk","PR","SWB","mk","mk","","","02","","","","Sw - Scrub birch - Cladina","","",16.00,10/11/2000 0:00:00,,1586.00,"SWB mk   /02","","","missing",,0
1587.00,"03","SWB mk","PR","SWB","mk","mk","","","03","","","","Sw - Juniper - Wildrye","","",16.00,10/11/2000 0:00:00,,1587.00,"SWB mk   /03","","","missing",,0
1588.00,"04","SWB mk","PR","SWB","mk","mk","","","04","","","","Sw - Arctic lupine - Step moss","","",16.00,10/11/2000 0:00:00,,1588.00,"SWB mk   /04","","","missing",,0
1589.00,"05","SWB mk","PR","SWB","mk","mk","","","05","","","","Sw - Willow - Crowberry","","",16.00,10/11/2000 0:00:00,,1589.00,"SWB mk   /05","","","missing",,0
1590.00,"06","SWB mk","PR","SWB","mk","mk","","","06","","","","Sw - Willow - Step moss","","",16.00,10/11/2000 0:00:00,,1590.00,"SWB mk   /06","","","missing",,0
1591.00,"07","SWB mk","PR","SWB","mk","mk","","","07","","","","Sw - Scrub birch - Bluejoint","","",16.00,10/11/2000 0:00:00,,1591.00,"SWB mk   /07","","","missing",,0
1592.00,"08","SWB mk","PR","SWB","mk","mk","","","08","","","","Sw - Shrubby cinquefoil - Horsetail","","",16.00,10/11/2000 0:00:00,,1592.00,"SWB mk   /08","","","missing",,0
1593.00,"09","SWB mk","PR","SWB","mk","mk","","","09","","","","Sw - Forested wetland","","",16.00,10/11/2000 0:00:00,,1593.00,"SWB mk   /09","","","missing",,0
1594.00,"01","CDF mm","VAN","CDF","mm","mm","","","01","","","","Fd - Salal","","",11.00,10/11/2000 0:00:00,,1594.00,"CDF mm   /01","","Pseumen-Mahoner","",,0
1595.00,"02","CDF mm","VAN","CDF","mm","mm","","","02","","","","FdPl - Arbutus","","",11.00,10/11/2000 0:00:00,,1595.00,"CDF mm   /02","","Pseumen-Rhyttri","",,0
1596.00,"03","CDF mm","VAN","CDF","mm","mm","","","03","","","","Fd - Oniongrass","","",11.00,10/11/2000 0:00:00,,1596.00,"CDF mm   /03","","Pseumen-Rhyttri","",,0
1597.00,"04","CDF mm","VAN","CDF","mm","mm","","","04","","","","FdBg - Oregon-grape","","",11.00,10/11/2000 0:00:00,,1597.00,"CDF mm   /04","Thujpli-Abiegra-Achltri","Thujpli-Achltri","",,0
1598.00,"05","CDF mm","VAN","CDF","mm","mm","","","05","","","","CwFd - Kindbergia","","",11.00,10/11/2000 0:00:00,,1598.00,"CDF mm   /05","","","",,0
1599.00,"06","CDF mm","VAN","CDF","mm","mm","","","06","","","","CwBg - Foamflower","","",11.00,10/11/2000 0:00:00,,1599.00,"CDF mm   /06","Thujpli-Abiegra-Achltri","Thujpli-Achltri","",,0
1600.00,"07","CDF mm","VAN","CDF","mm","mm","","","07","","","","Cw - Snowberry","","",11.00,10/11/2000 0:00:00,,1600.00,"CDF mm   /07","","","",,0
1601.00,"08","CDF mm","VAN","CDF","mm","mm","","","08","","","","Act - Red-osier dogwood","","",11.00,10/11/2000 0:00:00,,1601.00,"CDF mm   /08","","","npe",,0
1602.00,"09","CDF mm","VAN","CDF","mm","mm","","","09","","","","Act - Willow","","",11.00,10/11/2000 0:00:00,,1602.00,"CDF mm   /09","","","npe",,0
1603.00,"10","CDF mm","VAN","CDF","mm","mm","","","10","","","","Pl - Sphagnum","","",11.00,10/11/2000 0:00:00,,1603.00,"CDF mm   /10","","","",,0
1604.00,"11","CDF mm","VAN","CDF","mm","mm","","","11","","","","Cw - Skunk cabbage","","",11.00,10/11/2000 0:00:00,,1604.00,"CDF mm   /11","","Tsughet-Picesit-Lysiame","",,0
1605.00,"12","CDF mm","VAN","CDF","mm","mm","","","12","","","","Cw - Vanilla leaf","","",11.00,10/11/2000 0:00:00,,1605.00,"CDF mm   /12","Thujpli-Abiegra-Achltri","Thujpli-Achltri","npe",,0
1606.00,"13","CDF mm","VAN","CDF","mm","mm","","","13","","","","Cw - Indian plum","","",11.00,10/11/2000 0:00:00,,1606.00,"CDF mm   /13","Thujpli-Abiegra-Achltri","Thujpli-Achltri","npe",,0
1607.00,"14","CDF mm","VAN","CDF","mm","mm","","","14","","","","Cw - Slough sedge","","",11.00,10/11/2000 0:00:00,,1607.00,"CDF mm   /14","","","npe",,0
1608.00,"01","CWH dm","VAN","CWH","dm","dm","","","01","","","","Hw - Flat moss","","",11.00,10/11/2000 0:00:00,,1608.00,"CWH dm   /01","","Tsughet-Gaulsha","",,0
1609.00,"02","CWH dm","VAN","CWH","dm","dm","","","02","","","","FdPl - Cladina","","",11.00,10/11/2000 0:00:00,,1609.00,"CWH dm   /02","","Pseumen-Gaulsha","",,0
1610.00,"03","CWH dm","VAN","CWH","dm","dm","","","03","","","","FdHw - Salal","","",11.00,10/11/2000 0:00:00,,1610.00,"CWH dm   /03","","Tsughet-Gaulsha","",,0
1611.00,"04","CWH dm","VAN","CWH","dm","dm","","","04","","","","Fd - Sword fern","","",11.00,10/11/2000 0:00:00,,1611.00,"CWH dm   /04","","Pseumen-Polymun","",,0
1612.00,"05","CWH dm","VAN","CWH","dm","dm","","","05","","","","Cw - Sword fern","","",11.00,10/11/2000 0:00:00,,1612.00,"CWH dm   /05","Tsughet-Pseumen-Achltri","Thujpli-Achltri","",,0
1613.00,"06","CWH dm","VAN","CWH","dm","dm","","","06","","","","HwCw - Deer fern","","",11.00,10/11/2000 0:00:00,,1613.00,"CWH dm   /06","Tsughet-Pseumen-Achltri","Thujpli-Achltri","",,0
1614.00,"07","CWH dm","VAN","CWH","dm","dm","","","07","","","","Cw - Foamflower","","",11.00,10/11/2000 0:00:00,,1614.00,"CWH dm   /07","Tsughet-Pseumen-Achltri","Thujpli-Achltri","",,0
1615.00,"08","CWH dm","VAN","CWH","dm","dm","","","08","","","","Ss -Salmonberry","","",11.00,10/11/2000 0:00:00,,1615.00,"CWH dm   /08","","Picesit-Rubuspe","",,0
1616.00,"09","CWH dm","VAN","CWH","dm","dm","","","09","","","","Act - Red-osier dogwood","","",11.00,10/11/2000 0:00:00,,1616.00,"CWH dm   /09","","","npe",,0
1617.00,"10","CWH dm","VAN","CWH","dm","dm","","","10","","","","Act - Willow","","",11.00,10/11/2000 0:00:00,,1617.00,"CWH dm   /10","","Salisit-Equiset","npe",,0
1618.00,"11","CWH dm","VAN","CWH","dm","dm","","","11","","","","Pl - Sphagnum","","",11.00,10/11/2000 0:00:00,,1618.00,"CWH dm   /11","","","",,0
1619.00,"12","CWH dm","VAN","CWH","dm","dm","","","12","","","","CwSs - Skunk cabbage","","",11.00,10/11/2000 0:00:00,,1619.00,"CWH dm   /12","","","",,0
1620.00,"13","CWH dm","VAN","CWH","dm","dm","","","13","","","","Cw - Salmonberry","","",11.00,10/11/2000 0:00:00,,1620.00,"CWH dm   /13","","","npe",,0
1621.00,"14","CWH dm","VAN","CWH","dm","dm","","","14","","","","Cw - Black twinberry","","",11.00,10/11/2000 0:00:00,,1621.00,"CWH dm   /14","","","npe",,0
1622.00,"15","CWH dm","VAN","CWH","dm","dm","","","15","","","","Cw - Slough sedge","","",11.00,10/11/2000 0:00:00,,1622.00,"CWH dm   /15","","","npe",,0
1623.00,"01","CWH ds 1","VAN","CWH","ds1","ds","1","","01","","","","HwFd - Cat's-tail moss","","",11.00,10/11/2000 0:00:00,,1623.00,"CWH ds 1 /01","","Tsughet-Paximyr","",,0
1624.00,"02","CWH ds 1","VAN","CWH","ds1","ds","1","","02","","","","FdPl - Kinnikinnick","","",11.00,10/11/2000 0:00:00,,1624.00,"CWH ds 1 /02","","Tsughet-Paximyr","",,0
1625.00,"03","CWH ds 1","VAN","CWH","ds1","ds","1","","03","","","","FdHw - Falsebox","","",11.00,10/11/2000 0:00:00,,1625.00,"CWH ds 1 /03","","Tsughet-Gaulsha","",,0
1626.00,"04","CWH ds 1","VAN","CWH","ds1","ds","1","","04","","","","Fd - Fairybells","","",11.00,10/11/2000 0:00:00,,1626.00,"CWH ds 1 /04","","","",,0
1627.00,"05","CWH ds 1","VAN","CWH","ds1","ds","1","","05","","","","Cw - Solomon's-seal","","",11.00,10/11/2000 0:00:00,,1627.00,"CWH ds 1 /05","","Thujpli-Acercir","",,0
1628.00,"06","CWH ds 1","VAN","CWH","ds1","ds","1","","06","","","","Hw - Queen's cup","","",11.00,10/11/2000 0:00:00,,1628.00,"CWH ds 1 /06","","Thujpli-Pseumen-Tiartri","",,0
1629.00,"07","CWH ds 1","VAN","CWH","ds1","ds","1","","07","","","","Cw - Devil's club","","",11.00,10/11/2000 0:00:00,,1629.00,"CWH ds 1 /07","","Thujpli-Pseumen-Tiartri","",,0
1630.00,"08","CWH ds 1","VAN","CWH","ds1","ds","1","","08","","","","Ss - Salmonberry","","",11.00,10/11/2000 0:00:00,,1630.00,"CWH ds 1 /08","","Picesit-Rubuspe","",,0
1631.00,"09","CWH ds 1","VAN","CWH","ds1","ds","1","","09","","","","Act - Red-osier dogwood","","",11.00,10/11/2000 0:00:00,,1631.00,"CWH ds 1 /09","","","npe",,0
1632.00,"10","CWH ds 1","VAN","CWH","ds1","ds","1","","10","","","","Act - Willow","","",11.00,10/11/2000 0:00:00,,1632.00,"CWH ds 1 /10","","","npe",,0
1633.00,"11","CWH ds 1","VAN","CWH","ds1","ds","1","","11","","","","Pl - Sphagnum","","",11.00,10/11/2000 0:00:00,,1633.00,"CWH ds 1 /11","","","",,0
1634.00,"12","CWH ds 1","VAN","CWH","ds1","ds","1","","12","","","","CwSs - Skunk cabbage","","",11.00,10/11/2000 0:00:00,,1634.00,"CWH ds 1 /12","","","",,0
1635.00,"01","CWH ds 2","VAN","CWH","ds2","ds","2","","01","","","","HwFd - Cat's-tail moss","","",11.00,10/11/2000 0:00:00,,1635.00,"CWH ds 2 /01","","Tsughet-Paximyr","",,0
1636.00,"02","CWH ds 2","VAN","CWH","ds2","ds","2","","02","","","","FdPl - Kinnikinnick","","",11.00,10/11/2000 0:00:00,,1636.00,"CWH ds 2 /02","","Tsughet-Paximyr","",,0
1637.00,"03","CWH ds 2","VAN","CWH","ds2","ds","2","","03","","","","FdHw - Falsebox","","",11.00,10/11/2000 0:00:00,,1637.00,"CWH ds 2 /03","","Tsughet-Gaulsha","",,0
1638.00,"04","CWH ds 2","VAN","CWH","ds2","ds","2","","04","","","","Fd - Fairybells","","",11.00,10/11/2000 0:00:00,,1638.00,"CWH ds 2 /04","","","",,0
1639.00,"05","CWH ds 2","VAN","CWH","ds2","ds","2","","05","","","","Cw - Solomon's-seal","","",11.00,10/11/2000 0:00:00,,1639.00,"CWH ds 2 /05","","","",,0
1640.00,"06","CWH ds 2","VAN","CWH","ds2","ds","2","","06","","","","Hw - Queen's cup","","",11.00,10/11/2000 0:00:00,,1640.00,"CWH ds 2 /06","","Thujpli-Pseumen-Tiartri","",,0
1641.00,"07","CWH ds 2","VAN","CWH","ds2","ds","2","","07","","","","Cw - Devil's club","","",11.00,10/11/2000 0:00:00,,1641.00,"CWH ds 2 /07","","Thujpli-Pseumen-Tiartri","",,0
1642.00,"08","CWH ds 2","VAN","CWH","ds2","ds","2","","08","","","","Ss - Salmonberry","","",11.00,10/11/2000 0:00:00,,1642.00,"CWH ds 2 /08","","","",,0
1643.00,"09","CWH ds 2","VAN","CWH","ds2","ds","2","","09","","","","Act - Red-osier dogwood","","",11.00,10/11/2000 0:00:00,,1643.00,"CWH ds 2 /09","","","npe",,0
1644.00,"10","CWH ds 2","VAN","CWH","ds2","ds","2","","10","","","","Act - Willow","","",11.00,10/11/2000 0:00:00,,1644.00,"CWH ds 2 /10","","","npe",,0
1645.00,"11","CWH ds 2","VAN","CWH","ds2","ds","2","","11","","","","Pl - Sphagnum","","",11.00,10/11/2000 0:00:00,,1645.00,"CWH ds 2 /11","","","",,0
1646.00,"12","CWH ds 2","VAN","CWH","ds2","ds","2","","12","","","","CwSs - Skunk cabbage","","",11.00,10/11/2000 0:00:00,,1646.00,"CWH ds 2 /12","","","",,0
1647.00,"01","CWH mm 1","VAN","CWH","mm1","mm","1","","01","","","","HwBa - Pipecleaner moss","","",11.00,10/11/2000 0:00:00,,1647.00,"CWH mm 1 /01","","Abieama-Rhytrob","",,0
1648.00,"02","CWH mm 1","VAN","CWH","mm1","mm","1","","02","","","","FdHw - Salal","","",11.00,10/11/2000 0:00:00,,1648.00,"CWH mm 1 /02","","Tsughet-Gaulsha","",,0
1649.00,"03","CWH mm 1","VAN","CWH","mm1","mm","1","","03","","","","HwCw - Salal","","",11.00,10/11/2000 0:00:00,,1649.00,"CWH mm 1 /03","","Tsughet-Gaulsha","",,0
1650.00,"04","CWH mm 1","VAN","CWH","mm1","mm","1","","04","","","","CwHw - Sword fern","","",11.00,10/11/2000 0:00:00,,1650.00,"CWH mm 1 /04","Tsughet-Pseumen-Achltri","Thujpli-Achltri","",,0
1651.00,"05","CWH mm 1","VAN","CWH","mm1","mm","1","","05","","","","BaCw - Foamflower","","",11.00,10/11/2000 0:00:00,,1651.00,"CWH mm 1 /05","","Abieama-Tiartri","",,0
1652.00,"06","CWH mm 1","VAN","CWH","mm1","mm","1","","06","","","","HwBa - Deer fern","","",11.00,10/11/2000 0:00:00,,1652.00,"CWH mm 1 /06","","Abieama-Rhytrob","",,0
1653.00,"07","CWH mm 1","VAN","CWH","mm1","mm","1","","07","","","","BaCw - Salmonberry","","",11.00,10/11/2000 0:00:00,,1653.00,"CWH mm 1 /07","","Abieama-Tiartri","",,0
1654.00,"08","CWH mm 1","VAN","CWH","mm1","mm","1","","08","","","","Ss - Salmonberry","","",11.00,10/11/2000 0:00:00,,1654.00,"CWH mm 1 /08","","","",,0
1655.00,"09","CWH mm 1","VAN","CWH","mm1","mm","1","","09","","","","Act - Red-osier dogwood","","",11.00,10/11/2000 0:00:00,,1655.00,"CWH mm 1 /09","","","npe",,0
1656.00,"10","CWH mm 1","VAN","CWH","mm1","mm","1","","10","","","","Act - Willow","","",11.00,10/11/2000 0:00:00,,1656.00,"CWH mm 1 /10","","","npe",,0
1657.00,"11","CWH mm 1","VAN","CWH","mm1","mm","1","","11","","","","Pl - Sphagnum","","",11.00,10/11/2000 0:00:00,,1657.00,"CWH mm 1 /11","","","",,0
1658.00,"12","CWH mm 1","VAN","CWH","mm1","mm","1","","12","","","","CwSs - Skunk cabbage","","",11.00,10/11/2000 0:00:00,,1658.00,"CWH mm 1 /12","","","",,0
1659.00,"01","CWH mm 2","VAN","CWH","mm2","mm","2","","01","","","","HwBa - Pipecleaner moss","","",11.00,10/11/2000 0:00:00,,1659.00,"CWH mm 2 /01","","Abieama-Rhytrob","",,0
1660.00,"02","CWH mm 2","VAN","CWH","mm2","mm","2","","02","","","","FdHw - Salal","","",11.00,10/11/2000 0:00:00,,1660.00,"CWH mm 2 /02","","Tsughet-Gaulsha","",,0
1661.00,"03","CWH mm 2","VAN","CWH","mm2","mm","2","","03","","","","HwCw - Salal","","",11.00,10/11/2000 0:00:00,,1661.00,"CWH mm 2 /03","","Abieama-Rhytrob","",,0
1662.00,"04","CWH mm 2","VAN","CWH","mm2","mm","2","","04","","","","CwHw - Sword fern","","",11.00,10/11/2000 0:00:00,,1662.00,"CWH mm 2 /04","Tsughet-Pseumen-Achltri","Thujpli-Achltri","",,0
1663.00,"05","CWH mm 2","VAN","CWH","mm2","mm","2","","05","","","","BaCw - Foamflower","","",11.00,10/11/2000 0:00:00,,1663.00,"CWH mm 2 /05","","Abieama-Tiartri","",,0
1664.00,"06","CWH mm 2","VAN","CWH","mm2","mm","2","","06","","","","HwBa - Deer fern","","",11.00,10/11/2000 0:00:00,,1664.00,"CWH mm 2 /06","","Abieama-Rhytrob","",,0
1665.00,"07","CWH mm 2","VAN","CWH","mm2","mm","2","","07","","","","CwYc - Goldthread","","",11.00,10/11/2000 0:00:00,,1665.00,"CWH mm 2 /07","","Chamnoo-Vaccala","npe",,0
1666.00,"08","CWH mm 2","VAN","CWH","mm2","mm","2","","08","","","","BaCw - Salmonberry","","",11.00,10/11/2000 0:00:00,,1666.00,"CWH mm 2 /08","","Abieama-Tiartri","",,0
1667.00,"09","CWH mm 2","VAN","CWH","mm2","mm","2","","09","","","","Pl - Sphagnum","","",11.00,10/11/2000 0:00:00,,1667.00,"CWH mm 2 /09","","","",,0
1668.00,"10","CWH mm 2","VAN","CWH","mm2","mm","2","","10","","","","CwYc - Skunk cabbage","","",11.00,10/11/2000 0:00:00,,1668.00,"CWH mm 2 /10","","","",,0
1669.00,"01","CWH ms 1","VAN","CWH","ms1","ms","1","","01","","","","HwBa - Step moss","","",11.00,10/11/2000 0:00:00,,1669.00,"CWH ms 1 /01","","Abieama-Pleusch","",,0
1670.00,"02","CWH ms 1","VAN","CWH","ms1","ms","1","","02","","","","FdPl - Kinnikinnick","","",11.00,10/11/2000 0:00:00,,1670.00,"CWH ms 1 /02","","","",,0
1671.00,"03","CWH ms 1","VAN","CWH","ms1","ms","1","","03","","","","FdHw - Falsebox","","",11.00,10/11/2000 0:00:00,,1671.00,"CWH ms 1 /03","","Abieama-Pleusch","",,0
1672.00,"04","CWH ms 1","VAN","CWH","ms1","ms","1","","04","","","","BaCw - Oak fern","","",11.00,10/11/2000 0:00:00,,1672.00,"CWH ms 1 /04","","Abieama-Tiartri","",,0
1673.00,"05","CWH ms 1","VAN","CWH","ms1","ms","1","","05","","","","HwBa - Queen's cup","","",11.00,10/11/2000 0:00:00,,1673.00,"CWH ms 1 /05","","Abieama-Pleusch","",,0
1674.00,"06","CWH ms 1","VAN","CWH","ms1","ms","1","","06","","","","BaCw - Devil's club","","",11.00,10/11/2000 0:00:00,,1674.00,"CWH ms 1 /06","","Abieama-Tiartri","",,0
1675.00,"07","CWH ms 1","VAN","CWH","ms1","ms","1","","07","","","","Ss - Salmonberry","","",11.00,10/11/2000 0:00:00,,1675.00,"CWH ms 1 /07","","","",,0
1676.00,"08","CWH ms 1","VAN","CWH","ms1","ms","1","","08","","","","Act - Red-osier dogwood","","",11.00,10/11/2000 0:00:00,,1676.00,"CWH ms 1 /08","","","npe",,0
1677.00,"09","CWH ms 1","VAN","CWH","ms1","ms","1","","09","","","","Act - Willow","","",11.00,10/11/2000 0:00:00,,1677.00,"CWH ms 1 /09","","","npe",,0
1678.00,"10","CWH ms 1","VAN","CWH","ms1","ms","1","","10","","","","Pl - Sphagnum","","",11.00,10/11/2000 0:00:00,,1678.00,"CWH ms 1 /10","","","",,0
1679.00,"11","CWH ms 1","VAN","CWH","ms1","ms","1","","11","","","","CwSs - Skunk cabbage","","",11.00,10/11/2000 0:00:00,,1679.00,"CWH ms 1 /11","","","",,0
1680.00,"01","CWH ms 2","VAN","CWH","ms2","ms","2","","01","","","","HwBa - Step moss","","",11.00,10/11/2000 0:00:00,,1680.00,"CWH ms 2 /01","","Abieama-Pleusch","",,0
1681.00,"02","CWH ms 2","VAN","CWH","ms2","ms","2","","02","","","","FdPl - Kinnikinnick","","",11.00,10/11/2000 0:00:00,,1681.00,"CWH ms 2 /02","","Tsughet-Paximyr","",,0
1682.00,"03","CWH ms 2","VAN","CWH","ms2","ms","2","","03","","","","FdHw - Falsebox","","",11.00,10/11/2000 0:00:00,,1682.00,"CWH ms 2 /03","","Abieama-Pleusch","",,0
1683.00,"04","CWH ms 2","VAN","CWH","ms2","ms","2","","04","","","","BaCw - Oak fern","","",11.00,10/11/2000 0:00:00,,1683.00,"CWH ms 2 /04","","Abieama-Tiartri","",,0
1684.00,"05","CWH ms 2","VAN","CWH","ms2","ms","2","","05","","","","HwBa - Queen's cup","","",11.00,10/11/2000 0:00:00,,1684.00,"CWH ms 2 /05","","Abieama-Pleusch","",,0
1685.00,"06","CWH ms 2","VAN","CWH","ms2","ms","2","","06","","","","BaCw - Devil's club","","",11.00,10/11/2000 0:00:00,,1685.00,"CWH ms 2 /06","","Abieama-Tiartri","",,0
1686.00,"07","CWH ms 2","VAN","CWH","ms2","ms","2","","07","","","","Ss - Salmonberry","","",11.00,10/11/2000 0:00:00,,1686.00,"CWH ms 2 /07","","Picesit-Rubuspe","",,0
1687.00,"08","CWH ms 2","VAN","CWH","ms2","ms","2","","08","","","","Act - Red-osier dogwood","","",11.00,10/11/2000 0:00:00,,1687.00,"CWH ms 2 /08","","","npe",,0
1688.00,"09","CWH ms 2","VAN","CWH","ms2","ms","2","","09","","","","Act - Willow","","",11.00,10/11/2000 0:00:00,,1688.00,"CWH ms 2 /09","","Alnurub-Oplohor","npe",,0
1689.00,"10","CWH ms 2","VAN","CWH","ms2","ms","2","","10","","","","Pl - Sphagnum","","",11.00,10/11/2000 0:00:00,,1689.00,"CWH ms 2 /10","","","",,0
1690.00,"11","CWH ms 2","VAN","CWH","ms2","ms","2","","11","","","","CwSs - Skunk cabbage","","",11.00,10/11/2000 0:00:00,,1690.00,"CWH ms 2 /11","","","",,0
1691.00,"01","CWH vh 1","VAN","CWH","vh1","vh","1","","01","","","","CwHw - Salal","","",11.00,10/11/2000 0:00:00,,1691.00,"CWH vh 1 /01","","Tsughet-Gaulsha","",,0
1692.00,"02","CWH vh 1","VAN","CWH","vh1","vh","1","","02","","","","PlYc - Rhacomitrium","","",11.00,10/11/2000 0:00:00,,1692.00,"CWH vh 1 /02","","PlYc-Racolan","",,0
1693.00,"03","CWH vh 1","VAN","CWH","vh1","vh","1","","03","","","","CwYc - Salal","","",11.00,10/11/2000 0:00:00,,1693.00,"CWH vh 1 /03","","Tsughet-Gaulsha","",,0
1694.00,"04","CWH vh 1","VAN","CWH","vh1","vh","1","","04","","","","HwSs - Lanky moss","","",11.00,10/11/2000 0:00:00,,1694.00,"CWH vh 1 /04","","","npe",,0
1695.00,"05","CWH vh 1","VAN","CWH","vh1","vh","1","","05","","","","CwSs - Sword fern","","",11.00,10/11/2000 0:00:00,,1695.00,"CWH vh 1 /05","Picesit-Polymun","Picesit-Rhytlor","npe",,0
1696.00,"06","CWH vh 1","VAN","CWH","vh1","vh","1","","06","","","","CwSs - Foamflower","","",11.00,10/11/2000 0:00:00,,1696.00,"CWH vh 1 /06","","Abieama-Tiartri","",,0
1697.00,"07","CWH vh 1","VAN","CWH","vh1","vh","1","","07","","","","CwSs - Devil's club","","",11.00,10/11/2000 0:00:00,,1697.00,"CWH vh 1 /07","","Abieama-Tiartri","",,0
1698.00,"08","CWH vh 1","VAN","CWH","vh1","vh","1","","08","","","","Ss - Lily-of-the-valley","","",11.00,10/11/2000 0:00:00,,1698.00,"CWH vh 1 /08","","Picesit-Rubuspe","npe",,0
1699.00,"09","CWH vh 1","VAN","CWH","vh1","vh","1","","09","","","","Ss - Trisetum","","",11.00,10/11/2000 0:00:00,,1699.00,"CWH vh 1 /09","","Picesit-Rubuspe","npe",,0
1700.00,"10","CWH vh 1","VAN","CWH","vh1","vh","1","","10","","","","Dr - Lily-of-the-valley","","",11.00,10/11/2000 0:00:00,,1700.00,"CWH vh 1 /10","","","npe",,0
1701.00,"11","CWH vh 1","VAN","CWH","vh1","vh","1","","11","","","","CwYc - Goldthread","","",11.00,10/11/2000 0:00:00,,1701.00,"CWH vh 1 /11","","Chamnoo-Vaccala","",,0
1702.00,"12","CWH vh 1","VAN","CWH","vh1","vh","1","","12","","","","PlYc - Sphagnum","","",11.00,10/11/2000 0:00:00,,1702.00,"CWH vh 1 /12","","Pinucon-Chamnoo-Gaulsha","",,0
1703.00,"13","CWH vh 1","VAN","CWH","vh1","vh","1","","13","","","","CwSs - Skunk cabbage","","",11.00,10/11/2000 0:00:00,,1703.00,"CWH vh 1 /13","","","",,0
1704.00,"14","CWH vh 1","VAN","CWH","vh1","vh","1","","14","","","","Ss - Salal","","",11.00,10/11/2000 0:00:00,,1704.00,"CWH vh 1 /14","","Picesit-Gaulsha","npe",,0
1705.00,"15","CWH vh 1","VAN","CWH","vh1","vh","1","","15","","","","Ss - Kindbergia","","",11.00,10/11/2000 0:00:00,,1705.00,"CWH vh 1 /15","","Picesit-Gaulsha","npe",,0
1706.00,"16","CWH vh 1","VAN","CWH","vh1","vh","1","","16","","","","Ss - Reedgrass","","",11.00,10/11/2000 0:00:00,,1706.00,"CWH vh 1 /16","","","npe",,0
1707.00,"17","CWH vh 1","VAN","CWH","vh1","vh","1","","17","","","","Ss - Sword fern","","",11.00,10/11/2000 0:00:00,,1707.00,"CWH vh 1 /17","","Picesit-Gaulsha","npe",,0
1708.00,"18","CWH vh 1","VAN","CWH","vh1","vh","1","","18","","","","Ss - Slough sedge","","",11.00,10/11/2000 0:00:00,,1708.00,"CWH vh 1 /18","","Picesit-Rubuspe","npe",,0
1709.00,"19","CWH vh 1","VAN","CWH","vh1","vh","1","","19","","","","Ss - Pacific crab apple","","",24.00,10/11/2000 0:00:00,,1709.00,"CWH vh 1 /19","","","npe",,0
1728.00,"01","CWH vm 1","VAN","CWH","vm1","vm","1","","01","","","","HwBa - Blueberry","","",11.00,10/11/2000 0:00:00,,1728.00,"CWH vm 1 /01","","Abieama-Rhytrob","",,0
1729.00,"01s","CWH vm 1","VAN","CWH","vm1","vm","1","","01","s","","","HwBa - Blueberry, Salal","","",11.00,10/11/2000 0:00:00,,1729.00,"CWH vm 1 /01s","","Tsughet-Gaulsha","",,0
1730.00,"02","CWH vm 1","VAN","CWH","vm1","vm","1","","02","","","","HwPl - Cladina","","",11.00,10/11/2000 0:00:00,,1730.00,"CWH vm 1 /02","","Pinucon-Gaulsha-Cladina","",,0
1731.00,"03","CWH vm 1","VAN","CWH","vm1","vm","1","","03","","","","HwCw - Salal","","",11.00,10/11/2000 0:00:00,,1731.00,"CWH vm 1 /03","","Tsughet-Gaulsha","",,0
1732.00,"04","CWH vm 1","VAN","CWH","vm1","vm","1","","04","","","","CwHw - Sword fern","","",11.00,10/11/2000 0:00:00,,1732.00,"CWH vm 1 /04","Tsughet-Pseumen-Achltri","Thujpli-Achltri","npe",,0
1733.00,"05","CWH vm 1","VAN","CWH","vm1","vm","1","","05","","","","BaCw - Foamflower","","",11.00,10/11/2000 0:00:00,,1733.00,"CWH vm 1 /05","","Abieama-Tiartri","",,0
1734.00,"06","CWH vm 1","VAN","CWH","vm1","vm","1","","06","","","","HwBa - Deer fern","","",11.00,10/11/2000 0:00:00,,1734.00,"CWH vm 1 /06","","Abieama-Rhytrob","",,0
1735.00,"06s","CWH vm 1","VAN","CWH","vm1","vm","1","","06","s","","","HwBa - Deer fern, Salal","","",11.00,10/11/2000 0:00:00,,1735.00,"CWH vm 1 /06s","","Tsughet-Gaulsha","",,0
1736.00,"07","CWH vm 1","VAN","CWH","vm1","vm","1","","07","","","","BaCw - Salmonberry","","",11.00,10/11/2000 0:00:00,,1736.00,"CWH vm 1 /07","","Abieama-Tiartri","",,0
1737.00,"08","CWH vm 1","VAN","CWH","vm1","vm","1","","08","","","","BaSs - Devil's club","","",11.00,10/11/2000 0:00:00,,1737.00,"CWH vm 1 /08","","Abieama-Tiartri","",,0
1738.00,"09","CWH vm 1","VAN","CWH","vm1","vm","1","","09","","","","Ss - Salmonberry","","",11.00,10/11/2000 0:00:00,,1738.00,"CWH vm 1 /09","","Picesit-Rubuspe","",,0
1739.00,"10","CWH vm 1","VAN","CWH","vm1","vm","1","","10","","","","Act - Red-osier dogwood","","",11.00,10/11/2000 0:00:00,,1739.00,"CWH vm 1 /10","","","npe",,0
1740.00,"11","CWH vm 1","VAN","CWH","vm1","vm","1","","11","","","","Act - Willow","","",11.00,10/11/2000 0:00:00,,1740.00,"CWH vm 1 /11","","","npe",,0
1741.00,"12","CWH vm 1","VAN","CWH","vm1","vm","1","","12","","","","CwYc - Goldthread","","",11.00,10/11/2000 0:00:00,,1741.00,"CWH vm 1 /12","","Chamnoo-Vaccala","npe",,0
1742.00,"13","CWH vm 1","VAN","CWH","vm1","vm","1","","13","","","","Pl - Sphagnum","","",11.00,10/11/2000 0:00:00,,1742.00,"CWH vm 1 /13","","Pinucon-Chamnoo-Gaulsha","",,0
1743.00,"14","CWH vm 1","VAN","CWH","vm1","vm","1","","14","","","","CwSs - Skunk cabbage","","",11.00,10/11/2000 0:00:00,,1743.00,"CWH vm 1 /14","","","",,0
1744.00,"01","CWH vm 2","VAN","CWH","vm2","vm","2","","01","","","","HwBa - Blueberry","","",11.00,10/11/2000 0:00:00,,1744.00,"CWH vm 2 /01","","Abieama-Rhytrob","",,0
1745.00,"02","CWH vm 2","VAN","CWH","vm2","vm","2","","02","","","","HwPl - Cladina","","",11.00,10/11/2000 0:00:00,,1745.00,"CWH vm 2 /02","","Pinucon-Gaulsha-Cladina","",,0
1746.00,"03","CWH vm 2","VAN","CWH","vm2","vm","2","","03","","","","HwCw - Salal","","",11.00,10/11/2000 0:00:00,,1746.00,"CWH vm 2 /03","","Tsughet-Gaulsha","",,0
1747.00,"04","CWH vm 2","VAN","CWH","vm2","vm","2","","04","","","","CwHw - Sword fern","","",11.00,10/11/2000 0:00:00,,1747.00,"CWH vm 2 /04","Tsughet-Pseumen-Achltri","Thujpli-Achltri","npe",,0
1748.00,"05","CWH vm 2","VAN","CWH","vm2","vm","2","","05","","","","BaCw - Foamflower","","",11.00,10/11/2000 0:00:00,,1748.00,"CWH vm 2 /05","","Abieama-Tiartri","",,0
1749.00,"06","CWH vm 2","VAN","CWH","vm2","vm","2","","06","","","","HwBa - Deer fern","","",11.00,10/11/2000 0:00:00,,1749.00,"CWH vm 2 /06","","Abieama-Rhytrob","",,0
1750.00,"07","CWH vm 2","VAN","CWH","vm2","vm","2","","07","","","","BaCw - Salmonberry","","",11.00,10/11/2000 0:00:00,,1750.00,"CWH vm 2 /07","","Abieama-Tiartri","",,0
1751.00,"08","CWH vm 2","VAN","CWH","vm2","vm","2","","08","","","","BaSs - Devil's club","","",11.00,10/11/2000 0:00:00,,1751.00,"CWH vm 2 /08","","Abieama-Tiartri","",,0
1752.00,"09","CWH vm 2","VAN","CWH","vm2","vm","2","","09","","","","CwYc - Goldthread","","",11.00,10/11/2000 0:00:00,,1752.00,"CWH vm 2 /09","","Chamnoo-Vaccala","npe",,0
1753.00,"10","CWH vm 2","VAN","CWH","vm2","vm","2","","10","","","","Pl - Sphagnum","","",11.00,10/11/2000 0:00:00,,1753.00,"CWH vm 2 /10","","Pinucon-Chamnoo-Gaulsha","",,0
1754.00,"11","CWH vm 2","VAN","CWH","vm2","vm","2","","11","","","","CwYc - Skunk cabbage","","",11.00,10/11/2000 0:00:00,,1754.00,"CWH vm 2 /11","","Tsugmer-Coptasp","",,0
1780.00,"01","CWH ws 2","VAN","CWH","ws2","ws","2","","01","","","","HwBa - Bramble","","",11.00,10/11/2000 0:00:00,,1780.00,"CWH ws 2 /01","","Abieama-Pleusch","",,0
1781.00,"02","CWH ws 2","VAN","CWH","ws2","ws","2","","02","","","","Pl - Kinnikinnick","","",11.00,10/11/2000 0:00:00,,1781.00,"CWH ws 2 /02","","","",,0
1782.00,"03","CWH ws 2","VAN","CWH","ws2","ws","2","","03","","","","HwPl - Feathermoss","","",11.00,10/11/2000 0:00:00,,1782.00,"CWH ws 2 /03","","Abieama-Pleusch","",,0
1783.00,"04","CWH ws 2","VAN","CWH","ws2","ws","2","","04","","","","BaCw - Oak fern","","",11.00,10/11/2000 0:00:00,,1783.00,"CWH ws 2 /04","","Abieama-Tiartri","",,0
1784.00,"05","CWH ws 2","VAN","CWH","ws2","ws","2","","05","","","","HwBa - Queen's cup","","",11.00,10/11/2000 0:00:00,,1784.00,"CWH ws 2 /05","","Abieama-Pleusch","",,0
1785.00,"06","CWH ws 2","VAN","CWH","ws2","ws","2","","06","","","","BaCw - Devil's club","","",11.00,10/11/2000 0:00:00,,1785.00,"CWH ws 2 /06","","Abieama-Tiartri","",,0
1786.00,"07","CWH ws 2","VAN","CWH","ws2","ws","2","","07","","","","Ss - Salmonberry","","",11.00,10/11/2000 0:00:00,,1786.00,"CWH ws 2 /07","","Picesit-Rubuspe","",,0
1787.00,"08","CWH ws 2","VAN","CWH","ws2","ws","2","","08","","","","Act - Red-osier dogwood","","",11.00,10/11/2000 0:00:00,,1787.00,"CWH ws 2 /08","","","npe",,0
1788.00,"09","CWH ws 2","VAN","CWH","ws2","ws","2","","09","","","","Act - Willow","","",11.00,10/11/2000 0:00:00,,1788.00,"CWH ws 2 /09","","","npe",,0
1789.00,"10","CWH ws 2","VAN","CWH","ws2","ws","2","","10","","","","Pl - Sphagnum","","",11.00,10/11/2000 0:00:00,,1789.00,"CWH ws 2 /10","","Pinucon-Chamnoo-Gaulsha","",,0
1790.00,"11","CWH ws 2","VAN","CWH","ws2","ws","2","","11","","","","CwSs - Skunk cabbage","","",11.00,10/11/2000 0:00:00,,1790.00,"CWH ws 2 /11","","","",,0
1791.00,"01","CWH xm","VAN","CWH","xm","xm","","","01","","","","HwFd - Kindbergia","","",,10/11/2000 0:00:00,"37996",1791.00,"CWH xm   /01","","","NA",,0
1792.00,"02","CWH xm","VAN","CWH","xm","xm","","","02","","","","FdPl - Cladina","","",,10/11/2000 0:00:00,"37996",1792.00,"CWH xm   /02","","","NA",,0
1793.00,"03","CWH xm","VAN","CWH","xm","xm","","","03","","","","FdHw - Salal","","",,10/11/2000 0:00:00,"37996",1793.00,"CWH xm   /03","","","NA",,0
1794.00,"04","CWH xm","VAN","CWH","xm","xm","","","04","","","","Fd - Sword fern","","",,10/11/2000 0:00:00,"37996",1794.00,"CWH xm   /04","","Pseumen-Polymun","NA",,0
1795.00,"05","CWH xm","VAN","CWH","xm","xm","","","05","","","","Cw - Sword fern","","",,10/11/2000 0:00:00,"37996",1795.00,"CWH xm   /05","","","NA",,0
1796.00,"06","CWH xm","VAN","CWH","xm","xm","","","06","","","","HwCw - Deer fern","","",,10/11/2000 0:00:00,"37996",1796.00,"CWH xm   /06","","","NA",,0
1797.00,"07","CWH xm","VAN","CWH","xm","xm","","","07","","","","Cw - Foamflower","","",,10/11/2000 0:00:00,"37996",1797.00,"CWH xm   /07","","","NA",,0
1798.00,"08","CWH xm","VAN","CWH","xm","xm","","","08","","","","Ss - Salmonberry","","",,10/11/2000 0:00:00,"37996",1798.00,"CWH xm   /08","","","NA",,0
1799.00,"09","CWH xm","VAN","CWH","xm","xm","","","09","","","","Act - Red-osier dogwood","","",,10/11/2000 0:00:00,"37996",1799.00,"CWH xm   /09","","","npe",,0
1800.00,"10","CWH xm","VAN","CWH","xm","xm","","","10","","","","Act - Willow","","",,10/11/2000 0:00:00,"37996",1800.00,"CWH xm   /10","","","npe",,0
1801.00,"11","CWH xm","VAN","CWH","xm","xm","","","11","","","","Pl - Sphagnum","","",,10/11/2000 0:00:00,"37996",1801.00,"CWH xm   /11","","","NA",,0
1802.00,"12","CWH xm","VAN","CWH","xm","xm","","","12","","","","CwSs - Skunk cabbage","","",,10/11/2000 0:00:00,"37996",1802.00,"CWH xm   /12","","","NA",,0
1803.00,"13","CWH xm","VAN","CWH","xm","xm","","","13","","","","Cw - Salmonberry","","",,10/11/2000 0:00:00,"37996",1803.00,"CWH xm   /13","","","npe",,0
1804.00,"14","CWH xm","VAN","CWH","xm","xm","","","14","","","","Cw - Black twinberry","","",,10/11/2000 0:00:00,"37996",1804.00,"CWH xm   /14","","","npe",,0
1805.00,"15","CWH xm","VAN","CWH","xm","xm","","","15","","","","Cw - Slough sedge","","",,10/11/2000 0:00:00,"37996",1805.00,"CWH xm   /15","","","npe",,0
1806.00,"01","CWH xm 1","VAN","CWH","xm1","xm","1","","01","","","","HwFd - Kindbergia","","Variants mapped and a field guide note.",11.00,10/11/2000 0:00:00,,1806.00,"CWH xm 1 /01","","Tsughet-Gaulsha","missing",,0
1807.00,"02","CWH xm 1","VAN","CWH","xm1","xm","1","","02","","","","FdPl - Cladina","","Variants mapped and a field guide note.",11.00,10/11/2000 0:00:00,,1807.00,"CWH xm 1 /02","","Pseumen-Gaulsha","missing",,0
1808.00,"03","CWH xm 1","VAN","CWH","xm1","xm","1","","03","","","","FdHw - Salal","","Variants mapped and a field guide note.",11.00,10/11/2000 0:00:00,,1808.00,"CWH xm 1 /03","","Tsughet-Gaulsha","missing",,0
1809.00,"04","CWH xm 1","VAN","CWH","xm1","xm","1","","04","","","","Fd - Sword fern","","Variants mapped and a field guide note.",11.00,10/11/2000 0:00:00,,1809.00,"CWH xm 1 /04","","","missing",,0
1810.00,"05","CWH xm 1","VAN","CWH","xm1","xm","1","","05","","","","Cw - Sword fern","","Variants mapped and a field guide note.",11.00,10/11/2000 0:00:00,,1810.00,"CWH xm 1 /05","Tsughet-Pseumen-Achltri","Thujpli-Achltri","missing",,0
1811.00,"06","CWH xm 1","VAN","CWH","xm1","xm","1","","06","","","","HwCw - Deer fern","","Variants mapped and a field guide note.",11.00,10/11/2000 0:00:00,,1811.00,"CWH xm 1 /06","","","missing",,0
1812.00,"07","CWH xm 1","VAN","CWH","xm1","xm","1","","07","","","","Cw - Foamflower","","Variants mapped and a field guide note.",11.00,10/11/2000 0:00:00,,1812.00,"CWH xm 1 /07","Tsughet-Pseumen-Achltri","Thujpli-Achltri","missing",,0
1813.00,"08","CWH xm 1","VAN","CWH","xm1","xm","1","","08","","","","Ss - Salmonberry","","Variants mapped and a field guide note.",11.00,10/11/2000 0:00:00,,1813.00,"CWH xm 1 /08","","","missing",,0
1814.00,"09","CWH xm 1","VAN","CWH","xm1","xm","1","","09","","","","Act - Red-osier dogwood","","Variants mapped and a field guide note.",11.00,10/11/2000 0:00:00,,1814.00,"CWH xm 1 /09","","","missing",,0
1815.00,"10","CWH xm 1","VAN","CWH","xm1","xm","1","","10","","","","Act - Willow","","Variants mapped and a field guide note.",11.00,10/11/2000 0:00:00,,1815.00,"CWH xm 1 /10","","","missing",,0
1816.00,"11","CWH xm 1","VAN","CWH","xm1","xm","1","","11","","","","Pl - Sphagnum","","Variants mapped and a field guide note.",11.00,10/11/2000 0:00:00,,1816.00,"CWH xm 1 /11","","","missing",,0
1817.00,"12","CWH xm 1","VAN","CWH","xm1","xm","1","","12","","","","CwSs - Skunk cabbage","","Variants mapped and a field guide note.",11.00,10/11/2000 0:00:00,,1817.00,"CWH xm 1 /12","","","missing",,0
1818.00,"13","CWH xm 1","VAN","CWH","xm1","xm","1","","13","","","","Cw - Salmonberry","","Variants mapped and a field guide note.",11.00,10/11/2000 0:00:00,,1818.00,"CWH xm 1 /13","","","missing",,0
1819.00,"14","CWH xm 1","VAN","CWH","xm1","xm","1","","14","","","","Cw - Black twinberry","","Variants mapped and a field guide note.",11.00,10/11/2000 0:00:00,,1819.00,"CWH xm 1 /14","","","missing",,0
1820.00,"15","CWH xm 1","VAN","CWH","xm1","xm","1","","15","","","","Cw - Slough sedge","","Variants mapped and a field guide note.",11.00,10/11/2000 0:00:00,,1820.00,"CWH xm 1 /15","","","missing",,0
1821.00,"01","CWH xm 2","VAN","CWH","xm2","xm","2","","01","","","","HwFd - Kindbergia","","Variants mapped and a field guide note.",11.00,10/11/2000 0:00:00,,1821.00,"CWH xm 2 /01","","Tsughet-Gaulsha","missing",,0
1822.00,"02","CWH xm 2","VAN","CWH","xm2","xm","2","","02","","","","FdPl - Cladina","","Variants mapped and a field guide note.",11.00,10/11/2000 0:00:00,,1822.00,"CWH xm 2 /02","","","missing",,0
1823.00,"03","CWH xm 2","VAN","CWH","xm2","xm","2","","03","","","","FdHw - Salal","","Variants mapped and a field guide note.",11.00,10/11/2000 0:00:00,,1823.00,"CWH xm 2 /03","","Tsughet-Gaulsha","missing",,0
1824.00,"04","CWH xm 2","VAN","CWH","xm2","xm","2","","04","","","","Fd - Sword fern","","Variants mapped and a field guide note.",11.00,10/11/2000 0:00:00,,1824.00,"CWH xm 2 /04","","","missing",,0
1825.00,"05","CWH xm 2","VAN","CWH","xm2","xm","2","","05","","","","Cw - Sword fern","","Variants mapped and a field guide note.",11.00,10/11/2000 0:00:00,,1825.00,"CWH xm 2 /05","Tsughet-Pseumen-Achltri","Thujpli-Achltri","missing",,0
1826.00,"06","CWH xm 2","VAN","CWH","xm2","xm","2","","06","","","","HwCw - Deer fern","","Variants mapped and a field guide note.",11.00,10/11/2000 0:00:00,,1826.00,"CWH xm 2 /06","Tsughet-Pseumen-Achltri","Thujpli-Achltri","missing",,0
1827.00,"07","CWH xm 2","VAN","CWH","xm2","xm","2","","07","","","","Cw - Foamflower","","Variants mapped and a field guide note.",11.00,10/11/2000 0:00:00,,1827.00,"CWH xm 2 /07","Tsughet-Pseumen-Achltri","Thujpli-Achltri","missing",,0
1828.00,"08","CWH xm 2","VAN","CWH","xm2","xm","2","","08","","","","Ss - Salmonberry","","Variants mapped and a field guide note.",11.00,10/11/2000 0:00:00,,1828.00,"CWH xm 2 /08","","Picesit-Rubuspe","missing",,0
1829.00,"09","CWH xm 2","VAN","CWH","xm2","xm","2","","09","","","","Act - Red-osier dogwood","","Variants mapped and a field guide note.",11.00,10/11/2000 0:00:00,,1829.00,"CWH xm 2 /09","","","missing",,0
1830.00,"10","CWH xm 2","VAN","CWH","xm2","xm","2","","10","","","","Act - Willow","","Variants mapped and a field guide note.",11.00,10/11/2000 0:00:00,,1830.00,"CWH xm 2 /10","","","missing",,0
1831.00,"11","CWH xm 2","VAN","CWH","xm2","xm","2","","11","","","","Pl - Sphagnum","","Variants mapped and a field guide note.",11.00,10/11/2000 0:00:00,,1831.00,"CWH xm 2 /11","","","missing",,0
1832.00,"12","CWH xm 2","VAN","CWH","xm2","xm","2","","12","","","","CwSs - Skunk cabbage","","Variants mapped and a field guide note.",11.00,10/11/2000 0:00:00,,1832.00,"CWH xm 2 /12","","","missing",,0
1833.00,"13","CWH xm 2","VAN","CWH","xm2","xm","2","","13","","","","Cw - Salmonberry","","Variants mapped and a field guide note.",11.00,10/11/2000 0:00:00,,1833.00,"CWH xm 2 /13","","","missing",,0
1834.00,"15","CWH xm 2","VAN","CWH","xm2","xm","2","","15","","","","Cw - Slough sedge","","Variants mapped and a field guide note.",11.00,10/11/2000 0:00:00,,1834.00,"CWH xm 2 /15","","","missing",,0
1835.00,"01","ESSFdc 2","VAN","ESSF","dc2","dc","2","","01","","","","Bl - Rhododendron - Grouseberry","","",5.00,10/11/2000 0:00:00,,1835.00,"ESSFdc 2 /01","Abielas-Rhodalb-Vaccsco","Abielas-Rhodalb-Vaccmem","NA",,0
1836.00,"02","ESSFdc 2","VAN","ESSF","dc2","dc","2","","02","","","","Juniper - Pinegrass","","",5.00,10/11/2000 0:00:00,,1836.00,"ESSFdc 2 /02","Pinucon-Vaccsco-Calarub-nudum","Pinucon-Calarub-Vaccsco","NA",,0
1837.00,"03","ESSFdc 2","VAN","ESSF","dc2","dc","2","","03","","","","PlSe - Falsebox - Pinegrass","","",5.00,10/11/2000 0:00:00,,1837.00,"ESSFdc 2 /03","Pinucon-Vaccsco-Calarub","Pinucon-Calarub-Vaccsco","NA",,0
1838.00,"04","ESSFdc 2","VAN","ESSF","dc2","dc","2","","04","","","","Bl - Grouseberry - Cladonia","","",5.00,10/11/2000 0:00:00,,1838.00,"ESSFdc 2 /04","Abielas-Vaccmem-Vaccsco","Abielas-Vaccsco","npe",,0
1839.00,"05","ESSFdc 2","VAN","ESSF","dc2","dc","2","","05","","","","Bl - Huckleberry - Feathermoss","","",5.00,10/11/2000 0:00:00,,1839.00,"ESSFdc 2 /05","Abielas-Vaccmem-Vaccsco","Abielas-Vaccsco","npe",,0
1840.00,"06","ESSFdc 2","VAN","ESSF","dc2","dc","2","","06","","","","Bl - Gooseberry - Oak fern","","",5.00,10/11/2000 0:00:00,,1840.00,"ESSFdc 2 /06","Abielas-Rhodalb-Vaccsco","Abielas-Rhodalb-Vaccmem","npe",,0
1841.00,"07","ESSFdc 2","VAN","ESSF","dc2","dc","2","","07","","","","Bl - Rhododendron - Valerian","","",5.00,10/11/2000 0:00:00,,1841.00,"ESSFdc 2 /07","","","NA",,0
1842.00,"08","ESSFdc 2","VAN","ESSF","dc2","dc","2","","08","","","","Bl - Trapper's tea","","",5.00,10/11/2000 0:00:00,,1842.00,"ESSFdc 2 /08","Abielas-Equiset","Abielas-Equiset","npe",,0
1843.00,"09","ESSFdc 2","VAN","ESSF","dc2","dc","2","","09","","","","Sedge - Sphagnum","","",5.00,10/11/2000 0:00:00,,1843.00,"ESSFdc 2 /09","","Piceene-Ledugla-Vaccsco","npe",,0
1844.00,"01","ESSFmc","VAN","ESSF","mc","mc","","","01","","","","Bl - Huckleberry - Leafy liverwort","","",8.00,10/11/2000 0:00:00,,1844.00,"ESSFmc   /01","Abielas-Vaccmem-Pleusch","Abielas-Vaccmem","",,0
1845.00,"01a","ESSFmc","VAN","ESSF","mc","mc","","","01","a","","","Bl - Huckleberry - Leafy liverwort, Medium-textured","","",8.00,10/11/2000 0:00:00,,1845.00,"ESSFmc   /01a","","","",,0
1846.00,"01b","ESSFmc","VAN","ESSF","mc","mc","","","01","b","","","Bl - Huckleberry - Leafy liverwort, Fine-textured","","",8.00,10/11/2000 0:00:00,,1846.00,"ESSFmc   /01b","","","",,0
1847.00,"02","ESSFmc","VAN","ESSF","mc","mc","","","02","","","","BlPl - Juniper - Cladonia","","",8.00,10/11/2000 0:00:00,,1847.00,"ESSFmc   /02","Abielas-Cladoni","Abielas-Cladoni","",,0
1848.00,"03","ESSFmc","VAN","ESSF","mc","mc","","","03","","","","Bl - Huckleberry - Crowberry","","",8.00,10/11/2000 0:00:00,,1848.00,"ESSFmc   /03","Abielas-Vaccmem","Abielas-Vaccmem","",,0
1849.00,"04","ESSFmc","VAN","ESSF","mc","mc","","","04","","","","Bl - Huckleberry - Heron's-bill","","",8.00,10/11/2000 0:00:00,,1849.00,"ESSFmc   /04","Abielas-Vaccmem-Pleusch","Abielas-Vaccmem","",,0
1850.00,"05","ESSFmc","VAN","ESSF","mc","mc","","","05","","","","Bl - Huckleberry - Thimbleberry","","",8.00,10/11/2000 0:00:00,,1850.00,"ESSFmc   /05","Abielas-Vaccmem-Pleusch","Abielas-Vaccmem","",,0
1851.00,"06","ESSFmc","VAN","ESSF","mc","mc","","","06","","","","Bl - Oak fern - Heron's-bill","","",8.00,10/11/2000 0:00:00,,1851.00,"ESSFmc   /06","Abielas-Menzfer-Gymndry","Abielas-Gymndry","",,0
1852.00,"07","ESSFmc","VAN","ESSF","mc","mc","","","07","","","","Bl - Devil's club - Lady fern","","",8.00,10/11/2000 0:00:00,,1852.00,"ESSFmc   /07","","Abielas-Oplohor","",,0
1853.00,"08","ESSFmc","VAN","ESSF","mc","mc","","","08","","","","Bl - Valerian - Sickle moss","","",8.00,10/11/2000 0:00:00,,1853.00,"ESSFmc   /08","Abielas-Valesit-Strepto","Abielas-Valesit","",,0
1854.00,"09","ESSFmc","VAN","ESSF","mc","mc","","","09","","","","Bl - Horsetail - Glow moss","","",8.00,10/11/2000 0:00:00,,1854.00,"ESSFmc   /09","Abielas-Equiset","Abielas-Equiset","",,0
1855.00,"10","ESSFmc","VAN","ESSF","mc","mc","","","10","","","","Bl - Horsetail - Leafy moss","","",8.00,10/11/2000 0:00:00,,1855.00,"ESSFmc   /10","Abielas-Gymndry-Equiset","Abielas-Equiset","",,0
1856.00,"31","ESSFmc","VAN","ESSF","mc","mc","","","31","","","","Non-forested wetland","","",8.00,10/11/2000 0:00:00,,1856.00,"ESSFmc   /31","","","npe",,0
1857.00,"51","ESSFmc","VAN","ESSF","mc","mc","","","51","","","","Avalanche track","","",8.00,10/11/2000 0:00:00,,1857.00,"ESSFmc   /51","","","npe",,0
1858.00,"01","ESSFmk","VAN","ESSF","mk","mk","","","01","","","","BlHm - Twistedstalk","","",8.00,10/11/2000 0:00:00,,1858.00,"ESSFmk   /01","Abielas-Abieama-Vaccmem","Abielas-Vaccmem","",,0
1859.00,"02","ESSFmk","VAN","ESSF","mk","mk","","","02","","","","BlPa - Cladonia","","",8.00,10/11/2000 0:00:00,,1859.00,"ESSFmk   /02","","Abielas-Tsugmer-Vaccmem-Cladoni","",,0
1860.00,"02a","ESSFmk","VAN","ESSF","mk","mk","","","02","a","","","BlPa - Cladonia, Lithic","","",8.00,10/11/2000 0:00:00,,1860.00,"ESSFmk   /02a","","","",,0
1861.00,"02b","ESSFmk","VAN","ESSF","mk","mk","","","02","b","","","BlPa - Cladonia, Fluvial","","",8.00,10/11/2000 0:00:00,,1861.00,"ESSFmk   /02b","","","",,0
1862.00,"03","ESSFmk","VAN","ESSF","mk","mk","","","03","","","","BlHm - Cladonia","","",8.00,10/11/2000 0:00:00,,1862.00,"ESSFmk   /03","","Abielas-Tsugmer-Vaccmem-Cladoni","",,0
1863.00,"04","ESSFmk","VAN","ESSF","mk","mk","","","04","","","","BlHm - Oak fern","","",8.00,10/11/2000 0:00:00,,1863.00,"ESSFmk   /04","Abielas-Gymndry","Abielas-Gymndry","",,0
1864.00,"05","ESSFmk","VAN","ESSF","mk","mk","","","05","","","","Bl - Devil's club - Lady fern","","",8.00,10/11/2000 0:00:00,,1864.00,"ESSFmk   /05","","Abielas-Oplohor","",,0
1865.00,"06","ESSFmk","VAN","ESSF","mk","mk","","","06","","","","Bl - Horsetail - Leafy moss","","",8.00,10/11/2000 0:00:00,,1865.00,"ESSFmk   /06","Abielas-Gymndry-Equiset","Abielas-Equiset","",,0
1866.00,"07","ESSFmk","VAN","ESSF","mk","mk","","","07","","","","Bl - Lady fern - Horsetail","","",8.00,10/11/2000 0:00:00,,1866.00,"ESSFmk   /07","Abielas-Gymndry-Equiset","Abielas-Equiset","",,0
1867.00,"31","ESSFmk","VAN","ESSF","mk","mk","","","31","","","","Non-forested bog","","",8.00,10/11/2000 0:00:00,,1867.00,"ESSFmk   /31","","","npe",,0
1868.00,"51","ESSFmk","VAN","ESSF","mk","mk","","","51","","","","Avalanche track","","",8.00,10/11/2000 0:00:00,,1868.00,"ESSFmk   /51","","","npe",,0
1869.00,"01","ESSFmw","VAN","ESSF","mw","mw","","","01","","","","BlBa - Rhododendron","","",11.00,10/11/2000 0:00:00,,1869.00,"ESSFmw   /01","","","",,0
1870.00,"02","ESSFmw","VAN","ESSF","mw","mw","","","02","","","","BlPl - Juniper - Rhacomitrium","","",11.00,10/11/2000 0:00:00,,1870.00,"ESSFmw   /02","","","",,0
1871.00,"03","ESSFmw","VAN","ESSF","mw","mw","","","03","","","","Fd - Falsebox - Pinegrass","","",11.00,10/11/2000 0:00:00,,1871.00,"ESSFmw   /03","","","",,0
1872.00,"04","ESSFmw","VAN","ESSF","mw","mw","","","04","","","","Bl - Huckleberry - Falsebox","","",11.00,10/11/2000 0:00:00,,1872.00,"ESSFmw   /04","","","npe",,0
1873.00,"05","ESSFmw","VAN","ESSF","mw","mw","","","05","","","","BlBa - Azalea - Pipecleaner moss","","",11.00,10/11/2000 0:00:00,,1873.00,"ESSFmw   /05","","","",,0
1874.00,"06","ESSFmw","VAN","ESSF","mw","mw","","","06","","","","Bl - Gooseberry - Valerian","","",11.00,10/11/2000 0:00:00,,1874.00,"ESSFmw   /06","","","",,0
1875.00,"07","ESSFmw","VAN","ESSF","mw","mw","","","07","","","","BlBa - Oak fern - Lady fern","","",11.00,10/11/2000 0:00:00,,1875.00,"ESSFmw   /07","","","",,0
1876.00,"08","ESSFmw","VAN","ESSF","mw","mw","","","08","","","","Bl - Gooseberry - Horsetail","","",11.00,10/11/2000 0:00:00,,1876.00,"ESSFmw   /08","","","",,0
1877.00,"01","IDF ww","VAN","IDF","ww","ww","","","01","","","","FdCw - Hazelnut","","",11.00,10/11/2000 0:00:00,,1877.00,"IDF ww   /01","","","",,0
1878.00,"02","IDF ww","VAN","IDF","ww","ww","","","02","","","","FdPl - Peltigera","","",11.00,10/11/2000 0:00:00,,1878.00,"IDF ww   /02","","","",,0
1879.00,"03","IDF ww","VAN","IDF","ww","ww","","","03","","","","Fd - Falsebox - Feathermoss","","",11.00,10/11/2000 0:00:00,,1879.00,"IDF ww   /03","","","",,0
1880.00,"04","IDF ww","VAN","IDF","ww","ww","","","04","","","","Fd - Douglas maple - Fairybells","","",11.00,10/11/2000 0:00:00,,1880.00,"IDF ww   /04","","","",,0
1881.00,"05","IDF ww","VAN","IDF","ww","ww","","","05","","","","CwFd - Vine maple","","",11.00,10/11/2000 0:00:00,,1881.00,"IDF ww   /05","","","",,0
1882.00,"06","IDF ww","VAN","IDF","ww","ww","","","06","","","","Cw - Devil's club - Lady fern","","",11.00,10/11/2000 0:00:00,,1882.00,"IDF ww   /06","","","",,0
1883.00,"07","IDF ww","VAN","IDF","ww","ww","","","07","","","","CwSx - Skunk cabbage","","",11.00,10/11/2000 0:00:00,,1883.00,"IDF ww   /07","","","",,0
1884.00,"01","MH  mm 1","VAN","MH","mm1","mm","1","","01","","","","HmBa - Blueberry","","",11.00,10/11/2000 0:00:00,,1884.00,"MH  mm 1 /01","","Tsugmer-Vaccmem","",,0
1885.00,"02","MH  mm 1","VAN","MH","mm1","mm","1","","02","","","","HmBa - Mountain-heather","","",11.00,10/11/2000 0:00:00,,1885.00,"MH  mm 1 /02","","Tsugmer-Cassmer","",,0
1886.00,"03","MH  mm 1","VAN","MH","mm1","mm","1","","03","","","","BaHm - Oak fern","","",11.00,10/11/2000 0:00:00,,1886.00,"MH  mm 1 /03","","Tsugmer-Strelan","",,0
1887.00,"04","MH  mm 1","VAN","MH","mm1","mm","1","","04","","","","HmBa - Bramble","","",11.00,10/11/2000 0:00:00,,1887.00,"MH  mm 1 /04","","Tsugmer-Vaccmem","",,0
1888.00,"05","MH  mm 1","VAN","MH","mm1","mm","1","","05","","","","BaHm - Twistedstalk","","",11.00,10/11/2000 0:00:00,,1888.00,"MH  mm 1 /05","","Tsugmer-Strelan","",,0
1889.00,"06","MH  mm 1","VAN","MH","mm1","mm","1","","06","","","","HmYc - Deer-cabbage","","",11.00,10/11/2000 0:00:00,,1889.00,"MH  mm 1 /06","","Tsugmer-Coptasp","",,0
1890.00,"07","MH  mm 1","VAN","MH","mm1","mm","1","","07","","","","YcHm - Hellebore","","",11.00,10/11/2000 0:00:00,,1890.00,"MH  mm 1 /07","","","",,0
1891.00,"08","MH  mm 1","VAN","MH","mm1","mm","1","","08","","","","HmYc - Sphagnum","","",11.00,10/11/2000 0:00:00,,1891.00,"MH  mm 1 /08","","Chamnoo-Sphagnu","",,0
1892.00,"09","MH  mm 1","VAN","MH","mm1","mm","1","","09","","","","YcHm - Skunk cabbage","","",11.00,10/11/2000 0:00:00,,1892.00,"MH  mm 1 /09","","Tsugmer-Coptasp","",,0
1893.00,"01","MH  mm 2","VAN","MH","mm2","mm","2","","01","","","","HmBa - Blueberry","","",11.00,10/11/2000 0:00:00,,1893.00,"MH  mm 2 /01","","Tsugmer-Vaccmem","",,0
1894.00,"02","MH  mm 2","VAN","MH","mm2","mm","2","","02","","","","HmBa - Mountain-heather","","",11.00,10/11/2000 0:00:00,,1894.00,"MH  mm 2 /02","","Tsugmer-Cassmer","",,0
1895.00,"03","MH  mm 2","VAN","MH","mm2","mm","2","","03","","","","BaHm - Oak fern","","",11.00,10/11/2000 0:00:00,,1895.00,"MH  mm 2 /03","","Tsugmer-Strelan","",,0
1896.00,"04","MH  mm 2","VAN","MH","mm2","mm","2","","04","","","","HmBa - Bramble","","",11.00,10/11/2000 0:00:00,,1896.00,"MH  mm 2 /04","","Tsugmer-Vaccmem","",,0
1897.00,"05","MH  mm 2","VAN","MH","mm2","mm","2","","05","","","","BaHm - Twistedstalk","","",11.00,10/11/2000 0:00:00,,1897.00,"MH  mm 2 /05","","Tsugmer-Strelan","",,0
1898.00,"06","MH  mm 2","VAN","MH","mm2","mm","2","","06","","","","HmYc - Deer-cabbage","","",11.00,10/11/2000 0:00:00,,1898.00,"MH  mm 2 /06","","","",,0
1899.00,"07","MH  mm 2","VAN","MH","mm2","mm","2","","07","","","","YcHm - Hellebore","","",11.00,10/11/2000 0:00:00,,1899.00,"MH  mm 2 /07","","","",,0
1900.00,"08","MH  mm 2","VAN","MH","mm2","mm","2","","08","","","","HmYc - Sphagnum","","",11.00,10/11/2000 0:00:00,,1900.00,"MH  mm 2 /08","","","",,0
1901.00,"09","MH  mm 2","VAN","MH","mm2","mm","2","","09","","","","YcHm - Skunk cabbage","","",11.00,10/11/2000 0:00:00,,1901.00,"MH  mm 2 /09","","Tsugmer-Coptasp","",,0
1929.00,"01","MS  dm 2","VAN","MS","dm2","dm","2","","01","","","","Sxw - Falsebox - Feathermoss","","",5.00,10/11/2000 0:00:00,,1929.00,"MS  dm 2 /01","Piceene-Paximyr-Vaccmem-Orthsec","Piceene-Vaccmem-Orthsec-Pleusch","",,0
1930.00,"02","MS  dm 2","VAN","MS","dm2","dm","2","","02","","","","Juniper - Bluebunch wheatgrass","","",5.00,10/11/2000 0:00:00,,1930.00,"MS  dm 2 /02","Pinucon-Vaccsco-Calarub-nudum","Pinucon-Calarub-Vaccsco","",,0
1931.00,"03","MS  dm 2","VAN","MS","dm2","dm","2","","03","","","","Pl - Juniper - Grouseberry","","",5.00,10/11/2000 0:00:00,,1931.00,"MS  dm 2 /03","Pinucon-Vaccsco-Calarub","Pinucon-Calarub-Vaccsco","",,0
1932.00,"04","MS  dm 2","VAN","MS","dm2","dm","2","","04","","","","Pl - Grouseberry - Pinegrass","","",5.00,10/11/2000 0:00:00,,1932.00,"MS  dm 2 /04","Pinucon-Vaccsco-Calarub","Pinucon-Calarub-Vaccsco","",,0
1933.00,"05","MS  dm 2","VAN","MS","dm2","dm","2","","05","","","","Sxw - Gooseberry - Grouseberry","","",5.00,10/11/2000 0:00:00,,1933.00,"MS  dm 2 /05","Pseumen-Paximyr-Calarub","Pseumen-Calarub","",,0
1934.00,"06","MS  dm 2","VAN","MS","dm2","dm","2","","06","","","","Sxw - Gooseberry - Devil's club","","",5.00,10/11/2000 0:00:00,,1934.00,"MS  dm 2 /06","","Abielas-Ledugla-Vaccsco","",,0
1935.00,"07","MS  dm 2","VAN","MS","dm2","dm","2","","07","","","","Sxw - Horsetail - Leafy moss","","",5.00,10/11/2000 0:00:00,,1935.00,"MS  dm 2 /07","","Abielas-Ledugla-Vaccsco","",,0
1936.00,"01","MS  xv","VAN","MS","xv","xv","","","01","","","","Pl - Grouseberry - Feathermoss","","",5.00,10/11/2000 0:00:00,,1936.00,"MS  xv   /01","","Pinucon-Vaccsco","",,0
1937.00,"02","MS  xv","VAN","MS","xv","xv","","","02","","","","Pl - Fescue - Stereocaulon","","",14.00,10/11/2000 0:00:00,,1937.00,"MS  xv   /02","","Pseumen-Junicom","",,0
1938.00,"03","MS  xv","VAN","MS","xv","xv","","","03","","","","Pl - Kinnikinnick - Cladonia","","",14.00,10/11/2000 0:00:00,,1938.00,"MS  xv   /03","Pinucon-Arctuva-Cladoni","Pinucon-Cladoni","",,0
1939.00,"03a","MS  xv","VAN","MS","xv","xv","","","03","a","","","Pl - Kinnikinnick - Cladonia, Typic","","",14.00,10/11/2000 0:00:00,,1939.00,"MS  xv   /03a","","","",,0
1940.00,"03b","MS  xv","VAN","MS","xv","xv","","","03","b","","","Pl - Kinnikinnick - Cladonia, Shallow","","",14.00,10/11/2000 0:00:00,,1940.00,"MS  xv   /03b","","","",,0
1941.00,"04","MS  xv","VAN","MS","xv","xv","","","04","","","","Pl - Grouseberry - Kinnikinnick","","",14.00,10/11/2000 0:00:00,,1941.00,"MS  xv   /04","Pinucon-Arctuva-Cladoni","Pinucon-Cladoni","",,0
1942.00,"05","MS  xv","VAN","MS","xv","xv","","","05","","","","Pl - Trapper's tea - Crowberry","","",14.00,10/11/2000 0:00:00,,1942.00,"MS  xv   /05","","Piceene-Empenig-Vaccsco","",,0
1943.00,"06","MS  xv","VAN","MS","xv","xv","","","06","","","","Sxw - Crowberry - Knight's plume","","",14.00,10/11/2000 0:00:00,,1943.00,"MS  xv   /06","Pinucon-Calarub","Pinucon-Calarub","",,0
1944.00,"07","MS  xv","VAN","MS","xv","xv","","","07","","","","Sxw - Crowberry - Glow moss","","",14.00,10/11/2000 0:00:00,,1944.00,"MS  xv   /07","","Piceene-Empenig-Vaccsco","",,0
1945.00,"08","MS  xv","VAN","MS","xv","xv","","","08","","","","Sxw - Horsetail - Crowberry","","",14.00,10/11/2000 0:00:00,,1945.00,"MS  xv   /08","","Piceene-Ledugla-Vaccsco","",,0
1946.00,"09","MS  xv","VAN","MS","xv","xv","","","09","","","","Sxw - Labrador tea - Willow","","",14.00,10/11/2000 0:00:00,,1946.00,"MS  xv   /09","","Piceene-Empenig-Vaccsco","npe",,0
1947.00,"01","SBPSmc","VAN","SBPS","mc","mc","","","01","","","","Pl - Feathermoss - Cladina","","",8.00,10/11/2000 0:00:00,,1947.00,"SBPSmc   /01","Pinucon-Arctuva-Pleusch","Pinucon-Pleusch","",,0
1948.00,"01a","SBPSmc","VAN","SBPS","mc","mc","","","01","a","","","Pl - Feathermoss - Cladina, Mesic","","",8.00,10/11/2000 0:00:00,,1948.00,"SBPSmc   /01a","","","",,0
1949.00,"01b","SBPSmc","VAN","SBPS","mc","mc","","","01","b","","","Pl - Feathermoss - Cladina, Submesic","","",8.00,10/11/2000 0:00:00,,1949.00,"SBPSmc   /01b","","","",,0
1950.00,"02","SBPSmc","VAN","SBPS","mc","mc","","","02","","","","Pl - Kinnikinnick - Cladonia","","",8.00,10/11/2000 0:00:00,,1950.00,"SBPSmc   /02","Pinucon-Arctuva-Cladoni","Pinucon-Cladoni","",,0
1951.00,"03","SBPSmc","VAN","SBPS","mc","mc","","","03","","","","SbPl - Feathermoss","","",8.00,10/11/2000 0:00:00,,1951.00,"SBPSmc   /03","","Picemar-Abielas-Pleusch","",,0
1952.00,"04","SBPSmc","VAN","SBPS","mc","mc","","","04","","","","Sxw - Scrub birch - Feathermoss","","",8.00,10/11/2000 0:00:00,,1952.00,"SBPSmc   /04","Piceene-Betunan-Loniinv","Piceene-Loniinv","",,0
1953.00,"05","SBPSmc","VAN","SBPS","mc","mc","","","05","","","","Sxw - Horsetail","","",8.00,10/11/2000 0:00:00,,1953.00,"SBPSmc   /05","Piceene-Cornsto-Equiset","Piceene-Equiset","",,0
1954.00,"06","SBPSmc","VAN","SBPS","mc","mc","","","06","","","","Sxw - Horsetail - Glow moss","","",8.00,10/11/2000 0:00:00,,1954.00,"SBPSmc   /06","Piceene-Equiset-Aulapal","Piceene-Equiset","",,0
1955.00,"07","SBPSmc","VAN","SBPS","mc","mc","","","07","","","","SbSxw - Scrub birch - Sedge","","",8.00,10/11/2000 0:00:00,,1955.00,"SBPSmc   /07","","","",,0
1956.00,"31","SBPSmc","VAN","SBPS","mc","mc","","","31","","","","Non-forested bog","","",8.00,10/11/2000 0:00:00,,1956.00,"SBPSmc   /31","","","npe",,0
1957.00,"32","SBPSmc","VAN","SBPS","mc","mc","","","32","","","","Non-forested fen/marsh","","",8.00,10/11/2000 0:00:00,,1957.00,"SBPSmc   /32","","","npe",,0
1958.00,"01","SBS mc 2","VAN","SBS","mc2","mc","2","","01","","","","Sxw - Huckleberry","","",8.00,10/11/2000 0:00:00,,1958.00,"SBS mc 2 /01","Piceene-Vaccmem","Piceene-Vaccmem","",,0
1959.00,"01a","SBS mc 2","VAN","SBS","mc2","mc","2","","01","a","","","Sxw - Huckleberry, Mesic, fine-textured","","",8.00,10/11/2000 0:00:00,,1959.00,"SBS mc 2 /01a","","","",,0
1960.00,"01b","SBS mc 2","VAN","SBS","mc2","mc","2","","01","b","","","Sxw - Huckleberry, Mesic, coarse-textured","","",8.00,10/11/2000 0:00:00,,1960.00,"SBS mc 2 /01b","","","",,0
1961.00,"01c","SBS mc 2","VAN","SBS","mc2","mc","2","","01","c","","","Sxw - Huckleberry, Submesic","","",8.00,10/11/2000 0:00:00,,1961.00,"SBS mc 2 /01c","","","",,0
1962.00,"02","SBS mc 2","VAN","SBS","mc2","mc","2","","02","","","","Pl - Huckleberry - Cladonia","","",8.00,10/11/2000 0:00:00,,1962.00,"SBS mc 2 /02","Abielas-Pleusch-Cladoni","Abielas-Cladoni","",,0
1963.00,"03","SBS mc 2","VAN","SBS","mc2","mc","2","","03","","","","SbPl - Feathermoss","","",8.00,10/11/2000 0:00:00,,1963.00,"SBS mc 2 /03","","Picemar-Abielas-Pleusch","",,0
1964.00,"04","SBS mc 2","VAN","SBS","mc2","mc","2","","04","","","","Sxw - Huckleberry - Dwarf blueberry","","",8.00,10/11/2000 0:00:00,,1964.00,"SBS mc 2 /04","Piceene-Vaccmem","Piceene-Vaccmem","npe",,0
1965.00,"05","SBS mc 2","VAN","SBS","mc2","mc","2","","05","","","","Sxw - Twinberry - Coltsfoot","","",8.00,10/11/2000 0:00:00,,1965.00,"SBS mc 2 /05","Piceene-Loniinv","Piceene-Loniinv","",,0
1966.00,"06","SBS mc 2","VAN","SBS","mc2","mc","2","","06","","","","Sxw - Oak fern","","",8.00,10/11/2000 0:00:00,,1966.00,"SBS mc 2 /06","Piceene-Gymndry","Piceene-Gymndry","",,0
1967.00,"07","SBS mc 2","VAN","SBS","mc2","mc","2","","07","","","","Sxw - Scrub birch - Feathermoss","","",8.00,10/11/2000 0:00:00,,1967.00,"SBS mc 2 /07","Piceene-Betunan-Loniinv","Piceene-Loniinv","",,0
1968.00,"08","SBS mc 2","VAN","SBS","mc2","mc","2","","08","","","","Sxw - Twinberry - Oak fern","","",8.00,10/11/2000 0:00:00,,1968.00,"SBS mc 2 /08","Piceene-Gymndry","Piceene-Gymndry","npe",,0
1969.00,"09","SBS mc 2","VAN","SBS","mc2","mc","2","","09","","","","Sxw - Devil's club","","",8.00,10/11/2000 0:00:00,,1969.00,"SBS mc 2 /09","Piceene-Oplohor-Gymndry","Piceene-Gymndry","",,0
1970.00,"09a","SBS mc 2","VAN","SBS","mc2","mc","2","","09","a","","","Sxw - Devil's club, Fluvial","","",8.00,10/11/2000 0:00:00,,1970.00,"SBS mc 2 /09a","","","",,0
1971.00,"09b","SBS mc 2","VAN","SBS","mc2","mc","2","","09","b","","","Sxw - Devil's club, Morainal","","",8.00,10/11/2000 0:00:00,,1971.00,"SBS mc 2 /09b","","","",,0
1972.00,"10","SBS mc 2","VAN","SBS","mc2","mc","2","","10","","","","Sxw - Horsetail","","",8.00,10/11/2000 0:00:00,,1972.00,"SBS mc 2 /10","Piceene-Cornsto-Equiset","Piceene-Equiset","",,0
1973.00,"10a","SBS mc 2","VAN","SBS","mc2","mc","2","","10","a","","","Sxw - Horsetail, Fluvial","","",8.00,10/11/2000 0:00:00,,1973.00,"SBS mc 2 /10a","","","",,0
1974.00,"10b","SBS mc 2","VAN","SBS","mc2","mc","2","","10","b","","","Sxw - Horsetail, Lacustrine/morainal","","",8.00,10/11/2000 0:00:00,,1974.00,"SBS mc 2 /10b","","","",,0
1975.00,"11","SBS mc 2","VAN","SBS","mc2","mc","2","","11","","","","Sxw - Horsetail - Glow moss","","",8.00,10/11/2000 0:00:00,,1975.00,"SBS mc 2 /11","Piceene-Equiset-Aulapal","Piceene-Equiset","npe",,0
1976.00,"12","SBS mc 2","VAN","SBS","mc2","mc","2","","12","","","","SbSxw - Scrub birch - Sedge","","",8.00,10/11/2000 0:00:00,,1976.00,"SBS mc 2 /12","","","",,0
1977.00,"31","SBS mc 2","VAN","SBS","mc2","mc","2","","31","","","","Non-forested fen/marsh","","",8.00,10/11/2000 0:00:00,,1977.00,"SBS mc 2 /31","","","npe",,0
1978.00,"01","ESSFmw","CAR","ESSF","mw","mw","","","01","","","","BlBa - Rhododendron","","",5.00,1/10/2004 0:00:00,,1978.00,"ESSFmw   /01","","","NA",,0
1979.00,"02","ESSFmw","CAR","ESSF","mw","mw","","","02","","","","BlPl - Juniper - Rhacomitrium","","",5.00,1/10/2004 0:00:00,,1979.00,"ESSFmw   /02","","","npe",,0
1980.00,"03","ESSFmw","CAR","ESSF","mw","mw","","","03","","","","Fd - Falsebox - Pinegrass","","",5.00,1/10/2004 0:00:00,,1980.00,"ESSFmw   /03","","","NA",,0
1981.00,"04","ESSFmw","CAR","ESSF","mw","mw","","","04","","","","Bl - Huckleberry - Falsebox","","",5.00,1/10/2004 0:00:00,,1981.00,"ESSFmw   /04","","","NA",,0
1982.00,"05","ESSFmw","CAR","ESSF","mw","mw","","","05","","","","BlBa - Azalea - Pipecleaner moss","","",5.00,1/10/2004 0:00:00,,1982.00,"ESSFmw   /05","","","NA",,0
1983.00,"06","ESSFmw","CAR","ESSF","mw","mw","","","06","","","","Bl - Gooseberry - Valerian","","",5.00,1/10/2004 0:00:00,,1983.00,"ESSFmw   /06","","","NA",,0
1984.00,"07","ESSFmw","CAR","ESSF","mw","mw","","","07","","","","BlBa - Oak fern - Lady fern","","",5.00,1/10/2004 0:00:00,,1984.00,"ESSFmw   /07","","","NA",,0
1985.00,"08","ESSFmw","CAR","ESSF","mw","mw","","","08","","","","Bl - Gooseberry - Horsetail","","",5.00,1/10/2004 0:00:00,,1985.00,"ESSFmw   /08","","","npe",,0
1986.00,"01","ESSFxv 2","CAR","ESSF","xv2","xv","2","","01","","","","Bl - Arnica - Cladonia","","",17.00,1/10/2004 0:00:00,,1986.00,"ESSFxv 2 /01","","","missing",,0
1987.00,"02","ESSFxv 2","CAR","ESSF","xv2","xv","2","","02","","","","BlPa - Juniper - Cladonia","","",17.00,1/10/2004 0:00:00,,1987.00,"ESSFxv 2 /02","Pinucon-Arctuva-Cladoni","Pinucon-Cladoni","missing",,0
1988.00,"03","ESSFxv 2","CAR","ESSF","xv2","xv","2","","03","","","","BlPa - Kinnikinnick","","",17.00,1/10/2004 0:00:00,,1988.00,"ESSFxv 2 /03","Pinucon-Vaccsco-Calarub-nudum","Pinucon-Calarub-Vaccsco","missing",,0
1989.00,"04","ESSFxv 2","CAR","ESSF","xv2","xv","2","","04","","","","BlPa - Juniper - Kinnikinnick","","",17.00,1/10/2004 0:00:00,,1989.00,"ESSFxv 2 /04","Abielas-Rhodalb-Vaccmem","Abielas-Rhodalb-Vaccmem","missing",,0
1990.00,"05","ESSFxv 2","CAR","ESSF","xv2","xv","2","","05","","","","BlPa - Grouseberry","","",17.00,1/10/2004 0:00:00,,1990.00,"ESSFxv 2 /05","","Pinucon-Betunan","missing",,0
1991.00,"06","ESSFxv 2","CAR","ESSF","xv2","xv","2","","06","","","","Bl - Rhododendron - Crowberry","","",17.00,1/10/2004 0:00:00,,1991.00,"ESSFxv 2 /06","Abielas-Equiset","Abielas-Equiset","missing",,0
1992.00,"07","ESSFxv 2","CAR","ESSF","xv2","xv","2","","07","","","","Bl - Lousewort - Glow moss","","",17.00,1/10/2004 0:00:00,,1992.00,"ESSFxv 2 /07","Abielas-Equiset","Abielas-Equiset","missing",,0
1993.00,"08","ESSFxv 2","CAR","ESSF","xv2","xv","2","","08","","","","Bl - Horsetail - Glow moss","","",17.00,1/10/2004 0:00:00,,1993.00,"ESSFxv 2 /08","","","missing",,0
1994.00,"09","ESSFxv 2","CAR","ESSF","xv2","xv","2","","09","","","","Se - Trapper's tea - Glow moss","","",17.00,1/10/2004 0:00:00,,1994.00,"ESSFxv 2 /09","","","missing",,0
1995.00,"10","ESSFxv 2","CAR","ESSF","xv2","xv","2","","10","","","","Se - Willow - Glow moss","","",17.00,1/10/2004 0:00:00,,1995.00,"ESSFxv 2 /10","","","missing",,0
1996.00,"02a","MS  dv","CAR","MS","dv","dv","","","02","a","","","Pl - Penstemon - Balsamroot, Shallow","","",14.00,1/10/2004 0:00:00,,1996.00,"MS  dv   /02a","","","npe",,0
1997.00,"02b","MS  dv","CAR","MS","dv","dv","","","02","b","","","Pl - Penstemon - Balsamroot, South slope","","",14.00,1/10/2004 0:00:00,,1997.00,"MS  dv   /02b","","","npe",,0
1998.00,"11","SBS mw","CAR","SBS","mw","mw","","","11","","","","Pl - Huckleberry - Knight's plume","","",20.00,1/10/2004 0:00:00,,1998.00,"SBS mw   /11","Pinucon-Arctuva-Pleusch","Pinucon-Pleusch","missing",,0
1999.00,"12","SBS mw","CAR","SBS","mw","mw","","","12","","","","Sxw - Pink spirea - Sphagnum","","",20.00,1/10/2004 0:00:00,,1999.00,"SBS mw   /12","Piceene-Loniinv-Spirdou","Piceene-Loniinv","missing",,0
2000.00,"13","SBS mw","CAR","SBS","mw","mw","","","13","","","","Sxw - Mountain alder - Lady fern","","",20.00,1/10/2004 0:00:00,,2000.00,"SBS mw   /13","Piceene-Alnuinc-Athyfil","Piceene-Alnuinc","missing",,0
2001.00,"01","BG  xh 1","KAM","BG","xh1","xh","1","","01","","","MS","$Big sage - Needle-and-thread grass","","",5.00,1/10/2004 0:00:00,,2001.00,"BG  xh 1 /01-MS","","","",,0
2002.00,"01","ESSFxv 2","KAM","ESSF","xv2","xv","2","","01","","","","Bl - Arnica - Cladonia","","",14.00,1/10/2004 0:00:00,,2002.00,"ESSFxv 2 /01","","","missing",,0
2003.00,"02","ESSFxv 2","KAM","ESSF","xv2","xv","2","","02","","","","BlPa - Juniper - Cladonia","","",14.00,1/10/2004 0:00:00,,2003.00,"ESSFxv 2 /02","Pinucon-Arctuva-Cladoni","Pinucon-Cladoni","missing",,0
2004.00,"03","ESSFxv 2","KAM","ESSF","xv2","xv","2","","03","","","","BlPa - Kinnikinnick","","",14.00,1/10/2004 0:00:00,,2004.00,"ESSFxv 2 /03","Pinucon-Vaccsco-Calarub-nudum","Pinucon-Calarub-Vaccsco","missing",,0
2005.00,"04","ESSFxv 2","KAM","ESSF","xv2","xv","2","","04","","","","BlPa - Juniper - Kinnikinnick","","",14.00,1/10/2004 0:00:00,,2005.00,"ESSFxv 2 /04","Abielas-Rhodalb-Vaccmem","Abielas-Rhodalb-Vaccmem","missing",,0
2006.00,"05","ESSFxv 2","KAM","ESSF","xv2","xv","2","","05","","","","BlPa - Grouseberry","","",14.00,1/10/2004 0:00:00,,2006.00,"ESSFxv 2 /05","","Pinucon-Betunan","missing",,0
2007.00,"06","ESSFxv 2","KAM","ESSF","xv2","xv","2","","06","","","","Bl - Rhododendron - Crowberry","","",14.00,1/10/2004 0:00:00,,2007.00,"ESSFxv 2 /06","Abielas-Equiset","Abielas-Equiset","missing",,0
2008.00,"07","ESSFxv 2","KAM","ESSF","xv2","xv","2","","07","","","","Bl - Lousewort - Glow moss","","",14.00,1/10/2004 0:00:00,,2008.00,"ESSFxv 2 /07","Abielas-Equiset","Abielas-Equiset","missing",,0
2009.00,"08","ESSFxv 2","KAM","ESSF","xv2","xv","2","","08","","","","Bl - Horsetail - Glow moss","","",14.00,1/10/2004 0:00:00,,2009.00,"ESSFxv 2 /08","","","missing",,0
2010.00,"09","ESSFxv 2","KAM","ESSF","xv2","xv","2","","09","","","","Se - Trapper's tea - Glow moss","","",14.00,1/10/2004 0:00:00,,2010.00,"ESSFxv 2 /09","","","missing",,0
2011.00,"10","ESSFxv 2","KAM","ESSF","xv2","xv","2","","10","","","","Se - Willow - Glow moss","","",14.00,1/10/2004 0:00:00,,2011.00,"ESSFxv 2 /10","","","missing",,0
2012.00,"01","ICH mk 1","KAM","ICH","mk1","mk","1","","01","","","YS","$CwSxw - Aspen","","",5.00,1/10/2004 0:00:00,,2012.00,"ICH mk 1 /01-YS","","Poputre-Sympalb-Rosanut","npe",,0
2013.00,"01","ICH mw 2","KAM","ICH","mw2","mw","2","","01","","","YS","$CwFd - Feathermoss","","",5.00,1/10/2004 0:00:00,,2013.00,"ICH mw 2 /01-YS","","","",,0
2014.00,"01","ICH mw 3","KAM","ICH","mw3","mw","3","","01","","","YC","$HwCw - Feathermoss","","",5.00,1/10/2004 0:00:00,,2014.00,"ICH mw 3 /01-YC","","","",,0
2015.00,"01","IDF mw 1","KAM","IDF","mw1","mw","1","","01","","","YC","$CwFd - Feathermoss","","",5.00,1/10/2004 0:00:00,,2015.00,"IDF mw 1 /01-YC","","Thujpli-Pseumen-Paximyr","",,0
2016.00,"01","IDF mw 2","KAM","IDF","mw2","mw","2","","01","","","YC","$CwFd - Feathermoss","","",5.00,1/10/2004 0:00:00,,2016.00,"IDF mw 2 /01-YC","","","",,0
2017.00,"01","IDF mw 2","KAM","IDF","mw2","mw","2","","01","","","YS","$EpAt - Thimbleberry - Falsebox","","",5.00,1/10/2004 0:00:00,,2017.00,"IDF mw 2 /01-YS","","Poputre-Betupap-Acergla-Rubupar","",,0
2018.00,"01","IDF xw","KAM","IDF","xw","xw","","","01","","","","Fd - Juniper - Bluebunch wheatgrass","","",14.00,1/10/2004 0:00:00,,2018.00,"IDF xw   /01","Pseumen-Pinupon-Pseuspi-Calarub","Pseumen-Pinupon-Pseuspi","NA",,0
2019.00,"02","IDF xw","KAM","IDF","xw","xw","","","02","","","","FdPy - Bluebunch wheatgrass - Pinegrass","","",14.00,1/10/2004 0:00:00,,2019.00,"IDF xw   /02","Pseumen-Pinupon-Pseuspi-Calarub","Pseumen-Pinupon-Pseuspi","NA",,0
2020.00,"03","IDF xw","KAM","IDF","xw","xw","","","03","","","","FdPy - Western snowberry - Bluebunch wheatgrass","","",14.00,1/10/2004 0:00:00,,2020.00,"IDF xw   /03","Pseumen-Pinupon-Pseuspi","Pseumen-Pinupon-Pseuspi","NA",,0
2021.00,"04","IDF xw","KAM","IDF","xw","xw","","","04","","","","FdPy - Bluebunch wheatgrass - Balsamroot","","",14.00,1/10/2004 0:00:00,,2021.00,"IDF xw   /04","Pseumen-Pinupon-Pseuspi","Pseumen-Pinupon-Pseuspi","NA",,0
2022.00,"05","IDF xw","KAM","IDF","xw","xw","","","05","","","","Fd - Feathermoss","","",14.00,1/10/2004 0:00:00,,2022.00,"IDF xw   /05","","","NA",,0
2023.00,"06","IDF xw","KAM","IDF","xw","xw","","","06","","","","Sxw - Water birch","","",14.00,1/10/2004 0:00:00,,2023.00,"IDF xw   /06","","Piceene-Pseumen-Rosaaci","NA",,0
2024.00,"07","IDF xw","KAM","IDF","xw","xw","","","07","","","","Sxw - Prickly rose - Coltsfoot","","",14.00,1/10/2004 0:00:00,,2024.00,"IDF xw   /07","","Piceene-Pseumen-Rosaaci","NA",,0
2025.00,"01","ESSFdk 1","NEL","ESSF","dk1","dk","1","","01","","","","Bl - Azalea - Foamflower","","",7.00,1/10/2004 0:00:00,,2025.00,"ESSFdk 1 /01","","","",,0
2026.00,"02","ESSFdk 1","NEL","ESSF","dk1","dk","1","","02","","","","Fd - Douglas maple - Soopolallie","","",7.00,1/10/2004 0:00:00,,2026.00,"ESSFdk 1 /02","","Abielas-Pentflo","",,0
2027.00,"03","ESSFdk 1","NEL","ESSF","dk1","dk","1","","03","","","","Bl - Azalea - Grouseberry","","",7.00,1/10/2004 0:00:00,,2027.00,"ESSFdk 1 /03","","Pinucon-Vaccsco","",,0
2028.00,"04","ESSFdk 1","NEL","ESSF","dk1","dk","1","","04","","","","Bl - Azalea - Soopolallie","","",7.00,1/10/2004 0:00:00,,2028.00,"ESSFdk 1 /04","","Pinucon-Abielas-Shepcan","",,0
2029.00,"05","ESSFdk 1","NEL","ESSF","dk1","dk","1","","05","","","","Bl - Azalea - Step moss","","",7.00,1/10/2004 0:00:00,,2029.00,"ESSFdk 1 /05","Abielas-Menzfer-Vaccsco","Abielas-Menzfer-Vaccmem","",,0
2030.00,"06","ESSFdk 1","NEL","ESSF","dk1","dk","1","","06","","","","Bl - Azalea - Horsetail","","",7.00,1/10/2004 0:00:00,,2030.00,"ESSFdk 1 /06","","Abielas-Ribelac","",,0
2031.00,"07","ESSFdk 1","NEL","ESSF","dk1","dk","1","","07","","","","Willow - Sedge","","",7.00,1/10/2004 0:00:00,,2031.00,"ESSFdk 1 /07","Abielas-Equiset","Abielas-Equiset","",,0
2032.00,"01","ICH dw 1","NEL","ICH","dw1","dw","1","","01","","","","CwFd - Falsebox","","",7.00,1/10/2004 0:00:00,,2032.00,"ICH dw 1 /01","","","",,0
2033.00,"01a","ICH dw 1","NEL","ICH","dw1","dw","1","","01","a","","","CwFd - Falsebox, SX-SM","","",7.00,1/10/2004 0:00:00,,2033.00,"ICH dw 1 /01a","","Tsughet-Thujpli-Paximyr","",,0
2034.00,"01b","ICH dw 1","NEL","ICH","dw1","dw","1","","01","b","","","CwFd - Falsebox, M-SHG","","",7.00,1/10/2004 0:00:00,,2034.00,"ICH dw 1 /01b","","Tsughet-Thujpli-Paximyr","",,0
2035.00,"02","ICH dw 1","NEL","ICH","dw1","dw","1","","02","","","","FdPy - Oregon-grape - Parsley fern","","",7.00,1/10/2004 0:00:00,,2035.00,"ICH dw 1 /02","Pseumen-Pinupon-Pseuspi","Pseumen-Pinupon-Pseuspi","",,0
2036.00,"03","ICH dw 1","NEL","ICH","dw1","dw","1","","03","","","","CwHw - White pine - Devil's club","","",7.00,1/10/2004 0:00:00,,2036.00,"ICH dw 1 /03","Tsughet-Thujpli-Oplohor","Thujpli-Tsughet-Oplohor","",,0
2037.00,"04","ICH dw 1","NEL","ICH","dw1","dw","1","","04","","","","CwHw - Devil's club - Lady fern","","",7.00,1/10/2004 0:00:00,,2037.00,"ICH dw 1 /04","Tsughet-Thujpli-Oplohor","Thujpli-Tsughet-Oplohor","",,0
2053.00,"08","ESSFmv 3","PG","ESSF","mv3","mv","3","","08","","","","BlPl - Rhododendron","","",25.00,1/10/2004 0:00:00,,2053.00,"ESSFmv 3 /08","Abielas-Rhodalb-Ptilcri","Abielas-Rhodalb-Vaccmem","missing",,0
2054.00,"31","ESSFwk 1","PG","ESSF","wk1","wk","1","","31","","","","Scrub birch - Sedge - Sphagnum","","",23.00,1/10/2004 0:00:00,,2054.00,"ESSFwk 1 /31","","","missing",,0
2055.00,"51","ESSFwk 1","PG","ESSF","wk1","wk","1","","51","","","","Alder - Lady fern","","",23.00,1/10/2004 0:00:00,,2055.00,"ESSFwk 1 /51","","","missing",,0
2056.00,"01","ICH mc 1","PG","ICH","mc1","mc","1","","01","","","","Hw - Step moss","","",8.00,1/10/2004 0:00:00,,2056.00,"ICH mc 1 /01","","Tsughet-Abielas-Hylospl","",,0
2057.00,"01a","ICH mc 1","PG","ICH","mc1","mc","1","","01","a","","","Hw - Step moss, Mesic","","",8.00,1/10/2004 0:00:00,,2057.00,"ICH mc 1 /01a","","","",,0
2058.00,"01b","ICH mc 1","PG","ICH","mc1","mc","1","","01","b","","","Hw - Step moss, Submesic","","",8.00,1/10/2004 0:00:00,,2058.00,"ICH mc 1 /01b","","","",,0
2059.00,"02","ICH mc 1","PG","ICH","mc1","mc","1","","02","","","","HwPl - Kinnikinnick - Cladonia","","",8.00,1/10/2004 0:00:00,,2059.00,"ICH mc 1 /02","","","",,0
2060.00,"03","ICH mc 1","PG","ICH","mc1","mc","1","","03","","","","HwBl - Oak fern","","",8.00,1/10/2004 0:00:00,,2060.00,"ICH mc 1 /03","","Tsughet-Abielas-Gymndry","",,0
2061.00,"04","ICH mc 1","PG","ICH","mc1","mc","1","","04","","","","HwBl - Devil's club","","",8.00,1/10/2004 0:00:00,,2061.00,"ICH mc 1 /04","","Tsughet-Abielas-Oplohor","",,0
2062.00,"05","ICH mc 1","PG","ICH","mc1","mc","1","","05","","","","ActSx - Dogwood","","",8.00,1/10/2004 0:00:00,,2062.00,"ICH mc 1 /05","","","",,0
2063.00,"06","ICH mc 1","PG","ICH","mc1","mc","1","","06","","","","Hw - Azalea - Skunk cabbage","","",8.00,1/10/2004 0:00:00,,2063.00,"ICH mc 1 /06","","Thujpli-Abielas-Lysiame","",,0
2064.00,"31","ICH mc 1","PG","ICH","mc1","mc","1","","31","","","","Non-forested fen/marsh","","",8.00,1/10/2004 0:00:00,,2064.00,"ICH mc 1 /31","","","npe",,0
2065.00,"01","ICH wk 2","PG","ICH","wk2","wk","2","","01","","","","CwHw - Oak fern","","",14.00,1/10/2004 0:00:00,"38748",2065.00,"ICH wk 2 /01","","Thujpli-Tsughet-Gymndry","NA",,0
2066.00,"01a","ICH wk 2","PG","ICH","wk2","wk","2","","01","a","","","CwHw - Oak fern, Typic","","",14.00,1/10/2004 0:00:00,"38748",2066.00,"ICH wk 2 /01a","","","NA",,0
2067.00,"01b","ICH wk 2","PG","ICH","wk2","wk","2","","01","b","","","CwHw - Oak fern, Moist","","",14.00,1/10/2004 0:00:00,"38748",2067.00,"ICH wk 2 /01b","","","NA",,0
2068.00,"02","ICH wk 2","PG","ICH","wk2","wk","2","","02","","","","HwCw - Cladonia","","",14.00,1/10/2004 0:00:00,"38748",2068.00,"ICH wk 2 /02","","Tsughet-Thujpli-Cladoni","NA",,0
2069.00,"03","ICH wk 2","PG","ICH","wk2","wk","2","","03","","","","CwFd - Juniper - Falsebox","","",14.00,1/10/2004 0:00:00,"38748",2069.00,"ICH wk 2 /03","","Tsughet-Thujpli-Paximyr","NA",,0
2070.00,"04","ICH wk 2","PG","ICH","wk2","wk","2","","04","","","","HwCw - Step moss","","",14.00,1/10/2004 0:00:00,"38748",2070.00,"ICH wk 2 /04","","Tsughet-Thujpli-Hylospl","NA",,0
2071.00,"05","ICH wk 2","PG","ICH","wk2","wk","2","","05","","","","SxwCw - Oak fern","","",14.00,1/10/2004 0:00:00,"38748",2071.00,"ICH wk 2 /05","Piceene-Gymndry","Piceene-Gymndry","NA",,0
2072.00,"06","ICH wk 2","PG","ICH","wk2","wk","2","","06","","","","Sxw - Twinberry - Oak fern","","",14.00,1/10/2004 0:00:00,"38748",2072.00,"ICH wk 2 /06","Piceene-Gymndry","Piceene-Gymndry","NA",,0
2073.00,"07","ICH wk 2","PG","ICH","wk2","wk","2","","07","","","","CwHw - Devil's club - Lady fern","","",14.00,1/10/2004 0:00:00,"38748",2073.00,"ICH wk 2 /07","Tsughet-Thujpli-Oplohor","Thujpli-Tsughet-Oplohor","NA",,0
2074.00,"08","ICH wk 2","PG","ICH","wk2","wk","2","","08","","","","CwSxw - Skunk cabbage","","",14.00,1/10/2004 0:00:00,"38748",2074.00,"ICH wk 2 /08","","Thujpli-Abielas-Lysiame","NA",,0
2075.00,"01","SBS dk","PG","SBS","dk","dk","","","01","","","Atpw","$At - Pink wintergreen","","",18.00,1/10/2004 0:00:00,,2075.00,"SBS dk   /01-Atpw","","","missing",,0
2076.00,"01","SBS dk","PG","SBS","dk","dk","","","01","","","Atss","$At - Saskatoon - Snowberry","","",18.00,1/10/2004 0:00:00,,2076.00,"SBS dk   /01-Atss","","","missing",,0
2077.00,"01a","SBS dk","PG","SBS","dk","dk","","","01","a","","Atpw","$At - Pink wintergreen","","",18.00,1/10/2004 0:00:00,,2077.00,"SBS dk   /01a-Atpw","","","missing",,0
2078.00,"01a","SBS dk","PG","SBS","dk","dk","","","01","a","","Atss","$At - Saskatoon - Snowberry","","",18.00,1/10/2004 0:00:00,,2078.00,"SBS dk   /01a-Atss","","","missing",,0
2079.00,"01b","SBS dk","PG","SBS","dk","dk","","","01","b","","Atpw","$At - Pink wintergreen","","",18.00,1/10/2004 0:00:00,,2079.00,"SBS dk   /01b-Atpw","","","missing",,0
2080.00,"01b","SBS dk","PG","SBS","dk","dk","","","01","b","","Atss","$At - Saskatoon - Snowberry","","",18.00,1/10/2004 0:00:00,,2080.00,"SBS dk   /01b-Atss","","","missing",,0
2081.00,"03","SBS dk","PG","SBS","dk","dk","","","03","","","Atki","$At - Kinnikinnick","","",18.00,1/10/2004 0:00:00,,2081.00,"SBS dk   /03-Atki","","","missing",,0
2082.00,"03","SBS dk","PG","SBS","dk","dk","","","03","","","Epdm","$Ep - Douglas maple","","",18.00,1/10/2004 0:00:00,,2082.00,"SBS dk   /03-Epdm","","","missing",,0
2083.00,"04","SBS dk","PG","SBS","dk","dk","","","04","","","Atki","$At - Kinnikinnick","","",18.00,1/10/2004 0:00:00,,2083.00,"SBS dk   /04-Atki","","","missing",,0
2084.00,"04","SBS dk","PG","SBS","dk","dk","","","04","","","Atss","$At - Saskatoon - Snowberry","","",18.00,1/10/2004 0:00:00,,2084.00,"SBS dk   /04-Atss","","","missing",,0
2085.00,"04","SBS dk","PG","SBS","dk","dk","","","04","","","Epdm","$Ep - Douglas maple","","",18.00,1/10/2004 0:00:00,,2085.00,"SBS dk   /04-Epdm","","","missing",,0
2086.00,"05","SBS dk","PG","SBS","dk","dk","","","05","","","Atss","$At - Saskatoon - Snowberry","","",18.00,1/10/2004 0:00:00,,2086.00,"SBS dk   /05-Atss","","","missing",,0
2087.00,"05","SBS dk","PG","SBS","dk","dk","","","05","","","Epdm","$Ep - Douglas maple","","",18.00,1/10/2004 0:00:00,,2087.00,"SBS dk   /05-Epdm","","","missing",,0
2088.00,"06","SBS dk","PG","SBS","dk","dk","","","06","","","Atcv","$At - Canada violet","","",18.00,1/10/2004 0:00:00,,2088.00,"SBS dk   /06-Atcv","","","missing",,0
2089.00,"06","SBS dk","PG","SBS","dk","dk","","","06","","","Atlf","$At - Lady fern","","",18.00,1/10/2004 0:00:00,,2089.00,"SBS dk   /06-Atlf","","","missing",,0
2090.00,"07","SBS dk","PG","SBS","dk","dk","","","07","","","Atcv","$At - Canada violet","","",18.00,1/10/2004 0:00:00,,2090.00,"SBS dk   /07-Atcv","","","missing",,0
2091.00,"07","SBS dk","PG","SBS","dk","dk","","","07","","","Atha","$At - Hardhack","","",18.00,1/10/2004 0:00:00,,2091.00,"SBS dk   /07-Atha","","","missing",,0
2092.00,"07","SBS dk","PG","SBS","dk","dk","","","07","","","Atlf","$At - Lady fern","","",18.00,1/10/2004 0:00:00,,2092.00,"SBS dk   /07-Atlf","","","missing",,0
2093.00,"07a","SBS dk","PG","SBS","dk","dk","","","07","a","","Atcv","$At - Canada violet","","",18.00,1/10/2004 0:00:00,,2093.00,"SBS dk   /07a-Atcv","","","missing",,0
2094.00,"07a","SBS dk","PG","SBS","dk","dk","","","07","a","","Atha","$At - Hardhack","","",18.00,1/10/2004 0:00:00,,2094.00,"SBS dk   /07a-Atha","","","missing",,0
2095.00,"07a","SBS dk","PG","SBS","dk","dk","","","07","a","","Atlf","$At - Lady fern","","",18.00,1/10/2004 0:00:00,,2095.00,"SBS dk   /07a-Atlf","","","missing",,0
2096.00,"07b","SBS dk","PG","SBS","dk","dk","","","07","b","","Atcv","$At - Canada violet","","",18.00,1/10/2004 0:00:00,,2096.00,"SBS dk   /07b-Atcv","","","missing",,0
2097.00,"07b","SBS dk","PG","SBS","dk","dk","","","07","b","","Atha","$At - Hardhack","","",18.00,1/10/2004 0:00:00,,2097.00,"SBS dk   /07b-Atha","","","missing",,0
2098.00,"07b","SBS dk","PG","SBS","dk","dk","","","07","b","","Atlf","$At - Lady fern","","",18.00,1/10/2004 0:00:00,,2098.00,"SBS dk   /07b-Atlf","","","missing",,0
2099.00,"08a","SBS dk","PG","SBS","dk","dk","","","08","a","","","Act - Dogwood - Prickly rose, High-bench","","",18.00,1/10/2004 0:00:00,,2099.00,"SBS dk   /08a","","","missing",,0
2100.00,"08b","SBS dk","PG","SBS","dk","dk","","","08","b","","","Act - Dogwood - Prickly rose, Medium-bench","","",18.00,1/10/2004 0:00:00,,2100.00,"SBS dk   /08b","","","missing",,0
2101.00,"10","SBS dk","PG","SBS","dk","dk","","","10","","","Atha","$At - Hardhack","","",18.00,1/10/2004 0:00:00,,2101.00,"SBS dk   /10-Atha","","","missing",,0
2102.00,"50","SBS dk","PG","SBS","dk","dk","","","50","","","","At - Anenome","","",18.00,1/10/2004 0:00:00,,2102.00,"SBS dk   /50","","","missing",,0
2103.00,"51","SBS dk","PG","SBS","dk","dk","","","51","","","","Ws - Thimbleberry","","",18.00,1/10/2004 0:00:00,,2103.00,"SBS dk   /51","","","missing",,0
2104.00,"52","SBS dk","PG","SBS","dk","dk","","","52","","","","Mountain alder - Stinging nettle","","",18.00,1/10/2004 0:00:00,,2104.00,"SBS dk   /52","","","missing",,0
2105.00,"53","SBS dk","PG","SBS","dk","dk","","","53","","","","Mountain alder - Mitrewort","","",18.00,1/10/2004 0:00:00,,2105.00,"SBS dk   /53","","","missing",,0
2106.00,"54","SBS dk","PG","SBS","dk","dk","","","54","","","","Drummond's willow - Bluejoint","","",18.00,1/10/2004 0:00:00,,2106.00,"SBS dk   /54","","","missing",,0
2107.00,"09a","SBS mk 1","PG","SBS","mk1","mk","1","","09","a","","","Sxw - Horsetail, Fluvial","","",9.00,1/10/2004 0:00:00,,2107.00,"SBS mk 1 /09a","","","missing",,0
2108.00,"09b","SBS mk 1","PG","SBS","mk1","mk","1","","09","b","","","Sxw - Horsetail, Organic","","",9.00,1/10/2004 0:00:00,,2108.00,"SBS mk 1 /09b","","","missing",,0
2109.00,"51","SBS vk","PG","SBS","vk","vk","","","51","","","","Mountain alder - Lady fern","","",23.00,1/10/2004 0:00:00,,2109.00,"SBS vk   /51","","","missing",,0
2110.00,"01","ICH mc 2","PR","ICH","mc2","mc","2","","01","","","Atpw","$At - Pink wintergreen","","",18.00,1/10/2004 0:00:00,,2110.00,"ICH mc 2 /01-Atpw","","","missing",,0
2111.00,"01","ICH mc 2","PR","ICH","mc2","mc","2","","01","","","Atss","$At - Saskatoon - Snowberry","","",18.00,1/10/2004 0:00:00,,2111.00,"ICH mc 2 /01-Atss","","","missing",,0
2112.00,"01_1","ICH mc 2","PR","ICH","mc2","mc","2","","01","","1","","Hw - Step moss, Hw (Cw) Variation","","",8.00,1/10/2004 0:00:00,,2112.00,"ICH mc 2 /011","","","missing",,0
2113.00,"01_1","ICH mc 2","PR","ICH","mc2","mc","2","","01","","1","Atpw","$At - Pink wintergreen","","",18.00,1/10/2004 0:00:00,,2113.00,"ICH mc 2 /011-Atpw","","","missing",,0
2114.00,"01_1","ICH mc 2","PR","ICH","mc2","mc","2","","01","","1","Atss","$At - Saskatoon - Snowberry","","",18.00,1/10/2004 0:00:00,,2114.00,"ICH mc 2 /011-Atss","","","missing",,0
2115.00,"01_2","ICH mc 2","PR","ICH","mc2","mc","2","","01","","2","","Hw - Step moss, BlSx Variation","","",8.00,1/10/2004 0:00:00,,2115.00,"ICH mc 2 /012","","","missing",,0
2116.00,"01_2","ICH mc 2","PR","ICH","mc2","mc","2","","01","","2","Atpw","$At - Pink wintergreen","","",18.00,1/10/2004 0:00:00,,2116.00,"ICH mc 2 /012-Atpw","","","missing",,0
2117.00,"01_2","ICH mc 2","PR","ICH","mc2","mc","2","","01","","2","Atss","$At - Saskatoon - Snowberry","","",18.00,1/10/2004 0:00:00,,2117.00,"ICH mc 2 /012-Atss","","","missing",,0
2118.00,"01a","ICH mc 2","PR","ICH","mc2","mc","2","","01","a","","Atpw","$At - Pink wintergreen","","",18.00,1/10/2004 0:00:00,,2118.00,"ICH mc 2 /01a-Atpw","","","missing",,0
2119.00,"01a","ICH mc 2","PR","ICH","mc2","mc","2","","01","a","","Atss","$At - Saskatoon - Snowberry","","",18.00,1/10/2004 0:00:00,,2119.00,"ICH mc 2 /01a-Atss","","","missing",,0
2120.00,"01a_1","ICH mc 2","PR","ICH","mc2","mc","2","","01","a","1","","Hw - Step moss, Mesic, Hw (Cw) Variation","","",8.00,1/10/2004 0:00:00,,2120.00,"ICH mc 2 /01a1","","","missing",,0
2121.00,"01a_1","ICH mc 2","PR","ICH","mc2","mc","2","","01","a","1","Atpw","$At - Pink wintergreen","","",18.00,1/10/2004 0:00:00,,2121.00,"ICH mc 2 /01a1-Atpw","","","missing",,0
2122.00,"01a_1","ICH mc 2","PR","ICH","mc2","mc","2","","01","a","1","Atss","$At - Saskatoon - Snowberry","","",18.00,1/10/2004 0:00:00,,2122.00,"ICH mc 2 /01a1-Atss","","","missing",,0
2123.00,"01a_2","ICH mc 2","PR","ICH","mc2","mc","2","","01","a","2","","Hw - Step moss, Mesic, BlSx Variation","","",8.00,1/10/2004 0:00:00,,2123.00,"ICH mc 2 /01a2","","","missing",,0
2124.00,"01a_2","ICH mc 2","PR","ICH","mc2","mc","2","","01","a","2","Atpw","$At - Pink wintergreen","","",18.00,1/10/2004 0:00:00,,2124.00,"ICH mc 2 /01a2-Atpw","","","missing",,0
2125.00,"01a_2","ICH mc 2","PR","ICH","mc2","mc","2","","01","a","2","Atss","$At - Saskatoon - Snowberry","","",18.00,1/10/2004 0:00:00,,2125.00,"ICH mc 2 /01a2-Atss","","","missing",,0
2126.00,"01b","ICH mc 2","PR","ICH","mc2","mc","2","","01","b","","Atpw","$At - Pink wintergreen","","",18.00,1/10/2004 0:00:00,,2126.00,"ICH mc 2 /01b-Atpw","","","missing",,0
2127.00,"01b","ICH mc 2","PR","ICH","mc2","mc","2","","01","b","","Atss","$At - Saskatoon - Snowberry","","",18.00,1/10/2004 0:00:00,,2127.00,"ICH mc 2 /01b-Atss","","","missing",,0
2128.00,"01b_1","ICH mc 2","PR","ICH","mc2","mc","2","","01","b","1","","Hw - Step moss, Submesic, Hw (Cw) Variation","","",8.00,1/10/2004 0:00:00,,2128.00,"ICH mc 2 /01b1","","","missing",,0
2129.00,"01b_1","ICH mc 2","PR","ICH","mc2","mc","2","","01","b","1","Atpw","$At - Pink wintergreen","","",18.00,1/10/2004 0:00:00,,2129.00,"ICH mc 2 /01b1-Atpw","","","missing",,0
2130.00,"01b_1","ICH mc 2","PR","ICH","mc2","mc","2","","01","b","1","Atss","$At - Saskatoon - Snowberry","","",18.00,1/10/2004 0:00:00,,2130.00,"ICH mc 2 /01b1-Atss","","","missing",,0
2131.00,"01b_2","ICH mc 2","PR","ICH","mc2","mc","2","","01","b","2","","Hw - Step moss, Submesic, BlSx Variation","","",8.00,1/10/2004 0:00:00,,2131.00,"ICH mc 2 /01b2","","","missing",,0
2132.00,"01b_2","ICH mc 2","PR","ICH","mc2","mc","2","","01","b","2","Atpw","$At - Pink wintergreen","","",18.00,1/10/2004 0:00:00,,2132.00,"ICH mc 2 /01b2-Atpw","","","missing",,0
2133.00,"01b_2","ICH mc 2","PR","ICH","mc2","mc","2","","01","b","2","Atss","$At - Saskatoon - Snowberry","","",18.00,1/10/2004 0:00:00,,2133.00,"ICH mc 2 /01b2-Atss","","","missing",,0
2134.00,"02","ICH mc 2","PR","ICH","mc2","mc","2","","02","","","Atki","$At - Kinnikinnick","","",18.00,1/10/2004 0:00:00,,2134.00,"ICH mc 2 /02-Atki","","","missing",,0
2135.00,"02","ICH mc 2","PR","ICH","mc2","mc","2","","02","","","Epdm","$Ep - Douglas maple","","",18.00,1/10/2004 0:00:00,,2135.00,"ICH mc 2 /02-Epdm","","","missing",,0
2136.00,"03","ICH mc 2","PR","ICH","mc2","mc","2","","03","","","Atcv","$At - Canada violet","","",18.00,1/10/2004 0:00:00,,2136.00,"ICH mc 2 /03-Atcv","","","missing",,0
2137.00,"03","ICH mc 2","PR","ICH","mc2","mc","2","","03","","","Atpw","$At - Pink wintergreen","","",18.00,1/10/2004 0:00:00,,2137.00,"ICH mc 2 /03-Atpw","","","missing",,0
2138.00,"04","ICH mc 2","PR","ICH","mc2","mc","2","","04","","","Atcv","$At - Canada violet","","",18.00,1/10/2004 0:00:00,,2138.00,"ICH mc 2 /04-Atcv","","","missing",,0
2139.00,"05","ICH mc 2","PR","ICH","mc2","mc","2","","05","","","Atha","$At - Hardhack","","",18.00,1/10/2004 0:00:00,,2139.00,"ICH mc 2 /05-Atha","","","missing",,0
2140.00,"05","ICH mc 2","PR","ICH","mc2","mc","2","","05","","","Atlf","$At - Lady fern","","",18.00,1/10/2004 0:00:00,,2140.00,"ICH mc 2 /05-Atlf","","","missing",,0
2141.00,"06a","ICH mc 2","PR","ICH","mc2","mc","2","","06","a","","","ActSx - Dogwood, High-bench","","",18.00,1/10/2004 0:00:00,,2141.00,"ICH mc 2 /06a","","","missing",,0
2142.00,"06b","ICH mc 2","PR","ICH","mc2","mc","2","","06","b","","","ActSx - Dogwood, Medium-bench","","",18.00,1/10/2004 0:00:00,,2142.00,"ICH mc 2 /06b","","","missing",,0
2143.00,"07","ICH mc 2","PR","ICH","mc2","mc","2","","07","","","Atha","$At - Hardhack","","",18.00,1/10/2004 0:00:00,,2143.00,"ICH mc 2 /07-Atha","","","missing",,0
2144.00,"07","ICH mc 2","PR","ICH","mc2","mc","2","","07","","","Atlf","$At - Lady fern","","",18.00,1/10/2004 0:00:00,,2144.00,"ICH mc 2 /07-Atlf","","","missing",,0
2145.00,"51","ICH mc 2","PR","ICH","mc2","mc","2","","51","","","","$PlHw - Feathermoss","","",8.00,1/10/2004 0:00:00,,2145.00,"ICH mc 2 /51","Pinucon-Arctuva-Pleusch","Pinucon-Pleusch","",,0
2146.00,"52","ICH mc 2","PR","ICH","mc2","mc","2","","52","","","","$SxEp - Thimbleberry - Hazelnut","","",8.00,1/10/2004 0:00:00,,2146.00,"ICH mc 2 /52","Piceene-Betupap-Loniinv","Piceene-Loniinv","",,0
2147.00,"53","ICH mc 2","PR","ICH","mc2","mc","2","","53","","","","$AtEp - Dogwood","","",8.00,1/10/2004 0:00:00,,2147.00,"ICH mc 2 /53","","","",,0
2148.00,"54","ICH mc 2","PR","ICH","mc2","mc","2","","54","","","","$SxEp - Devil's club","","",8.00,1/10/2004 0:00:00,,2148.00,"ICH mc 2 /54","Piceene-Oplohor-Gymndry","Piceene-Gymndry","",,0
2149.00,"55","ICH mc 2","PR","ICH","mc2","mc","2","","55","","","","Mountain alder - Mitrewort","","",18.00,1/10/2004 0:00:00,,2149.00,"ICH mc 2 /55","","","missing",,0
2150.00,"56","ICH mc 2","PR","ICH","mc2","mc","2","","56","","","","Drummond's willow - Bluejoint","","",18.00,1/10/2004 0:00:00,,2150.00,"ICH mc 2 /56","","","missing",,0
2151.00,"01_1","ICH vc","PR","ICH","vc","vc","","","01","","1","","HwBl - Devil's club, Hw Variation","","",8.00,1/10/2004 0:00:00,,2151.00,"ICH vc   /011","","Tsughet-Abielas-Oplohor","missing",,0
2152.00,"01_2","ICH vc","PR","ICH","vc","vc","","","01","","2","","HwBl - Devil's club, Bl Variation","","",8.00,1/10/2004 0:00:00,,2152.00,"ICH vc   /012","","Tsughet-Abielas-Oplohor","missing",,0
2153.00,"02_1","ICH vc","PR","ICH","vc","vc","","","02","","1","","Hw - Step moss, Hw Variation","","",8.00,1/10/2004 0:00:00,,2153.00,"ICH vc   /021","","Tsughet-Abielas-Hylospl","missing",,0
2154.00,"02_2","ICH vc","PR","ICH","vc","vc","","","02","","2","","Hw - Step moss, Bl Variation","","",8.00,1/10/2004 0:00:00,,2154.00,"ICH vc   /022","","Tsughet-Abielas-Hylospl","missing",,0
2155.00,"51","ICH vc","PR","ICH","vc","vc","","","51","","","","$Sitka alder - Devil's club","","",8.00,1/10/2004 0:00:00,,2155.00,"ICH vc   /51","","","",,0
2156.00,"52","ICH vc","PR","ICH","vc","vc","","","52","","","","$Mountain alder - Lady fern","","",8.00,1/10/2004 0:00:00,,2156.00,"ICH vc   /52","","","",,0
2157.00,"51","ICH wc","PR","ICH","wc","wc","","","51","","","","$Sitka alder - Devil's club","","",8.00,1/10/2004 0:00:00,,2157.00,"ICH wc   /51","","","missing",,0
2158.00,"52","ICH wc","PR","ICH","wc","wc","","","52","","","","$Mountain alder - Lady fern","","",8.00,1/10/2004 0:00:00,,2158.00,"ICH wc   /52","","","missing",,0
2159.00,"01","SBS dk","PR","SBS","dk","dk","","","01","","","Atpw","$At - Pink wintergreen","","",18.00,1/10/2004 0:00:00,,2159.00,"SBS dk   /01-Atpw","","","missing",,0
2160.00,"01","SBS dk","PR","SBS","dk","dk","","","01","","","Atss","$At - Saskatoon - Snowberry","","",18.00,1/10/2004 0:00:00,,2160.00,"SBS dk   /01-Atss","","","missing",,0
2161.00,"01a","SBS dk","PR","SBS","dk","dk","","","01","a","","Atpw","$At - Pink wintergreen","","",18.00,1/10/2004 0:00:00,,2161.00,"SBS dk   /01a-Atpw","","","missing",,0
2162.00,"01a","SBS dk","PR","SBS","dk","dk","","","01","a","","Atss","$At - Saskatoon - Snowberry","","",18.00,1/10/2004 0:00:00,,2162.00,"SBS dk   /01a-Atss","","","missing",,0
2163.00,"01b","SBS dk","PR","SBS","dk","dk","","","01","b","","Atpw","$At - Pink wintergreen","","",18.00,1/10/2004 0:00:00,,2163.00,"SBS dk   /01b-Atpw","","","missing",,0
2164.00,"01b","SBS dk","PR","SBS","dk","dk","","","01","b","","Atss","$At - Saskatoon - Snowberry","","",18.00,1/10/2004 0:00:00,,2164.00,"SBS dk   /01b-Atss","","","missing",,0
2165.00,"03","SBS dk","PR","SBS","dk","dk","","","03","","","Atki","$At - Kinnikinnick","","",18.00,1/10/2004 0:00:00,,2165.00,"SBS dk   /03-Atki","","","missing",,0
2166.00,"03","SBS dk","PR","SBS","dk","dk","","","03","","","Epdm","$Ep - Douglas maple","","",18.00,1/10/2004 0:00:00,,2166.00,"SBS dk   /03-Epdm","","","missing",,0
2167.00,"04","SBS dk","PR","SBS","dk","dk","","","04","","","Atki","$At - Kinnikinnick","","",18.00,1/10/2004 0:00:00,,2167.00,"SBS dk   /04-Atki","","","missing",,0
2168.00,"04","SBS dk","PR","SBS","dk","dk","","","04","","","Atss","$At - Saskatoon - Snowberry","","",18.00,1/10/2004 0:00:00,,2168.00,"SBS dk   /04-Atss","","","missing",,0
2169.00,"04","SBS dk","PR","SBS","dk","dk","","","04","","","Epdm","$Ep - Douglas maple","","",18.00,1/10/2004 0:00:00,,2169.00,"SBS dk   /04-Epdm","","","missing",,0
2170.00,"05","SBS dk","PR","SBS","dk","dk","","","05","","","Atss","$At - Saskatoon - Snowberry","","",18.00,1/10/2004 0:00:00,,2170.00,"SBS dk   /05-Atss","","","missing",,0
2171.00,"05","SBS dk","PR","SBS","dk","dk","","","05","","","Epdm","$Ep - Douglas maple","","",18.00,1/10/2004 0:00:00,,2171.00,"SBS dk   /05-Epdm","","","missing",,0
2172.00,"06","SBS dk","PR","SBS","dk","dk","","","06","","","Atcv","$At - Canada violet","","",18.00,1/10/2004 0:00:00,,2172.00,"SBS dk   /06-Atcv","","","missing",,0
2173.00,"06","SBS dk","PR","SBS","dk","dk","","","06","","","Atlf","$At - Lady fern","","",18.00,1/10/2004 0:00:00,,2173.00,"SBS dk   /06-Atlf","","","missing",,0
2174.00,"07","SBS dk","PR","SBS","dk","dk","","","07","","","Atcv","$At - Canada violet","","",18.00,1/10/2004 0:00:00,,2174.00,"SBS dk   /07-Atcv","","","missing",,0
2175.00,"07","SBS dk","PR","SBS","dk","dk","","","07","","","Atha","$At - Hardhack","","",18.00,1/10/2004 0:00:00,,2175.00,"SBS dk   /07-Atha","","","missing",,0
2176.00,"07","SBS dk","PR","SBS","dk","dk","","","07","","","Atlf","$At - Lady fern","","",18.00,1/10/2004 0:00:00,,2176.00,"SBS dk   /07-Atlf","","","missing",,0
2177.00,"07a","SBS dk","PR","SBS","dk","dk","","","07","a","","Atcv","$At - Canada violet","","",18.00,1/10/2004 0:00:00,,2177.00,"SBS dk   /07a-Atcv","","","missing",,0
2178.00,"07a","SBS dk","PR","SBS","dk","dk","","","07","a","","Atha","$At - Hardhack","","",18.00,1/10/2004 0:00:00,,2178.00,"SBS dk   /07a-Atha","","","missing",,0
2179.00,"07a","SBS dk","PR","SBS","dk","dk","","","07","a","","Atlf","$At - Lady fern","","",18.00,1/10/2004 0:00:00,,2179.00,"SBS dk   /07a-Atlf","","","missing",,0
2180.00,"07b","SBS dk","PR","SBS","dk","dk","","","07","b","","Atcv","$At - Canada violet","","",18.00,1/10/2004 0:00:00,,2180.00,"SBS dk   /07b-Atcv","","","missing",,0
2181.00,"07b","SBS dk","PR","SBS","dk","dk","","","07","b","","Atha","$At - Hardhack","","",18.00,1/10/2004 0:00:00,,2181.00,"SBS dk   /07b-Atha","","","missing",,0
2182.00,"07b","SBS dk","PR","SBS","dk","dk","","","07","b","","Atlf","$At - Lady fern","","",18.00,1/10/2004 0:00:00,,2182.00,"SBS dk   /07b-Atlf","","","missing",,0
2183.00,"08a","SBS dk","PR","SBS","dk","dk","","","08","a","","","Act - Dogwood - Prickly rose, High-bench","","",18.00,1/10/2004 0:00:00,,2183.00,"SBS dk   /08a","","","missing",,0
2184.00,"08b","SBS dk","PR","SBS","dk","dk","","","08","b","","","Act - Dogwood - Prickly rose, Medium-bench","","",18.00,1/10/2004 0:00:00,,2184.00,"SBS dk   /08b","","","missing",,0
2185.00,"10","SBS dk","PR","SBS","dk","dk","","","10","","","Atha","$At - Hardhack","","",18.00,1/10/2004 0:00:00,,2185.00,"SBS dk   /10-Atha","","","missing",,0
2186.00,"50","SBS dk","PR","SBS","dk","dk","","","50","","","","At - Anenome","","",18.00,1/10/2004 0:00:00,,2186.00,"SBS dk   /50","","","missing",,0
2187.00,"51","SBS dk","PR","SBS","dk","dk","","","51","","","","Ws - Thimbleberry","","",18.00,1/10/2004 0:00:00,,2187.00,"SBS dk   /51","","","missing",,0
2188.00,"52","SBS dk","PR","SBS","dk","dk","","","52","","","","Mountain alder - Stinging nettle","","",18.00,1/10/2004 0:00:00,,2188.00,"SBS dk   /52","","","missing",,0
2189.00,"53","SBS dk","PR","SBS","dk","dk","","","53","","","","Mountain alder - Mitrewort","","",18.00,1/10/2004 0:00:00,,2189.00,"SBS dk   /53","","","missing",,0
2190.00,"54","SBS dk","PR","SBS","dk","dk","","","54","","","","Drummond's willow - Bluejoint","","",18.00,1/10/2004 0:00:00,,2190.00,"SBS dk   /54","","","missing",,0
2191.00,"01","SBS dw 3","PR","SBS","dw3","dw","3","","01","","","","SxwFd - Pinegrass","","",9.00,1/10/2004 0:00:00,,2191.00,"SBS dw 3 /01","Piceene-Pseumen-Calarub","Piceene-Pseumen-Chimumb","missing",,0
2192.00,"02","SBS dw 3","PR","SBS","dw3","dw","3","","02","","","","FdPl - Cladonia","","",9.00,1/10/2004 0:00:00,,2192.00,"SBS dw 3 /02","","Pseumen-Pleusch","missing",,0
2193.00,"03","SBS dw 3","PR","SBS","dw3","dw","3","","03","","","","Pl - Feathermoss - Cladina","","",9.00,1/10/2004 0:00:00,,2193.00,"SBS dw 3 /03","Pinucon-Arctuva-Pleusch","Pinucon-Pleusch","missing",,0
2194.00,"04","SBS dw 3","PR","SBS","dw3","dw","3","","04","","","","SxwFd - Ricegrass","","",9.00,1/10/2004 0:00:00,,2194.00,"SBS dw 3 /04","Piceene-Pseumen-Calarub","Piceene-Pseumen-Chimumb","missing",,0
2195.00,"05","SBS dw 3","PR","SBS","dw3","dw","3","","05","","","","PlSb - Feathermoss","","",9.00,1/10/2004 0:00:00,,2195.00,"SBS dw 3 /05","Pinucon-Calarub-Corncan-Pleusch","Pinucon-Calarub","missing",,0
2196.00,"06","SBS dw 3","PR","SBS","dw3","dw","3","","06","","","","Sxw - Pink spirea - Prickly rose","","",9.00,1/10/2004 0:00:00,,2196.00,"SBS dw 3 /06","Piceene-Loniinv-Spirdou","Piceene-Loniinv","missing",,0
2197.00,"07","SBS dw 3","PR","SBS","dw3","dw","3","","07","","","","Sxw - Twinberry","","",9.00,1/10/2004 0:00:00,,2197.00,"SBS dw 3 /07","Piceene-Loniinv","Piceene-Loniinv","missing",,0
2198.00,"08","SBS dw 3","PR","SBS","dw3","dw","3","","08","","","","Sxw - Oak fern","","",9.00,1/10/2004 0:00:00,,2198.00,"SBS dw 3 /08","Piceene-Gymndry","Piceene-Gymndry","missing",,0
2199.00,"09","SBS dw 3","PR","SBS","dw3","dw","3","","09","","","","Sxw - Horsetail - Glow moss","","",9.00,1/10/2004 0:00:00,,2199.00,"SBS dw 3 /09","Piceene-Cornsto-Equiset","Piceene-Equiset","missing",,0
2200.00,"10","SBS dw 3","PR","SBS","dw3","dw","3","","10","","","","Sb - Soft-leaved sedge - Sphagnum","","",9.00,1/10/2004 0:00:00,,2200.00,"SBS dw 3 /10","","","missing",,0
2202.00,"14","CWH xm 2","VAN","CWH","xm2","xm","2","","14","","","","Cw - Black twinberry","","Variants mapped and a field guide note.",11.00,1/10/2004 0:00:00,,2202.00,"CWH xm 2 /14","","","missing",,0
2203.00,"01","ESSFxv 1","VAN","ESSF","xv1","xv","1","","01","","","","Bl - Arnica - Cladonia","","",14.00,1/10/2004 0:00:00,,2203.00,"ESSFxv 1 /01","Abielas-Vaccsco-Cladoni1","Abielas-Pinualb-Vaccsco","npe",,0
2204.00,"02","ESSFxv 1","VAN","ESSF","xv1","xv","1","","02","","","","BlPa - Juniper - Cladonia","","",14.00,1/10/2004 0:00:00,,2204.00,"ESSFxv 1 /02","Pinualb-Abielas-Cladoni","Abielas-Cladoni","npe",,0
2205.00,"03","ESSFxv 1","VAN","ESSF","xv1","xv","1","","03","","","","Pl - Cladonia - Stereocaulon","","",14.00,1/10/2004 0:00:00,,2205.00,"ESSFxv 1 /03","Abielas-Cladoni","Abielas-Cladoni","npe",,0
2206.00,"04","ESSFxv 1","VAN","ESSF","xv1","xv","1","","04","","","","BlPa - Juniper - Grouseberry","","",14.00,1/10/2004 0:00:00,,2206.00,"ESSFxv 1 /04","Abielas-Pinualb-Vaccsco","Abielas-Pinualb-Vaccsco","npe",,0
2207.00,"05","ESSFxv 1","VAN","ESSF","xv1","xv","1","","05","","","","BlPa - Arnica - Twinflower","","",14.00,1/10/2004 0:00:00,,2207.00,"ESSFxv 1 /05","Abielas-Pinualb-Vaccsco","Abielas-Pinualb-Vaccsco","npe",,0
2208.00,"06","ESSFxv 1","VAN","ESSF","xv1","xv","1","","06","","","","Bl - Rhododendron - Crowberry","","",14.00,1/10/2004 0:00:00,,2208.00,"ESSFxv 1 /06","Abielas-Rhodalb-Vaccsco","Abielas-Rhodalb-Vaccmem","npe",,0
2209.00,"07","ESSFxv 1","VAN","ESSF","xv1","xv","1","","07","","","","Bl - Valerian - Arnica","","",14.00,1/10/2004 0:00:00,,2209.00,"ESSFxv 1 /07","Abielas-Valesit-Arnicor","Abielas-Valesit","npe",,0
2210.00,"08","ESSFxv 1","VAN","ESSF","xv1","xv","1","","08","","","","Bl - Horsetail - Glow moss","","",14.00,1/10/2004 0:00:00,,2210.00,"ESSFxv 1 /08","Abielas-Equiset","Abielas-Equiset","npe",,0
2211.00,"09","ESSFxv 1","VAN","ESSF","xv1","xv","1","","09","","","","Bl - Twinberry - Hellebore","","",14.00,1/10/2004 0:00:00,,2211.00,"ESSFxv 1 /09","Abielas-Valesit-Arnicor","Abielas-Valesit","npe",,0
2212.00,"01","MS  dc 2","VAN","MS","dc2","dc","2","","01","","","","Sxw - Wintergreen - Feathermoss","","",14.00,1/10/2004 0:00:00,,2212.00,"MS  dc 2 /01","Piceene-Vaccsco-Orthsec-Pleusch","Piceene-Vaccmem-Orthsec-Pleusch","npe",,0
2213.00,"02","MS  dc 2","VAN","MS","dc2","dc","2","","02","","","","FdBl - Spirea - Stonecrop","","",14.00,1/10/2004 0:00:00,,2213.00,"MS  dc 2 /02","","Pseumen-Junicom","npe",,0
2214.00,"03","MS  dc 2","VAN","MS","dc2","dc","2","","03","","","","FdBl - Soopolallie - Kinnikinnick","","",14.00,1/10/2004 0:00:00,,2214.00,"MS  dc 2 /03","Pseumen-Calarub","Pseumen-Calarub","npe",,0
2215.00,"04","MS  dc 2","VAN","MS","dc2","dc","2","","04","","","","PlBl - Soopolallie - Kinnikinnick","","",14.00,1/10/2004 0:00:00,,2215.00,"MS  dc 2 /04","","Pinucon-Abielas-Shepcan","npe",,0
2216.00,"05","MS  dc 2","VAN","MS","dc2","dc","2","","05","","","","Sxw - Rhododendron - Crowberry","","",14.00,1/10/2004 0:00:00,,2216.00,"MS  dc 2 /05","Abielas-Rhodalb-Vaccsco","Abielas-Rhodalb-Vaccmem","npe",,0
2217.00,"06","MS  dc 2","VAN","MS","dc2","dc","2","","06","","","","Sxw - Twinberry - Reedgrass","","",14.00,1/10/2004 0:00:00,,2217.00,"MS  dc 2 /06","Piceene-Alnuinc-Loniinv","Piceene-Loniinv","npe",,0
2218.00,"07","MS  dc 2","VAN","MS","dc2","dc","2","","07","","","","Sxw - Gooseberry","","",14.00,1/10/2004 0:00:00,,2218.00,"MS  dc 2 /07","Piceene-Ribelac","Piceene-Ribelac","npe",,0
2219.00,"08","MS  dc 2","VAN","MS","dc2","dc","2","","08","","","","Sxw - Horsetail - Leafy moss","","",14.00,1/10/2004 0:00:00,,2219.00,"MS  dc 2 /08","Piceene-Equiset-Aulapal","Piceene-Equiset","npe",,0
2220.00,"Wm03","BG  xw 2","CAR","BG","xw2","xw","2","","Wm03","","","","Awned sedge","","",28.00,1/24/2006 0:00:00,,2220.00,"BG  xw 2 /Wm03","","Careath","missing",,0
2221.00,"Wm06","BG  xw 2","CAR","BG","xw2","xw","2","","Wm06","","","","Great bulrush","","",28.00,1/24/2006 0:00:00,,2222.00,"BG  xw 2 /Wm06","","Scirlac","missing",,0
2222.00,"Wm04","BG  xw 2","CAR","BG","xw2","xw","2","","Wm04","","","","Common spike-rush","","",28.00,1/24/2006 0:00:00,,2221.00,"BG  xw 2 /Wm04","","Eleopal","missing",,0
2223.00,"Wf11","ESSFdc 2","CAR","ESSF","dc2","dc","2","","Wf11","","","","Tufted clubrush - Star moss","","",28.00,1/24/2006 0:00:00,,2224.00,"ESSFdc 2 /Wf11","","Tricces-Campste","missing",,0
2224.00,"Ws04","ESSFdc 2","CAR","ESSF","dc2","dc","2","","Ws04","","","","Drummond's willow - Beaked sedge","","",28.00,1/24/2006 0:00:00,,2225.00,"ESSFdc 2 /Ws04","","Salidru-Carex","missing",,0
2225.00,"Sc03","ESSFdc 2","CAR","ESSF","dc2","dc","2","","Sc03","","","","Barclay's willow - Arrow-leaved groundsel","","",28.00,1/24/2006 0:00:00,,2223.00,"ESSFdc 2 /Sc03","","","missing",,0
2226.00,"Wf12","ESSFmw","CAR","ESSF","mw","mw","","","Wf12","","","","Narrow-leaved cotton-grass - Marsh-marigold","","",28.00,1/24/2006 0:00:00,,2229.00,"ESSFmw   /Wf12","","","missing",,0
2227.00,"Wm01","ESSFmw","CAR","ESSF","mw","mw","","","Wm01","","","","Beaked sedge - Water sedge","","",28.00,1/24/2006 0:00:00,,2231.00,"ESSFmw   /Wm01","","","missing",,0
2228.00,"Wf01","ESSFmw","CAR","ESSF","mw","mw","","","Wf01","","","","Water sedge - Beaked sedge","","",28.00,1/24/2006 0:00:00,,2226.00,"ESSFmw   /Wf01","","","missing",,0
2229.00,"Wf03","ESSFmw","CAR","ESSF","mw","mw","","","Wf03","","","","Water sedge - Peat-moss","","",28.00,1/24/2006 0:00:00,,2227.00,"ESSFmw   /Wf03","","","missing",,0
2230.00,"Wf13","ESSFmw","CAR","ESSF","mw","mw","","","Wf13","","","","Narrow-leaved cotton-grass - Shore sedge","","",28.00,1/24/2006 0:00:00,,2230.00,"ESSFmw   /Wf13","","","missing",,0
2231.00,"Wm02","ESSFmw","CAR","ESSF","mw","mw","","","Wm02","","","","Swamp horsetail - Beaked sedge","","",28.00,1/24/2006 0:00:00,,2232.00,"ESSFmw   /Wm02","","","missing",,0
2232.00,"Wf04","ESSFmw","CAR","ESSF","mw","mw","","","Wf04","","","","Barclay's willow - Water sedge - Glow moss","","",28.00,1/24/2006 0:00:00,,2228.00,"ESSFmw   /Wf04","","","missing",,0
2233.00,"Wf08","ESSFwc 3","CAR","ESSF","wc3","wc","3","","Wf08","","","","Shore sedge - Buckbean - Hook-moss","","",28.00,1/24/2006 0:00:00,,2237.00,"ESSFwc 3 /Wf08","","Carelim-Menytri","missing",,0
2234.00,"Wf04","ESSFwc 3","CAR","ESSF","wc3","wc","3","","Wf04","","","","Barclay's willow - Water sedge - Glow moss","","",28.00,1/24/2006 0:00:00,,2236.00,"ESSFwc 3 /Wf04","","Salibac-Carex","missing",,0
2235.00,"Wf11","ESSFwc 3","CAR","ESSF","wc3","wc","3","","Wf11","","","","Tufted clubrush - Star moss","","",28.00,1/24/2006 0:00:00,,2238.00,"ESSFwc 3 /Wf11","","Tricces-Campste","missing",,0
2236.00,"Wf03","ESSFwc 3","CAR","ESSF","wc3","wc","3","","Wf03","","","","Water sedge - Peat-moss","","",28.00,1/24/2006 0:00:00,,2235.00,"ESSFwc 3 /Wf03","","Careaqu-Sphagnu","missing",,0
2237.00,"Wf02","ESSFwc 3","CAR","ESSF","wc3","wc","3","","Wf02","","","","Scrub birch - Water sedge","","",28.00,1/24/2006 0:00:00,,2234.00,"ESSFwc 3 /Wf02","","Betunan-Saliped-Careaqu","missing",,0
2238.00,"04","ESSFwc 3","CAR","ESSF","wc3","wc","3","","04","","","","Pl - Few-flowered sedge - Peat-moss","","",28.00,1/24/2006 0:00:00,,2233.00,"ESSFwc 3 /04","","","missing",,0
2239.00,"Wm01","ESSFxc","CAR","ESSF","xc","xc","","","Wm01","","","","Beaked sedge - Water sedge","","",28.00,1/24/2006 0:00:00,,2251.00,"ESSFxc   /Wm01","","","missing",,0
2240.00,"Wm09","ESSFxc","CAR","ESSF","xc","xc","","","Wm09","","","","Inflated sedge","","",28.00,1/24/2006 0:00:00,,2252.00,"ESSFxc   /Wm09","","","missing",,0
2241.00,"Wf01","ESSFxc","CAR","ESSF","xc","xc","","","Wf01","","","","Water sedge - Beaked sedge","","",28.00,1/24/2006 0:00:00,,2241.00,"ESSFxc   /Wf01","","","missing",,0
2242.00,"Ws05","ESSFxc","CAR","ESSF","xc","xc","","","Ws05","","","","Maccalla's willow - Beaked sedge","","",28.00,1/24/2006 0:00:00,,2253.00,"ESSFxc   /Ws05","","","missing",,0
2243.00,"Wf14","ESSFxc","CAR","ESSF","xc","xc","","","Wf14","","","","Tea-leaved willow - Water sedge - Glow moss","","",28.00,1/24/2006 0:00:00,,2250.00,"ESSFxc   /Wf14","","","missing",,0
2244.00,"11","ESSFxc","CAR","ESSF","xc","xc","","","11","","","","Sxw - Common horsetail - Leafy moss","","",28.00,1/24/2006 0:00:00,,2239.00,"ESSFxc   /11","","","missing",,0
2245.00,"Wf13","ESSFxc","CAR","ESSF","xc","xc","","","Wf13","","","","Narrow-leaved cotton-grass - Shore sedge","","",28.00,1/24/2006 0:00:00,,2249.00,"ESSFxc   /Wf13","","","missing",,0
2246.00,"Wf11","ESSFxc","CAR","ESSF","xc","xc","","","Wf11","","","","Tufted clubrush - Star moss","","",28.00,1/24/2006 0:00:00,,2247.00,"ESSFxc   /Wf11","","","missing",,0
2247.00,"Wf09","ESSFxc","CAR","ESSF","xc","xc","","","Wf09","","","","Few-flowered spike-rush - Hook-moss","","",28.00,1/24/2006 0:00:00,,2246.00,"ESSFxc   /Wf09","","","missing",,0
2248.00,"Wf08","ESSFxc","CAR","ESSF","xc","xc","","","Wf08","","","","Shore sedge - Buckbean - Hook-moss","","",28.00,1/24/2006 0:00:00,,2245.00,"ESSFxc   /Wf08","","","missing",,0
2249.00,"Wf04","ESSFxc","CAR","ESSF","xc","xc","","","Wf04","","","","Barclay's willow - Water sedge - Glow moss","","",28.00,1/24/2006 0:00:00,,2244.00,"ESSFxc   /Wf04","","","missing",,0
2250.00,"Wf03","ESSFxc","CAR","ESSF","xc","xc","","","Wf03","","","","Water sedge - Peat-moss","","",28.00,1/24/2006 0:00:00,,2243.00,"ESSFxc   /Wf03","","","missing",,0
2251.00,"Wf02","ESSFxc","CAR","ESSF","xc","xc","","","Wf02","","","","Scrub birch - Water sedge","","",28.00,1/24/2006 0:00:00,,2242.00,"ESSFxc   /Wf02","","","missing",,0
2252.00,"Sc03","ESSFxc","CAR","ESSF","xc","xc","","","Sc03","","","","Barclay's willow - Arrow-leaved groundsel","","",28.00,1/24/2006 0:00:00,,2240.00,"ESSFxc   /Sc03","","","missing",,0
2253.00,"Wf12","ESSFxc","CAR","ESSF","xc","xc","","","Wf12","","","","Narrow-leaved cotton-grass - Marsh-marigold","","",28.00,1/24/2006 0:00:00,,2248.00,"ESSFxc   /Wf12","","","missing",,0
2254.00,"Wf08","ESSFxv 1","CAR","ESSF","xv1","xv","1","","Wf08","","","","Shore sedge - Buckbean - Hook-moss","","",28.00,1/24/2006 0:00:00,,2255.00,"ESSFxv 1 /Wf08","","Carelim-Menytri","missing",,0
2255.00,"Wf01","ESSFxv 1","CAR","ESSF","xv1","xv","1","","Wf01","","","","Water sedge - Beaked sedge","","",28.00,1/24/2006 0:00:00,,2254.00,"ESSFxv 1 /Wf01","","Careutr","missing",,0
2256.00,"Wf09","ESSFxv 1","CAR","ESSF","xv1","xv","1","","Wf09","","","","Few-flowered spike-rush - Hook-moss","","",28.00,1/24/2006 0:00:00,,2256.00,"ESSFxv 1 /Wf09","","Eleoqui-Drepano","missing",,0
2257.00,"Wf02","ESSFxv 2","CAR","ESSF","xv2","xv","2","","Wf02","","","","Scrub birch - Water sedge","","",28.00,1/24/2006 0:00:00,,2259.00,"ESSFxv 2 /Wf02","","Betunan-Saliped-Careaqu","missing",,0
2258.00,"Wm01","ESSFxv 2","CAR","ESSF","xv2","xv","2","","Wm01","","","","Beaked sedge - Water sedge","","",28.00,1/24/2006 0:00:00,,2261.00,"ESSFxv 2 /Wm01","","Careutr","missing",,0
2259.00,"Wf03","ESSFxv 2","CAR","ESSF","xv2","xv","2","","Wf03","","","","Water sedge - Peat-moss","","",28.00,1/24/2006 0:00:00,,2260.00,"ESSFxv 2 /Wf03","","Careaqu-Sphagnu","missing",,0
2260.00,"Wf01","ESSFxv 2","CAR","ESSF","xv2","xv","2","","Wf01","","","","Water sedge - Beaked sedge","","",28.00,1/24/2006 0:00:00,,2258.00,"ESSFxv 2 /Wf01","","Careutr","missing",,0
2261.00,"Sc02","ESSFxv 2","CAR","ESSF","xv2","xv","2","","Sc02","","","","Grey-leaved willow - Glow moss","","",28.00,1/24/2006 0:00:00,,2257.00,"ESSFxv 2 /Sc02","","Saligla-Betunan","missing",,0
2262.00,"Wf05","ICH dk","CAR","ICH","dk","dk","","","Wf05","","","","Slender sedge - Common hook-moss","","",28.00,1/24/2006 0:00:00,,2262.00,"ICH dk   /Wf05","","Carelas-Drepano","missing",,0
2263.00,"Wb12","ICH mk 3","CAR","ICH","mk3","mk","3","","Wb12","","","","Scheuchzeria - Peat-moss","","",28.00,1/24/2006 0:00:00,,2264.00,"ICH mk 3 /Wb12","","Schepal-Sphagnu","missing",,0
2264.00,"08","ICH mk 3","CAR","ICH","mk3","mk","3","","08","","","","Pl  - Water sedge - Peat-moss","","",28.00,1/24/2006 0:00:00,,2263.00,"ICH mk 3 /08","","","missing",,0
2265.00,"Wf05","ICH mw 3","CAR","ICH","mw3","mw","3","","Wf05","","","","Slender sedge - Common hook-moss","","",28.00,1/24/2006 0:00:00,,2266.00,"ICH mw 3 /Wf05","","Carelas-Drepano","missing",,0
2266.00,"Wf11","ICH mw 3","CAR","ICH","mw3","mw","3","","Wf11","","","","Tufted clubrush - Star moss","","",28.00,1/24/2006 0:00:00,,2267.00,"ICH mw 3 /Wf11","","Tricces-Campste","missing",,0
2267.00,"10","ICH mw 3","CAR","ICH","mw3","mw","3","","10","","","","Sb - Buckbean - Peat-moss","","",28.00,1/24/2006 0:00:00,,2265.00,"ICH mw 3 /10","","Thujpli-Tsughet-Equiset","missing",,0
2268.00,"Wm02","ICH mw 3","CAR","ICH","mw3","mw","3","","Wm02","","","","Swamp horsetail - Beaked sedge","","",28.00,1/24/2006 0:00:00,,2268.00,"ICH mw 3 /Wm02","","Careutr","missing",,0
2269.00,"Wm09","ICH mw 3","CAR","ICH","mw3","mw","3","","Wm09","","","","Inflated sedge","","",28.00,1/24/2006 0:00:00,,2269.00,"ICH mw 3 /Wm09","","Careexs","missing",,0
2270.00,"Wm01","ICH wk 2","CAR","ICH","wk2","wk","2","","Wm01","","","","Beaked sedge - Water sedge","","",28.00,1/24/2006 0:00:00,,2275.00,"ICH wk 2 /Wm01","","Careutr","missing",,0
2271.00,"Wf05","ICH wk 2","CAR","ICH","wk2","wk","2","","Wf05","","","","Slender sedge - Common hook-moss","","",28.00,1/24/2006 0:00:00,,2274.00,"ICH wk 2 /Wf05","","Carelas-Drepano","missing",,0
2272.00,"10","ICH wk 2","CAR","ICH","wk2","wk","2","","10","","","","Pl - Few-flowered sedge - Peat-moss","","",28.00,1/24/2006 0:00:00,,2271.00,"ICH wk 2 /10","","","missing",,0
2273.00,"Wf02","ICH wk 2","CAR","ICH","wk2","wk","2","","Wf02","","","","Scrub birch - Water sedge","","",28.00,1/24/2006 0:00:00,,2273.00,"ICH wk 2 /Wf02","","Betunan-Saliped-Careaqu","missing",,0
2274.00,"Wb13","ICH wk 2","CAR","ICH","wk2","wk","2","","Wb13","","","","Shore sedge - Buckbean - Peat-moss","","",28.00,1/24/2006 0:00:00,,2272.00,"ICH wk 2 /Wb13","","Carelim-Sphagnu","missing",,0
2275.00,"09","ICH wk 2","CAR","ICH","wk2","wk","2","","09","","","","Pl  - Water sedge - Peat-moss","","",28.00,1/24/2006 0:00:00,,2270.00,"ICH wk 2 /09","","","missing",,0
2276.00,"10","ICH wk 4","CAR","ICH","wk4","wk","4","","10","","","","ActSxw - Red-osier dogwood","","",28.00,1/24/2006 0:00:00,,2276.00,"ICH wk 4 /10","","","missing",,0
2277.00,"Wf02","ICH wk 4","CAR","ICH","wk4","wk","4","","Wf02","","","","Scrub birch - Water sedge","","",28.00,1/24/2006 0:00:00,,2278.00,"ICH wk 4 /Wf02","","Betunan-Saliped-Careaqu","missing",,0
2278.00,"Fl02","ICH wk 4","CAR","ICH","wk4","wk","4","","Fl02","","","","Mountain alder - Red-osier dogwood - Horsetail","","",28.00,1/24/2006 0:00:00,,2277.00,"ICH wk 4 /Fl02","","Alnuinc-Athyfil-Mattstr","missing",,0
2279.00,"Wm02","ICH wk 4","CAR","ICH","wk4","wk","4","","Wm02","","","","Swamp horsetail - Beaked sedge","","",28.00,1/24/2006 0:00:00,,2279.00,"ICH wk 4 /Wm02","","Careutr","missing",,0
2280.00,"Wm09","ICH wk 4","CAR","ICH","wk4","wk","4","","Wm09","","","","Inflated sedge","","",28.00,1/24/2006 0:00:00,,2280.00,"ICH wk 4 /Wm09","","Careexs","missing",,0
2281.00,"Wm05","IDF dk 3","CAR","IDF","dk3","dk","3","","Wm05","","","","Cattail","","",28.00,1/24/2006 0:00:00,,2288.00,"IDF dk 3 /Wm05","","Typhlat","missing",,0
2282.00,"Wm06","IDF dk 3","CAR","IDF","dk3","dk","3","","Wm06","","","","Great bulrush","","",28.00,1/24/2006 0:00:00,,2289.00,"IDF dk 3 /Wm06","","Scirlac","missing",,0
2283.00,"Ws05","IDF dk 3","CAR","IDF","dk3","dk","3","","Ws05","","","","Maccalla's willow - Beaked sedge","","",28.00,1/24/2006 0:00:00,,2291.00,"IDF dk 3 /Ws05","","Salimac-Careutr","missing",,0
2284.00,"Wm13","IDF dk 3","CAR","IDF","dk3","dk","3","","Wm13","","","","Seaside arrow-grass","","",28.00,1/24/2006 0:00:00,,2290.00,"IDF dk 3 /Wm13","","Trigmar","missing",,0
2285.00,"Wm03","IDF dk 3","CAR","IDF","dk3","dk","3","","Wm03","","","","Awned sedge","","",28.00,1/24/2006 0:00:00,,2287.00,"IDF dk 3 /Wm03","","Careath","missing",,0
2286.00,"Wm01","IDF dk 3","CAR","IDF","dk3","dk","3","","Wm01","","","","Beaked sedge - Water sedge","","",28.00,1/24/2006 0:00:00,,2286.00,"IDF dk 3 /Wm01","","Careutr","missing",,0
2287.00,"Wf07","IDF dk 3","CAR","IDF","dk3","dk","3","","Wf07","","","","Scrub birch - Buckbean - Shore sedge","","",28.00,1/24/2006 0:00:00,,2285.00,"IDF dk 3 /Wf07","","Carelim-Menytri","missing",,0
2288.00,"Wf05","IDF dk 3","CAR","IDF","dk3","dk","3","","Wf05","","","","Slender sedge - Common hook-moss","","",28.00,1/24/2006 0:00:00,,2284.00,"IDF dk 3 /Wf05","","Carelas-Drepano","missing",,0
2289.00,"Wf02","IDF dk 3","CAR","IDF","dk3","dk","3","","Wf02","","","","Scrub birch - Water sedge","","",28.00,1/24/2006 0:00:00,,2283.00,"IDF dk 3 /Wf02","","Betunan-Saliped-Careaqu","missing",,0
2290.00,"Wf01","IDF dk 3","CAR","IDF","dk3","dk","3","","Wf01","","","","Water sedge - Beaked sedge","","",28.00,1/24/2006 0:00:00,,2282.00,"IDF dk 3 /Wf01","","Careutr","missing",,0
2291.00,"Sc01","IDF dk 3","CAR","IDF","dk3","dk","3","","Sc01","","","","Scrub birch - Kinnikinnick","","",28.00,1/24/2006 0:00:00,,2281.00,"IDF dk 3 /Sc01","","Salibac","missing",,0
2292.00,"Wm06","IDF dk 4","CAR","IDF","dk4","dk","4","","Wm06","","","","Great bulrush","","",28.00,1/24/2006 0:00:00,,2297.00,"IDF dk 4 /Wm06","","Scirlac","missing",,0
2293.00,"Wm12","IDF dk 4","CAR","IDF","dk4","dk","4","","Wm12","","","","Woolly sedge","","",28.00,1/24/2006 0:00:00,,2298.00,"IDF dk 4 /Wm12","","Carelan","missing",,0
2294.00,"Wf02","IDF dk 4","CAR","IDF","dk4","dk","4","","Wf02","","","","Scrub birch - Water sedge","","",28.00,1/24/2006 0:00:00,,2294.00,"IDF dk 4 /Wf02","","Betunan-Saliped-Careaqu","missing",,0
2295.00,"Wf01","IDF dk 4","CAR","IDF","dk4","dk","4","","Wf01","","","","Water sedge - Beaked sedge","","",28.00,1/24/2006 0:00:00,,2293.00,"IDF dk 4 /Wf01","","Careutr","missing",,0
2296.00,"Ws05","IDF dk 4","CAR","IDF","dk4","dk","4","","Ws05","","","","Maccalla's willow - Beaked sedge","","",28.00,1/24/2006 0:00:00,,2299.00,"IDF dk 4 /Ws05","","Salimac-Careutr","missing",,0
2297.00,"Sc01","IDF dk 4","CAR","IDF","dk4","dk","4","","Sc01","","","","Scrub birch - Kinnikinnick","","",28.00,1/24/2006 0:00:00,,2292.00,"IDF dk 4 /Sc01","","Salibac","missing",,0
2298.00,"Wf05","IDF dk 4","CAR","IDF","dk4","dk","4","","Wf05","","","","Slender sedge - Common hook-moss","","",28.00,1/24/2006 0:00:00,,2295.00,"IDF dk 4 /Wf05","","Carelas-Drepano","missing",,0
2299.00,"Wm03","IDF dk 4","CAR","IDF","dk4","dk","4","","Wm03","","","","Awned sedge","","",28.00,1/24/2006 0:00:00,,2296.00,"IDF dk 4 /Wm03","","Careath","missing",,0
2300.00,"Wm03","IDF xm","CAR","IDF","xm","xm","","","Wm03","","","","Awned sedge","","",28.00,1/24/2006 0:00:00,,2300.00,"IDF xm   /Wm03","","Careath","missing",,0
2301.00,"Wm12","IDF xm","CAR","IDF","xm","xm","","","Wm12","","","","Woolly sedge","","",28.00,1/24/2006 0:00:00,,2304.00,"IDF xm   /Wm12","","Carelan","missing",,0
2302.00,"Wm08","IDF xm","CAR","IDF","xm","xm","","","Wm08","","","","Sharp bulrush","","",28.00,1/24/2006 0:00:00,,2303.00,"IDF xm   /Wm08","","Schoame","missing",,0
2303.00,"Wm04","IDF xm","CAR","IDF","xm","xm","","","Wm04","","","","Common spike-rush","","",28.00,1/24/2006 0:00:00,,2301.00,"IDF xm   /Wm04","","Eleopal","missing",,0
2304.00,"Wm06","IDF xm","CAR","IDF","xm","xm","","","Wm06","","","","Great bulrush","","",28.00,1/24/2006 0:00:00,,2302.00,"IDF xm   /Wm06","","Scirlac","missing",,0
2305.00,"Wf01","MH  mm 2","CAR","MH","mm2","mm","2","","Wf01","","","","Water sedge - Beaked sedge","","",28.00,1/24/2006 0:00:00,,2305.00,"MH  mm 2 /Wf01","","Careutr","missing",,0
2306.00,"Wf02","MS  dc 2","CAR","MS","dc2","dc","2","","Wf02","","","","Scrub birch - Water sedge","","",28.00,1/24/2006 0:00:00,,2306.00,"MS  dc 2 /Wf02","","","missing",,0
2307.00,"Wm01","MS  dc 2","CAR","MS","dc2","dc","2","","Wm01","","","","Beaked sedge - Water sedge","","",28.00,1/24/2006 0:00:00,,2307.00,"MS  dc 2 /Wm01","","","missing",,0
2308.00,"Wm02","MS  dc 2","CAR","MS","dc2","dc","2","","Wm02","","","","Swamp horsetail - Beaked sedge","","",28.00,1/24/2006 0:00:00,,2308.00,"MS  dc 2 /Wm02","","","missing",,0
2309.00,"Wm02","MS  xk","CAR","MS","xk","xk","","","Wm02","","","","Swamp horsetail - Beaked sedge","","",28.00,1/24/2006 0:00:00,,2316.00,"MS  xk   /Wm02","","","missing",,0
2310.00,"Ws04","MS  xk","CAR","MS","xk","xk","","","Ws04","","","","Drummond's willow - Beaked sedge","","",28.00,1/24/2006 0:00:00,,2317.00,"MS  xk   /Ws04","","","missing",,0
2311.00,"Wf12","MS  xk","CAR","MS","xk","xk","","","Wf12","","","","Narrow-leaved cotton-grass - Marsh-marigold","","",28.00,1/24/2006 0:00:00,,2314.00,"MS  xk   /Wf12","","","missing",,0
2312.00,"Wf08","MS  xk","CAR","MS","xk","xk","","","Wf08","","","","Shore sedge - Buckbean - Hook-moss","","",28.00,1/24/2006 0:00:00,,2313.00,"MS  xk   /Wf08","","","missing",,0
2313.00,"Wf04","MS  xk","CAR","MS","xk","xk","","","Wf04","","","","Barclay's willow - Water sedge - Glow moss","","",28.00,1/24/2006 0:00:00,,2312.00,"MS  xk   /Wf04","","","missing",,0
2314.00,"Wf02","MS  xk","CAR","MS","xk","xk","","","Wf02","","","","Scrub birch - Water sedge","","",28.00,1/24/2006 0:00:00,,2311.00,"MS  xk   /Wf02","","","missing",,0
2315.00,"Wf01","MS  xk","CAR","MS","xk","xk","","","Wf01","","","","Water sedge - Beaked sedge","","",28.00,1/24/2006 0:00:00,,2310.00,"MS  xk   /Wf01","","","missing",,0
2316.00,"10","MS  xk","CAR","MS","xk","xk","","","10","","","","Pl  - Water sedge - Peat-moss","","",28.00,1/24/2006 0:00:00,,2309.00,"MS  xk   /10","","","missing",,0
2317.00,"Wm01","MS  xk","CAR","MS","xk","xk","","","Wm01","","","","Beaked sedge - Water sedge","","",28.00,1/24/2006 0:00:00,,2315.00,"MS  xk   /Wm01","","","missing",,0
2318.00,"Wm02","MS  xv","CAR","MS","xv","xv","","","Wm02","","","","Swamp horsetail - Beaked sedge","","",28.00,1/24/2006 0:00:00,,2327.00,"MS  xv   /Wm02","","Careutr","missing",,0
2319.00,"Wm13","MS  xv","CAR","MS","xv","xv","","","Wm13","","","","Seaside arrow-grass","","",28.00,1/24/2006 0:00:00,,2330.00,"MS  xv   /Wm13","","Trigmar","missing",,0
2320.00,"Wm09","MS  xv","CAR","MS","xv","xv","","","Wm09","","","","Inflated sedge","","",28.00,1/24/2006 0:00:00,,2328.00,"MS  xv   /Wm09","","Careexs","missing",,0
2321.00,"Wm01","MS  xv","CAR","MS","xv","xv","","","Wm01","","","","Beaked sedge - Water sedge","","",28.00,1/24/2006 0:00:00,,2326.00,"MS  xv   /Wm01","","Careutr","missing",,0
2322.00,"Wf14","MS  xv","CAR","MS","xv","xv","","","Wf14","","","","Tea-leaved willow - Water sedge - Glow moss","","",28.00,1/24/2006 0:00:00,,2325.00,"MS  xv   /Wf14","","Salipla-Carex","missing",,0
2323.00,"Wf09","MS  xv","CAR","MS","xv","xv","","","Wf09","","","","Few-flowered spike-rush - Hook-moss","","",28.00,1/24/2006 0:00:00,,2324.00,"MS  xv   /Wf09","","Eleoqui-Drepano","missing",,0
2324.00,"Wf08","MS  xv","CAR","MS","xv","xv","","","Wf08","","","","Shore sedge - Buckbean - Hook-moss","","",28.00,1/24/2006 0:00:00,,2323.00,"MS  xv   /Wf08","","Carelim-Menytri","missing",,0
2325.00,"Wf02","MS  xv","CAR","MS","xv","xv","","","Wf02","","","","Scrub birch - Water sedge","","",28.00,1/24/2006 0:00:00,,2322.00,"MS  xv   /Wf02","","Betunan-Saliped-Careaqu","missing",,0
2326.00,"Wf01","MS  xv","CAR","MS","xv","xv","","","Wf01","","","","Water sedge - Beaked sedge","","",28.00,1/24/2006 0:00:00,,2321.00,"MS  xv   /Wf01","","Careutr","missing",,0
2327.00,"10","MS  xv","CAR","MS","xv","xv","","","10","","","","Sb - Soft-leaved sedge - Peat-moss","","",28.00,1/24/2006 0:00:00,,2318.00,"MS  xv   /10","Piceene-Equiset-Aulapal","Piceene-Equiset","missing",,0
2328.00,"Sc01","MS  xv","CAR","MS","xv","xv","","","Sc01","","","","Scrub birch - Kinnikinnick","","",28.00,1/24/2006 0:00:00,,2320.00,"MS  xv   /Sc01","","Salibac","missing",,0
2329.00,"Fl01","MS  xv","CAR","MS","xv","xv","","","Fl01","","","","Mountain alder - Common horsetail","","",28.00,1/24/2006 0:00:00,,2319.00,"MS  xv   /Fl01","","Alnuinc-Equiset","missing",,0
2330.00,"Wm10","MS  xv","CAR","MS","xv","xv","","","Wm10","","","","Northern mannagrass","","",28.00,1/24/2006 0:00:00,,2329.00,"MS  xv   /Wm10","","Glycbor","missing",,0
2331.00,"Wf07","SBPSdc","CAR","SBPS","dc","dc","","","Wf07","","","","Scrub birch - Buckbean - Shore sedge","","",28.00,1/24/2006 0:00:00,,2334.00,"SBPSdc   /Wf07","","Carelim-Menytri","missing",,0
2332.00,"Wm01","SBPSdc","CAR","SBPS","dc","dc","","","Wm01","","","","Beaked sedge - Water sedge","","",28.00,1/24/2006 0:00:00,,2336.00,"SBPSdc   /Wm01","","Careutr","missing",,0
2333.00,"Wm03","SBPSdc","CAR","SBPS","dc","dc","","","Wm03","","","","Awned sedge","","",28.00,1/24/2006 0:00:00,,2338.00,"SBPSdc   /Wm03","","Careath","missing",,0
2334.00,"Wf08","SBPSdc","CAR","SBPS","dc","dc","","","Wf08","","","","Shore sedge - Buckbean - Hook-moss","","",28.00,1/24/2006 0:00:00,,2335.00,"SBPSdc   /Wf08","","Carelim-Menytri","missing",,0
2335.00,"Wf05","SBPSdc","CAR","SBPS","dc","dc","","","Wf05","","","","Slender sedge - Common hook-moss","","",28.00,1/24/2006 0:00:00,,2333.00,"SBPSdc   /Wf05","","Carelas-Drepano","missing",,0
2336.00,"Fl05","SBPSdc","CAR","SBPS","dc","dc","","","Fl05","","","","Drummond's willow - Bluejoint","","",28.00,1/24/2006 0:00:00,,2331.00,"SBPSdc   /Fl05","","Salidru-Calamag","missing",,0
2337.00,"Wm02","SBPSdc","CAR","SBPS","dc","dc","","","Wm02","","","","Swamp horsetail - Beaked sedge","","",28.00,1/24/2006 0:00:00,,2337.00,"SBPSdc   /Wm02","","Careutr","missing",,0
2338.00,"Wf02","SBPSdc","CAR","SBPS","dc","dc","","","Wf02","","","","Scrub birch - Water sedge","","",28.00,1/24/2006 0:00:00,,2332.00,"SBPSdc   /Wf02","","Betunan-Saliped-Careaqu","missing",,0
2339.00,"Wf02","SBPSmc","CAR","SBPS","mc","mc","","","Wf02","","","","Scrub birch - Water sedge","","",28.00,1/24/2006 0:00:00,,2340.00,"SBPSmc   /Wf02","","Betunan-Saliped-Careaqu","missing",,0
2340.00,"08","SBPSmc","CAR","SBPS","mc","mc","","","08","","","","Sb  - Creeping-snowberry - Peat-moss","","",28.00,1/24/2006 0:00:00,,2339.00,"SBPSmc   /08","","","missing",,0
2341.00,"Ws04","SBPSmk","CAR","SBPS","mk","mk","","","Ws04","","","","Drummond's willow - Beaked sedge","","",28.00,1/24/2006 0:00:00,,2345.00,"SBPSmk   /Ws04","","Salidru-Carex","missing",,0
2342.00,"Wm06","SBPSmk","CAR","SBPS","mk","mk","","","Wm06","","","","Great bulrush","","",28.00,1/24/2006 0:00:00,,2344.00,"SBPSmk   /Wm06","","Scirlac","missing",,0
2343.00,"Ws05","SBPSmk","CAR","SBPS","mk","mk","","","Ws05","","","","Maccalla's willow - Beaked sedge","","",28.00,1/24/2006 0:00:00,,2346.00,"SBPSmk   /Ws05","","Salimac-Careutr","missing",,0
2344.00,"Wm02","SBPSmk","CAR","SBPS","mk","mk","","","Wm02","","","","Swamp horsetail - Beaked sedge","","",28.00,1/24/2006 0:00:00,,2343.00,"SBPSmk   /Wm02","","Careutr","missing",,0
2345.00,"Wf05","SBPSmk","CAR","SBPS","mk","mk","","","Wf05","","","","Slender sedge - Common hook-moss","","",28.00,1/24/2006 0:00:00,,2342.00,"SBPSmk   /Wf05","","Carelas-Drepano","missing",,0
2346.00,"Wf02","SBPSmk","CAR","SBPS","mk","mk","","","Wf02","","","","Scrub birch - Water sedge","","",28.00,1/24/2006 0:00:00,,2341.00,"SBPSmk   /Wf02","","Betunan-Saliped-Careaqu","missing",,0
2347.00,"Wm02","SBPSxc","CAR","SBPS","xc","xc","","","Wm02","","","","Swamp horsetail - Beaked sedge","","",28.00,1/24/2006 0:00:00,,2353.00,"SBPSxc   /Wm02","","Careutr","missing",,0
2348.00,"Wm03","SBPSxc","CAR","SBPS","xc","xc","","","Wm03","","","","Awned sedge","","",28.00,1/24/2006 0:00:00,,2354.00,"SBPSxc   /Wm03","","Careath","missing",,0
2349.00,"Wm13","SBPSxc","CAR","SBPS","xc","xc","","","Wm13","","","","Seaside arrow-grass","","",28.00,1/24/2006 0:00:00,,2358.00,"SBPSxc   /Wm13","","Trigmar","missing",,0
2350.00,"Wm01","SBPSxc","CAR","SBPS","xc","xc","","","Wm01","","","","Beaked sedge - Water sedge","","",28.00,1/24/2006 0:00:00,,2352.00,"SBPSxc   /Wm01","","Careutr","missing",,0
2351.00,"Wf09","SBPSxc","CAR","SBPS","xc","xc","","","Wf09","","","","Few-flowered spike-rush - Hook-moss","","",28.00,1/24/2006 0:00:00,,2351.00,"SBPSxc   /Wf09","","Eleoqui-Drepano","missing",,0
2352.00,"Sc02","SBPSxc","CAR","SBPS","xc","xc","","","Sc02","","","","Grey-leaved willow - Glow moss","","",28.00,1/24/2006 0:00:00,,2348.00,"SBPSxc   /Sc02","","Saligla-Betunan","missing",,0
2353.00,"Wm10","SBPSxc","CAR","SBPS","xc","xc","","","Wm10","","","","Northern mannagrass","","",28.00,1/24/2006 0:00:00,,2357.00,"SBPSxc   /Wm10","","Glycbor","missing",,0
2354.00,"Wf02","SBPSxc","CAR","SBPS","xc","xc","","","Wf02","","","","Scrub birch - Water sedge","","",28.00,1/24/2006 0:00:00,,2349.00,"SBPSxc   /Wf02","","Betunan-Saliped-Careaqu","missing",,0
2355.00,"Wm09","SBPSxc","CAR","SBPS","xc","xc","","","Wm09","","","","Inflated sedge","","",28.00,1/24/2006 0:00:00,,2356.00,"SBPSxc   /Wm09","","Careexs","missing",,0
2356.00,"Ws05","SBPSxc","CAR","SBPS","xc","xc","","","Ws05","","","","Maccalla's willow - Beaked sedge","","",28.00,1/24/2006 0:00:00,,2359.00,"SBPSxc   /Ws05","","Salimac-Careutr","missing",,0
2357.00,"Sc01","SBPSxc","CAR","SBPS","xc","xc","","","Sc01","","","","Scrub birch - Kinnikinnick","","",28.00,1/24/2006 0:00:00,,2347.00,"SBPSxc   /Sc01","","Salibac","missing",,0
2358.00,"Wf05","SBPSxc","CAR","SBPS","xc","xc","","","Wf05","","","","Slender sedge - Common hook-moss","","",28.00,1/24/2006 0:00:00,,2350.00,"SBPSxc   /Wf05","","Carelas-Drepano","missing",,0
2359.00,"Wm06","SBPSxc","CAR","SBPS","xc","xc","","","Wm06","","","","Great bulrush","","",28.00,1/24/2006 0:00:00,,2355.00,"SBPSxc   /Wm06","","Scirlac","missing",,0
2360.00,"53","SBS dk","CAR","SBS","dk","dk","","","53","","","","Mountain alder - Mitrewort","","",18.00,1/24/2006 0:00:00,,2406.00,"SBS dk   /53","","","missing",,0
2361.00,"82","SBS dk","CAR","SBS","dk","dk","","","82","","","","Bluegrass - Slender wheatgrass","","",9.00,1/24/2006 0:00:00,,2409.00,"SBS dk   /82","","","NA",,0
2362.00,"81","SBS dk","CAR","SBS","dk","dk","","","81","","","","Saskatoon - Slender wheatgrass","","",9.00,1/24/2006 0:00:00,,2408.00,"SBS dk   /81","","Sympalb-Amelaln-Rosaaci","NA",,0
2363.00,"54","SBS dk","CAR","SBS","dk","dk","","","54","","","","Drummond's willow - Bluejoint","","",18.00,1/24/2006 0:00:00,,2407.00,"SBS dk   /54","","","missing",,0
2364.00,"Wf02","SBS dk","CAR","SBS","dk","dk","","","Wf02","","","","Scrub birch - Water sedge","","",28.00,1/24/2006 0:00:00,,2412.00,"SBS dk   /Wf02","","Betunan-Saliped-Careaqu","missing",,0
2365.00,"52","SBS dk","CAR","SBS","dk","dk","","","52","","","","Mountain alder - Stinging nettle","","",18.00,1/24/2006 0:00:00,,2405.00,"SBS dk   /52","","","missing",,0
2366.00,"51","SBS dk","CAR","SBS","dk","dk","","","51","","","","Ws - Thimbleberry","","",18.00,1/24/2006 0:00:00,,2404.00,"SBS dk   /51","","","missing",,0
2367.00,"50","SBS dk","CAR","SBS","dk","dk","","","50","","","","At - Anenome","","",18.00,1/24/2006 0:00:00,,2403.00,"SBS dk   /50","","","missing",,0
2368.00,"32","SBS dk","CAR","SBS","dk","dk","","","32","","","","Non-forested fen/marsh","","",8.00,1/24/2006 0:00:00,,2402.00,"SBS dk   /32","","","npe",,0
2369.00,"31","SBS dk","CAR","SBS","dk","dk","","","31","","","","Non-forested bog","","",8.00,1/24/2006 0:00:00,,2401.00,"SBS dk   /31","","","npe",,0
2370.00,"10","SBS dk","CAR","SBS","dk","dk","","","10","","","Atha","$At - Hardhack","","",18.00,1/24/2006 0:00:00,,2400.00,"SBS dk   /10-Atha","","","missing",,0
2371.00,"10","SBS dk","CAR","SBS","dk","dk","","","10","","","","Sb - Soft-leaved sedge - Sphagnum","","",8.00,1/24/2006 0:00:00,,2399.00,"SBS dk   /10","","","missing",,0
2372.00,"Fl02","SBS dk","CAR","SBS","dk","dk","","","Fl02","","","","Mountain alder - Red-osier dogwood - Horsetail","","",28.00,1/24/2006 0:00:00,,2410.00,"SBS dk   /Fl02","","Alnuinc-Athyfil-Mattstr","missing",,0
2373.00,"Wf08","SBS dk","CAR","SBS","dk","dk","","","Wf08","","","","Shore sedge - Buckbean - Hook-moss","","",28.00,1/24/2006 0:00:00,,2416.00,"SBS dk   /Wf08","","Carelim-Menytri","missing",,0
2374.00,"Wf11","SBS dk","CAR","SBS","dk","dk","","","Wf11","","","","Tufted clubrush - Star moss","","",28.00,1/24/2006 0:00:00,,2417.00,"SBS dk   /Wf11","","Tricces-Campste","missing",,0
2375.00,"Wm01","SBS dk","CAR","SBS","dk","dk","","","Wm01","","","","Beaked sedge - Water sedge","","",28.00,1/24/2006 0:00:00,,2418.00,"SBS dk   /Wm01","","Careutr","missing",,0
2376.00,"Ws05","SBS dk","CAR","SBS","dk","dk","","","Ws05","","","","Maccalla's willow - Beaked sedge","","",28.00,1/24/2006 0:00:00,,2423.00,"SBS dk   /Ws05","","Salimac-Careutr","missing",,0
2377.00,"Wf05","SBS dk","CAR","SBS","dk","dk","","","Wf05","","","","Slender sedge - Common hook-moss","","",28.00,1/24/2006 0:00:00,,2413.00,"SBS dk   /Wf05","","Carelas-Drepano","missing",,0
2378.00,"Ws04","SBS dk","CAR","SBS","dk","dk","","","Ws04","","","","Drummond's willow - Beaked sedge","","",28.00,1/24/2006 0:00:00,,2422.00,"SBS dk   /Ws04","","Salidru-Carex","missing",,0
2379.00,"Wf07","SBS dk","CAR","SBS","dk","dk","","","Wf07","","","","Scrub birch - Buckbean - Shore sedge","","",28.00,1/24/2006 0:00:00,,2415.00,"SBS dk   /Wf07","","Carelim-Menytri","missing",,0
2380.00,"Ws03","SBS dk","CAR","SBS","dk","dk","","","Ws03","","","","Bebb's willow - Bluejoint","","",28.00,1/24/2006 0:00:00,,2421.00,"SBS dk   /Ws03","","Salibeb-Calacan","missing",,0
2381.00,"Wm04","SBS dk","CAR","SBS","dk","dk","","","Wm04","","","","Common spike-rush","","",28.00,1/24/2006 0:00:00,,2420.00,"SBS dk   /Wm04","","Eleopal","missing",,0
2382.00,"Wf06","SBS dk","CAR","SBS","dk","dk","","","Wf06","","","","Slender sedge - Buckbean","","",28.00,1/24/2006 0:00:00,,2414.00,"SBS dk   /Wf06","","Carelas-Drepano","missing",,0
2383.00,"Wm02","SBS dk","CAR","SBS","dk","dk","","","Wm02","","","","Swamp horsetail - Beaked sedge","","",28.00,1/24/2006 0:00:00,,2419.00,"SBS dk   /Wm02","","Careutr","missing",,0
2384.00,"Fl05","SBS dk","CAR","SBS","dk","dk","","","Fl05","","","","Drummond's willow - Bluejoint","","",28.00,1/24/2006 0:00:00,,2411.00,"SBS dk   /Fl05","","Salidru-Calamag","missing",,0
2385.00,"06","SBS dk","CAR","SBS","dk","dk","","","06","","","","Sxw - Twinberry - Coltsfoot","","",9.00,1/24/2006 0:00:00,,2380.00,"SBS dk   /06","Piceene-Loniinv","Piceene-Loniinv","missing",,0
2386.00,"01a","SBS dk","CAR","SBS","dk","dk","","","01","a","","Atpw","$At - Pink wintergreen","","",18.00,1/24/2006 0:00:00,,2364.00,"SBS dk   /01a-Atpw","","","missing",,0
2387.00,"07b","SBS dk","CAR","SBS","dk","dk","","","07","b","","Atlf","$At - Lady fern","","",18.00,1/24/2006 0:00:00,,2394.00,"SBS dk   /07b-Atlf","","","missing",,0
2388.00,"07b","SBS dk","CAR","SBS","dk","dk","","","07","b","","Atha","$At - Hardhack","","",18.00,1/24/2006 0:00:00,,2393.00,"SBS dk   /07b-Atha","","","missing",,0
2389.00,"07b","SBS dk","CAR","SBS","dk","dk","","","07","b","","Atcv","$At - Canada violet","","",18.00,1/24/2006 0:00:00,,2392.00,"SBS dk   /07b-Atcv","","","missing",,0
2390.00,"05","SBS dk","CAR","SBS","dk","dk","","","05","","","Epdm","$Ep - Douglas maple","","",18.00,1/24/2006 0:00:00,,2379.00,"SBS dk   /05-Epdm","","","missing",,0
2391.00,"07","SBS dk","CAR","SBS","dk","dk","","","07","","","Atcv","$At - Canada violet","","",18.00,1/24/2006 0:00:00,,2384.00,"SBS dk   /07-Atcv","","","missing",,0
2392.00,"01","SBS dk","CAR","SBS","dk","dk","","","01","","","Atpw","$At - Pink wintergreen","","",18.00,1/24/2006 0:00:00,,2361.00,"SBS dk   /01-Atpw","","","missing",,0
2393.00,"09","SBS dk","CAR","SBS","dk","dk","","","09","","","","Sb - Creeping-snowberry - Sphagnum","","",8.00,1/24/2006 0:00:00,,2398.00,"SBS dk   /09","","","NA",,0
2394.00,"07b","SBS dk","CAR","SBS","dk","dk","","","07","b","","","Sxw - Horsetail, Poorly drained","","",8.00,1/24/2006 0:00:00,,2391.00,"SBS dk   /07b","","","missing",,0
2395.00,"05","SBS dk","CAR","SBS","dk","dk","","","05","","","","Sxw - Spirea - Feathermoss","","",9.00,1/24/2006 0:00:00,,2377.00,"SBS dk   /05","Piceene-Spirbet-Pleusch","Piceene-Loniinv","missing",,0
2396.00,"01a","SBS dk","CAR","SBS","dk","dk","","","01","a","","","Sxw - Spirea - Purple peavine, Fine-textured","","",8.00,1/24/2006 0:00:00,,2363.00,"SBS dk   /01a","","","missing",,0
2397.00,"05","SBS dk","CAR","SBS","dk","dk","","","05","","","Atss","$At - Saskatoon - Snowberry","","",18.00,1/24/2006 0:00:00,,2378.00,"SBS dk   /05-Atss","","","missing",,0
2398.00,"06","SBS dk","CAR","SBS","dk","dk","","","06","","","Atcv","$At - Canada violet","","",18.00,1/24/2006 0:00:00,,2381.00,"SBS dk   /06-Atcv","","","missing",,0
2399.00,"01","SBS dk","CAR","SBS","dk","dk","","","01","","","","Sxw - Spirea - Purple peavine","","",9.00,1/24/2006 0:00:00,,2360.00,"SBS dk   /01","Piceene-Loniinv","Piceene-Loniinv","missing",,0
2400.00,"07a","SBS dk","CAR","SBS","dk","dk","","","07","a","","Atlf","$At - Lady fern","","",18.00,1/24/2006 0:00:00,,2390.00,"SBS dk   /07a-Atlf","","","missing",,0
2401.00,"07a","SBS dk","CAR","SBS","dk","dk","","","07","a","","Atha","$At - Hardhack","","",18.00,1/24/2006 0:00:00,,2389.00,"SBS dk   /07a-Atha","","","missing",,0
2402.00,"07a","SBS dk","CAR","SBS","dk","dk","","","07","a","","Atcv","$At - Canada violet","","",18.00,1/24/2006 0:00:00,,2388.00,"SBS dk   /07a-Atcv","","","missing",,0
2403.00,"07a","SBS dk","CAR","SBS","dk","dk","","","07","a","","","Sxw - Horsetail, Freely drained","","",8.00,1/24/2006 0:00:00,,2387.00,"SBS dk   /07a","","","missing",,0
2404.00,"06","SBS dk","CAR","SBS","dk","dk","","","06","","","Atlf","$At - Lady fern","","",18.00,1/24/2006 0:00:00,,2382.00,"SBS dk   /06-Atlf","","","missing",,0
2405.00,"07","SBS dk","CAR","SBS","dk","dk","","","07","","","","Sxw - Horsetail","","",9.00,1/24/2006 0:00:00,,2383.00,"SBS dk   /07","Piceene-Cornsto-Equiset","Piceene-Equiset","missing",,0
2406.00,"07","SBS dk","CAR","SBS","dk","dk","","","07","","","Atlf","$At - Lady fern","","",18.00,1/24/2006 0:00:00,,2386.00,"SBS dk   /07-Atlf","","","missing",,0
2407.00,"07","SBS dk","CAR","SBS","dk","dk","","","07","","","Atha","$At - Hardhack","","",18.00,1/24/2006 0:00:00,,2385.00,"SBS dk   /07-Atha","","","missing",,0
2408.00,"01","SBS dk","CAR","SBS","dk","dk","","","01","","","Atss","$At - Saskatoon - Snowberry","","",18.00,1/24/2006 0:00:00,,2362.00,"SBS dk   /01-Atss","","","missing",,0
2409.00,"03","SBS dk","CAR","SBS","dk","dk","","","03","","","","Pl - Feathermoss - Cladina","","",8.00,1/24/2006 0:00:00,,2370.00,"SBS dk   /03","Pinucon-Arctuva-Pleusch","Pinucon-Pleusch","missing",,0
2410.00,"04","SBS dk","CAR","SBS","dk","dk","","","04","","","Atki","$At - Kinnikinnick","","",18.00,1/24/2006 0:00:00,,2374.00,"SBS dk   /04-Atki","","","missing",,0
2411.00,"04","SBS dk","CAR","SBS","dk","dk","","","04","","","","Fd - Soopolallie - Feathermoss","","",8.00,1/24/2006 0:00:00,,2373.00,"SBS dk   /04","","Pseumen-Shepcan","missing",,0
2412.00,"03","SBS dk","CAR","SBS","dk","dk","","","03","","","Epdm","$Ep - Douglas maple","","",18.00,1/24/2006 0:00:00,,2372.00,"SBS dk   /03-Epdm","","","missing",,0
2413.00,"08b","SBS dk","CAR","SBS","dk","dk","","","08","b","","","Act - Dogwood - Prickly rose, Medium-bench","","",18.00,1/24/2006 0:00:00,,2397.00,"SBS dk   /08b","","","missing",,0
2414.00,"08a","SBS dk","CAR","SBS","dk","dk","","","08","a","","","Act - Dogwood - Prickly rose, High-bench","","",18.00,1/24/2006 0:00:00,,2396.00,"SBS dk   /08a","","","missing",,0
2415.00,"03","SBS dk","CAR","SBS","dk","dk","","","03","","","Atki","$At - Kinnikinnick","","",18.00,1/24/2006 0:00:00,,2371.00,"SBS dk   /03-Atki","","","missing",,0
2416.00,"04","SBS dk","CAR","SBS","dk","dk","","","04","","","Epdm","$Ep - Douglas maple","","",18.00,1/24/2006 0:00:00,,2376.00,"SBS dk   /04-Epdm","","","missing",,0
2417.00,"02","SBS dk","CAR","SBS","dk","dk","","","02","","","","Pl - Juniper - Ricegrass","","",9.00,1/24/2006 0:00:00,,2369.00,"SBS dk   /02","Pinucon-Arctuva-Cladoni","Pinucon-Cladoni","NA",,0
2418.00,"01b","SBS dk","CAR","SBS","dk","dk","","","01","b","","Atss","$At - Saskatoon - Snowberry","","",18.00,1/24/2006 0:00:00,,2368.00,"SBS dk   /01b-Atss","","","missing",,0
2419.00,"08","SBS dk","CAR","SBS","dk","dk","","","08","","","","Act - Dogwood - Prickly rose","","",9.00,1/24/2006 0:00:00,,2395.00,"SBS dk   /08","","","NA",,0
2420.00,"01b","SBS dk","CAR","SBS","dk","dk","","","01","b","","","Sxw - Spirea - Purple peavine, Coarse-textured","","",8.00,1/24/2006 0:00:00,,2366.00,"SBS dk   /01b","","","missing",,0
2421.00,"01a","SBS dk","CAR","SBS","dk","dk","","","01","a","","Atss","$At - Saskatoon - Snowberry","","",18.00,1/24/2006 0:00:00,,2365.00,"SBS dk   /01a-Atss","","","missing",,0
2422.00,"04","SBS dk","CAR","SBS","dk","dk","","","04","","","Atss","$At - Saskatoon - Snowberry","","",18.00,1/24/2006 0:00:00,,2375.00,"SBS dk   /04-Atss","","","missing",,0
2423.00,"01b","SBS dk","CAR","SBS","dk","dk","","","01","b","","Atpw","$At - Pink wintergreen","","",18.00,1/24/2006 0:00:00,,2367.00,"SBS dk   /01b-Atpw","","","missing",,0
2424.00,"Wf02","SBS dw 1","CAR","SBS","dw1","dw","1","","Wf02","","","","Scrub birch - Water sedge","","",28.00,1/24/2006 0:00:00,,2424.00,"SBS dw 1 /Wf02","","Betunan-Saliped-Careaqu","missing",,0
2425.00,"Wm01","SBS dw 1","CAR","SBS","dw1","dw","1","","Wm01","","","","Beaked sedge - Water sedge","","",28.00,1/24/2006 0:00:00,,2425.00,"SBS dw 1 /Wm01","","Careutr","missing",,0
2426.00,"12","SBS dw 2","CAR","SBS","dw2","dw","2","","12","","","","Sb - Buckbean - Peat-moss","","",28.00,1/24/2006 0:00:00,,2426.00,"SBS dw 2 /12","","","missing",,0
2427.00,"07","SBS mc 3","CAR","SBS","mc3","mc","3","","07","","","","Sxw - Twinberry","","",9.00,1/24/2006 0:00:00,,2433.00,"SBS mc 3 /07","Piceene-Loniinv","Piceene-Loniinv","NA",,0
2428.00,"08","SBS mc 3","CAR","SBS","mc3","mc","3","","08","","","","Sxw - Horsetail","","",9.00,1/24/2006 0:00:00,,2434.00,"SBS mc 3 /08","Piceene-Cornsto-Equiset","Piceene-Equiset","NA",,0
2429.00,"01","SBS mc 3","CAR","SBS","mc3","mc","3","","01","","","","Sxw - Huckleberry","","",9.00,1/24/2006 0:00:00,,2427.00,"SBS mc 3 /01","Piceene-Vaccmem","Piceene-Vaccmem","NA",,0
2430.00,"09","SBS mc 3","CAR","SBS","mc3","mc","3","","09","","","","SbSxw - Scrub birch - Sedge","","",9.00,1/24/2006 0:00:00,,2435.00,"SBS mc 3 /09","","","npe",,0
2431.00,"05","SBS mc 3","CAR","SBS","mc3","mc","3","","05","","","","Sb - Huckleberry - Spirea","","",9.00,1/24/2006 0:00:00,,2431.00,"SBS mc 3 /05","","Picemar-Abielas-Pleusch","NA",,0
2432.00,"04","SBS mc 3","CAR","SBS","mc3","mc","3","","04","","","","Sxw - Huckleberry - Soopolallie","","",9.00,1/24/2006 0:00:00,,2430.00,"SBS mc 3 /04","Piceene-Vaccmem","Piceene-Vaccmem","NA",,0
2433.00,"02","SBS mc 3","CAR","SBS","mc3","mc","3","","02","","","","Pl - Juniper - Dwarf blueberry","","",9.00,1/24/2006 0:00:00,,2428.00,"SBS mc 3 /02","Pinucon-Arctuva-Pleusch","Pinucon-Pleusch","NA",,0
2434.00,"03","SBS mc 3","CAR","SBS","mc3","mc","3","","03","","","","Pl - Feathermoss - Cladina","","",9.00,1/24/2006 0:00:00,,2429.00,"SBS mc 3 /03","Pinucon-Arctuva-Pleusch","Pinucon-Pleusch","NA",,0
2435.00,"06","SBS mc 3","CAR","SBS","mc3","mc","3","","06","","","","SbPl - Feathermoss","","",9.00,1/24/2006 0:00:00,,2432.00,"SBS mc 3 /06","","Picemar-Abielas-Pleusch","NA",,0
2436.00,"10","SBS mm","CAR","SBS","mm","mm","","","10","","","","Sb - Water sedge - Peat-moss","","",28.00,1/24/2006 0:00:00,,2436.00,"SBS mm   /10","","","missing",,0
2437.00,"Wf02","SBS mm","CAR","SBS","mm","mm","","","Wf02","","","","Scrub birch - Water sedge","","",28.00,1/24/2006 0:00:00,,2437.00,"SBS mm   /Wf02","","Betunan-Saliped-Careaqu","missing",,0
2438.00,"15","SBS mw","CAR","SBS","mw","mw","","","15","","","","Sb - Soft-leaved sedge - Peat-moss","","",28.00,1/24/2006 0:00:00,,2439.00,"SBS mw   /15","","","missing",,0
2439.00,"14","SBS mw","CAR","SBS","mw","mw","","","14","","","","Sb  - Creeping-snowberry - Peat-moss","","",28.00,1/24/2006 0:00:00,,2438.00,"SBS mw   /14","","","missing",,0
2440.00,"16","SBS mw","CAR","SBS","mw","mw","","","16","","","","Sb - Common horsetail - Peat-moss","","",28.00,1/24/2006 0:00:00,,2440.00,"SBS mw   /16","","","missing",,0
2441.00,"Ws50","SBS wk 1","CAR","SBS","wk1","wk","1","","Ws50","","","","Hardhack - Sitka sedge","","",28.00,1/24/2006 0:00:00,,2460.00,"SBS wk 1 /Ws50","","","missing",,0
2442.00,"Wf07","SBS wk 1","CAR","SBS","wk1","wk","1","","Wf07","","","","Scrub birch - Buckbean - Shore sedge","","",28.00,1/24/2006 0:00:00,,2451.00,"SBS wk 1 /Wf07","","Carelim-Menytri","missing",,0
2443.00,"Ws04","SBS wk 1","CAR","SBS","wk1","wk","1","","Ws04","","","","Drummond's willow - Beaked sedge","","",28.00,1/24/2006 0:00:00,,2458.00,"SBS wk 1 /Ws04","","Salidru-Carex","missing",,0
2444.00,"Wf08","SBS wk 1","CAR","SBS","wk1","wk","1","","Wf08","","","","Shore sedge - Buckbean - Hook-moss","","",28.00,1/24/2006 0:00:00,,2452.00,"SBS wk 1 /Wf08","","Carelim-Menytri","missing",,0
2445.00,"Ws02","SBS wk 1","CAR","SBS","wk1","wk","1","","Ws02","","","","Mountain alder - Pink spirea - Sitka sedge","","",28.00,1/24/2006 0:00:00,,2457.00,"SBS wk 1 /Ws02","","Alnuinc-Careaqu","missing",,0
2446.00,"Ws06","SBS wk 1","CAR","SBS","wk1","wk","1","","Ws06","","","","Sitka willow - Sitka sedge","","",28.00,1/24/2006 0:00:00,,2459.00,"SBS wk 1 /Ws06","","Salisit-Carex","missing",,0
2447.00,"Wf02","SBS wk 1","CAR","SBS","wk1","wk","1","","Wf02","","","","Scrub birch - Water sedge","","",28.00,1/24/2006 0:00:00,,2447.00,"SBS wk 1 /Wf02","","Betunan-Saliped-Careaqu","missing",,0
2448.00,"Wf03","SBS wk 1","CAR","SBS","wk1","wk","1","","Wf03","","","","Water sedge - Peat-moss","","",28.00,1/24/2006 0:00:00,,2448.00,"SBS wk 1 /Wf03","","Careaqu-Sphagnu","missing",,0
2449.00,"16","SBS wk 1","CAR","SBS","wk1","wk","1","","16","","","","Sb - Buckbean - Peat-moss","","",28.00,1/24/2006 0:00:00,,2444.00,"SBS wk 1 /16","","","missing",,0
2450.00,"13","SBS wk 1","CAR","SBS","wk1","wk","1","","13","","","","ActSxw - Red-osier dogwood","","",28.00,1/24/2006 0:00:00,,2441.00,"SBS wk 1 /13","","","missing",,0
2451.00,"Wm02","SBS wk 1","CAR","SBS","wk1","wk","1","","Wm02","","","","Swamp horsetail - Beaked sedge","","",28.00,1/24/2006 0:00:00,,2455.00,"SBS wk 1 /Wm02","","Careutr","missing",,0
2452.00,"Wf04","SBS wk 1","CAR","SBS","wk1","wk","1","","Wf04","","","","Barclay's willow - Water sedge - Glow moss","","",28.00,1/24/2006 0:00:00,,2449.00,"SBS wk 1 /Wf04","","Salibac-Carex","missing",,0
2453.00,"Wf11","SBS wk 1","CAR","SBS","wk1","wk","1","","Wf11","","","","Tufted clubrush - Star moss","","",28.00,1/24/2006 0:00:00,,2453.00,"SBS wk 1 /Wf11","","Tricces-Campste","missing",,0
2454.00,"Ws01","SBS wk 1","CAR","SBS","wk1","wk","1","","Ws01","","","","Mountain alder - Skunk cabbage - Lady fern","","",28.00,1/24/2006 0:00:00,,2456.00,"SBS wk 1 /Ws01","","Alnuinc-Lysiame","missing",,0
2455.00,"Wm01","SBS wk 1","CAR","SBS","wk1","wk","1","","Wm01","","","","Beaked sedge - Water sedge","","",28.00,1/24/2006 0:00:00,,2454.00,"SBS wk 1 /Wm01","","Careutr","missing",,0
2456.00,"17","SBS wk 1","CAR","SBS","wk1","wk","1","","17","","","","Sb - Skunk cabbage - Peat-moss","","",28.00,1/24/2006 0:00:00,,2445.00,"SBS wk 1 /17","","","missing",,0
2457.00,"Fl02","SBS wk 1","CAR","SBS","wk1","wk","1","","Fl02","","","","Mountain alder - Red-osier dogwood - Horsetail","","",28.00,1/24/2006 0:00:00,,2446.00,"SBS wk 1 /Fl02","","Alnuinc-Athyfil-Mattstr","missing",,0
2458.00,"Wf05","SBS wk 1","CAR","SBS","wk1","wk","1","","Wf05","","","","Slender sedge - Common hook-moss","","",28.00,1/24/2006 0:00:00,,2450.00,"SBS wk 1 /Wf05","","Carelas-Drepano","missing",,0
2459.00,"14","SBS wk 1","CAR","SBS","wk1","wk","1","","14","","","","Pl - Bog rosemary - Peat-moss","","",28.00,1/24/2006 0:00:00,,2442.00,"SBS wk 1 /14","","","missing",,0
2460.00,"15","SBS wk 1","CAR","SBS","wk1","wk","1","","15","","","","Sb - Common horsetail - Peat-moss","","",28.00,1/24/2006 0:00:00,,2443.00,"SBS wk 1 /15","","","missing",,0
2461.00,"Wm05","BG  xh 1","KAM","BG","xh1","xh","1","","Wm05","","","","Cattail","","",28.00,1/24/2006 0:00:00,,2462.00,"BG  xh 1 /Wm05","","","missing",,0
2462.00,"Fl07","BG  xh 1","KAM","BG","xh1","xh","1","","Fl07","","","","Water birch - Rose","","",28.00,1/24/2006 0:00:00,,2461.00,"BG  xh 1 /Fl07","","","missing",,0
2463.00,"Wm05","BG  xh 2","KAM","BG","xh2","xh","2","","Wm05","","","","Cattail","","",28.00,1/24/2006 0:00:00,,2464.00,"BG  xh 2 /Wm05","","Typhlat","missing",,0
2464.00,"Wm02","BG  xh 2","KAM","BG","xh2","xh","2","","Wm02","","","","Swamp horsetail - Beaked sedge","","",28.00,1/24/2006 0:00:00,,2463.00,"BG  xh 2 /Wm02","","Careutr","missing",,0
2465.00,"Wm08","BG  xh 2","KAM","BG","xh2","xh","2","","Wm08","","","","Sharp bulrush","","",28.00,1/24/2006 0:00:00,,2466.00,"BG  xh 2 /Wm08","","Schoame","missing",,0
2466.00,"Wm06","BG  xh 2","KAM","BG","xh2","xh","2","","Wm06","","","","Great bulrush","","",28.00,1/24/2006 0:00:00,,2465.00,"BG  xh 2 /Wm06","","Scirlac","missing",,0
2467.00,"Wm11","BG  xh 2","KAM","BG","xh2","xh","2","","Wm11","","","","Seacoast bulrush","","",28.00,1/24/2006 0:00:00,,2467.00,"BG  xh 2 /Wm11","","Bolbmar","missing",,0
2468.00,"Wm07","BG  xw 1","KAM","BG","xw1","xw","1","","Wm07","","","","Baltic rush","","",28.00,1/24/2006 0:00:00,,2471.00,"BG  xw 1 /Wm07","","Juncbal-Carepre","missing",,0
2469.00,"Wm05","BG  xw 1","KAM","BG","xw1","xw","1","","Wm05","","","","Cattail","","",28.00,1/24/2006 0:00:00,,2469.00,"BG  xw 1 /Wm05","","Typhlat","missing",,0
2470.00,"Ws03","BG  xw 1","KAM","BG","xw1","xw","1","","Ws03","","","","Bebb's willow - Bluejoint","","",28.00,1/24/2006 0:00:00,,2472.00,"BG  xw 1 /Ws03","","Salibeb-Calacan","missing",,0
2471.00,"Wm06","BG  xw 1","KAM","BG","xw1","xw","1","","Wm06","","","","Great bulrush","","",28.00,1/24/2006 0:00:00,,2470.00,"BG  xw 1 /Wm06","","Scirlac","missing",,0
2472.00,"Wm03","BG  xw 1","KAM","BG","xw1","xw","1","","Wm03","","","","Awned sedge","","",28.00,1/24/2006 0:00:00,,2468.00,"BG  xw 1 /Wm03","","Careath","missing",,0
2473.00,"Wm03","BG  xw 2","KAM","BG","xw2","xw","2","","Wm03","","","","Awned sedge","","",28.00,1/24/2006 0:00:00,,2473.00,"BG  xw 2 /Wm03","","Careath","missing",,0
2474.00,"Wm04","BG  xw 2","KAM","BG","xw2","xw","2","","Wm04","","","","Common spike-rush","","",28.00,1/24/2006 0:00:00,,2474.00,"BG  xw 2 /Wm04","","Eleopal","missing",,0
2475.00,"Wm06","BG  xw 2","KAM","BG","xw2","xw","2","","Wm06","","","","Great bulrush","","",28.00,1/24/2006 0:00:00,,2475.00,"BG  xw 2 /Wm06","","Scirlac","missing",,0
2476.00,"Wf12","ESSFdc 1","KAM","ESSF","dc1","dc","1","","Wf12","","","","Narrow-leaved cotton-grass - Marsh-marigold","","",28.00,1/24/2006 0:00:00,,2478.00,"ESSFdc 1 /Wf12","","Erioang-Caltlep-Sphagnu","missing",,0
2477.00,"Wf02","ESSFdc 1","KAM","ESSF","dc1","dc","1","","Wf02","","","","Scrub birch - Water sedge","","",28.00,1/24/2006 0:00:00,,2476.00,"ESSFdc 1 /Wf02","","Betunan-Saliped-Careaqu","missing",,0
2478.00,"Wf11","ESSFdc 1","KAM","ESSF","dc1","dc","1","","Wf11","","","","Tufted clubrush - Star moss","","",28.00,1/24/2006 0:00:00,,2477.00,"ESSFdc 1 /Wf11","","Tricces-Campste","missing",,0
2479.00,"Wm09","ESSFdc 1","KAM","ESSF","dc1","dc","1","","Wm09","","","","Inflated sedge","","",28.00,1/24/2006 0:00:00,,2481.00,"ESSFdc 1 /Wm09","","Careexs","missing",,0
2480.00,"Wf13","ESSFdc 1","KAM","ESSF","dc1","dc","1","","Wf13","","","","Narrow-leaved cotton-grass - Shore sedge","","",28.00,1/24/2006 0:00:00,,2479.00,"ESSFdc 1 /Wf13","","Erioang-Caltlep-Sphagnu","missing",,0
2481.00,"Wf14","ESSFdc 1","KAM","ESSF","dc1","dc","1","","Wf14","","","","Tea-leaved willow - Water sedge - Glow moss","","",28.00,1/24/2006 0:00:00,,2480.00,"ESSFdc 1 /Wf14","","Salipla-Carex","missing",,0
2482.00,"Sc03","ESSFdc 2","KAM","ESSF","dc2","dc","2","","Sc03","","","","Barclay's willow - Arrow-leaved groundsel","","",28.00,1/24/2006 0:00:00,,2482.00,"ESSFdc 2 /Sc03","","","missing",,0
2483.00,"Wf11","ESSFdc 2","KAM","ESSF","dc2","dc","2","","Wf11","","","","Tufted clubrush - Star moss","","",28.00,1/24/2006 0:00:00,,2483.00,"ESSFdc 2 /Wf11","","Tricces-Campste","missing",,0
2484.00,"Ws04","ESSFdc 2","KAM","ESSF","dc2","dc","2","","Ws04","","","","Drummond's willow - Beaked sedge","","",28.00,1/24/2006 0:00:00,,2484.00,"ESSFdc 2 /Ws04","","Salidru-Carex","missing",,0
2485.00,"Fl07","ESSFdc 3","KAM","ESSF","dc3","dc","3","","Fl07","","","","Water birch - Rose","","",28.00,1/24/2006 0:00:00,,2485.00,"ESSFdc 3 /Fl07","","Betuocc-Cornsto","missing",,0
2486.00,"Wf11","ESSFdc 3","KAM","ESSF","dc3","dc","3","","Wf11","","","","Tufted clubrush - Star moss","","",28.00,1/24/2006 0:00:00,,2489.00,"ESSFdc 3 /Wf11","","Tricces-Campste","missing",,0
2487.00,"Wf01","ESSFdc 3","KAM","ESSF","dc3","dc","3","","Wf01","","","","Water sedge - Beaked sedge","","",28.00,1/24/2006 0:00:00,,2486.00,"ESSFdc 3 /Wf01","","Careutr","missing",,0
2488.00,"Wf13","ESSFdc 3","KAM","ESSF","dc3","dc","3","","Wf13","","","","Narrow-leaved cotton-grass - Shore sedge","","",28.00,1/24/2006 0:00:00,,2490.00,"ESSFdc 3 /Wf13","","Erioang-Caltlep-Sphagnu","missing",,0
2489.00,"Wf04","ESSFdc 3","KAM","ESSF","dc3","dc","3","","Wf04","","","","Barclay's willow - Water sedge - Glow moss","","",28.00,1/24/2006 0:00:00,,2488.00,"ESSFdc 3 /Wf04","","Salibac-Carex","missing",,0
2490.00,"Wf02","ESSFdc 3","KAM","ESSF","dc3","dc","3","","Wf02","","","","Scrub birch - Water sedge","","",28.00,1/24/2006 0:00:00,,2487.00,"ESSFdc 3 /Wf02","","Betunan-Saliped-Careaqu","missing",,0
2491.00,"Wf12","ESSFdv","KAM","ESSF","dv","dv","","","Wf12","","","","Narrow-leaved cotton-grass - Marsh-marigold","","ESSFdv was previously expired",28.00,1/24/2006 0:00:00,"40304",2495.00,"ESSFdv   /Wf12","","","missing",,0
2492.00,"Wm01","ESSFdv","KAM","ESSF","dv","dv","","","Wm01","","","","Beaked sedge - Water sedge","","ESSFdv was previously expired",28.00,1/24/2006 0:00:00,"40304",2496.00,"ESSFdv   /Wm01","","","missing",,0
2493.00,"Ws05","ESSFdv","KAM","ESSF","dv","dv","","","Ws05","","","","Maccalla's willow - Beaked sedge","","ESSFdv was previously expired",28.00,1/24/2006 0:00:00,"40304",2499.00,"ESSFdv   /Ws05","","","missing",,0
2494.00,"Wm04","ESSFdv","KAM","ESSF","dv","dv","","","Wm04","","","","Common spike-rush","","ESSFdv was previously expired",28.00,1/24/2006 0:00:00,"40304",2497.00,"ESSFdv   /Wm04","","","missing",,0
2495.00,"07","ESSFdv","KAM","ESSF","dv","dv","","","07","","","","Pl  - Water sedge - Peat-moss","","ESSFdv was previously expired",28.00,1/24/2006 0:00:00,"40304",2491.00,"ESSFdv   /07","","","missing",,0
2496.00,"08","ESSFdv","KAM","ESSF","dv","dv","","","08","","","","Sxw - Common horsetail - Leafy moss","","ESSFdv was previously expired",28.00,1/24/2006 0:00:00,"40304",2492.00,"ESSFdv   /08","","","missing",,0
2497.00,"Wf11","ESSFdv","KAM","ESSF","dv","dv","","","Wf11","","","","Tufted clubrush - Star moss","","ESSFdv was previously expired",28.00,1/24/2006 0:00:00,"40304",2494.00,"ESSFdv   /Wf11","","","missing",,0
2498.00,"Wf02","ESSFdv","KAM","ESSF","dv","dv","","","Wf02","","","","Scrub birch - Water sedge","","ESSFdv was previously expired",28.00,1/24/2006 0:00:00,"40304",2493.00,"ESSFdv   /Wf02","","","missing",,0
2499.00,"Wm09","ESSFdv","KAM","ESSF","dv","dv","","","Wm09","","","","Inflated sedge","","ESSFdv was previously expired",28.00,1/24/2006 0:00:00,"40304",2498.00,"ESSFdv   /Wm09","","","missing",,0
2500.00,"Ws07","ESSFdv  d","KAM","ESSF","dv d","dv","","d","Ws07","","","","Sxw - Common horsetail - Leafy moss","","ESSFdv d was previously expired",28.00,1/24/2006 0:00:00,"40304",2508.00,"ESSFdv  d/Ws07","","","missing",,0
2501.00,"Wb07","ESSFdv  d","KAM","ESSF","dv d","dv","","d","Wb07","","","","Pl  - Water sedge - Peat-moss","","ESSFdv d was previously expired",28.00,1/24/2006 0:00:00,"40304",2500.00,"ESSFdv  d/Wb07","","","missing",,0
2502.00,"Wf02","ESSFdv  d","KAM","ESSF","dv d","dv","","d","Wf02","","","","Scrub birch - Water sedge","","ESSFdv d was previously expired",28.00,1/24/2006 0:00:00,"40304",2501.00,"ESSFdv  d/Wf02","","","missing",,0
2503.00,"Wf11","ESSFdv  d","KAM","ESSF","dv d","dv","","d","Wf11","","","","Tufted clubrush - Star moss","","ESSFdv d was previously expired",28.00,1/24/2006 0:00:00,"40304",2502.00,"ESSFdv  d/Wf11","","","missing",,0
2504.00,"Wf12","ESSFdv  d","KAM","ESSF","dv d","dv","","d","Wf12","","","","Narrow-leaved cotton-grass - Marsh-marigold","","ESSFdv d was previously expired",28.00,1/24/2006 0:00:00,"40304",2503.00,"ESSFdv  d/Wf12","","","missing",,0
2505.00,"Wm01","ESSFdv  d","KAM","ESSF","dv d","dv","","d","Wm01","","","","Beaked sedge - Water sedge","","ESSFdv d was previously expired",28.00,1/24/2006 0:00:00,"40304",2504.00,"ESSFdv  d/Wm01","","","missing",,0
2506.00,"Wm09","ESSFdv  d","KAM","ESSF","dv d","dv","","d","Wm09","","","","Inflated sedge","","ESSFdv d was previously expired",28.00,1/24/2006 0:00:00,"40304",2506.00,"ESSFdv  d/Wm09","","","missing",,0
2507.00,"Ws05","ESSFdv  d","KAM","ESSF","dv d","dv","","d","Ws05","","","","Maccalla's willow - Beaked sedge","","ESSFdv d was previously expired",28.00,1/24/2006 0:00:00,"40304",2507.00,"ESSFdv  d/Ws05","","","missing",,0
2508.00,"Wm04","ESSFdv  d","KAM","ESSF","dv d","dv","","d","Wm04","","","","Common spike-rush","","ESSFdv d was previously expired",28.00,1/24/2006 0:00:00,"40304",2505.00,"ESSFdv  d/Wm04","","","missing",,0
2509.00,"05","ESSFmm 1","KAM","ESSF","mm1","mm","1","","05","","","","Bl - Oak fern - Bramble","","",13.00,1/24/2006 0:00:00,,2513.00,"ESSFmm 1 /05","Abielas-Menzfer-Gymndry","Abielas-Gymndry","missing",,0
2510.00,"06","ESSFmm 1","KAM","ESSF","mm1","mm","1","","06","","","","Bl - Devil's club - Lady fern","","",13.00,1/24/2006 0:00:00,,2514.00,"ESSFmm 1 /06","","Abielas-Oplohor","missing",,0
2511.00,"04","ESSFmm 1","KAM","ESSF","mm1","mm","1","","04","","","","Bl - Azalea - Rhododendron","","",13.00,1/24/2006 0:00:00,,2512.00,"ESSFmm 1 /04","Abielas-Menzfer-Vaccmem","Abielas-Menzfer-Vaccmem","missing",,0
2512.00,"03","ESSFmm 1","KAM","ESSF","mm1","mm","1","","03","","","","BlPl - Cladina","","",13.00,1/24/2006 0:00:00,,2511.00,"ESSFmm 1 /03","Abielas-Cladoni","Abielas-Cladoni","missing",,0
2513.00,"07","ESSFmm 1","KAM","ESSF","mm1","mm","1","","07","","","","Bl - Labrador tea - Horsetail","","",13.00,1/24/2006 0:00:00,,2515.00,"ESSFmm 1 /07","","","missing",,0
2514.00,"02","ESSFmm 1","KAM","ESSF","mm1","mm","1","","02","","","","Bl - Huckleberry - Feathermoss","","",13.00,1/24/2006 0:00:00,,2510.00,"ESSFmm 1 /02","Abielas-Vaccmem-Pleusch","Abielas-Vaccmem","missing",,0
2515.00,"01","ESSFmm 1","KAM","ESSF","mm1","mm","1","","01","","","","Bl - Azalea - Gooseberry","","",13.00,1/24/2006 0:00:00,,2509.00,"ESSFmm 1 /01","Abielas-Menzfer-Vaccmem","Abielas-Menzfer-Vaccmem","missing",,0
2516.00,"Wf12","ESSFmw","KAM","ESSF","mw","mw","","","Wf12","","","","Narrow-leaved cotton-grass - Marsh-marigold","","",28.00,1/24/2006 0:00:00,,2519.00,"ESSFmw   /Wf12","","","missing",,0
2517.00,"Wf03","ESSFmw","KAM","ESSF","mw","mw","","","Wf03","","","","Water sedge - Peat-moss","","",28.00,1/24/2006 0:00:00,,2517.00,"ESSFmw   /Wf03","","","missing",,0
2518.00,"Wm02","ESSFmw","KAM","ESSF","mw","mw","","","Wm02","","","","Swamp horsetail - Beaked sedge","","",28.00,1/24/2006 0:00:00,,2522.00,"ESSFmw   /Wm02","","","missing",,0
2519.00,"Wf01","ESSFmw","KAM","ESSF","mw","mw","","","Wf01","","","","Water sedge - Beaked sedge","","",28.00,1/24/2006 0:00:00,,2516.00,"ESSFmw   /Wf01","","","missing",,0
2520.00,"Wf13","ESSFmw","KAM","ESSF","mw","mw","","","Wf13","","","","Narrow-leaved cotton-grass - Shore sedge","","",28.00,1/24/2006 0:00:00,,2520.00,"ESSFmw   /Wf13","","","missing",,0
2521.00,"Wf04","ESSFmw","KAM","ESSF","mw","mw","","","Wf04","","","","Barclay's willow - Water sedge - Glow moss","","",28.00,1/24/2006 0:00:00,,2518.00,"ESSFmw   /Wf04","","","missing",,0
2522.00,"Wm01","ESSFmw","KAM","ESSF","mw","mw","","","Wm01","","","","Beaked sedge - Water sedge","","",28.00,1/24/2006 0:00:00,,2521.00,"ESSFmw   /Wm01","","","missing",,0
2523.00,"Wm01","ESSFmw 1","KAM","ESSF","mw1","mw","1","","Wm01","","","","Beaked sedge - Water sedge","","",28.00,1/24/2006 0:00:00,,2525.00,"ESSFmw 1 /Wm01","","Careutr","missing",,0
2524.00,"Wf12","ESSFmw 1","KAM","ESSF","mw1","mw","1","","Wf12","","","","Narrow-leaved cotton-grass - Marsh-marigold","","",28.00,1/24/2006 0:00:00,,2524.00,"ESSFmw 1 /Wf12","","Erioang-Caltlep-Sphagnu","missing",,0
2525.00,"Wf04","ESSFmw 1","KAM","ESSF","mw1","mw","1","","Wf04","","","","Barclay's willow - Water sedge - Glow moss","","",28.00,1/24/2006 0:00:00,,2523.00,"ESSFmw 1 /Wf04","","Salibac-Carex","missing",,0
2526.00,"Wf13","ESSFmw 2","KAM","ESSF","mw2","mw","2","","Wf13","","","","Narrow-leaved cotton-grass - Shore sedge","","",28.00,1/24/2006 0:00:00,,2530.00,"ESSFmw 2 /Wf13","","Erioang-Caltlep-Sphagnu","missing",,0
2527.00,"Wf01","ESSFmw 2","KAM","ESSF","mw2","mw","2","","Wf01","","","","Water sedge - Beaked sedge","","",28.00,1/24/2006 0:00:00,,2526.00,"ESSFmw 2 /Wf01","","Careutr","missing",,0
2528.00,"Wf03","ESSFmw 2","KAM","ESSF","mw2","mw","2","","Wf03","","","","Water sedge - Peat-moss","","",28.00,1/24/2006 0:00:00,,2527.00,"ESSFmw 2 /Wf03","","Careaqu-Sphagnu","missing",,0
2529.00,"Wf12","ESSFmw 2","KAM","ESSF","mw2","mw","2","","Wf12","","","","Narrow-leaved cotton-grass - Marsh-marigold","","",28.00,1/24/2006 0:00:00,,2529.00,"ESSFmw 2 /Wf12","","Erioang-Caltlep-Sphagnu","missing",,0
2530.00,"Wm02","ESSFmw 2","KAM","ESSF","mw2","mw","2","","Wm02","","","","Swamp horsetail - Beaked sedge","","",28.00,1/24/2006 0:00:00,,2531.00,"ESSFmw 2 /Wm02","","Careutr","missing",,0
2531.00,"Wf04","ESSFmw 2","KAM","ESSF","mw2","mw","2","","Wf04","","","","Barclay's willow - Water sedge - Glow moss","","",28.00,1/24/2006 0:00:00,,2528.00,"ESSFmw 2 /Wf04","","Salibac-Carex","missing",,0
2532.00,"Wf01","ESSFwc 1","KAM","ESSF","wc1","wc","1","","Wf01","","","","Water sedge - Beaked sedge","","",28.00,1/24/2006 0:00:00,,2532.00,"ESSFwc 1 /Wf01","","Careutr","missing",,0
2533.00,"Wf13","ESSFwc 2","KAM","ESSF","wc2","wc","2","","Wf13","","","","Narrow-leaved cotton-grass - Shore sedge","","",28.00,1/24/2006 0:00:00,,2535.00,"ESSFwc 2 /Wf13","","Erioang-Caltlep-Sphagnu","missing",,0
2534.00,"Wf11","ESSFwc 2","KAM","ESSF","wc2","wc","2","","Wf11","","","","Tufted clubrush - Star moss","","",28.00,1/24/2006 0:00:00,,2534.00,"ESSFwc 2 /Wf11","","Tricces-Campste","missing",,0
2535.00,"Wf04","ESSFwc 2","KAM","ESSF","wc2","wc","2","","Wf04","","","","Barclay's willow - Water sedge - Glow moss","","",28.00,1/24/2006 0:00:00,,2533.00,"ESSFwc 2 /Wf04","","Salibac-Carex","missing",,0
2536.00,"04","ESSFwc 3","KAM","ESSF","wc3","wc","3","","04","","","","Pl - Few-flowered sedge - Peat-moss","","",28.00,1/24/2006 0:00:00,,2536.00,"ESSFwc 3 /04","","","missing",,0
2537.00,"Wf02","ESSFwc 3","KAM","ESSF","wc3","wc","3","","Wf02","","","","Scrub birch - Water sedge","","",28.00,1/24/2006 0:00:00,,2537.00,"ESSFwc 3 /Wf02","","Betunan-Saliped-Careaqu","missing",,0
2538.00,"Wf11","ESSFwc 3","KAM","ESSF","wc3","wc","3","","Wf11","","","","Tufted clubrush - Star moss","","",28.00,1/24/2006 0:00:00,,2541.00,"ESSFwc 3 /Wf11","","Tricces-Campste","missing",,0
2539.00,"Wf03","ESSFwc 3","KAM","ESSF","wc3","wc","3","","Wf03","","","","Water sedge - Peat-moss","","",28.00,1/24/2006 0:00:00,,2538.00,"ESSFwc 3 /Wf03","","Careaqu-Sphagnu","missing",,0
2540.00,"Wf04","ESSFwc 3","KAM","ESSF","wc3","wc","3","","Wf04","","","","Barclay's willow - Water sedge - Glow moss","","",28.00,1/24/2006 0:00:00,,2539.00,"ESSFwc 3 /Wf04","","Salibac-Carex","missing",,0
2541.00,"Wf08","ESSFwc 3","KAM","ESSF","wc3","wc","3","","Wf08","","","","Shore sedge - Buckbean - Hook-moss","","",28.00,1/24/2006 0:00:00,,2540.00,"ESSFwc 3 /Wf08","","Carelim-Menytri","missing",,0
2542.00,"Wf12","ESSFwc 4","KAM","ESSF","wc4","wc","4","","Wf12","","","","Narrow-leaved cotton-grass - Marsh-marigold","","",28.00,1/24/2006 0:00:00,,2542.00,"ESSFwc 4 /Wf12","","Erioang-Caltlep-Sphagnu","missing",,0
2543.00,"Wf09","ESSFxc 1","KAM","ESSF","xc1","xc","1","","Wf09","","","","Few-flowered spike-rush - Hook-moss","","",28.00,1/24/2006 0:00:00,,2545.00,"ESSFxc 1 /Wf09","","Eleoqui-Drepano","missing",,0
2544.00,"Wf04","ESSFxc 1","KAM","ESSF","xc1","xc","1","","Wf04","","","","Barclay's willow - Water sedge - Glow moss","","",28.00,1/24/2006 0:00:00,,2544.00,"ESSFxc 1 /Wf04","","Salibac-Carex","missing",,0
2545.00,"Wf12","ESSFxc 1","KAM","ESSF","xc1","xc","1","","Wf12","","","","Narrow-leaved cotton-grass - Marsh-marigold","","",28.00,1/24/2006 0:00:00,,2547.00,"ESSFxc 1 /Wf12","","Erioang-Caltlep-Sphagnu","missing",,0
2546.00,"Wm09","ESSFxc 1","KAM","ESSF","xc1","xc","1","","Wm09","","","","Inflated sedge","","",28.00,1/24/2006 0:00:00,,2548.00,"ESSFxc 1 /Wm09","","Careexs","missing",,0
2547.00,"Wf11","ESSFxc 1","KAM","ESSF","xc1","xc","1","","Wf11","","","","Tufted clubrush - Star moss","","",28.00,1/24/2006 0:00:00,,2546.00,"ESSFxc 1 /Wf11","","Tricces-Campste","missing",,0
2548.00,"Wf02","ESSFxc 1","KAM","ESSF","xc1","xc","1","","Wf02","","","","Scrub birch - Water sedge","","",28.00,1/24/2006 0:00:00,,2543.00,"ESSFxc 1 /Wf02","","Betunan-Saliped-Careaqu","missing",,0
2549.00,"Wf01","ESSFxc 2","KAM","ESSF","xc2","xc","2","","Wf01","","","","Water sedge - Beaked sedge","","",28.00,1/24/2006 0:00:00,,2549.00,"ESSFxc 2 /Wf01","","Careutr","missing",,0
2550.00,"Wf04","ESSFxc 2","KAM","ESSF","xc2","xc","2","","Wf04","","","","Barclay's willow - Water sedge - Glow moss","","",28.00,1/24/2006 0:00:00,,2552.00,"ESSFxc 2 /Wf04","","Salibac-Carex","missing",,0
2551.00,"Wf02","ESSFxc 2","KAM","ESSF","xc2","xc","2","","Wf02","","","","Scrub birch - Water sedge","","",28.00,1/24/2006 0:00:00,,2550.00,"ESSFxc 2 /Wf02","","Betunan-Saliped-Careaqu","missing",,0
2552.00,"Wf03","ESSFxc 2","KAM","ESSF","xc2","xc","2","","Wf03","","","","Water sedge - Peat-moss","","",28.00,1/24/2006 0:00:00,,2551.00,"ESSFxc 2 /Wf03","","Careaqu-Sphagnu","missing",,0
2553.00,"Wf14","ESSFxc 2","KAM","ESSF","xc2","xc","2","","Wf14","","","","Tea-leaved willow - Water sedge - Glow moss","","",28.00,1/24/2006 0:00:00,,2557.00,"ESSFxc 2 /Wf14","","Salipla-Carex","missing",,0
2554.00,"Wm01","ESSFxc 2","KAM","ESSF","xc2","xc","2","","Wm01","","","","Beaked sedge - Water sedge","","",28.00,1/24/2006 0:00:00,,2558.00,"ESSFxc 2 /Wm01","","Careutr","missing",,0
2555.00,"Wf13","ESSFxc 2","KAM","ESSF","xc2","xc","2","","Wf13","","","","Narrow-leaved cotton-grass - Shore sedge","","",28.00,1/24/2006 0:00:00,,2556.00,"ESSFxc 2 /Wf13","","Erioang-Caltlep-Sphagnu","missing",,0
2556.00,"Ws07","ESSFxc 2","KAM","ESSF","xc2","xc","2","","Ws07","","","","Sxw - Common horsetail - Leafy moss","","",28.00,1/24/2006 0:00:00,,2560.00,"ESSFxc 2 /Ws07","Abielas-Equiset","Abielas-Equiset","missing",,0
2557.00,"Ws05","ESSFxc 2","KAM","ESSF","xc2","xc","2","","Ws05","","","","Maccalla's willow - Beaked sedge","","",28.00,1/24/2006 0:00:00,,2559.00,"ESSFxc 2 /Ws05","","Salimac-Careutr","missing",,0
2558.00,"Wf11","ESSFxc 2","KAM","ESSF","xc2","xc","2","","Wf11","","","","Tufted clubrush - Star moss","","",28.00,1/24/2006 0:00:00,,2555.00,"ESSFxc 2 /Wf11","","Tricces-Campste","missing",,0
2559.00,"Wf09","ESSFxc 2","KAM","ESSF","xc2","xc","2","","Wf09","","","","Few-flowered spike-rush - Hook-moss","","",28.00,1/24/2006 0:00:00,,2554.00,"ESSFxc 2 /Wf09","","Eleoqui-Drepano","missing",,0
2560.00,"Wf08","ESSFxc 2","KAM","ESSF","xc2","xc","2","","Wf08","","","","Shore sedge - Buckbean - Hook-moss","","",28.00,1/24/2006 0:00:00,,2553.00,"ESSFxc 2 /Wf08","","Carelim-Menytri","missing",,0
2561.00,"Sc03","ESSFxc 3","KAM","ESSF","xc3","xc","3","","Sc03","","","","Barclay's willow - Arrow-leaved groundsel","","",28.00,1/24/2006 0:00:00,,2561.00,"ESSFxc 3 /Sc03","","Salibac","missing",,0
2562.00,"Wm01","ESSFxc 3","KAM","ESSF","xc3","xc","3","","Wm01","","","","Beaked sedge - Water sedge","","",28.00,1/24/2006 0:00:00,,2563.00,"ESSFxc 3 /Wm01","","Careutr","missing",,0
2563.00,"Wf01","ESSFxc 3","KAM","ESSF","xc3","xc","3","","Wf01","","","","Water sedge - Beaked sedge","","",28.00,1/24/2006 0:00:00,,2562.00,"ESSFxc 3 /Wf01","","Careutr","missing",,0
2564.00,"Wf03","ESSFxv 2","KAM","ESSF","xv2","xv","2","","Wf03","","","","Water sedge - Peat-moss","","",28.00,1/24/2006 0:00:00,,2567.00,"ESSFxv 2 /Wf03","","Careaqu-Sphagnu","missing",,0
2565.00,"Wf01","ESSFxv 2","KAM","ESSF","xv2","xv","2","","Wf01","","","","Water sedge - Beaked sedge","","",28.00,1/24/2006 0:00:00,,2565.00,"ESSFxv 2 /Wf01","","Careutr","missing",,0
2566.00,"Wm01","ESSFxv 2","KAM","ESSF","xv2","xv","2","","Wm01","","","","Beaked sedge - Water sedge","","",28.00,1/24/2006 0:00:00,,2568.00,"ESSFxv 2 /Wm01","","Careutr","missing",,0
2567.00,"Sc02","ESSFxv 2","KAM","ESSF","xv2","xv","2","","Sc02","","","","Grey-leaved willow - Glow moss","","",28.00,1/24/2006 0:00:00,,2564.00,"ESSFxv 2 /Sc02","","Saligla-Betunan","missing",,0
2568.00,"Wf02","ESSFxv 2","KAM","ESSF","xv2","xv","2","","Wf02","","","","Scrub birch - Water sedge","","",28.00,1/24/2006 0:00:00,,2566.00,"ESSFxv 2 /Wf02","","Betunan-Saliped-Careaqu","missing",,0
2569.00,"Wf05","ICH dk","KAM","ICH","dk","dk","","","Wf05","","","","Slender sedge - Common hook-moss","","",28.00,1/24/2006 0:00:00,,2569.00,"ICH dk   /Wf05","","Carelas-Drepano","missing",,0
2570.00,"Wb12","ICH mk 3","KAM","ICH","mk3","mk","3","","Wb12","","","","Scheuchzeria - Peat-moss","","",28.00,1/24/2006 0:00:00,,2571.00,"ICH mk 3 /Wb12","","Schepal-Sphagnu","missing",,0
2571.00,"08","ICH mk 3","KAM","ICH","mk3","mk","3","","08","","","","Pl  - Water sedge - Peat-moss","","",28.00,1/24/2006 0:00:00,,2570.00,"ICH mk 3 /08","","","missing",,0
2572.00,"10","ICH mw 3","KAM","ICH","mw3","mw","3","","10","","","","Sb - Buckbean - Peat-moss","","",28.00,1/24/2006 0:00:00,,2572.00,"ICH mw 3 /10","","Thujpli-Tsughet-Equiset","missing",,0
2573.00,"Wf05","ICH mw 3","KAM","ICH","mw3","mw","3","","Wf05","","","","Slender sedge - Common hook-moss","","",28.00,1/24/2006 0:00:00,,2573.00,"ICH mw 3 /Wf05","","Carelas-Drepano","missing",,0
2574.00,"Wm09","ICH mw 3","KAM","ICH","mw3","mw","3","","Wm09","","","","Inflated sedge","","",28.00,1/24/2006 0:00:00,,2576.00,"ICH mw 3 /Wm09","","Careexs","missing",,0
2575.00,"Wf11","ICH mw 3","KAM","ICH","mw3","mw","3","","Wf11","","","","Tufted clubrush - Star moss","","",28.00,1/24/2006 0:00:00,,2574.00,"ICH mw 3 /Wf11","","Tricces-Campste","missing",,0
2576.00,"Wm02","ICH mw 3","KAM","ICH","mw3","mw","3","","Wm02","","","","Swamp horsetail - Beaked sedge","","",28.00,1/24/2006 0:00:00,,2575.00,"ICH mw 3 /Wm02","","Careutr","missing",,0
2577.00,"Ws06","ICH vk 1","KAM","ICH","vk1","vk","1","","Ws06","","","","Sitka willow - Sitka sedge","","",28.00,1/24/2006 0:00:00,,2580.00,"ICH vk 1 /Ws06","","Salisit-Carex","missing",,0
2578.00,"Wf05","ICH vk 1","KAM","ICH","vk1","vk","1","","Wf05","","","","Slender sedge - Common hook-moss","","",28.00,1/24/2006 0:00:00,,2578.00,"ICH vk 1 /Wf05","","Carelas-Drepano","missing",,0
2579.00,"Fl01","ICH vk 1","KAM","ICH","vk1","vk","1","","Fl01","","","","Mountain alder - Common horsetail","","",28.00,1/24/2006 0:00:00,,2577.00,"ICH vk 1 /Fl01","","Alnuinc-Equiset","missing",,0
2580.00,"Wf11","ICH vk 1","KAM","ICH","vk1","vk","1","","Wf11","","","","Tufted clubrush - Star moss","","",28.00,1/24/2006 0:00:00,,2579.00,"ICH vk 1 /Wf11","","Tricces-Campste","missing",,0
2581.00,"Wm01","IDF dk 1","KAM","IDF","dk1","dk","1","","Wm01","","","","Beaked sedge - Water sedge","","",28.00,1/24/2006 0:00:00,,2583.00,"IDF dk 1 /Wm01","","Careutr","missing",,0
2582.00,"Wf02","IDF dk 1","KAM","IDF","dk1","dk","1","","Wf02","","","","Scrub birch - Water sedge","","",28.00,1/24/2006 0:00:00,,2581.00,"IDF dk 1 /Wf02","","Betunan-Saliped-Careaqu","missing",,0
2583.00,"Ws05","IDF dk 1","KAM","IDF","dk1","dk","1","","Ws05","","","","Maccalla's willow - Beaked sedge","","",28.00,1/24/2006 0:00:00,,2585.00,"IDF dk 1 /Ws05","","Salimac-Careutr","missing",,0
2584.00,"Wm06","IDF dk 1","KAM","IDF","dk1","dk","1","","Wm06","","","","Great bulrush","","",28.00,1/24/2006 0:00:00,,2584.00,"IDF dk 1 /Wm06","","Scirlac","missing",,0
2585.00,"Wf05","IDF dk 1","KAM","IDF","dk1","dk","1","","Wf05","","","","Slender sedge - Common hook-moss","","",28.00,1/24/2006 0:00:00,,2582.00,"IDF dk 1 /Wf05","","Carelas-Drepano","missing",,0
2586.00,"Wf06","IDF dk 2","KAM","IDF","dk2","dk","2","","Wf06","","","","Slender sedge - Buckbean","","",28.00,1/24/2006 0:00:00,,2586.00,"IDF dk 2 /Wf06","","Carelas-Drepano","missing",,0
2587.00,"Wm01","IDF dk 2","KAM","IDF","dk2","dk","2","","Wm01","","","","Beaked sedge - Water sedge","","",28.00,1/24/2006 0:00:00,,2587.00,"IDF dk 2 /Wm01","","Careutr","missing",,0
2588.00,"Wm13","IDF dk 3","KAM","IDF","dk3","dk","3","","Wm13","","","","Seaside arrow-grass","","",28.00,1/24/2006 0:00:00,,2597.00,"IDF dk 3 /Wm13","","Trigmar","missing",,0
2589.00,"Wf02","IDF dk 3","KAM","IDF","dk3","dk","3","","Wf02","","","","Scrub birch - Water sedge","","",28.00,1/24/2006 0:00:00,,2590.00,"IDF dk 3 /Wf02","","Betunan-Saliped-Careaqu","missing",,0
2590.00,"Ws05","IDF dk 3","KAM","IDF","dk3","dk","3","","Ws05","","","","Maccalla's willow - Beaked sedge","","",28.00,1/24/2006 0:00:00,,2598.00,"IDF dk 3 /Ws05","","Salimac-Careutr","missing",,0
2591.00,"Wm06","IDF dk 3","KAM","IDF","dk3","dk","3","","Wm06","","","","Great bulrush","","",28.00,1/24/2006 0:00:00,,2596.00,"IDF dk 3 /Wm06","","Scirlac","missing",,0
2592.00,"Sc01","IDF dk 3","KAM","IDF","dk3","dk","3","","Sc01","","","","Scrub birch - Kinnikinnick","","",28.00,1/24/2006 0:00:00,,2588.00,"IDF dk 3 /Sc01","","Salibac","missing",,0
2593.00,"Wf05","IDF dk 3","KAM","IDF","dk3","dk","3","","Wf05","","","","Slender sedge - Common hook-moss","","",28.00,1/24/2006 0:00:00,,2591.00,"IDF dk 3 /Wf05","","Carelas-Drepano","missing",,0
2594.00,"Wf07","IDF dk 3","KAM","IDF","dk3","dk","3","","Wf07","","","","Scrub birch - Buckbean - Shore sedge","","",28.00,1/24/2006 0:00:00,,2592.00,"IDF dk 3 /Wf07","","Carelim-Menytri","missing",,0
2595.00,"Wm03","IDF dk 3","KAM","IDF","dk3","dk","3","","Wm03","","","","Awned sedge","","",28.00,1/24/2006 0:00:00,,2594.00,"IDF dk 3 /Wm03","","Careath","missing",,0
2596.00,"Wf01","IDF dk 3","KAM","IDF","dk3","dk","3","","Wf01","","","","Water sedge - Beaked sedge","","",28.00,1/24/2006 0:00:00,,2589.00,"IDF dk 3 /Wf01","","Careutr","missing",,0
2597.00,"Wm01","IDF dk 3","KAM","IDF","dk3","dk","3","","Wm01","","","","Beaked sedge - Water sedge","","",28.00,1/24/2006 0:00:00,,2593.00,"IDF dk 3 /Wm01","","Careutr","missing",,0
2598.00,"Wm05","IDF dk 3","KAM","IDF","dk3","dk","3","","Wm05","","","","Cattail","","",28.00,1/24/2006 0:00:00,,2595.00,"IDF dk 3 /Wm05","","Typhlat","missing",,0
2599.00,"Wm06","IDF xh 1","KAM","IDF","xh1","xh","1","","Wm06","","","","Great bulrush","","",28.00,1/24/2006 0:00:00,,2599.00,"IDF xh 1 /Wm06","","Scirlac","missing",,0
2600.00,"Wm06","IDF xh 2","KAM","IDF","xh2","xh","2","","Wm06","","","","Great bulrush","","",28.00,1/24/2006 0:00:00,,2600.00,"IDF xh 2 /Wm06","","Scirlac","missing",,0
2601.00,"Wf01","MH  mm 2","KAM","MH","mm2","mm","2","","Wf01","","","","Water sedge - Beaked sedge","","",28.00,1/24/2006 0:00:00,,2601.00,"MH  mm 2 /Wf01","","Careutr","missing",,0
2602.00,"Wf08","MS  dc 1","KAM","MS","dc1","dc","1","","Wf08","","","","Shore sedge - Buckbean - Hook-moss","","",28.00,1/24/2006 0:00:00,,2604.00,"MS  dc 1 /Wf08","","Carelim-Menytri","missing",,0
2603.00,"Ws06","MS  dc 1","KAM","MS","dc1","dc","1","","Ws06","","","","Sitka willow - Sitka sedge","","",28.00,1/24/2006 0:00:00,,2606.00,"MS  dc 1 /Ws06","","Salisit-Carex","missing",,0
2604.00,"Wf04","MS  dc 1","KAM","MS","dc1","dc","1","","Wf04","","","","Barclay's willow - Water sedge - Glow moss","","",28.00,1/24/2006 0:00:00,,2603.00,"MS  dc 1 /Wf04","","Salibac-Carex","missing",,0
2605.00,"Wf01","MS  dc 1","KAM","MS","dc1","dc","1","","Wf01","","","","Water sedge - Beaked sedge","","",28.00,1/24/2006 0:00:00,,2602.00,"MS  dc 1 /Wf01","","Careutr","missing",,0
2606.00,"Wm01","MS  dc 1","KAM","MS","dc1","dc","1","","Wm01","","","","Beaked sedge - Water sedge","","",28.00,1/24/2006 0:00:00,,2605.00,"MS  dc 1 /Wm01","","Careutr","missing",,0
2607.00,"Ws02","MS  dm 1","KAM","MS","dm1","dm","1","","Ws02","","","","Mountain alder - Pink spirea - Sitka sedge","","",28.00,1/24/2006 0:00:00,,2618.00,"MS  dm 1 /Ws02","","Alnuinc-Careaqu","missing",,0
2608.00,"Wf12","MS  dm 1","KAM","MS","dm1","dm","1","","Wf12","","","","Narrow-leaved cotton-grass - Marsh-marigold","","",28.00,1/24/2006 0:00:00,,2615.00,"MS  dm 1 /Wf12","","Erioang-Caltlep-Sphagnu","missing",,0
2609.00,"Wf05","MS  dm 1","KAM","MS","dm1","dm","1","","Wf05","","","","Slender sedge - Common hook-moss","","",28.00,1/24/2006 0:00:00,,2614.00,"MS  dm 1 /Wf05","","Carelas-Drepano","missing",,0
2610.00,"Ws06","MS  dm 1","KAM","MS","dm1","dm","1","","Ws06","","","","Sitka willow - Sitka sedge","","",28.00,1/24/2006 0:00:00,,2620.00,"MS  dm 1 /Ws06","","Salisit-Carex","missing",,0
2611.00,"Ws05","MS  dm 1","KAM","MS","dm1","dm","1","","Ws05","","","","Maccalla's willow - Beaked sedge","","",28.00,1/24/2006 0:00:00,,2619.00,"MS  dm 1 /Ws05","","Salimac-Careutr","missing",,0
2612.00,"Wf13","MS  dm 1","KAM","MS","dm1","dm","1","","Wf13","","","","Narrow-leaved cotton-grass - Shore sedge","","",28.00,1/24/2006 0:00:00,,2616.00,"MS  dm 1 /Wf13","","Erioang-Caltlep-Sphagnu","missing",,0
2613.00,"Wf02","MS  dm 1","KAM","MS","dm1","dm","1","","Wf02","","","","Scrub birch - Water sedge","","",28.00,1/24/2006 0:00:00,,2613.00,"MS  dm 1 /Wf02","","Betunan-Saliped-Careaqu","missing",,0
2614.00,"Fl05","MS  dm 1","KAM","MS","dm1","dm","1","","Fl05","","","","Drummond's willow - Bluejoint","","",28.00,1/24/2006 0:00:00,,2611.00,"MS  dm 1 /Fl05","","Salidru-Calamag","missing",,0
2615.00,"Wf01","MS  dm 1","KAM","MS","dm1","dm","1","","Wf01","","","","Water sedge - Beaked sedge","","",28.00,1/24/2006 0:00:00,,2612.00,"MS  dm 1 /Wf01","","Careutr","missing",,0
2616.00,"Wm01","MS  dm 1","KAM","MS","dm1","dm","1","","Wm01","","","","Beaked sedge - Water sedge","","",28.00,1/24/2006 0:00:00,,2617.00,"MS  dm 1 /Wm01","","Careutr","missing",,0
2617.00,"Wm06","MS  dm 2","KAM","MS","dm2","dm","2","","Wm06","","","","Great bulrush","","",28.00,1/24/2006 0:00:00,,2627.00,"MS  dm 2 /Wm06","","Scirlac","missing",,0
2618.00,"Wm09","MS  dm 2","KAM","MS","dm2","dm","2","","Wm09","","","","Inflated sedge","","",28.00,1/24/2006 0:00:00,,2628.00,"MS  dm 2 /Wm09","","Careexs","missing",,0
2619.00,"Wf01","MS  dm 2","KAM","MS","dm2","dm","2","","Wf01","","","","Water sedge - Beaked sedge","","",28.00,1/24/2006 0:00:00,,2621.00,"MS  dm 2 /Wf01","","Careutr","missing",,0
2620.00,"Wm01","MS  dm 2","KAM","MS","dm2","dm","2","","Wm01","","","","Beaked sedge - Water sedge","","",28.00,1/24/2006 0:00:00,,2626.00,"MS  dm 2 /Wm01","","Careutr","missing",,0
2621.00,"Wf11","MS  dm 2","KAM","MS","dm2","dm","2","","Wf11","","","","Tufted clubrush - Star moss","","",28.00,1/24/2006 0:00:00,,2625.00,"MS  dm 2 /Wf11","","Tricces-Campste","missing",,0
2622.00,"Wf09","MS  dm 2","KAM","MS","dm2","dm","2","","Wf09","","","","Few-flowered spike-rush - Hook-moss","","",28.00,1/24/2006 0:00:00,,2624.00,"MS  dm 2 /Wf09","","Eleoqui-Drepano","missing",,0
2623.00,"Wf04","MS  dm 2","KAM","MS","dm2","dm","2","","Wf04","","","","Barclay's willow - Water sedge - Glow moss","","",28.00,1/24/2006 0:00:00,,2622.00,"MS  dm 2 /Wf04","","Salibac-Carex","missing",,0
2624.00,"Wf05","MS  dm 2","KAM","MS","dm2","dm","2","","Wf05","","","","Slender sedge - Common hook-moss","","",28.00,1/24/2006 0:00:00,,2623.00,"MS  dm 2 /Wf05","","Carelas-Drepano","missing",,0
2625.00,"Ws04","MS  dm 2","KAM","MS","dm2","dm","2","","Ws04","","","","Drummond's willow - Beaked sedge","","",28.00,1/24/2006 0:00:00,,2629.00,"MS  dm 2 /Ws04","","Salidru-Carex","missing",,0
2626.00,"Wf08","MS  dm 3","KAM","MS","dm3","dm","3","","Wf08","","","","Shore sedge - Buckbean - Hook-moss","","",28.00,1/24/2006 0:00:00,,2632.00,"MS  dm 3 /Wf08","","Carelim-Menytri","missing",,0
2627.00,"Wm01","MS  dm 3","KAM","MS","dm3","dm","3","","Wm01","","","","Beaked sedge - Water sedge","","",28.00,1/24/2006 0:00:00,,2633.00,"MS  dm 3 /Wm01","","Careutr","missing",,0
2628.00,"Wm02","MS  dm 3","KAM","MS","dm3","dm","3","","Wm02","","","","Swamp horsetail - Beaked sedge","","",28.00,1/24/2006 0:00:00,,2634.00,"MS  dm 3 /Wm02","","Careutr","missing",,0
2629.00,"Wf05","MS  dm 3","KAM","MS","dm3","dm","3","","Wf05","","","","Slender sedge - Common hook-moss","","",28.00,1/24/2006 0:00:00,,2631.00,"MS  dm 3 /Wf05","","Carelas-Drepano","missing",,0
2630.00,"Wf04","MS  dm 3","KAM","MS","dm3","dm","3","","Wf04","","","","Barclay's willow - Water sedge - Glow moss","","",28.00,1/24/2006 0:00:00,,2630.00,"MS  dm 3 /Wf04","","Salibac-Carex","missing",,0
2631.00,"Wm01","MS  dm 3w","KAM","MS","dm3w","dm","3","w","Wm01","","","","Beaked sedge - Water sedge","","",28.00,1/24/2006 0:00:00,,2638.00,"MS  dm 3w/Wm01","","","missing",,0
2632.00,"Wf08","MS  dm 3w","KAM","MS","dm3w","dm","3","w","Wf08","","","","Shore sedge - Buckbean - Hook-moss","","",28.00,1/24/2006 0:00:00,,2637.00,"MS  dm 3w/Wf08","","","missing",,0
2633.00,"Wf05","MS  dm 3w","KAM","MS","dm3w","dm","3","w","Wf05","","","","Slender sedge - Common hook-moss","","",28.00,1/24/2006 0:00:00,,2636.00,"MS  dm 3w/Wf05","","","missing",,0
2634.00,"Wm02","MS  dm 3w","KAM","MS","dm3w","dm","3","w","Wm02","","","","Swamp horsetail - Beaked sedge","","",28.00,1/24/2006 0:00:00,,2639.00,"MS  dm 3w/Wm02","","","missing",,0
2635.00,"Wf04","MS  dm 3w","KAM","MS","dm3w","dm","3","w","Wf04","","","","Barclay's willow - Water sedge - Glow moss","","",28.00,1/24/2006 0:00:00,,2635.00,"MS  dm 3w/Wf04","","","missing",,0
2636.00,"Wm09","MS  mw 1","KAM","MS","mw1","mw","1","","Wm09","","","","Inflated sedge","","",28.00,1/24/2006 0:00:00,,2643.00,"MS  mw 1 /Wm09","","Careexs","missing",,0
2637.00,"Wf08","MS  mw 1","KAM","MS","mw1","mw","1","","Wf08","","","","Shore sedge - Buckbean - Hook-moss","","",28.00,1/24/2006 0:00:00,,2642.00,"MS  mw 1 /Wf08","","Carelim-Menytri","missing",,0
2638.00,"Wf07","MS  mw 1","KAM","MS","mw1","mw","1","","Wf07","","","","Scrub birch - Buckbean - Shore sedge","","",28.00,1/24/2006 0:00:00,,2641.00,"MS  mw 1 /Wf07","","Carelim-Menytri","missing",,0
2639.00,"Wf01","MS  mw 1","KAM","MS","mw1","mw","1","","Wf01","","","","Water sedge - Beaked sedge","","",28.00,1/24/2006 0:00:00,,2640.00,"MS  mw 1 /Wf01","","Careutr","missing",,0
2640.00,"Ws02","MS  mw 1","KAM","MS","mw1","mw","1","","Ws02","","","","Mountain alder - Pink spirea - Sitka sedge","","",28.00,1/24/2006 0:00:00,,2644.00,"MS  mw 1 /Ws02","","Alnuinc-Careaqu","missing",,0
2641.00,"Ws07","MS  mw 1","KAM","MS","mw1","mw","1","","Ws07","","","","Sxw - Common horsetail - Leafy moss","","",28.00,1/24/2006 0:00:00,,2645.00,"MS  mw 1 /Ws07","Piceene-Equiset-Aulapal","Piceene-Equiset","missing",,0
2642.00,"Wf04","MS  mw 2","KAM","MS","mw2","mw","2","","Wf04","","","","Barclay's willow - Water sedge - Glow moss","","",28.00,1/24/2006 0:00:00,,2648.00,"MS  mw 2 /Wf04","","Salibac-Carex","missing",,0
2643.00,"Fl05","MS  mw 2","KAM","MS","mw2","mw","2","","Fl05","","","","Drummond's willow - Bluejoint","","",28.00,1/24/2006 0:00:00,,2646.00,"MS  mw 2 /Fl05","","Salidru-Calamag","missing",,0
2644.00,"Ws06","MS  mw 2","KAM","MS","mw2","mw","2","","Ws06","","","","Sitka willow - Sitka sedge","","",28.00,1/24/2006 0:00:00,,2650.00,"MS  mw 2 /Ws06","","Salisit-Carex","missing",,0
2645.00,"Wf01","MS  mw 2","KAM","MS","mw2","mw","2","","Wf01","","","","Water sedge - Beaked sedge","","",28.00,1/24/2006 0:00:00,,2647.00,"MS  mw 2 /Wf01","","Careutr","missing",,0
2646.00,"Wm02","MS  mw 2","KAM","MS","mw2","mw","2","","Wm02","","","","Swamp horsetail - Beaked sedge","","",28.00,1/24/2006 0:00:00,,2649.00,"MS  mw 2 /Wm02","","Careutr","missing",,0
2647.00,"Wm01","MS  xk 1","KAM","MS","xk1","xk","1","","Wm01","","","","Beaked sedge - Water sedge","","",28.00,1/24/2006 0:00:00,,2654.00,"MS  xk 1 /Wm01","","Careutr","missing",,0
2648.00,"Wb07","MS  xk 1","KAM","MS","xk1","xk","1","","Wb07","","","","Pl  - Water sedge - Peat-moss","","",28.00,1/24/2006 0:00:00,,2651.00,"MS  xk 1 /Wb07","","Picea-Careaqu-Sphagnu","missing",,0
2649.00,"Wf01","MS  xk 1","KAM","MS","xk1","xk","1","","Wf01","","","","Water sedge - Beaked sedge","","",28.00,1/24/2006 0:00:00,,2652.00,"MS  xk 1 /Wf01","","Careutr","missing",,0
2650.00,"Wf02","MS  xk 1","KAM","MS","xk1","xk","1","","Wf02","","","","Scrub birch - Water sedge","","",28.00,1/24/2006 0:00:00,,2653.00,"MS  xk 1 /Wf02","","Betunan-Saliped-Careaqu","missing",,0
2651.00,"Wm02","MS  xk 1","KAM","MS","xk1","xk","1","","Wm02","","","","Swamp horsetail - Beaked sedge","","",28.00,1/24/2006 0:00:00,,2655.00,"MS  xk 1 /Wm02","","Careutr","missing",,0
2652.00,"Ws04","MS  xk 1","KAM","MS","xk1","xk","1","","Ws04","","","","Drummond's willow - Beaked sedge","","",28.00,1/24/2006 0:00:00,,2656.00,"MS  xk 1 /Ws04","","Salidru-Carex","missing",,0
2653.00,"Wf08","MS  xk 2","KAM","MS","xk2","xk","2","","Wf08","","","","Shore sedge - Buckbean - Hook-moss","","",28.00,1/24/2006 0:00:00,,2660.00,"MS  xk 2 /Wf08","","Carelim-Menytri","missing",,0
2654.00,"Wm01","MS  xk 2","KAM","MS","xk2","xk","2","","Wm01","","","","Beaked sedge - Water sedge","","",28.00,1/24/2006 0:00:00,,2661.00,"MS  xk 2 /Wm01","","Careutr","missing",,0
2655.00,"Wb07","MS  xk 2","KAM","MS","xk2","xk","2","","Wb07","","","","Pl  - Water sedge - Peat-moss","","",28.00,1/24/2006 0:00:00,,2657.00,"MS  xk 2 /Wb07","","Picea-Careaqu-Sphagnu","missing",,0
2656.00,"Ws04","MS  xk 2","KAM","MS","xk2","xk","2","","Ws04","","","","Drummond's willow - Beaked sedge","","",28.00,1/24/2006 0:00:00,,2662.00,"MS  xk 2 /Ws04","","Salidru-Carex","missing",,0
2657.00,"Wf01","MS  xk 2","KAM","MS","xk2","xk","2","","Wf01","","","","Water sedge - Beaked sedge","","",28.00,1/24/2006 0:00:00,,2658.00,"MS  xk 2 /Wf01","","Careutr","missing",,0
2658.00,"Wf02","MS  xk 2","KAM","MS","xk2","xk","2","","Wf02","","","","Scrub birch - Water sedge","","",28.00,1/24/2006 0:00:00,,2659.00,"MS  xk 2 /Wf02","","Betunan-Saliped-Careaqu","missing",,0
2659.00,"Wf04","MS  xk 3","KAM","MS","xk3","xk","3","","Wf04","","","","Barclay's willow - Water sedge - Glow moss","","",28.00,1/24/2006 0:00:00,,2663.00,"MS  xk 3 /Wf04","","Salibac-Carex","missing",,0
2660.00,"Wf12","MS  xk 3","KAM","MS","xk3","xk","3","","Wf12","","","","Narrow-leaved cotton-grass - Marsh-marigold","","",28.00,1/24/2006 0:00:00,,2664.00,"MS  xk 3 /Wf12","","Erioang-Caltlep-Sphagnu","missing",,0
2661.00,"Wm01","MS  xk 3","KAM","MS","xk3","xk","3","","Wm01","","","","Beaked sedge - Water sedge","","",28.00,1/24/2006 0:00:00,,2665.00,"MS  xk 3 /Wm01","","Careutr","missing",,0
2662.00,"Wm09","MS  xv","KAM","MS","xv","xv","","","Wm09","","","","Inflated sedge","","",28.00,1/24/2006 0:00:00,,2676.00,"MS  xv   /Wm09","","Careexs","missing",,0
2663.00,"Wm01","MS  xv","KAM","MS","xv","xv","","","Wm01","","","","Beaked sedge - Water sedge","","",28.00,1/24/2006 0:00:00,,2674.00,"MS  xv   /Wm01","","Careutr","missing",,0
2664.00,"Wf08","MS  xv","KAM","MS","xv","xv","","","Wf08","","","","Shore sedge - Buckbean - Hook-moss","","",28.00,1/24/2006 0:00:00,,2671.00,"MS  xv   /Wf08","","Carelim-Menytri","missing",,0
2665.00,"Wf02","MS  xv","KAM","MS","xv","xv","","","Wf02","","","","Scrub birch - Water sedge","","",28.00,1/24/2006 0:00:00,,2670.00,"MS  xv   /Wf02","","Betunan-Saliped-Careaqu","missing",,0
2666.00,"Wf01","MS  xv","KAM","MS","xv","xv","","","Wf01","","","","Water sedge - Beaked sedge","","",28.00,1/24/2006 0:00:00,,2669.00,"MS  xv   /Wf01","","Careutr","missing",,0
2667.00,"Sc01","MS  xv","KAM","MS","xv","xv","","","Sc01","","","","Scrub birch - Kinnikinnick","","",28.00,1/24/2006 0:00:00,,2668.00,"MS  xv   /Sc01","","Salibac","missing",,0
2668.00,"Fl01","MS  xv","KAM","MS","xv","xv","","","Fl01","","","","Mountain alder - Common horsetail","","",28.00,1/24/2006 0:00:00,,2667.00,"MS  xv   /Fl01","","Alnuinc-Equiset","missing",,0
2669.00,"Wf14","MS  xv","KAM","MS","xv","xv","","","Wf14","","","","Tea-leaved willow - Water sedge - Glow moss","","",28.00,1/24/2006 0:00:00,,2673.00,"MS  xv   /Wf14","","Salipla-Carex","missing",,0
2670.00,"Wm10","MS  xv","KAM","MS","xv","xv","","","Wm10","","","","Northern mannagrass","","",28.00,1/24/2006 0:00:00,,2677.00,"MS  xv   /Wm10","","Glycbor","missing",,0
2671.00,"Wm13","MS  xv","KAM","MS","xv","xv","","","Wm13","","","","Seaside arrow-grass","","",28.00,1/24/2006 0:00:00,,2678.00,"MS  xv   /Wm13","","Trigmar","missing",,0
2672.00,"Wm02","MS  xv","KAM","MS","xv","xv","","","Wm02","","","","Swamp horsetail - Beaked sedge","","",28.00,1/24/2006 0:00:00,,2675.00,"MS  xv   /Wm02","","Careutr","missing",,0
2673.00,"Wf09","MS  xv","KAM","MS","xv","xv","","","Wf09","","","","Few-flowered spike-rush - Hook-moss","","",28.00,1/24/2006 0:00:00,,2672.00,"MS  xv   /Wf09","","Eleoqui-Drepano","missing",,0
2674.00,"10","MS  xv","KAM","MS","xv","xv","","","10","","","","Sb - Soft-leaved sedge - Peat-moss","","",28.00,1/24/2006 0:00:00,,2666.00,"MS  xv   /10","Piceene-Equiset-Aulapal","Piceene-Equiset","missing",,0
2675.00,"Wm06","PP  xh 1","KAM","PP","xh1","xh","1","","Wm06","","","","Great bulrush","","",28.00,1/24/2006 0:00:00,,2681.00,"PP  xh 1 /Wm06","","Scirlac","missing",,0
2676.00,"Wm05","PP  xh 1","KAM","PP","xh1","xh","1","","Wm05","","","","Cattail","","",28.00,1/24/2006 0:00:00,,2680.00,"PP  xh 1 /Wm05","","Typhlat","missing",,0
2677.00,"Wm01","PP  xh 1","KAM","PP","xh1","xh","1","","Wm01","","","","Beaked sedge - Water sedge","","",28.00,1/24/2006 0:00:00,,2679.00,"PP  xh 1 /Wm01","","Careutr","missing",,0
2678.00,"Wm07","PP  xh 1","KAM","PP","xh1","xh","1","","Wm07","","","","Baltic rush","","",28.00,1/24/2006 0:00:00,,2682.00,"PP  xh 1 /Wm07","","Juncbal-Carepre","missing",,0
2679.00,"Wm08","PP  xh 2","KAM","PP","xh2","xh","2","","Wm08","","","","Sharp bulrush","","",28.00,1/24/2006 0:00:00,,2685.00,"PP  xh 2 /Wm08","","Schoame","missing",,0
2680.00,"Wm12","PP  xh 2","KAM","PP","xh2","xh","2","","Wm12","","","","Woolly sedge","","",28.00,1/24/2006 0:00:00,,2687.00,"PP  xh 2 /Wm12","","Carelan","missing",,0
2681.00,"Wm11","PP  xh 2","KAM","PP","xh2","xh","2","","Wm11","","","","Seacoast bulrush","","",28.00,1/24/2006 0:00:00,,2686.00,"PP  xh 2 /Wm11","","Bolbmar","missing",,0
2682.00,"Gs01","PP  xh 2","KAM","PP","xh2","xh","2","","Gs01","","","","Alkali saltgrass","","",28.00,1/24/2006 0:00:00,,2683.00,"PP  xh 2 /Gs01","","Distspi","missing",,0
2683.00,"Wm06","PP  xh 2","KAM","PP","xh2","xh","2","","Wm06","","","","Great bulrush","","",28.00,1/24/2006 0:00:00,,2684.00,"PP  xh 2 /Wm06","","Scirlac","missing",,0
2684.00,"Ws05","SBPSmk","KAM","SBPS","mk","mk","","","Ws05","","","","Maccalla's willow - Beaked sedge","","",28.00,1/24/2006 0:00:00,,2693.00,"SBPSmk   /Ws05","","Salimac-Careutr","missing",,0
2685.00,"Wf02","SBPSmk","KAM","SBPS","mk","mk","","","Wf02","","","","Scrub birch - Water sedge","","",28.00,1/24/2006 0:00:00,,2688.00,"SBPSmk   /Wf02","","Betunan-Saliped-Careaqu","missing",,0
2686.00,"Wf05","SBPSmk","KAM","SBPS","mk","mk","","","Wf05","","","","Slender sedge - Common hook-moss","","",28.00,1/24/2006 0:00:00,,2689.00,"SBPSmk   /Wf05","","Carelas-Drepano","missing",,0
2687.00,"Wm02","SBPSmk","KAM","SBPS","mk","mk","","","Wm02","","","","Swamp horsetail - Beaked sedge","","",28.00,1/24/2006 0:00:00,,2690.00,"SBPSmk   /Wm02","","Careutr","missing",,0
2688.00,"Wm06","SBPSmk","KAM","SBPS","mk","mk","","","Wm06","","","","Great bulrush","","",28.00,1/24/2006 0:00:00,,2691.00,"SBPSmk   /Wm06","","Scirlac","missing",,0
2689.00,"Ws04","SBPSmk","KAM","SBPS","mk","mk","","","Ws04","","","","Drummond's willow - Beaked sedge","","",28.00,1/24/2006 0:00:00,,2692.00,"SBPSmk   /Ws04","","Salidru-Carex","missing",,0
2690.00,"Ws05","SBS dh 1","KAM","SBS","dh1","dh","1","","Ws05","","","","Maccalla's willow - Beaked sedge","","",28.00,1/24/2006 0:00:00,,2694.00,"SBS dh 1 /Ws05","","Salimac-Careutr","missing",,0
2691.00,"Wf02","SBS dw 1","KAM","SBS","dw1","dw","1","","Wf02","","","","Scrub birch - Water sedge","","",28.00,1/24/2006 0:00:00,,2695.00,"SBS dw 1 /Wf02","","Betunan-Saliped-Careaqu","missing",,0
2692.00,"Wm01","SBS dw 1","KAM","SBS","dw1","dw","1","","Wm01","","","","Beaked sedge - Water sedge","","",28.00,1/24/2006 0:00:00,,2696.00,"SBS dw 1 /Wm01","","Careutr","missing",,0
2693.00,"Wf02","SBS mm","KAM","SBS","mm","mm","","","Wf02","","","","Scrub birch - Water sedge","","",28.00,1/24/2006 0:00:00,,2698.00,"SBS mm   /Wf02","","Betunan-Saliped-Careaqu","missing",,0
2694.00,"10","SBS mm","KAM","SBS","mm","mm","","","10","","","","Sb - Water sedge - Peat-moss","","",28.00,1/24/2006 0:00:00,,2697.00,"SBS mm   /10","","","missing",,0
2695.00,"Wf14","ESSFdc 1","NEL","ESSF","dc1","dc","1","","Wf14","","","","Tea-leaved willow - Water sedge - Glow moss","","",28.00,1/24/2006 0:00:00,,2703.00,"ESSFdc 1 /Wf14","","Salipla-Carex","missing",,0
2696.00,"Wm09","ESSFdc 1","NEL","ESSF","dc1","dc","1","","Wm09","","","","Inflated sedge","","",28.00,1/24/2006 0:00:00,,2704.00,"ESSFdc 1 /Wm09","","Careexs","missing",,0
2697.00,"Wf02","ESSFdc 1","NEL","ESSF","dc1","dc","1","","Wf02","","","","Scrub birch - Water sedge","","",28.00,1/24/2006 0:00:00,,2699.00,"ESSFdc 1 /Wf02","","Betunan-Saliped-Careaqu","missing",,0
2698.00,"Wf13","ESSFdc 1","NEL","ESSF","dc1","dc","1","","Wf13","","","","Narrow-leaved cotton-grass - Shore sedge","","",28.00,1/24/2006 0:00:00,,2702.00,"ESSFdc 1 /Wf13","","Erioang-Caltlep-Sphagnu","missing",,0
2699.00,"Wf12","ESSFdc 1","NEL","ESSF","dc1","dc","1","","Wf12","","","","Narrow-leaved cotton-grass - Marsh-marigold","","",28.00,1/24/2006 0:00:00,,2701.00,"ESSFdc 1 /Wf12","","Erioang-Caltlep-Sphagnu","missing",,0
2700.00,"Wf11","ESSFdc 1","NEL","ESSF","dc1","dc","1","","Wf11","","","","Tufted clubrush - Star moss","","",28.00,1/24/2006 0:00:00,,2700.00,"ESSFdc 1 /Wf11","","Tricces-Campste","missing",,0
2701.00,"03","ESSFdm","NEL","ESSF","dm","dm","","","03","","","","BlPl - Huckleberry - Grouseberry","","",30.00,1/24/2006 0:00:00,,2709.00,"ESSFdm   /03","","","missing",,0
2702.00,"62","ESSFdm","NEL","ESSF","dm","dm","","","62","","","","Huckleberry - Subalpine daisy","","",30.00,1/24/2006 0:00:00,,2713.00,"ESSFdm   /62","","","missing",,0
2703.00,"06","ESSFdm","NEL","ESSF","dm","dm","","","06","","","","Bl - Azalea - Horsetail","","",30.00,1/24/2006 0:00:00,,2712.00,"ESSFdm   /06","Abielas-Equiset","Abielas-Equiset","missing",,0
2704.00,"05","ESSFdm","NEL","ESSF","dm","dm","","","05","","","","Bl - Azalea - Arnica","","",30.00,1/24/2006 0:00:00,,2711.00,"ESSFdm   /05","Abielas-Menzfer-Gymndry","Abielas-Gymndry","missing",,0
2705.00,"04","ESSFdm","NEL","ESSF","dm","dm","","","04","","","","Bl - Foamflower - Beargrass","","",30.00,1/24/2006 0:00:00,,2710.00,"ESSFdm   /04","Abielas-Menzfer-Vaccmem","Abielas-Menzfer-Vaccmem","missing",,0
2706.00,"72","ESSFdm","NEL","ESSF","dm","dm","","","72","","","","Idaho fescue - Haircap moss","","",30.00,1/24/2006 0:00:00,,2714.00,"ESSFdm   /72","","BlPa - Xerophyllum","missing",,0
2707.00,"73","ESSFdm","NEL","ESSF","dm","dm","","","73","","","","Huckleberry - Pinegrass","","",30.00,1/24/2006 0:00:00,,2715.00,"ESSFdm   /73","","","missing",,0
2708.00,"02","ESSFdm","NEL","ESSF","dm","dm","","","02","","","","BlPl - Spirea - Hawkweed","","",30.00,1/24/2006 0:00:00,,2708.00,"ESSFdm   /02","Abielas-Vaccmem","Abielas-Vaccmem","missing",,0
2709.00,"01","ESSFdm","NEL","ESSF","dm","dm","","","01","","","","Bl - Azalea - Beargrass","","",30.00,1/24/2006 0:00:00,,2707.00,"ESSFdm   /01","","","missing",,0
2710.00,"04","ESSFmm 1","NEL","ESSF","mm1","mm","1","","04","","","","Bl - Azalea - Rhododendron","","",13.00,1/24/2006 0:00:00,,2719.00,"ESSFmm 1 /04","Abielas-Menzfer-Vaccmem","Abielas-Menzfer-Vaccmem","missing",,0
2711.00,"03","ESSFmm 1","NEL","ESSF","mm1","mm","1","","03","","","","BlPl - Cladina","","",13.00,1/24/2006 0:00:00,,2718.00,"ESSFmm 1 /03","Abielas-Cladoni","Abielas-Cladoni","missing",,0
2712.00,"06","ESSFmm 1","NEL","ESSF","mm1","mm","1","","06","","","","Bl - Devil's club - Lady fern","","",13.00,1/24/2006 0:00:00,,2721.00,"ESSFmm 1 /06","","Abielas-Oplohor","missing",,0
2713.00,"05","ESSFmm 1","NEL","ESSF","mm1","mm","1","","05","","","","Bl - Oak fern - Bramble","","",13.00,1/24/2006 0:00:00,,2720.00,"ESSFmm 1 /05","Abielas-Menzfer-Gymndry","Abielas-Gymndry","missing",,0
2714.00,"07","ESSFmm 1","NEL","ESSF","mm1","mm","1","","07","","","","Bl - Labrador tea - Horsetail","","",13.00,1/24/2006 0:00:00,,2722.00,"ESSFmm 1 /07","","","missing",,0
2715.00,"01","ESSFmm 1","NEL","ESSF","mm1","mm","1","","01","","","","Bl - Azalea - Gooseberry","","",13.00,1/24/2006 0:00:00,,2716.00,"ESSFmm 1 /01","Abielas-Menzfer-Vaccmem","Abielas-Menzfer-Vaccmem","missing",,0
2716.00,"02","ESSFmm 1","NEL","ESSF","mm1","mm","1","","02","","","","Bl - Huckleberry - Feathermoss","","",13.00,1/24/2006 0:00:00,,2717.00,"ESSFmm 1 /02","Abielas-Vaccmem-Pleusch","Abielas-Vaccmem","missing",,0
2717.00,"Wf01","ESSFwc 1","NEL","ESSF","wc1","wc","1","","Wf01","","","","Water sedge - Beaked sedge","","",28.00,1/24/2006 0:00:00,,2723.00,"ESSFwc 1 /Wf01","","Careutr","missing",,0
2718.00,"Wf11","ESSFwc 2","NEL","ESSF","wc2","wc","2","","Wf11","","","","Tufted clubrush - Star moss","","",28.00,1/24/2006 0:00:00,,2725.00,"ESSFwc 2 /Wf11","","Tricces-Campste","missing",,0
2719.00,"Wf13","ESSFwc 2","NEL","ESSF","wc2","wc","2","","Wf13","","","","Narrow-leaved cotton-grass - Shore sedge","","",28.00,1/24/2006 0:00:00,,2726.00,"ESSFwc 2 /Wf13","","Erioang-Caltlep-Sphagnu","missing",,0
2720.00,"Wf04","ESSFwc 2","NEL","ESSF","wc2","wc","2","","Wf04","","","","Barclay's willow - Water sedge - Glow moss","","",28.00,1/24/2006 0:00:00,,2724.00,"ESSFwc 2 /Wf04","","Salibac-Carex","missing",,0
2721.00,"Wf12","ESSFwc 4","NEL","ESSF","wc4","wc","4","","Wf12","","","","Narrow-leaved cotton-grass - Marsh-marigold","","",28.00,1/24/2006 0:00:00,,2727.00,"ESSFwc 4 /Wf12","","Erioang-Caltlep-Sphagnu","missing",,0
2722.00,"01","ICH dm","NEL","ICH","dm","dm","","","01","","","MS","$HwCw - Azalea - Feathermoss","","",30.00,1/24/2006 0:00:00,,2729.00,"ICH dm   /01-MS","","Tsughet-Thujpli-Paximyr","missing",,0
2723.00,"06","ICH dm","NEL","ICH","dm","dm","","","06","","","","SxwCw - Thimbleberry - Meadowrue","","",30.00,1/24/2006 0:00:00,,2734.00,"ICH dm   /06","Thujpli-Piceene-Abielas-Paximyr","Thujpli-Piceene-Rubupar","missing",,0
2724.00,"03","ICH dm","NEL","ICH","dm","dm","","","03","","","","PlLw - Bilberry - Pinegrass","","",30.00,1/24/2006 0:00:00,,2731.00,"ICH dm   /03","Pinucon-Calarub","Pinucon-Calarub","missing",,0
2725.00,"04","ICH dm","NEL","ICH","dm","dm","","","04","","","","CwHwBl - Oak fern","","",30.00,1/24/2006 0:00:00,,2732.00,"ICH dm   /04","","Thujpli-Tsughet-Gymndry","missing",,0
2726.00,"02","ICH dm","NEL","ICH","dm","dm","","","02","","","","Fd - Bluebunch wheatgrass - Kinnikinnick","","",30.00,1/24/2006 0:00:00,,2730.00,"ICH dm   /02","Pseumen-Pseuspi","Pseumen-Pseuspi","missing",,0
2727.00,"01","ICH dm","NEL","ICH","dm","dm","","","01","","","","HwCw - Azalea - Feathermoss","","",30.00,1/24/2006 0:00:00,,2728.00,"ICH dm   /01","","Tsughet-Thujpli-Hylospl","missing",,0
2728.00,"05","ICH dm","NEL","ICH","dm","dm","","","05","","","","CwHw - Devil's club - Lady fern","","",30.00,1/24/2006 0:00:00,,2733.00,"ICH dm   /05","Tsughet-Thujpli-Oplohor","Thujpli-Tsughet-Oplohor","missing",,0
2729.00,"01","ICH dw 2","NEL","ICH","dw2","dw","2","","01","","","","CwFd - Falsebox","","",30.00,1/24/2006 0:00:00,,2735.00,"ICH dw 2 /01","","Tsughet-Thujpli-Paximyr","missing",,0
2730.00,"05","ICH dw 2","NEL","ICH","dw2","dw","2","","05","","","","CwSxw - Oak fern","","",30.00,1/24/2006 0:00:00,,2739.00,"ICH dw 2 /05","","Thujpli-Piceene-Gymndry","missing",,0
2731.00,"03","ICH dw 2","NEL","ICH","dw2","dw","2","","03","","","","FdPl - Falsebox - Oregon-grape - Pinegrass","","",30.00,1/24/2006 0:00:00,,2737.00,"ICH dw 2 /03","Pseumen-Paximyr-Calarub","Pseumen-Calarub","missing",,0
2732.00,"02","ICH dw 2","NEL","ICH","dw2","dw","2","","02","","","","FdPl - Falsebox - Pinegrass - Kinnikinnick","","",30.00,1/24/2006 0:00:00,,2736.00,"ICH dw 2 /02","Pseumen-Paximyr-Calarub","Pseumen-Calarub","missing",,0
2733.00,"72","ICH dw 2","NEL","ICH","dw2","dw","2","","72","","","","Poverty oatgrass - Rock-moss","","",30.00,1/24/2006 0:00:00,,2741.00,"ICH dw 2 /72","","","missing",,0
2734.00,"06","ICH dw 2","NEL","ICH","dw2","dw","2","","06","","","","Cw - Devil's club - Oak fern","","",30.00,1/24/2006 0:00:00,,2740.00,"ICH dw 2 /06","Thujpli-Oplohor","Thujpli-Tsughet-Oplohor","missing",,0
2735.00,"04","ICH dw 2","NEL","ICH","dw2","dw","2","","04","","","","CwSxw - Sarsaparilla - Ginger","","",30.00,1/24/2006 0:00:00,,2738.00,"ICH dw 2 /04","Thujpli-Piceene-Paximyr","Thujpli-Piceene-Rubupar","missing",,0
2736.00,"Wf05","ICH mw 1","NEL","ICH","mw1","mw","1","","Wf05","","","","Slender sedge - Common hook-moss","","",28.00,1/24/2006 0:00:00,,2742.00,"ICH mw 1 /Wf05","","Carelas-Drepano","missing",,0
2737.00,"Wf11","ICH mw 1","NEL","ICH","mw1","mw","1","","Wf11","","","","Tufted clubrush - Star moss","","",28.00,1/24/2006 0:00:00,,2743.00,"ICH mw 1 /Wf11","","Tricces-Campste","missing",,0
2738.00,"Wf11","ICH mw 3","NEL","ICH","mw3","mw","3","","Wf11","","","","Tufted clubrush - Star moss","","",28.00,1/24/2006 0:00:00,,2746.00,"ICH mw 3 /Wf11","","Tricces-Campste","missing",,0
2739.00,"Wm09","ICH mw 3","NEL","ICH","mw3","mw","3","","Wm09","","","","Inflated sedge","","",28.00,1/24/2006 0:00:00,,2748.00,"ICH mw 3 /Wm09","","Careexs","missing",,0
2740.00,"Wf05","ICH mw 3","NEL","ICH","mw3","mw","3","","Wf05","","","","Slender sedge - Common hook-moss","","",28.00,1/24/2006 0:00:00,,2745.00,"ICH mw 3 /Wf05","","Carelas-Drepano","missing",,0
2741.00,"10","ICH mw 3","NEL","ICH","mw3","mw","3","","10","","","","Sb - Buckbean - Peat-moss","","",28.00,1/24/2006 0:00:00,,2744.00,"ICH mw 3 /10","","Thujpli-Tsughet-Equiset","missing",,0
2742.00,"Wm02","ICH mw 3","NEL","ICH","mw3","mw","3","","Wm02","","","","Swamp horsetail - Beaked sedge","","",28.00,1/24/2006 0:00:00,,2747.00,"ICH mw 3 /Wm02","","Careutr","missing",,0
2743.00,"Ws06","ICH vk 1","NEL","ICH","vk1","vk","1","","Ws06","","","","Sitka willow - Sitka sedge","","",28.00,1/24/2006 0:00:00,,2752.00,"ICH vk 1 /Ws06","","Salisit-Carex","missing",,0
2744.00,"Wf11","ICH vk 1","NEL","ICH","vk1","vk","1","","Wf11","","","","Tufted clubrush - Star moss","","",28.00,1/24/2006 0:00:00,,2751.00,"ICH vk 1 /Wf11","","Tricces-Campste","missing",,0
2745.00,"Fl01","ICH vk 1","NEL","ICH","vk1","vk","1","","Fl01","","","","Mountain alder - Common horsetail","","",28.00,1/24/2006 0:00:00,,2749.00,"ICH vk 1 /Fl01","","Alnuinc-Equiset","missing",,0
2746.00,"Wf05","ICH vk 1","NEL","ICH","vk1","vk","1","","Wf05","","","","Slender sedge - Common hook-moss","","",28.00,1/24/2006 0:00:00,,2750.00,"ICH vk 1 /Wf05","","Carelas-Drepano","missing",,0
2747.00,"Fl02","ICH wk 1","NEL","ICH","wk1","wk","1","","Fl02","","","","Mountain alder - Red-osier dogwood - Horsetail","","",28.00,1/24/2006 0:00:00,,2753.00,"ICH wk 1 /Fl02","","Alnuinc-Athyfil-Mattstr","missing",,0
2748.00,"Ws02","ICH wk 1","NEL","ICH","wk1","wk","1","","Ws02","","","","Mountain alder - Pink spirea - Sitka sedge","","",28.00,1/24/2006 0:00:00,,2760.00,"ICH wk 1 /Ws02","","Alnuinc-Careaqu","missing",,0
2749.00,"Wm51","ICH wk 1","NEL","ICH","wk1","wk","1","","Wm51","","","","Three-way sedge","","",28.00,1/24/2006 0:00:00,,2759.00,"ICH wk 1 /Wm51","","Duliaru","missing",,0
2750.00,"Wm01","ICH wk 1","NEL","ICH","wk1","wk","1","","Wm01","","","","Beaked sedge - Water sedge","","",28.00,1/24/2006 0:00:00,,2756.00,"ICH wk 1 /Wm01","","Careutr","missing",,0
2751.00,"Wm06","ICH wk 1","NEL","ICH","wk1","wk","1","","Wm06","","","","Great bulrush","","",28.00,1/24/2006 0:00:00,,2757.00,"ICH wk 1 /Wm06","","Scirlac","missing",,0
2752.00,"Wf05","ICH wk 1","NEL","ICH","wk1","wk","1","","Wf05","","","","Slender sedge - Common hook-moss","","",28.00,1/24/2006 0:00:00,,2754.00,"ICH wk 1 /Wf05","","Carelas-Drepano","missing",,0
2753.00,"Wf06","ICH wk 1","NEL","ICH","wk1","wk","1","","Wf06","","","","Slender sedge - Buckbean","","",28.00,1/24/2006 0:00:00,,2755.00,"ICH wk 1 /Wf06","","Carelas-Drepano","missing",,0
2754.00,"Wm09","ICH wk 1","NEL","ICH","wk1","wk","1","","Wm09","","","","Inflated sedge","","",28.00,1/24/2006 0:00:00,,2758.00,"ICH wk 1 /Wm09","","Careexs","missing",,0
2755.00,"01","ICH xw","NEL","ICH","xw","xw","","","01","","","","Hw - Snowberry - Mock-orange","Tsughet-Sympalb-Phillew","",27.00,1/24/2006 0:00:00,,2761.00,"ICH xw   /01","","Thujpli-Pseumen-Sympalb","missing",,0
2756.00,"Wm14","IDF dm 2","NEL","IDF","dm2","dm","2","","Wm14","","","","Common reed","","",28.00,1/24/2006 0:00:00,,2767.00,"IDF dm 2 /Wm14","","","missing",,0
2757.00,"Wm05","IDF dm 2","NEL","IDF","dm2","dm","2","","Wm05","","","","Cattail","","",28.00,1/24/2006 0:00:00,,2765.00,"IDF dm 2 /Wm05","","Typhlat","missing",,0
2758.00,"Wf02","IDF dm 2","NEL","IDF","dm2","dm","2","","Wf02","","","","Scrub birch - Water sedge","","",28.00,1/24/2006 0:00:00,,2762.00,"IDF dm 2 /Wf02","","Betunan-Saliped-Careaqu","missing",,0
2759.00,"Wm02","IDF dm 2","NEL","IDF","dm2","dm","2","","Wm02","","","","Swamp horsetail - Beaked sedge","","",28.00,1/24/2006 0:00:00,,2764.00,"IDF dm 2 /Wm02","","Careutr","missing",,0
2760.00,"Wf05","IDF dm 2","NEL","IDF","dm2","dm","2","","Wf05","","","","Slender sedge - Common hook-moss","","",28.00,1/24/2006 0:00:00,,2763.00,"IDF dm 2 /Wf05","","Carelas-Drepano","missing",,0
2761.00,"Wm06","IDF dm 2","NEL","IDF","dm2","dm","2","","Wm06","","","","Great bulrush","","",28.00,1/24/2006 0:00:00,,2766.00,"IDF dm 2 /Wm06","","Scirlac","missing",,0
2762.00,"05","IDF xh 4","NEL","IDF","xh4","xh","4","","05","","","","Sxw - Snowberry - Oak fern","","",30.00,1/24/2006 0:00:00,,2772.00,"IDF xh 4 /05","Piceene-Pseumen-Acergla-Sympalb","Piceene-Pseumen-Ribelac","missing",,0
2763.00,"02","IDF xh 4","NEL","IDF","xh4","xh","4","","02","","","","FdPy - Pinegrass - Penstemon","","",30.00,1/24/2006 0:00:00,,2769.00,"IDF xh 4 /02","Pseumen-Pinupon-Calarub","Pseumen-Pinupon-Calarub","missing",,0
2764.00,"01","IDF xh 4","NEL","IDF","xh4","xh","4","","01","","","","FdPy - Pinegrass","","",30.00,1/24/2006 0:00:00,,2768.00,"IDF xh 4 /01","Pseumen-Pinupon-Calarub","Pseumen-Pinupon-Calarub","missing",,0
2765.00,"03","IDF xh 4","NEL","IDF","xh4","xh","4","","03","","","","FdLw - Douglas maple - Twinflower","","",30.00,1/24/2006 0:00:00,,2770.00,"IDF xh 4 /03","Pseumen-Acergla-Sympalb","Pseumen-Acergla-Sympalb","missing",,0
2766.00,"06","IDF xh 4","NEL","IDF","xh4","xh","4","","06","","","","Act - Snowberry - Rose","","",30.00,1/24/2006 0:00:00,,2773.00,"IDF xh 4 /06","","Popubal-Alnuinc-Equiset","missing",,0
2767.00,"04","IDF xh 4","NEL","IDF","xh4","xh","4","","04","","","","SxwFd - Snowberry - Sarsaparilla","","",30.00,1/24/2006 0:00:00,,2771.00,"IDF xh 4 /04","Piceene-Pseumen-Acergla-Sympalb","Piceene-Pseumen-Ribelac","missing",,0
2768.00,"82","IDF xh 4","NEL","IDF","xh4","xh","4","","82","","","","Bluebunch wheatgrass - Junegrass","","",30.00,1/24/2006 0:00:00,,2776.00,"IDF xh 4 /82","","Pseuspi","missing",,0
2769.00,"52","IDF xh 4","NEL","IDF","xh4","xh","4","","52","","","","Snowberry - Bluebunch wheatgrass","","",30.00,1/24/2006 0:00:00,,2774.00,"IDF xh 4 /52","","Sympalb-Amelaln","missing",,0
2770.00,"72","IDF xh 4","NEL","IDF","xh4","xh","4","","72","","","","Bluebunch wheatgrass - Selaginella","","",30.00,1/24/2006 0:00:00,,2775.00,"IDF xh 4 /72","","","missing",,0
2771.00,"Wf05","MS  dk","NEL","MS","dk","dk","","","Wf05","","","","Slender sedge - Common hook-moss","","",28.00,1/24/2006 0:00:00,,2780.00,"MS  dk   /Wf05","","","missing",,0
2772.00,"08","MS  dk","NEL","MS","dk","dk","","","08","","","","Sb - Water sedge - Peat-moss","","",28.00,1/24/2006 0:00:00,,2777.00,"MS  dk   /08","","","missing",,0
2773.00,"Fl05","MS  dk","NEL","MS","dk","dk","","","Fl05","","","","Drummond's willow - Bluejoint","","",28.00,1/24/2006 0:00:00,,2778.00,"MS  dk   /Fl05","","","missing",,0
2774.00,"Wf02","MS  dk","NEL","MS","dk","dk","","","Wf02","","","","Scrub birch - Water sedge","","",28.00,1/24/2006 0:00:00,,2779.00,"MS  dk   /Wf02","","","missing",,0
2775.00,"Wm06","MS  dk","NEL","MS","dk","dk","","","Wm06","","","","Great bulrush","","",28.00,1/24/2006 0:00:00,,2782.00,"MS  dk   /Wm06","","","missing",,0
2776.00,"Ws04","MS  dk","NEL","MS","dk","dk","","","Ws04","","","","Drummond's willow - Beaked sedge","","",28.00,1/24/2006 0:00:00,,2783.00,"MS  dk   /Ws04","","","missing",,0
2777.00,"Wm01","MS  dk","NEL","MS","dk","dk","","","Wm01","","","","Beaked sedge - Water sedge","","",28.00,1/24/2006 0:00:00,,2781.00,"MS  dk   /Wm01","","","missing",,0
2778.00,"Ws05","MS  dm 1","NEL","MS","dm1","dm","1","","Ws05","","","","Maccalla's willow - Beaked sedge","","",28.00,1/24/2006 0:00:00,,2792.00,"MS  dm 1 /Ws05","","Salimac-Careutr","missing",,0
2779.00,"Wf05","MS  dm 1","NEL","MS","dm1","dm","1","","Wf05","","","","Slender sedge - Common hook-moss","","",28.00,1/24/2006 0:00:00,,2787.00,"MS  dm 1 /Wf05","","Carelas-Drepano","missing",,0
2780.00,"Ws06","MS  dm 1","NEL","MS","dm1","dm","1","","Ws06","","","","Sitka willow - Sitka sedge","","",28.00,1/24/2006 0:00:00,,2793.00,"MS  dm 1 /Ws06","","Salisit-Carex","missing",,0
2781.00,"Ws02","MS  dm 1","NEL","MS","dm1","dm","1","","Ws02","","","","Mountain alder - Pink spirea - Sitka sedge","","",28.00,1/24/2006 0:00:00,,2791.00,"MS  dm 1 /Ws02","","Alnuinc-Careaqu","missing",,0
2782.00,"Wm01","MS  dm 1","NEL","MS","dm1","dm","1","","Wm01","","","","Beaked sedge - Water sedge","","",28.00,1/24/2006 0:00:00,,2790.00,"MS  dm 1 /Wm01","","Careutr","missing",,0
2783.00,"Wf13","MS  dm 1","NEL","MS","dm1","dm","1","","Wf13","","","","Narrow-leaved cotton-grass - Shore sedge","","",28.00,1/24/2006 0:00:00,,2789.00,"MS  dm 1 /Wf13","","Erioang-Caltlep-Sphagnu","missing",,0
2784.00,"Wf02","MS  dm 1","NEL","MS","dm1","dm","1","","Wf02","","","","Scrub birch - Water sedge","","",28.00,1/24/2006 0:00:00,,2786.00,"MS  dm 1 /Wf02","","Betunan-Saliped-Careaqu","missing",,0
2785.00,"Fl05","MS  dm 1","NEL","MS","dm1","dm","1","","Fl05","","","","Drummond's willow - Bluejoint","","",28.00,1/24/2006 0:00:00,,2784.00,"MS  dm 1 /Fl05","","Salidru-Calamag","missing",,0
2786.00,"Wf12","MS  dm 1","NEL","MS","dm1","dm","1","","Wf12","","","","Narrow-leaved cotton-grass - Marsh-marigold","","",28.00,1/24/2006 0:00:00,,2788.00,"MS  dm 1 /Wf12","","Erioang-Caltlep-Sphagnu","missing",,0
2787.00,"Wf01","MS  dm 1","NEL","MS","dm1","dm","1","","Wf01","","","","Water sedge - Beaked sedge","","",28.00,1/24/2006 0:00:00,,2785.00,"MS  dm 1 /Wf01","","Careutr","missing",,0
2788.00,"07","PP  dh 1","NEL","PP","dh1","dh","1","","07","","","","Act - Snowberry - Rose","","",28.00,1/24/2006 0:00:00,,2794.00,"PP  dh 1 /07","","","missing",,0
2809.00,"Wm01","ESSFmc","PG","ESSF","mc","mc","","","Wm01","","","","Beaked sedge - Water sedge","","",28.00,1/24/2006 0:00:00,,2822.00,"ESSFmc   /Wm01","","Careutr","missing",,0
2810.00,"11","ESSFmc","PG","ESSF","mc","mc","","","11","","","","Pl - Few-flowered sedge - Peat-moss","","",28.00,1/24/2006 0:00:00,,2815.00,"ESSFmc   /11","","","missing",,0
2811.00,"Wf01","ESSFmc","PG","ESSF","mc","mc","","","Wf01","","","","Water sedge - Beaked sedge","","",28.00,1/24/2006 0:00:00,,2816.00,"ESSFmc   /Wf01","","Careutr","missing",,0
2812.00,"Wf03","ESSFmc","PG","ESSF","mc","mc","","","Wf03","","","","Water sedge - Peat-moss","","",28.00,1/24/2006 0:00:00,,2817.00,"ESSFmc   /Wf03","","Careaqu-Sphagnu","missing",,0
2813.00,"Wf13","ESSFmc","PG","ESSF","mc","mc","","","Wf13","","","","Narrow-leaved cotton-grass - Shore sedge","","",28.00,1/24/2006 0:00:00,,2821.00,"ESSFmc   /Wf13","","Erioang-Caltlep-Sphagnu","missing",,0
2814.00,"Wf04","ESSFmc","PG","ESSF","mc","mc","","","Wf04","","","","Barclay's willow - Water sedge - Glow moss","","",28.00,1/24/2006 0:00:00,,2818.00,"ESSFmc   /Wf04","","Salibac-Carex","missing",,0
2815.00,"Wf09","ESSFmc","PG","ESSF","mc","mc","","","Wf09","","","","Few-flowered spike-rush - Hook-moss","","",28.00,1/24/2006 0:00:00,,2819.00,"ESSFmc   /Wf09","","Eleoqui-Drepano","missing",,0
2816.00,"Wf12","ESSFmc","PG","ESSF","mc","mc","","","Wf12","","","","Narrow-leaved cotton-grass - Marsh-marigold","","",28.00,1/24/2006 0:00:00,,2820.00,"ESSFmc   /Wf12","","Erioang-Caltlep-Sphagnu","missing",,0
2817.00,"Wf02","ESSFmv 2","PG","ESSF","mv2","mv","2","","Wf02","","","","Scrub birch - Water sedge","","",28.00,1/24/2006 0:00:00,,2823.00,"ESSFmv 2 /Wf02","","Betunan-Saliped-Careaqu","missing",,0
2818.00,"Wf13","ESSFwc 2","PG","ESSF","wc2","wc","2","","Wf13","","","","Narrow-leaved cotton-grass - Shore sedge","","",28.00,1/24/2006 0:00:00,,2826.00,"ESSFwc 2 /Wf13","","Erioang-Caltlep-Sphagnu","missing",,0
2819.00,"Wf11","ESSFwc 2","PG","ESSF","wc2","wc","2","","Wf11","","","","Tufted clubrush - Star moss","","",28.00,1/24/2006 0:00:00,,2825.00,"ESSFwc 2 /Wf11","","Tricces-Campste","missing",,0
2820.00,"Wf04","ESSFwc 2","PG","ESSF","wc2","wc","2","","Wf04","","","","Barclay's willow - Water sedge - Glow moss","","",28.00,1/24/2006 0:00:00,,2824.00,"ESSFwc 2 /Wf04","","Salibac-Carex","missing",,0
2821.00,"Wf02","ESSFwc 3","PG","ESSF","wc3","wc","3","","Wf02","","","","Scrub birch - Water sedge","","",28.00,1/24/2006 0:00:00,,2828.00,"ESSFwc 3 /Wf02","","Betunan-Saliped-Careaqu","missing",,0
2822.00,"Wf03","ESSFwc 3","PG","ESSF","wc3","wc","3","","Wf03","","","","Water sedge - Peat-moss","","",28.00,1/24/2006 0:00:00,,2829.00,"ESSFwc 3 /Wf03","","Careaqu-Sphagnu","missing",,0
2823.00,"04","ESSFwc 3","PG","ESSF","wc3","wc","3","","04","","","","Pl - Few-flowered sedge - Peat-moss","","",28.00,1/24/2006 0:00:00,,2827.00,"ESSFwc 3 /04","","","missing",,0
2824.00,"Wf04","ESSFwc 3","PG","ESSF","wc3","wc","3","","Wf04","","","","Barclay's willow - Water sedge - Glow moss","","",28.00,1/24/2006 0:00:00,,2830.00,"ESSFwc 3 /Wf04","","Salibac-Carex","missing",,0
2825.00,"Wf11","ESSFwc 3","PG","ESSF","wc3","wc","3","","Wf11","","","","Tufted clubrush - Star moss","","",28.00,1/24/2006 0:00:00,,2832.00,"ESSFwc 3 /Wf11","","Tricces-Campste","missing",,0
2826.00,"Wf08","ESSFwc 3","PG","ESSF","wc3","wc","3","","Wf08","","","","Shore sedge - Buckbean - Hook-moss","","",28.00,1/24/2006 0:00:00,,2831.00,"ESSFwc 3 /Wf08","","Carelim-Menytri","missing",,0
2827.00,"Wf01","ESSFwk 1","PG","ESSF","wk1","wk","1","","Wf01","","","","Water sedge - Beaked sedge","","",28.00,1/24/2006 0:00:00,,2833.00,"ESSFwk 1 /Wf01","","Careutr","missing",,0
2828.00,"Wf11","ESSFwk 1","PG","ESSF","wk1","wk","1","","Wf11","","","","Tufted clubrush - Star moss","","",28.00,1/24/2006 0:00:00,,2834.00,"ESSFwk 1 /Wf11","","Tricces-Campste","missing",,0
2829.00,"Wf02","ESSFwk 2","PG","ESSF","wk2","wk","2","","Wf02","","","","Scrub birch - Water sedge","","",28.00,1/24/2006 0:00:00,,2835.00,"ESSFwk 2 /Wf02","","Betunan-Saliped-Careaqu","missing",,0
2830.00,"Ws02","ESSFwv","PG","ESSF","wv","wv","","","Ws02","","","","Mountain alder - Pink spirea - Sitka sedge","","",28.00,1/24/2006 0:00:00,,2838.00,"ESSFwv   /Ws02","","Alnuinc-Careaqu","missing",,0
2831.00,"Wf04","ESSFwv","PG","ESSF","wv","wv","","","Wf04","","","","Barclay's willow - Water sedge - Glow moss","","",28.00,1/24/2006 0:00:00,,2837.00,"ESSFwv   /Wf04","","Salibac-Carex","missing",,0
2832.00,"Wf03","ESSFwv","PG","ESSF","wv","wv","","","Wf03","","","","Water sedge - Peat-moss","","",28.00,1/24/2006 0:00:00,,2836.00,"ESSFwv   /Wf03","","Careaqu-Sphagnu","missing",,0
2833.00,"08","ESSFxv 1","PG","ESSF","xv1","xv","1","","08","","","","Bl - Horsetail - Glow moss","","",14.00,1/24/2006 0:00:00,,2846.00,"ESSFxv 1 /08","Abielas-Equiset","Abielas-Equiset","npe",,0
2834.00,"01","ESSFxv 1","PG","ESSF","xv1","xv","1","","01","","","","Bl - Arnica - Cladonia","","",14.00,1/24/2006 0:00:00,,2839.00,"ESSFxv 1 /01","Abielas-Vaccsco-Cladoni1","Abielas-Pinualb-Vaccsco","npe",,0
2835.00,"Wf09","ESSFxv 1","PG","ESSF","xv1","xv","1","","Wf09","","","","Few-flowered spike-rush - Hook-moss","","",28.00,1/24/2006 0:00:00,,2850.00,"ESSFxv 1 /Wf09","","Eleoqui-Drepano","missing",,0
2836.00,"Wf08","ESSFxv 1","PG","ESSF","xv1","xv","1","","Wf08","","","","Shore sedge - Buckbean - Hook-moss","","",28.00,1/24/2006 0:00:00,,2849.00,"ESSFxv 1 /Wf08","","Carelim-Menytri","missing",,0
2837.00,"Wf01","ESSFxv 1","PG","ESSF","xv1","xv","1","","Wf01","","","","Water sedge - Beaked sedge","","",28.00,1/24/2006 0:00:00,,2848.00,"ESSFxv 1 /Wf01","","Careutr","missing",,0
2838.00,"09","ESSFxv 1","PG","ESSF","xv1","xv","1","","09","","","","Bl - Twinberry - Hellebore","","",14.00,1/24/2006 0:00:00,,2847.00,"ESSFxv 1 /09","Abielas-Valesit-Arnicor","Abielas-Valesit","npe",,0
2839.00,"07","ESSFxv 1","PG","ESSF","xv1","xv","1","","07","","","","Bl - Valerian - Arnica","","",14.00,1/24/2006 0:00:00,,2845.00,"ESSFxv 1 /07","Abielas-Valesit-Arnicor","Abielas-Valesit","npe",,0
2840.00,"06","ESSFxv 1","PG","ESSF","xv1","xv","1","","06","","","","Bl - Rhododendron - Crowberry","","",14.00,1/24/2006 0:00:00,,2844.00,"ESSFxv 1 /06","Abielas-Rhodalb-Vaccsco","Abielas-Rhodalb-Vaccmem","npe",,0
2841.00,"05","ESSFxv 1","PG","ESSF","xv1","xv","1","","05","","","","BlPa - Arnica - Twinflower","","",14.00,1/24/2006 0:00:00,,2843.00,"ESSFxv 1 /05","Abielas-Pinualb-Vaccsco","Abielas-Pinualb-Vaccsco","npe",,0
2842.00,"04","ESSFxv 1","PG","ESSF","xv1","xv","1","","04","","","","BlPa - Juniper - Grouseberry","","",14.00,1/24/2006 0:00:00,,2842.00,"ESSFxv 1 /04","Abielas-Pinualb-Vaccsco","Abielas-Pinualb-Vaccsco","npe",,0
2843.00,"02","ESSFxv 1","PG","ESSF","xv1","xv","1","","02","","","","BlPa - Juniper - Cladonia","","",14.00,1/24/2006 0:00:00,,2840.00,"ESSFxv 1 /02","Pinualb-Abielas-Cladoni","Abielas-Cladoni","npe",,0
2844.00,"03","ESSFxv 1","PG","ESSF","xv1","xv","1","","03","","","","Pl - Cladonia - Stereocaulon","","",14.00,1/24/2006 0:00:00,,2841.00,"ESSFxv 1 /03","Abielas-Cladoni","Abielas-Cladoni","npe",,0
2845.00,"07","ICH mc 1","PG","ICH","mc1","mc","1","","07","","","","Pl - Bog rosemary - Peat-moss","","",28.00,1/24/2006 0:00:00,,2851.00,"ICH mc 1 /07","","","missing",,0
2846.00,"Ws50","ICH mc 1","PG","ICH","mc1","mc","1","","Ws50","","","","Hardhack - Sitka sedge","","",28.00,1/24/2006 0:00:00,,2855.00,"ICH mc 1 /Ws50","","","missing",,0
2847.00,"Wb13","ICH mc 1","PG","ICH","mc1","mc","1","","Wb13","","","","Shore sedge - Buckbean - Peat-moss","","",28.00,1/24/2006 0:00:00,,2852.00,"ICH mc 1 /Wb13","","Carelim-Sphagnu","missing",,0
2848.00,"Wf05","ICH mc 1","PG","ICH","mc1","mc","1","","Wf05","","","","Slender sedge - Common hook-moss","","",28.00,1/24/2006 0:00:00,,2853.00,"ICH mc 1 /Wf05","","Carelas-Drepano","missing",,0
2849.00,"Wm01","ICH mc 1","PG","ICH","mc1","mc","1","","Wm01","","","","Beaked sedge - Water sedge","","",28.00,1/24/2006 0:00:00,,2854.00,"ICH mc 1 /Wm01","","Careutr","missing",,0
2850.00,"08","ICH vk 2","PG","ICH","vk2","vk","2","","08","","","","Pl - Bog rosemary - Peat-moss","","",28.00,1/24/2006 0:00:00,,2856.00,"ICH vk 2 /08","","","missing",,0
2851.00,"10","ICH vk 2","PG","ICH","vk2","vk","2","","10","","","","Sb - Skunk cabbage - Peat-moss","","",28.00,1/24/2006 0:00:00,,2858.00,"ICH vk 2 /10","","","missing",,0
2852.00,"Ws01","ICH vk 2","PG","ICH","vk2","vk","2","","Ws01","","","","Mountain alder - Skunk cabbage - Lady fern","","",28.00,1/24/2006 0:00:00,,2860.00,"ICH vk 2 /Ws01","","Alnuinc-Lysiame","missing",,0
2853.00,"09","ICH vk 2","PG","ICH","vk2","vk","2","","09","","","","Sb - Buckbean - Peat-moss","","",28.00,1/24/2006 0:00:00,,2857.00,"ICH vk 2 /09","","","missing",,0
2854.00,"Wf02","ICH vk 2","PG","ICH","vk2","vk","2","","Wf02","","","","Scrub birch - Water sedge","","",28.00,1/24/2006 0:00:00,,2859.00,"ICH vk 2 /Wf02","","Betunan-Saliped-Careaqu","missing",,0
2855.00,"Wm01","ICH wk 1","PG","ICH","wk1","wk","1","","Wm01","","","","Beaked sedge - Water sedge","","",28.00,1/24/2006 0:00:00,,2864.00,"ICH wk 1 /Wm01","","Careutr","missing",,0
2856.00,"Ws02","ICH wk 1","PG","ICH","wk1","wk","1","","Ws02","","","","Mountain alder - Pink spirea - Sitka sedge","","",28.00,1/24/2006 0:00:00,,2868.00,"ICH wk 1 /Ws02","","Alnuinc-Careaqu","missing",,0
2857.00,"Wm51","ICH wk 1","PG","ICH","wk1","wk","1","","Wm51","","","","Three-way sedge","","",28.00,1/24/2006 0:00:00,,2867.00,"ICH wk 1 /Wm51","","Duliaru","missing",,0
2858.00,"Wm06","ICH wk 1","PG","ICH","wk1","wk","1","","Wm06","","","","Great bulrush","","",28.00,1/24/2006 0:00:00,,2865.00,"ICH wk 1 /Wm06","","Scirlac","missing",,0
2859.00,"Wf06","ICH wk 1","PG","ICH","wk1","wk","1","","Wf06","","","","Slender sedge - Buckbean","","",28.00,1/24/2006 0:00:00,,2863.00,"ICH wk 1 /Wf06","","Carelas-Drepano","missing",,0
2860.00,"Wf05","ICH wk 1","PG","ICH","wk1","wk","1","","Wf05","","","","Slender sedge - Common hook-moss","","",28.00,1/24/2006 0:00:00,,2862.00,"ICH wk 1 /Wf05","","Carelas-Drepano","missing",,0
2861.00,"Fl02","ICH wk 1","PG","ICH","wk1","wk","1","","Fl02","","","","Mountain alder - Red-osier dogwood - Horsetail","","",28.00,1/24/2006 0:00:00,,2861.00,"ICH wk 1 /Fl02","","Alnuinc-Athyfil-Mattstr","missing",,0
2862.00,"Wm09","ICH wk 1","PG","ICH","wk1","wk","1","","Wm09","","","","Inflated sedge","","",28.00,1/24/2006 0:00:00,,2866.00,"ICH wk 1 /Wm09","","Careexs","missing",,0
2863.00,"10","ICH wk 3","PG","ICH","wk3","wk","3","","10","","","","Pl - Bog rosemary - Peat-moss","","",28.00,1/24/2006 0:00:00,,2869.00,"ICH wk 3 /10","","","missing",,0
2864.00,"Wf02","ICH wk 3","PG","ICH","wk3","wk","3","","Wf02","","","","Scrub birch - Water sedge","","",28.00,1/24/2006 0:00:00,,2871.00,"ICH wk 3 /Wf02","","Betunan-Saliped-Careaqu","missing",,0
2865.00,"11","ICH wk 3","PG","ICH","wk3","wk","3","","11","","","","Sb - Buckbean - Peat-moss","","",28.00,1/24/2006 0:00:00,,2870.00,"ICH wk 3 /11","","","missing",,0
2866.00,"Fl02","ICH wk 4","PG","ICH","wk4","wk","4","","Fl02","","","","Mountain alder - Red-osier dogwood - Horsetail","","",28.00,1/24/2006 0:00:00,,2873.00,"ICH wk 4 /Fl02","","Alnuinc-Athyfil-Mattstr","missing",,0
2867.00,"Wm09","ICH wk 4","PG","ICH","wk4","wk","4","","Wm09","","","","Inflated sedge","","",28.00,1/24/2006 0:00:00,,2876.00,"ICH wk 4 /Wm09","","Careexs","missing",,0
2868.00,"Wm02","ICH wk 4","PG","ICH","wk4","wk","4","","Wm02","","","","Swamp horsetail - Beaked sedge","","",28.00,1/24/2006 0:00:00,,2875.00,"ICH wk 4 /Wm02","","Careutr","missing",,0
2869.00,"Wf02","ICH wk 4","PG","ICH","wk4","wk","4","","Wf02","","","","Scrub birch - Water sedge","","",28.00,1/24/2006 0:00:00,,2874.00,"ICH wk 4 /Wf02","","Betunan-Saliped-Careaqu","missing",,0
2870.00,"10","ICH wk 4","PG","ICH","wk4","wk","4","","10","","","","ActSxw - Red-osier dogwood","","",28.00,1/24/2006 0:00:00,,2872.00,"ICH wk 4 /10","","","missing",,0
2871.00,"Wf07","SBPSdc","PG","SBPS","dc","dc","","","Wf07","","","","Scrub birch - Buckbean - Shore sedge","","",28.00,1/24/2006 0:00:00,,2880.00,"SBPSdc   /Wf07","","Carelim-Menytri","missing",,0
2872.00,"Wf02","SBPSdc","PG","SBPS","dc","dc","","","Wf02","","","","Scrub birch - Water sedge","","",28.00,1/24/2006 0:00:00,,2878.00,"SBPSdc   /Wf02","","Betunan-Saliped-Careaqu","missing",,0
2873.00,"Wm01","SBPSdc","PG","SBPS","dc","dc","","","Wm01","","","","Beaked sedge - Water sedge","","",28.00,1/24/2006 0:00:00,,2882.00,"SBPSdc   /Wm01","","Careutr","missing",,0
2874.00,"Fl05","SBPSdc","PG","SBPS","dc","dc","","","Fl05","","","","Drummond's willow - Bluejoint","","",28.00,1/24/2006 0:00:00,,2877.00,"SBPSdc   /Fl05","","Salidru-Calamag","missing",,0
2875.00,"Wm03","SBPSdc","PG","SBPS","dc","dc","","","Wm03","","","","Awned sedge","","",28.00,1/24/2006 0:00:00,,2884.00,"SBPSdc   /Wm03","","Careath","missing",,0
2876.00,"Wf08","SBPSdc","PG","SBPS","dc","dc","","","Wf08","","","","Shore sedge - Buckbean - Hook-moss","","",28.00,1/24/2006 0:00:00,,2881.00,"SBPSdc   /Wf08","","Carelim-Menytri","missing",,0
2877.00,"Wm02","SBPSdc","PG","SBPS","dc","dc","","","Wm02","","","","Swamp horsetail - Beaked sedge","","",28.00,1/24/2006 0:00:00,,2883.00,"SBPSdc   /Wm02","","Careutr","missing",,0
2878.00,"Wf05","SBPSdc","PG","SBPS","dc","dc","","","Wf05","","","","Slender sedge - Common hook-moss","","",28.00,1/24/2006 0:00:00,,2879.00,"SBPSdc   /Wf05","","Carelas-Drepano","missing",,0
2879.00,"Wf02","SBPSmc","PG","SBPS","mc","mc","","","Wf02","","","","Scrub birch - Water sedge","","",28.00,1/24/2006 0:00:00,,2886.00,"SBPSmc   /Wf02","","Betunan-Saliped-Careaqu","missing",,0
2880.00,"08","SBPSmc","PG","SBPS","mc","mc","","","08","","","","Sb  - Creeping-snowberry - Peat-moss","","",28.00,1/24/2006 0:00:00,,2885.00,"SBPSmc   /08","","","missing",,0
2881.00,"Ws05","SBS dh 1","PG","SBS","dh1","dh","1","","Ws05","","","","Maccalla's willow - Beaked sedge","","",28.00,1/24/2006 0:00:00,,2887.00,"SBS dh 1 /Ws05","","Salimac-Careutr","missing",,0
2882.00,"Wf06","SBS dk","PG","SBS","dk","dk","","","Wf06","","","","Slender sedge - Buckbean","","",28.00,1/24/2006 0:00:00,,2892.00,"SBS dk   /Wf06","","Carelas-Drepano","missing",,0
2883.00,"Wm01","SBS dk","PG","SBS","dk","dk","","","Wm01","","","","Beaked sedge - Water sedge","","",28.00,1/24/2006 0:00:00,,2896.00,"SBS dk   /Wm01","","Careutr","missing",,0
2884.00,"Wf08","SBS dk","PG","SBS","dk","dk","","","Wf08","","","","Shore sedge - Buckbean - Hook-moss","","",28.00,1/24/2006 0:00:00,,2894.00,"SBS dk   /Wf08","","Carelim-Menytri","missing",,0
2885.00,"Fl02","SBS dk","PG","SBS","dk","dk","","","Fl02","","","","Mountain alder - Red-osier dogwood - Horsetail","","",28.00,1/24/2006 0:00:00,,2888.00,"SBS dk   /Fl02","","Alnuinc-Athyfil-Mattstr","missing",,0
2886.00,"Wm02","SBS dk","PG","SBS","dk","dk","","","Wm02","","","","Swamp horsetail - Beaked sedge","","",28.00,1/24/2006 0:00:00,,2897.00,"SBS dk   /Wm02","","Careutr","missing",,0
2887.00,"Wf05","SBS dk","PG","SBS","dk","dk","","","Wf05","","","","Slender sedge - Common hook-moss","","",28.00,1/24/2006 0:00:00,,2891.00,"SBS dk   /Wf05","","Carelas-Drepano","missing",,0
2888.00,"Wf02","SBS dk","PG","SBS","dk","dk","","","Wf02","","","","Scrub birch - Water sedge","","",28.00,1/24/2006 0:00:00,,2890.00,"SBS dk   /Wf02","","Betunan-Saliped-Careaqu","missing",,0
2889.00,"Wf07","SBS dk","PG","SBS","dk","dk","","","Wf07","","","","Scrub birch - Buckbean - Shore sedge","","",28.00,1/24/2006 0:00:00,,2893.00,"SBS dk   /Wf07","","Carelim-Menytri","missing",,0
2890.00,"Ws03","SBS dk","PG","SBS","dk","dk","","","Ws03","","","","Bebb's willow - Bluejoint","","",28.00,1/24/2006 0:00:00,,2899.00,"SBS dk   /Ws03","","Salibeb-Calacan","missing",,0
2891.00,"Fl05","SBS dk","PG","SBS","dk","dk","","","Fl05","","","","Drummond's willow - Bluejoint","","",28.00,1/24/2006 0:00:00,,2889.00,"SBS dk   /Fl05","","Salidru-Calamag","missing",,0
2892.00,"Ws04","SBS dk","PG","SBS","dk","dk","","","Ws04","","","","Drummond's willow - Beaked sedge","","",28.00,1/24/2006 0:00:00,,2900.00,"SBS dk   /Ws04","","Salidru-Carex","missing",,0
2893.00,"Wf11","SBS dk","PG","SBS","dk","dk","","","Wf11","","","","Tufted clubrush - Star moss","","",28.00,1/24/2006 0:00:00,,2895.00,"SBS dk   /Wf11","","Tricces-Campste","missing",,0
2894.00,"Wm04","SBS dk","PG","SBS","dk","dk","","","Wm04","","","","Common spike-rush","","",28.00,1/24/2006 0:00:00,,2898.00,"SBS dk   /Wm04","","Eleopal","missing",,0
2895.00,"Ws05","SBS dk","PG","SBS","dk","dk","","","Ws05","","","","Maccalla's willow - Beaked sedge","","",28.00,1/24/2006 0:00:00,,2901.00,"SBS dk   /Ws05","","Salimac-Careutr","missing",,0
2896.00,"12","SBS dw 2","PG","SBS","dw2","dw","2","","12","","","","Sb - Buckbean - Peat-moss","","",28.00,1/24/2006 0:00:00,,2902.00,"SBS dw 2 /12","","","missing",,0
2897.00,"Fl05","SBS dw 3","PG","SBS","dw3","dw","3","","Fl05","","","","Drummond's willow - Bluejoint","","",28.00,1/24/2006 0:00:00,,2905.00,"SBS dw 3 /Fl05","","Salidru-Calamag","missing",,0
2898.00,"11","SBS dw 3","PG","SBS","dw3","dw","3","","11","","","","Sb - Water sedge - Peat-moss","","",28.00,1/24/2006 0:00:00,,2903.00,"SBS dw 3 /11","","","missing",,0
2899.00,"Wm01","SBS dw 3","PG","SBS","dw3","dw","3","","Wm01","","","","Beaked sedge - Water sedge","","",28.00,1/24/2006 0:00:00,,2907.00,"SBS dw 3 /Wm01","","Careutr","missing",,0
2900.00,"Wb12","SBS dw 3","PG","SBS","dw3","dw","3","","Wb12","","","","Scheuchzeria - Peat-moss","","",28.00,1/24/2006 0:00:00,,2906.00,"SBS dw 3 /Wb12","","Schepal-Sphagnu","missing",,0
2901.00,"12","SBS dw 3","PG","SBS","dw3","dw","3","","12","","","","Sb - Common horsetail - Peat-moss","","",28.00,1/24/2006 0:00:00,,2904.00,"SBS dw 3 /12","","","missing",,0
2902.00,"Wm02","SBS dw 3","PG","SBS","dw3","dw","3","","Wm02","","","","Swamp horsetail - Beaked sedge","","",28.00,1/24/2006 0:00:00,,2908.00,"SBS dw 3 /Wm02","","Careutr","missing",,0
2903.00,"Ws04","SBS mc 2","PG","SBS","mc2","mc","2","","Ws04","","","","Drummond's willow - Beaked sedge","","",28.00,1/24/2006 0:00:00,,2922.00,"SBS mc 2 /Ws04","","Salidru-Carex","missing",,0
2904.00,"Wf09","SBS mc 2","PG","SBS","mc2","mc","2","","Wf09","","","","Few-flowered spike-rush - Hook-moss","","",28.00,1/24/2006 0:00:00,,2918.00,"SBS mc 2 /Wf09","","Eleoqui-Drepano","missing",,0
2905.00,"Wf08","SBS mc 2","PG","SBS","mc2","mc","2","","Wf08","","","","Shore sedge - Buckbean - Hook-moss","","",28.00,1/24/2006 0:00:00,,2917.00,"SBS mc 2 /Wf08","","Carelim-Menytri","missing",,0
2906.00,"Wf07","SBS mc 2","PG","SBS","mc2","mc","2","","Wf07","","","","Scrub birch - Buckbean - Shore sedge","","",28.00,1/24/2006 0:00:00,,2916.00,"SBS mc 2 /Wf07","","Carelim-Menytri","missing",,0
2907.00,"Wf05","SBS mc 2","PG","SBS","mc2","mc","2","","Wf05","","","","Slender sedge - Common hook-moss","","",28.00,1/24/2006 0:00:00,,2915.00,"SBS mc 2 /Wf05","","Carelas-Drepano","missing",,0
2908.00,"Wf02","SBS mc 2","PG","SBS","mc2","mc","2","","Wf02","","","","Scrub birch - Water sedge","","",28.00,1/24/2006 0:00:00,,2914.00,"SBS mc 2 /Wf02","","Betunan-Saliped-Careaqu","missing",,0
2909.00,"Wb12","SBS mc 2","PG","SBS","mc2","mc","2","","Wb12","","","","Scheuchzeria - Peat-moss","","",28.00,1/24/2006 0:00:00,,2913.00,"SBS mc 2 /Wb12","","Schepal-Sphagnu","missing",,0
2910.00,"16","SBS mc 2","PG","SBS","mc2","mc","2","","16","","","","Sb - Buckbean - Peat-moss","","",28.00,1/24/2006 0:00:00,,2912.00,"SBS mc 2 /16","","","missing",,0
2911.00,"15","SBS mc 2","PG","SBS","mc2","mc","2","","15","","","","Pl - Few-flowered sedge - Peat-moss","","",28.00,1/24/2006 0:00:00,,2911.00,"SBS mc 2 /15","","","missing",,0
2912.00,"14","SBS mc 2","PG","SBS","mc2","mc","2","","14","","","","Sb - Common horsetail - Peat-moss","","",28.00,1/24/2006 0:00:00,,2910.00,"SBS mc 2 /14","","","missing",,0
2913.00,"13","SBS mc 2","PG","SBS","mc2","mc","2","","13","","","","Sb - Soft-leaved sedge - Peat-moss","","",28.00,1/24/2006 0:00:00,,2909.00,"SBS mc 2 /13","","","missing",,0
2914.00,"Ws02","SBS mc 2","PG","SBS","mc2","mc","2","","Ws02","","","","Mountain alder - Pink spirea - Sitka sedge","","",28.00,1/24/2006 0:00:00,,2921.00,"SBS mc 2 /Ws02","","Alnuinc-Careaqu","missing",,0
2915.00,"Wf10","SBS mc 2","PG","SBS","mc2","mc","2","","Wf10","","","","Hudson Bay clubrush - Red hook-moss","","",28.00,1/24/2006 0:00:00,,2919.00,"SBS mc 2 /Wf10","","Tricalp-Dreprev","missing",,0
2916.00,"Wm01","SBS mc 2","PG","SBS","mc2","mc","2","","Wm01","","","","Beaked sedge - Water sedge","","",28.00,1/24/2006 0:00:00,,2920.00,"SBS mc 2 /Wm01","","Careutr","missing",,0
2917.00,"Ws50","SBS mk 1","PG","SBS","mk1","mk","1","","Ws50","","","","Hardhack - Sitka sedge","","",28.00,1/24/2006 0:00:00,,2927.00,"SBS mk 1 /Ws50","","","missing",,0
2918.00,"Wf05","SBS mk 1","PG","SBS","mk1","mk","1","","Wf05","","","","Slender sedge - Common hook-moss","","",28.00,1/24/2006 0:00:00,,2924.00,"SBS mk 1 /Wf05","","Carelas-Drepano","missing",,0
2919.00,"Wm01","SBS mk 1","PG","SBS","mk1","mk","1","","Wm01","","","","Beaked sedge - Water sedge","","",28.00,1/24/2006 0:00:00,,2925.00,"SBS mk 1 /Wm01","","Careutr","missing",,0
2920.00,"Ws04","SBS mk 1","PG","SBS","mk1","mk","1","","Ws04","","","","Drummond's willow - Beaked sedge","","",28.00,1/24/2006 0:00:00,,2926.00,"SBS mk 1 /Ws04","","Salidru-Carex","missing",,0
2921.00,"Wb13","SBS mk 1","PG","SBS","mk1","mk","1","","Wb13","","","","Shore sedge - Buckbean - Peat-moss","","",28.00,1/24/2006 0:00:00,,2923.00,"SBS mk 1 /Wb13","","Carelim-Sphagnu","missing",,0
2922.00,"Wm04","SBS mk 2","PG","SBS","mk2","mk","2","","Wm04","","","","Common spike-rush","","",28.00,1/24/2006 0:00:00,,2935.00,"SBS mk 2 /Wm04","","Eleopal","missing",,0
2923.00,"07","SBS mk 2","PG","SBS","mk2","mk","2","","07","","","","Sb - Water sedge - Peat-moss","","",28.00,1/24/2006 0:00:00,,2928.00,"SBS mk 2 /07","","","missing",,0
2924.00,"Wf08","SBS mk 2","PG","SBS","mk2","mk","2","","Wf08","","","","Shore sedge - Buckbean - Hook-moss","","",28.00,1/24/2006 0:00:00,,2931.00,"SBS mk 2 /Wf08","","Carelim-Menytri","missing",,0
2925.00,"Fl04","SBS mk 2","PG","SBS","mk2","mk","2","","Fl04","","","","Sitka willow - Red-osier dogwood - Horsetail","","",28.00,1/24/2006 0:00:00,,2930.00,"SBS mk 2 /Fl04","","Salisit-Equiset","missing",,0
2926.00,"Wm06","SBS mk 2","PG","SBS","mk2","mk","2","","Wm06","","","","Great bulrush","","",28.00,1/24/2006 0:00:00,,2936.00,"SBS mk 2 /Wm06","","Scirlac","missing",,0
2927.00,"Wf10","SBS mk 2","PG","SBS","mk2","mk","2","","Wf10","","","","Hudson Bay clubrush - Red hook-moss","","",28.00,1/24/2006 0:00:00,,2932.00,"SBS mk 2 /Wf10","","Tricalp-Dreprev","missing",,0
2928.00,"Fl02","SBS mk 2","PG","SBS","mk2","mk","2","","Fl02","","","","Mountain alder - Red-osier dogwood - Horsetail","","",28.00,1/24/2006 0:00:00,,2929.00,"SBS mk 2 /Fl02","","Alnuinc-Athyfil-Mattstr","missing",,0
2929.00,"Wm01","SBS mk 2","PG","SBS","mk2","mk","2","","Wm01","","","","Beaked sedge - Water sedge","","",28.00,1/24/2006 0:00:00,,2933.00,"SBS mk 2 /Wm01","","Careutr","missing",,0
2930.00,"Wm02","SBS mk 2","PG","SBS","mk2","mk","2","","Wm02","","","","Swamp horsetail - Beaked sedge","","",28.00,1/24/2006 0:00:00,,2934.00,"SBS mk 2 /Wm02","","Careutr","missing",,0
2931.00,"14","SBS mw","PG","SBS","mw","mw","","","14","","","","Sb  - Creeping-snowberry - Peat-moss","","",28.00,1/24/2006 0:00:00,,2937.00,"SBS mw   /14","","","missing",,0
2932.00,"15","SBS mw","PG","SBS","mw","mw","","","15","","","","Sb - Soft-leaved sedge - Peat-moss","","",28.00,1/24/2006 0:00:00,,2938.00,"SBS mw   /15","","","missing",,0
2933.00,"16","SBS mw","PG","SBS","mw","mw","","","16","","","","Sb - Common horsetail - Peat-moss","","",28.00,1/24/2006 0:00:00,,2939.00,"SBS mw   /16","","","missing",,0
2934.00,"Fl04","SBS vk","PG","SBS","vk","vk","","","Fl04","","","","Sitka willow - Red-osier dogwood - Horsetail","","",28.00,1/24/2006 0:00:00,,2944.00,"SBS vk   /Fl04","","Salisit-Equiset","missing",,0
2935.00,"Ws06","SBS vk","PG","SBS","vk","vk","","","Ws06","","","","Sitka willow - Sitka sedge","","",28.00,1/24/2006 0:00:00,,2951.00,"SBS vk   /Ws06","","Salisit-Carex","missing",,0
2936.00,"Fl01","SBS vk","PG","SBS","vk","vk","","","Fl01","","","","Mountain alder - Common horsetail","","",28.00,1/24/2006 0:00:00,,2942.00,"SBS vk   /Fl01","","Alnuinc-Equiset","missing",,0
2937.00,"Wf07","SBS vk","PG","SBS","vk","vk","","","Wf07","","","","Scrub birch - Buckbean - Shore sedge","","",28.00,1/24/2006 0:00:00,,2948.00,"SBS vk   /Wf07","","Carelim-Menytri","missing",,0
2938.00,"Fl02","SBS vk","PG","SBS","vk","vk","","","Fl02","","","","Mountain alder - Red-osier dogwood - Horsetail","","",28.00,1/24/2006 0:00:00,,2943.00,"SBS vk   /Fl02","","Alnuinc-Athyfil-Mattstr","missing",,0
2939.00,"Wf04","SBS vk","PG","SBS","vk","vk","","","Wf04","","","","Barclay's willow - Water sedge - Glow moss","","",28.00,1/24/2006 0:00:00,,2947.00,"SBS vk   /Wf04","","Salibac-Carex","missing",,0
2940.00,"Wb12","SBS vk","PG","SBS","vk","vk","","","Wb12","","","","Scheuchzeria - Peat-moss","","",28.00,1/24/2006 0:00:00,,2945.00,"SBS vk   /Wb12","","Schepal-Sphagnu","missing",,0
2941.00,"12","SBS vk","PG","SBS","vk","vk","","","12","","","","ActBl - Devil's club","","",28.00,1/24/2006 0:00:00,,2940.00,"SBS vk   /12","","","missing",,0
2942.00,"Ws01","SBS vk","PG","SBS","vk","vk","","","Ws01","","","","Mountain alder - Skunk cabbage - Lady fern","","",28.00,1/24/2006 0:00:00,,2950.00,"SBS vk   /Ws01","","Alnuinc-Lysiame","missing",,0
2943.00,"Wf02","SBS vk","PG","SBS","vk","vk","","","Wf02","","","","Scrub birch - Water sedge","","",28.00,1/24/2006 0:00:00,,2946.00,"SBS vk   /Wf02","","Betunan-Saliped-Careaqu","missing",,0
2944.00,"13","SBS vk","PG","SBS","vk","vk","","","13","","","","Sb - Skunk cabbage - Peat-moss","","",28.00,1/24/2006 0:00:00,,2941.00,"SBS vk   /13","","","missing",,0
2945.00,"Wm01","SBS vk","PG","SBS","vk","vk","","","Wm01","","","","Beaked sedge - Water sedge","","",28.00,1/24/2006 0:00:00,,2949.00,"SBS vk   /Wm01","","Careutr","missing",,0
2946.00,"16","SBS wk 1","PG","SBS","wk1","wk","1","","16","","","","Sb - Buckbean - Peat-moss","","",28.00,1/24/2006 0:00:00,,2955.00,"SBS wk 1 /16","","","missing",,0
2947.00,"Wf08","SBS wk 1","PG","SBS","wk1","wk","1","","Wf08","","","","Shore sedge - Buckbean - Hook-moss","","",28.00,1/24/2006 0:00:00,,2963.00,"SBS wk 1 /Wf08","","Carelim-Menytri","missing",,0
2948.00,"Ws50","SBS wk 1","PG","SBS","wk1","wk","1","","Ws50","","","","Hardhack - Sitka sedge","","",28.00,1/24/2006 0:00:00,,2971.00,"SBS wk 1 /Ws50","","","missing",,0
2949.00,"17","SBS wk 1","PG","SBS","wk1","wk","1","","17","","","","Sb - Skunk cabbage - Peat-moss","","",28.00,1/24/2006 0:00:00,,2956.00,"SBS wk 1 /17","","","missing",,0
2950.00,"Ws06","SBS wk 1","PG","SBS","wk1","wk","1","","Ws06","","","","Sitka willow - Sitka sedge","","",28.00,1/24/2006 0:00:00,,2970.00,"SBS wk 1 /Ws06","","Salisit-Carex","missing",,0
2951.00,"Ws04","SBS wk 1","PG","SBS","wk1","wk","1","","Ws04","","","","Drummond's willow - Beaked sedge","","",28.00,1/24/2006 0:00:00,,2969.00,"SBS wk 1 /Ws04","","Salidru-Carex","missing",,0
2952.00,"Ws02","SBS wk 1","PG","SBS","wk1","wk","1","","Ws02","","","","Mountain alder - Pink spirea - Sitka sedge","","",28.00,1/24/2006 0:00:00,,2968.00,"SBS wk 1 /Ws02","","Alnuinc-Careaqu","missing",,0
2953.00,"Ws01","SBS wk 1","PG","SBS","wk1","wk","1","","Ws01","","","","Mountain alder - Skunk cabbage - Lady fern","","",28.00,1/24/2006 0:00:00,,2967.00,"SBS wk 1 /Ws01","","Alnuinc-Lysiame","missing",,0
2954.00,"Wm02","SBS wk 1","PG","SBS","wk1","wk","1","","Wm02","","","","Swamp horsetail - Beaked sedge","","",28.00,1/24/2006 0:00:00,,2966.00,"SBS wk 1 /Wm02","","Careutr","missing",,0
2955.00,"14","SBS wk 1","PG","SBS","wk1","wk","1","","14","","","","Pl - Bog rosemary - Peat-moss","","",28.00,1/24/2006 0:00:00,,2953.00,"SBS wk 1 /14","","","missing",,0
2956.00,"Wf11","SBS wk 1","PG","SBS","wk1","wk","1","","Wf11","","","","Tufted clubrush - Star moss","","",28.00,1/24/2006 0:00:00,,2964.00,"SBS wk 1 /Wf11","","Tricces-Campste","missing",,0
2957.00,"Wf07","SBS wk 1","PG","SBS","wk1","wk","1","","Wf07","","","","Scrub birch - Buckbean - Shore sedge","","",28.00,1/24/2006 0:00:00,,2962.00,"SBS wk 1 /Wf07","","Carelim-Menytri","missing",,0
2958.00,"Wf05","SBS wk 1","PG","SBS","wk1","wk","1","","Wf05","","","","Slender sedge - Common hook-moss","","",28.00,1/24/2006 0:00:00,,2961.00,"SBS wk 1 /Wf05","","Carelas-Drepano","missing",,0
2959.00,"13","SBS wk 1","PG","SBS","wk1","wk","1","","13","","","","ActSxw - Red-osier dogwood","","",28.00,1/24/2006 0:00:00,,2952.00,"SBS wk 1 /13","","","missing",,0
2960.00,"Wm01","SBS wk 1","PG","SBS","wk1","wk","1","","Wm01","","","","Beaked sedge - Water sedge","","",28.00,1/24/2006 0:00:00,,2965.00,"SBS wk 1 /Wm01","","Careutr","missing",,0
2961.00,"Fl02","SBS wk 1","PG","SBS","wk1","wk","1","","Fl02","","","","Mountain alder - Red-osier dogwood - Horsetail","","",28.00,1/24/2006 0:00:00,,2957.00,"SBS wk 1 /Fl02","","Alnuinc-Athyfil-Mattstr","missing",,0
2962.00,"15","SBS wk 1","PG","SBS","wk1","wk","1","","15","","","","Sb - Common horsetail - Peat-moss","","",28.00,1/24/2006 0:00:00,,2954.00,"SBS wk 1 /15","","","missing",,0
2963.00,"Wf02","SBS wk 1","PG","SBS","wk1","wk","1","","Wf02","","","","Scrub birch - Water sedge","","",28.00,1/24/2006 0:00:00,,2958.00,"SBS wk 1 /Wf02","","Betunan-Saliped-Careaqu","missing",,0
2964.00,"Wf03","SBS wk 1","PG","SBS","wk1","wk","1","","Wf03","","","","Water sedge - Peat-moss","","",28.00,1/24/2006 0:00:00,,2959.00,"SBS wk 1 /Wf03","","Careaqu-Sphagnu","missing",,0
2965.00,"Wf04","SBS wk 1","PG","SBS","wk1","wk","1","","Wf04","","","","Barclay's willow - Water sedge - Glow moss","","",28.00,1/24/2006 0:00:00,,2960.00,"SBS wk 1 /Wf04","","Salibac-Carex","missing",,0
2966.00,"Wf02","SBS wk 2","PG","SBS","wk2","wk","2","","Wf02","","","","Scrub birch - Water sedge","","",28.00,1/24/2006 0:00:00,,2973.00,"SBS wk 2 /Wf02","","Betunan-Saliped-Careaqu","missing",,0
2967.00,"Wf13","SBS wk 2","PG","SBS","wk2","wk","2","","Wf13","","","","Narrow-leaved cotton-grass - Shore sedge","","",28.00,1/24/2006 0:00:00,,2975.00,"SBS wk 2 /Wf13","","Erioang-Caltlep-Sphagnu","missing",,0
2968.00,"07","SBS wk 2","PG","SBS","wk2","wk","2","","07","","","","Lt - Water sedge - Fen Moss","","",28.00,1/24/2006 0:00:00,,2972.00,"SBS wk 2 /07","","","missing",,0
2969.00,"Wf07","SBS wk 2","PG","SBS","wk2","wk","2","","Wf07","","","","Scrub birch - Buckbean - Shore sedge","","",28.00,1/24/2006 0:00:00,,2974.00,"SBS wk 2 /Wf07","","Carelim-Menytri","missing",,0
2970.00,"Wf07","SBS wk 3","PG","SBS","wk3","wk","3","","Wf07","","","","Scrub birch - Buckbean - Shore sedge","","",28.00,1/24/2006 0:00:00,,2976.00,"SBS wk 3 /Wf07","","Carelim-Menytri","missing",,0
2982.00,"Wm50","CWH vh 2","PR","CWH","vh2","vh","2","","Wm50","","","","Sitka sedge - Hemlock-parsley","","",28.00,1/24/2006 0:00:00,,2990.00,"CWH vh 2 /Wm50","","Caresit-Oenasar","missing",,0
2983.00,"Wf51","CWH vh 2","PR","CWH","vh2","vh","2","","Wf51","","","","Sitka sedge - Peat-moss","","",28.00,1/24/2006 0:00:00,,2988.00,"CWH vh 2 /Wf51","","Careaqu-Sphagnu","missing",,0
2984.00,"Wf52","CWH vh 2","PR","CWH","vh2","vh","2","","Wf52","","","","Sweet gale - Sitka sedge","","",28.00,1/24/2006 0:00:00,,2989.00,"CWH vh 2 /Wf52","","Myrigal-Caresit","missing",,0
2985.00,"Wb50","CWH vm 1","PR","CWH","vm1","vm","1","","Wb50","","","","Labrador tea - Bog-laurel - Peat-moss","","",28.00,1/24/2006 0:00:00,,2992.00,"CWH vm 1 /Wb50","","Kalmia-Sphagnu","missing",,0
2986.00,"15","CWH vm 1","PR","CWH","vm1","vm","1","","15","","","","YcHm - Skunk cabbage","","",28.00,1/24/2006 0:00:00,,2991.00,"CWH vm 1 /15","","","missing",,0
2987.00,"Wf51","CWH vm 1","PR","CWH","vm1","vm","1","","Wf51","","","","Sitka sedge - Peat-moss","","",28.00,1/24/2006 0:00:00,,2994.00,"CWH vm 1 /Wf51","","","missing",,0
2988.00,"Ws06","CWH vm 1","PR","CWH","vm1","vm","1","","Ws06","","","","Sitka willow - Sitka sedge","","",28.00,1/24/2006 0:00:00,,2995.00,"CWH vm 1 /Ws06","","","missing",,0
2989.00,"Wf50","CWH vm 1","PR","CWH","vm1","vm","1","","Wf50","","","","Narrow-leaved cotton-grass - Peat-moss","","",28.00,1/24/2006 0:00:00,,2993.00,"CWH vm 1 /Wf50","","Erioang-Fauria-Sphagnu","missing",,0
2990.00,"12","CWH vm 2","PR","CWH","vm2","vm","2","","12","","","","YcHm - Skunk cabbage","","",28.00,1/24/2006 0:00:00,,2996.00,"CWH vm 2 /12","","","missing",,0
2991.00,"Wf51","CWH vm 2","PR","CWH","vm2","vm","2","","Wf51","","","","Sitka sedge - Peat-moss","","",28.00,1/24/2006 0:00:00,,2997.00,"CWH vm 2 /Wf51","","","missing",,0
2992.00,"Ws06","CWH vm 2","PR","CWH","vm2","vm","2","","Ws06","","","","Sitka willow - Sitka sedge","","",28.00,1/24/2006 0:00:00,,2999.00,"CWH vm 2 /Ws06","","","missing",,0
2993.00,"Wm09","CWH vm 2","PR","CWH","vm2","vm","2","","Wm09","","","","Inflated sedge","","",28.00,1/24/2006 0:00:00,,2998.00,"CWH vm 2 /Wm09","","Careexs","missing",,0
2994.00,"Fl01","CWH wm","PR","CWH","wm","wm","","","Fl01","","","","Mountain alder - Common horsetail","","",28.00,1/24/2006 0:00:00,,3000.00,"CWH wm   /Fl01","","Alnuinc-Equiset","missing",,0
2995.00,"Wf51","CWH wm","PR","CWH","wm","wm","","","Wf51","","","","Sitka sedge - Peat-moss","","",28.00,1/24/2006 0:00:00,,3001.00,"CWH wm   /Wf51","","Careaqu-Sphagnu","missing",,0
2996.00,"Wm50","CWH wm","PR","CWH","wm","wm","","","Wm50","","","","Sitka sedge - Hemlock-parsley","","",28.00,1/24/2006 0:00:00,,3003.00,"CWH wm   /Wm50","","Caresit-Oenasar","missing",,0
2997.00,"Ws02","CWH wm","PR","CWH","wm","wm","","","Ws02","","","","Mountain alder - Pink spirea - Sitka sedge","","",28.00,1/24/2006 0:00:00,,3004.00,"CWH wm   /Ws02","","Alnuinc-Careaqu","missing",,0
2998.00,"Wf52","CWH wm","PR","CWH","wm","wm","","","Wf52","","","","Sweet gale - Sitka sedge","","",28.00,1/24/2006 0:00:00,,3002.00,"CWH wm   /Wf52","","Myrigal-Caresit","missing",,0
2999.00,"Wf06","CWH ws 1","PR","CWH","ws1","ws","1","","Wf06","","","","Slender sedge - Buckbean","","",28.00,1/24/2006 0:00:00,,3006.00,"CWH ws 1 /Wf06","","Carelas-Drepano","missing",,0
3000.00,"Wb13","CWH ws 1","PR","CWH","ws1","ws","1","","Wb13","","","","Shore sedge - Buckbean - Peat-moss","","",28.00,1/24/2006 0:00:00,,3005.00,"CWH ws 1 /Wb13","","Carelim-Sphagnu","missing",,0
3001.00,"Wf51","CWH ws 2","PR","CWH","ws2","ws","2","","Wf51","","","","Sitka sedge - Peat-moss","","",28.00,1/24/2006 0:00:00,,3008.00,"CWH ws 2 /Wf51","","Careaqu-Sphagnu","missing",,0
3002.00,"Wb13","CWH ws 2","PR","CWH","ws2","ws","2","","Wb13","","","","Shore sedge - Buckbean - Peat-moss","","",28.00,1/24/2006 0:00:00,,3007.00,"CWH ws 2 /Wb13","","Carelim-Sphagnu","missing",,0
3003.00,"Wf13","ESSFmc","PR","ESSF","mc","mc","","","Wf13","","","","Narrow-leaved cotton-grass - Shore sedge","","",28.00,1/24/2006 0:00:00,,3015.00,"ESSFmc   /Wf13","","Erioang-Caltlep-Sphagnu","missing",,0
3004.00,"Wf12","ESSFmc","PR","ESSF","mc","mc","","","Wf12","","","","Narrow-leaved cotton-grass - Marsh-marigold","","",28.00,1/24/2006 0:00:00,,3014.00,"ESSFmc   /Wf12","","Erioang-Caltlep-Sphagnu","missing",,0
3005.00,"Wf09","ESSFmc","PR","ESSF","mc","mc","","","Wf09","","","","Few-flowered spike-rush - Hook-moss","","",28.00,1/24/2006 0:00:00,,3013.00,"ESSFmc   /Wf09","","Eleoqui-Drepano","missing",,0
3006.00,"Wf04","ESSFmc","PR","ESSF","mc","mc","","","Wf04","","","","Barclay's willow - Water sedge - Glow moss","","",28.00,1/24/2006 0:00:00,,3012.00,"ESSFmc   /Wf04","","Salibac-Carex","missing",,0
3007.00,"Wf03","ESSFmc","PR","ESSF","mc","mc","","","Wf03","","","","Water sedge - Peat-moss","","",28.00,1/24/2006 0:00:00,,3011.00,"ESSFmc   /Wf03","","Careaqu-Sphagnu","missing",,0
3008.00,"Wf01","ESSFmc","PR","ESSF","mc","mc","","","Wf01","","","","Water sedge - Beaked sedge","","",28.00,1/24/2006 0:00:00,,3010.00,"ESSFmc   /Wf01","","Careutr","missing",,0
3009.00,"11","ESSFmc","PR","ESSF","mc","mc","","","11","","","","Pl - Few-flowered sedge - Peat-moss","","",28.00,1/24/2006 0:00:00,,3009.00,"ESSFmc   /11","","","missing",,0
3010.00,"Wm01","ESSFmc","PR","ESSF","mc","mc","","","Wm01","","","","Beaked sedge - Water sedge","","",28.00,1/24/2006 0:00:00,,3016.00,"ESSFmc   /Wm01","","Careutr","missing",,0
3011.00,"Ws02","ESSFwv","PR","ESSF","wv","wv","","","Ws02","","","","Mountain alder - Pink spirea - Sitka sedge","","",28.00,1/24/2006 0:00:00,,3019.00,"ESSFwv   /Ws02","","Alnuinc-Careaqu","missing",,0
3012.00,"Wf03","ESSFwv","PR","ESSF","wv","wv","","","Wf03","","","","Water sedge - Peat-moss","","",28.00,1/24/2006 0:00:00,,3017.00,"ESSFwv   /Wf03","","Careaqu-Sphagnu","missing",,0
3013.00,"Wf04","ESSFwv","PR","ESSF","wv","wv","","","Wf04","","","","Barclay's willow - Water sedge - Glow moss","","",28.00,1/24/2006 0:00:00,,3018.00,"ESSFwv   /Wf04","","Salibac-Carex","missing",,0
3014.00,"Wf05","ICH mc 1","PR","ICH","mc1","mc","1","","Wf05","","","","Slender sedge - Common hook-moss","","",28.00,1/24/2006 0:00:00,,3022.00,"ICH mc 1 /Wf05","","Carelas-Drepano","missing",,0
3015.00,"Wm01","ICH mc 1","PR","ICH","mc1","mc","1","","Wm01","","","","Beaked sedge - Water sedge","","",28.00,1/24/2006 0:00:00,,3023.00,"ICH mc 1 /Wm01","","Careutr","missing",,0
3016.00,"Ws50","ICH mc 1","PR","ICH","mc1","mc","1","","Ws50","","","","Hardhack - Sitka sedge","","",28.00,1/24/2006 0:00:00,,3024.00,"ICH mc 1 /Ws50","","","missing",,0
3017.00,"Wb13","ICH mc 1","PR","ICH","mc1","mc","1","","Wb13","","","","Shore sedge - Buckbean - Peat-moss","","",28.00,1/24/2006 0:00:00,,3021.00,"ICH mc 1 /Wb13","","Carelim-Sphagnu","missing",,0
3018.00,"07","ICH mc 1","PR","ICH","mc1","mc","1","","07","","","","Pl - Bog rosemary - Peat-moss","","",28.00,1/24/2006 0:00:00,,3020.00,"ICH mc 1 /07","","","missing",,0
3019.00,"09","ICH mc 2","PR","ICH","mc2","mc","2","","09","","","","Hw - Cloudberry - Peat-moss","","",28.00,1/24/2006 0:00:00,,3025.00,"ICH mc 2 /09","","","missing",,0
3020.00,"Wf11","ICH mc 2","PR","ICH","mc2","mc","2","","Wf11","","","","Tufted clubrush - Star moss","","",28.00,1/24/2006 0:00:00,,3033.00,"ICH mc 2 /Wf11","","Tricces-Campste","missing",,0
3021.00,"12","ICH mc 2","PR","ICH","mc2","mc","2","","12","","","","Sb - Skunk cabbage - Peat-moss","","",28.00,1/24/2006 0:00:00,,3028.00,"ICH mc 2 /12","","","missing",,0
3022.00,"Ws01","ICH mc 2","PR","ICH","mc2","mc","2","","Ws01","","","","Mountain alder - Skunk cabbage - Lady fern","","",28.00,1/24/2006 0:00:00,,3035.00,"ICH mc 2 /Ws01","","Alnuinc-Lysiame","missing",,0
3023.00,"Ws02","ICH mc 2","PR","ICH","mc2","mc","2","","Ws02","","","","Mountain alder - Pink spirea - Sitka sedge","","",28.00,1/24/2006 0:00:00,,3036.00,"ICH mc 2 /Ws02","","Alnuinc-Careaqu","missing",,0
3024.00,"10","ICH mc 2","PR","ICH","mc2","mc","2","","10","","","","Sb - Soft-leaved sedge - Peat-moss","","",28.00,1/24/2006 0:00:00,,3026.00,"ICH mc 2 /10","","","missing",,0
3025.00,"Fl02","ICH mc 2","PR","ICH","mc2","mc","2","","Fl02","","","","Mountain alder - Red-osier dogwood - Horsetail","","",28.00,1/24/2006 0:00:00,,3029.00,"ICH mc 2 /Fl02","","Alnuinc-Athyfil-Mattstr","missing",,0
3026.00,"Wm01","ICH mc 2","PR","ICH","mc2","mc","2","","Wm01","","","","Beaked sedge - Water sedge","","",28.00,1/24/2006 0:00:00,,3034.00,"ICH mc 2 /Wm01","","Careutr","missing",,0
3027.00,"Wf05","ICH mc 2","PR","ICH","mc2","mc","2","","Wf05","","","","Slender sedge - Common hook-moss","","",28.00,1/24/2006 0:00:00,,3032.00,"ICH mc 2 /Wf05","","Carelas-Drepano","missing",,0
3028.00,"11","ICH mc 2","PR","ICH","mc2","mc","2","","11","","","","Sb - Buckbean - Peat-moss","","",28.00,1/24/2006 0:00:00,,3027.00,"ICH mc 2 /11","","","missing",,0
3029.00,"Wf02","ICH mc 2","PR","ICH","mc2","mc","2","","Wf02","","","","Scrub birch - Water sedge","","",28.00,1/24/2006 0:00:00,,3031.00,"ICH mc 2 /Wf02","","Betunan-Saliped-Careaqu","missing",,0
3030.00,"Wb12","ICH mc 2","PR","ICH","mc2","mc","2","","Wb12","","","","Scheuchzeria - Peat-moss","","",28.00,1/24/2006 0:00:00,,3030.00,"ICH mc 2 /Wb12","","Schepal-Sphagnu","missing",,0
3031.00,"Wf51","ICH vc","PR","ICH","vc","vc","","","Wf51","","","","Sitka sedge - Peat-moss","","",28.00,1/24/2006 0:00:00,,3041.00,"ICH vc   /Wf51","","Careaqu-Sphagnu","missing",,0
3032.00,"07","ICH vc","PR","ICH","vc","vc","","","07","","","","Hw - Cloudberry - Peat-moss","","",28.00,1/24/2006 0:00:00,,3037.00,"ICH vc   /07","","","missing",,0
3033.00,"Ws04","ICH vc","PR","ICH","vc","vc","","","Ws04","","","","Drummond's willow - Beaked sedge","","",28.00,1/24/2006 0:00:00,,3044.00,"ICH vc   /Ws04","","Salidru-Carex","missing",,0
3034.00,"Wm09","ICH vc","PR","ICH","vc","vc","","","Wm09","","","","Inflated sedge","","",28.00,1/24/2006 0:00:00,,3042.00,"ICH vc   /Wm09","","Careexs","missing",,0
3035.00,"Wb13","ICH vc","PR","ICH","vc","vc","","","Wb13","","","","Shore sedge - Buckbean - Peat-moss","","",28.00,1/24/2006 0:00:00,,3039.00,"ICH vc   /Wb13","","Carelim-Sphagnu","missing",,0
3036.00,"Fl01","ICH vc","PR","ICH","vc","vc","","","Fl01","","","","Mountain alder - Common horsetail","","",28.00,1/24/2006 0:00:00,,3038.00,"ICH vc   /Fl01","","Alnuinc-Equiset","missing",,0
3037.00,"Wf01","ICH vc","PR","ICH","vc","vc","","","Wf01","","","","Water sedge - Beaked sedge","","",28.00,1/24/2006 0:00:00,,3040.00,"ICH vc   /Wf01","","Careutr","missing",,0
3038.00,"Ws02","ICH vc","PR","ICH","vc","vc","","","Ws02","","","","Mountain alder - Pink spirea - Sitka sedge","","",28.00,1/24/2006 0:00:00,,3043.00,"ICH vc   /Ws02","","Alnuinc-Careaqu","missing",,0
3039.00,"10","ICH wc","PR","ICH","wc","wc","","","10","","","","Pl  - Water sedge - Peat-moss","","",28.00,1/24/2006 0:00:00,,3046.00,"ICH wc   /10","","","missing",,0
3040.00,"09","ICH wc","PR","ICH","wc","wc","","","09","","","","Hw - Cloudberry - Peat-moss","","",28.00,1/24/2006 0:00:00,,3045.00,"ICH wc   /09","","","missing",,0
3041.00,"Wf01","ICH wc","PR","ICH","wc","wc","","","Wf01","","","","Water sedge - Beaked sedge","","",28.00,1/24/2006 0:00:00,,3047.00,"ICH wc   /Wf01","","Careutr","missing",,0
3042.00,"Wf51","ICH wc","PR","ICH","wc","wc","","","Wf51","","","","Sitka sedge - Peat-moss","","",28.00,1/24/2006 0:00:00,,3048.00,"ICH wc   /Wf51","","Careaqu-Sphagnu","missing",,0
3043.00,"Wf51","MH  mm 1","PR","MH","mm1","mm","1","","Wf51","","","","Sitka sedge - Peat-moss","","",28.00,1/24/2006 0:00:00,,3050.00,"MH  mm 1 /Wf51","","Careaqu-Sphagnu","missing",,0
3044.00,"Wf50","MH  mm 1","PR","MH","mm1","mm","1","","Wf50","","","","Narrow-leaved cotton-grass - Peat-moss","","",28.00,1/24/2006 0:00:00,,3049.00,"MH  mm 1 /Wf50","","Erioang-Fauria-Sphagnu","missing",,0
3045.00,"Wf01","MH  mm 2","PR","MH","mm2","mm","2","","Wf01","","","","Water sedge - Beaked sedge","","",28.00,1/24/2006 0:00:00,,3051.00,"MH  mm 2 /Wf01","","Careutr","missing",,0
3046.00,"Wf02","SBPSmc","PR","SBPS","mc","mc","","","Wf02","","","","Scrub birch - Water sedge","","",28.00,1/24/2006 0:00:00,,3053.00,"SBPSmc   /Wf02","","Betunan-Saliped-Careaqu","missing",,0
3047.00,"08","SBPSmc","PR","SBPS","mc","mc","","","08","","","","Sb  - Creeping-snowberry - Peat-moss","","",28.00,1/24/2006 0:00:00,,3052.00,"SBPSmc   /08","","","missing",,0
3048.00,"Fl05","SBS dk","PR","SBS","dk","dk","","","Fl05","","","","Drummond's willow - Bluejoint","","",28.00,1/24/2006 0:00:00,,3055.00,"SBS dk   /Fl05","","Salidru-Calamag","missing",,0
3049.00,"Wf11","SBS dk","PR","SBS","dk","dk","","","Wf11","","","","Tufted clubrush - Star moss","","",28.00,1/24/2006 0:00:00,,3061.00,"SBS dk   /Wf11","","Tricces-Campste","missing",,0
3050.00,"Wm01","SBS dk","PR","SBS","dk","dk","","","Wm01","","","","Beaked sedge - Water sedge","","",28.00,1/24/2006 0:00:00,,3062.00,"SBS dk   /Wm01","","Careutr","missing",,0
3051.00,"Wm02","SBS dk","PR","SBS","dk","dk","","","Wm02","","","","Swamp horsetail - Beaked sedge","","",28.00,1/24/2006 0:00:00,,3063.00,"SBS dk   /Wm02","","Careutr","missing",,0
3052.00,"Ws05","SBS dk","PR","SBS","dk","dk","","","Ws05","","","","Maccalla's willow - Beaked sedge","","",28.00,1/24/2006 0:00:00,,3067.00,"SBS dk   /Ws05","","Salimac-Careutr","missing",,0
3053.00,"Wf08","SBS dk","PR","SBS","dk","dk","","","Wf08","","","","Shore sedge - Buckbean - Hook-moss","","",28.00,1/24/2006 0:00:00,,3060.00,"SBS dk   /Wf08","","Carelim-Menytri","missing",,0
3054.00,"Wf07","SBS dk","PR","SBS","dk","dk","","","Wf07","","","","Scrub birch - Buckbean - Shore sedge","","",28.00,1/24/2006 0:00:00,,3059.00,"SBS dk   /Wf07","","Carelim-Menytri","missing",,0
3055.00,"Fl02","SBS dk","PR","SBS","dk","dk","","","Fl02","","","","Mountain alder - Red-osier dogwood - Horsetail","","",28.00,1/24/2006 0:00:00,,3054.00,"SBS dk   /Fl02","","Alnuinc-Athyfil-Mattstr","missing",,0
3056.00,"Wm04","SBS dk","PR","SBS","dk","dk","","","Wm04","","","","Common spike-rush","","",28.00,1/24/2006 0:00:00,,3064.00,"SBS dk   /Wm04","","Eleopal","missing",,0
3057.00,"Wf05","SBS dk","PR","SBS","dk","dk","","","Wf05","","","","Slender sedge - Common hook-moss","","",28.00,1/24/2006 0:00:00,,3057.00,"SBS dk   /Wf05","","Carelas-Drepano","missing",,0
3058.00,"Ws04","SBS dk","PR","SBS","dk","dk","","","Ws04","","","","Drummond's willow - Beaked sedge","","",28.00,1/24/2006 0:00:00,,3066.00,"SBS dk   /Ws04","","Salidru-Carex","missing",,0
3059.00,"Wf02","SBS dk","PR","SBS","dk","dk","","","Wf02","","","","Scrub birch - Water sedge","","",28.00,1/24/2006 0:00:00,,3056.00,"SBS dk   /Wf02","","Betunan-Saliped-Careaqu","missing",,0
3060.00,"Ws03","SBS dk","PR","SBS","dk","dk","","","Ws03","","","","Bebb's willow - Bluejoint","","",28.00,1/24/2006 0:00:00,,3065.00,"SBS dk   /Ws03","","Salibeb-Calacan","missing",,0
3061.00,"Wf06","SBS dk","PR","SBS","dk","dk","","","Wf06","","","","Slender sedge - Buckbean","","",28.00,1/24/2006 0:00:00,,3058.00,"SBS dk   /Wf06","","Carelas-Drepano","missing",,0
3062.00,"Wm01","SBS dw 3","PR","SBS","dw3","dw","3","","Wm01","","","","Beaked sedge - Water sedge","","",28.00,1/24/2006 0:00:00,,3072.00,"SBS dw 3 /Wm01","","Careutr","missing",,0
3063.00,"Wb12","SBS dw 3","PR","SBS","dw3","dw","3","","Wb12","","","","Scheuchzeria - Peat-moss","","",28.00,1/24/2006 0:00:00,,3071.00,"SBS dw 3 /Wb12","","Schepal-Sphagnu","missing",,0
3064.00,"12","SBS dw 3","PR","SBS","dw3","dw","3","","12","","","","Sb - Common horsetail - Peat-moss","","",28.00,1/24/2006 0:00:00,,3069.00,"SBS dw 3 /12","","","missing",,0
3065.00,"11","SBS dw 3","PR","SBS","dw3","dw","3","","11","","","","Sb - Water sedge - Peat-moss","","",28.00,1/24/2006 0:00:00,,3068.00,"SBS dw 3 /11","","","missing",,0
3066.00,"Fl05","SBS dw 3","PR","SBS","dw3","dw","3","","Fl05","","","","Drummond's willow - Bluejoint","","",28.00,1/24/2006 0:00:00,,3070.00,"SBS dw 3 /Fl05","","Salidru-Calamag","missing",,0
3067.00,"Wm02","SBS dw 3","PR","SBS","dw3","dw","3","","Wm02","","","","Swamp horsetail - Beaked sedge","","",28.00,1/24/2006 0:00:00,,3073.00,"SBS dw 3 /Wm02","","Careutr","missing",,0
3068.00,"Wb12","SBS mc 2","PR","SBS","mc2","mc","2","","Wb12","","","","Scheuchzeria - Peat-moss","","",28.00,1/24/2006 0:00:00,,3078.00,"SBS mc 2 /Wb12","","Schepal-Sphagnu","missing",,0
3069.00,"Wm01","SBS mc 2","PR","SBS","mc2","mc","2","","Wm01","","","","Beaked sedge - Water sedge","","",28.00,1/24/2006 0:00:00,,3085.00,"SBS mc 2 /Wm01","","Careutr","missing",,0
3070.00,"Wf07","SBS mc 2","PR","SBS","mc2","mc","2","","Wf07","","","","Scrub birch - Buckbean - Shore sedge","","",28.00,1/24/2006 0:00:00,,3081.00,"SBS mc 2 /Wf07","","Carelim-Menytri","missing",,0
3071.00,"Ws02","SBS mc 2","PR","SBS","mc2","mc","2","","Ws02","","","","Mountain alder - Pink spirea - Sitka sedge","","",28.00,1/24/2006 0:00:00,,3086.00,"SBS mc 2 /Ws02","","Alnuinc-Careaqu","missing",,0
3072.00,"Ws04","SBS mc 2","PR","SBS","mc2","mc","2","","Ws04","","","","Drummond's willow - Beaked sedge","","",28.00,1/24/2006 0:00:00,,3087.00,"SBS mc 2 /Ws04","","Salidru-Carex","missing",,0
3073.00,"14","SBS mc 2","PR","SBS","mc2","mc","2","","14","","","","Sb - Common horsetail - Peat-moss","","",28.00,1/24/2006 0:00:00,,3075.00,"SBS mc 2 /14","","","missing",,0
3074.00,"Wf10","SBS mc 2","PR","SBS","mc2","mc","2","","Wf10","","","","Hudson Bay clubrush - Red hook-moss","","",28.00,1/24/2006 0:00:00,,3084.00,"SBS mc 2 /Wf10","","Tricalp-Dreprev","missing",,0
3075.00,"15","SBS mc 2","PR","SBS","mc2","mc","2","","15","","","","Pl - Few-flowered sedge - Peat-moss","","",28.00,1/24/2006 0:00:00,,3076.00,"SBS mc 2 /15","","","missing",,0
3076.00,"Wf09","SBS mc 2","PR","SBS","mc2","mc","2","","Wf09","","","","Few-flowered spike-rush - Hook-moss","","",28.00,1/24/2006 0:00:00,,3083.00,"SBS mc 2 /Wf09","","Eleoqui-Drepano","missing",,0
3077.00,"Wf08","SBS mc 2","PR","SBS","mc2","mc","2","","Wf08","","","","Shore sedge - Buckbean - Hook-moss","","",28.00,1/24/2006 0:00:00,,3082.00,"SBS mc 2 /Wf08","","Carelim-Menytri","missing",,0
3078.00,"16","SBS mc 2","PR","SBS","mc2","mc","2","","16","","","","Sb - Buckbean - Peat-moss","","",28.00,1/24/2006 0:00:00,,3077.00,"SBS mc 2 /16","","","missing",,0
3079.00,"Wf02","SBS mc 2","PR","SBS","mc2","mc","2","","Wf02","","","","Scrub birch - Water sedge","","",28.00,1/24/2006 0:00:00,,3079.00,"SBS mc 2 /Wf02","","Betunan-Saliped-Careaqu","missing",,0
3080.00,"Wf05","SBS mc 2","PR","SBS","mc2","mc","2","","Wf05","","","","Slender sedge - Common hook-moss","","",28.00,1/24/2006 0:00:00,,3080.00,"SBS mc 2 /Wf05","","Carelas-Drepano","missing",,0
3081.00,"13","SBS mc 2","PR","SBS","mc2","mc","2","","13","","","","Sb - Soft-leaved sedge - Peat-moss","","",28.00,1/24/2006 0:00:00,,3074.00,"SBS mc 2 /13","","","missing",,0
3082.00,"Wf07","SBS wk 3","PR","SBS","wk3","wk","3","","Wf07","","","","Scrub birch - Buckbean - Shore sedge","","",28.00,1/24/2006 0:00:00,,3088.00,"SBS wk 3 /Wf07","","Carelim-Menytri","missing",,0
3083.00,"Em05","CDF mm","VAN","CDF","mm","mm","","","Em05","","","","Lyngbye's sedge","","",28.00,1/24/2006 0:00:00,,3091.00,"CDF mm   /Em05","","Carelyn","missing",,0
3084.00,"Wm11","CDF mm","VAN","CDF","mm","mm","","","Wm11","","","","Seacoast bulrush","","",28.00,1/24/2006 0:00:00,,3099.00,"CDF mm   /Wm11","","Bolbmar","missing",,0
3085.00,"Wf52","CDF mm","VAN","CDF","mm","mm","","","Wf52","","","","Sweet gale - Sitka sedge","","",28.00,1/24/2006 0:00:00,,3093.00,"CDF mm   /Wf52","","Myrigal-Caresit","missing",,0
3086.00,"Wf53","CDF mm","VAN","CDF","mm","mm","","","Wf53","","","","Slender sedge - White beak-rush","","",28.00,1/24/2006 0:00:00,,3094.00,"CDF mm   /Wf53","","Carelas-Rhynalb","missing",,0
3087.00,"Wm09","CDF mm","VAN","CDF","mm","mm","","","Wm09","","","","Inflated sedge","","",28.00,1/24/2006 0:00:00,,3098.00,"CDF mm   /Wm09","","Careexs","missing",,0
3088.00,"Wm05","CDF mm","VAN","CDF","mm","mm","","","Wm05","","","","Cattail","","",28.00,1/24/2006 0:00:00,,3096.00,"CDF mm   /Wm05","","Typhlat","missing",,0
3089.00,"Wf06","CDF mm","VAN","CDF","mm","mm","","","Wf06","","","","Slender sedge - Buckbean","","",28.00,1/24/2006 0:00:00,,3092.00,"CDF mm   /Wf06","","Carelas-Drepano","missing",,0
3090.00,"Wm51","CDF mm","VAN","CDF","mm","mm","","","Wm51","","","","Three-way sedge","","",28.00,1/24/2006 0:00:00,,3100.00,"CDF mm   /Wm51","","Duliaru","missing",,0
3091.00,"Wm04","CDF mm","VAN","CDF","mm","mm","","","Wm04","","","","Common spike-rush","","",28.00,1/24/2006 0:00:00,,3095.00,"CDF mm   /Wm04","","Eleopal","missing",,0
3092.00,"Em03","CDF mm","VAN","CDF","mm","mm","","","Em03","","","","Seashore saltgrass","","",28.00,1/24/2006 0:00:00,,3090.00,"CDF mm   /Em03","","","missing",,0
3093.00,"Ws50","CDF mm","VAN","CDF","mm","mm","","","Ws50","","","","Hardhack - Sitka sedge","","",28.00,1/24/2006 0:00:00,,3101.00,"CDF mm   /Ws50","","Spirdou-Caresit","missing",,0
3094.00,"Wm06","CDF mm","VAN","CDF","mm","mm","","","Wm06","","","","Great bulrush","","",28.00,1/24/2006 0:00:00,,3097.00,"CDF mm   /Wm06","","Scirlac","missing",,0
3095.00,"Ed01","CDF mm","VAN","CDF","mm","mm","","","Ed01","","","","Tufted hairgrass - Meadow barley","","",28.00,1/24/2006 0:00:00,,3089.00,"CDF mm   /Ed01","","Descces (estuary)","missing",,0
3096.00,"Wm05","CWH dm","VAN","CWH","dm","dm","","","Wm05","","","","Cattail","","",28.00,1/24/2006 0:00:00,,3102.00,"CWH dm   /Wm05","","Typhlat","missing",,0
3097.00,"Wm09","CWH mm 1","VAN","CWH","mm1","mm","1","","Wm09","","","","Inflated sedge","","",28.00,1/24/2006 0:00:00,,3105.00,"CWH mm 1 /Wm09","","Careexs","missing",,0
3098.00,"Wf52","CWH mm 1","VAN","CWH","mm1","mm","1","","Wf52","","","","Sweet gale - Sitka sedge","","",28.00,1/24/2006 0:00:00,,3103.00,"CWH mm 1 /Wf52","","Myrigal-Caresit","missing",,0
3099.00,"Wf53","CWH mm 1","VAN","CWH","mm1","mm","1","","Wf53","","","","Slender sedge - White beak-rush","","",28.00,1/24/2006 0:00:00,,3104.00,"CWH mm 1 /Wf53","","Carelas-Rhynalb","missing",,0
3100.00,"Wm51","CWH mm 1","VAN","CWH","mm1","mm","1","","Wm51","","","","Three-way sedge","","",28.00,1/24/2006 0:00:00,,3106.00,"CWH mm 1 /Wm51","","Duliaru","missing",,0
3101.00,"Wf53","CWH mm 2","VAN","CWH","mm2","mm","2","","Wf53","","","","Slender sedge - White beak-rush","","",28.00,1/24/2006 0:00:00,,3108.00,"CWH mm 2 /Wf53","","Carelas-Rhynalb","missing",,0
3102.00,"Wf52","CWH mm 2","VAN","CWH","mm2","mm","2","","Wf52","","","","Sweet gale - Sitka sedge","","",28.00,1/24/2006 0:00:00,,3107.00,"CWH mm 2 /Wf52","","Myrigal-Caresit","missing",,0
3106.00,"Wf52","CWH vh 2","VAN","CWH","vh2","vh","2","","Wf52","","","","Sweet gale - Sitka sedge","","",28.00,1/24/2006 0:00:00,,3113.00,"CWH vh 2 /Wf52","","Myrigal-Caresit","missing",,0
3107.00,"Wf51","CWH vh 2","VAN","CWH","vh2","vh","2","","Wf51","","","","Sitka sedge - Peat-moss","","",28.00,1/24/2006 0:00:00,,3112.00,"CWH vh 2 /Wf51","","Careaqu-Sphagnu","missing",,0
3108.00,"Wm50","CWH vh 2","VAN","CWH","vh2","vh","2","","Wm50","","","","Sitka sedge - Hemlock-parsley","","",28.00,1/24/2006 0:00:00,,3114.00,"CWH vh 2 /Wm50","","Caresit-Oenasar","missing",,0
3109.00,"Wf51","CWH vm 1","VAN","CWH","vm1","vm","1","","Wf51","","","","Sitka sedge - Peat-moss","","",28.00,1/24/2006 0:00:00,,3118.00,"CWH vm 1 /Wf51","","","missing",,0
3110.00,"Wf50","CWH vm 1","VAN","CWH","vm1","vm","1","","Wf50","","","","Narrow-leaved cotton-grass - Peat-moss","","",28.00,1/24/2006 0:00:00,,3117.00,"CWH vm 1 /Wf50","","Erioang-Fauria-Sphagnu","missing",,0
3111.00,"15","CWH vm 1","VAN","CWH","vm1","vm","1","","15","","","","YcHm - Skunk cabbage","","",28.00,1/24/2006 0:00:00,,3115.00,"CWH vm 1 /15","","","na",,0
3112.00,"Wb50","CWH vm 1","VAN","CWH","vm1","vm","1","","Wb50","","","","Labrador tea - Bog-laurel - Peat-moss","","",28.00,1/24/2006 0:00:00,,3116.00,"CWH vm 1 /Wb50","","Kalmia-Sphagnu","missing",,0
3113.00,"Ws06","CWH vm 1","VAN","CWH","vm1","vm","1","","Ws06","","","","Sitka willow - Sitka sedge","","",28.00,1/24/2006 0:00:00,,3119.00,"CWH vm 1 /Ws06","","","missing",,0
3114.00,"Wm09","CWH vm 2","VAN","CWH","vm2","vm","2","","Wm09","","","","Inflated sedge","","",28.00,1/24/2006 0:00:00,,3122.00,"CWH vm 2 /Wm09","","Careexs","missing",,0
3115.00,"Wf51","CWH vm 2","VAN","CWH","vm2","vm","2","","Wf51","","","","Sitka sedge - Peat-moss","","",28.00,1/24/2006 0:00:00,,3121.00,"CWH vm 2 /Wf51","","","missing",,0
3116.00,"Ws06","CWH vm 2","VAN","CWH","vm2","vm","2","","Ws06","","","","Sitka willow - Sitka sedge","","",28.00,1/24/2006 0:00:00,,3123.00,"CWH vm 2 /Ws06","","","missing",,0
3117.00,"12","CWH vm 2","VAN","CWH","vm2","vm","2","","12","","","","YcHm - Skunk cabbage","","",28.00,1/24/2006 0:00:00,,3120.00,"CWH vm 2 /12","","","na",,0
3118.00,"Wf51","CWH wh 1","VAN","CWH","wh1","wh","1","","Wf51","","","","Sitka sedge - Peat-moss","","",28.00,1/24/2006 0:00:00,,3124.00,"CWH wh 1 /Wf51","","Careaqu-Sphagnu","missing",,0
3119.00,"Wb13","CWH ws 2","VAN","CWH","ws2","ws","2","","Wb13","","","","Shore sedge - Buckbean - Peat-moss","","",28.00,1/24/2006 0:00:00,,3125.00,"CWH ws 2 /Wb13","","Carelim-Sphagnu","missing",,0
3120.00,"Wf51","CWH ws 2","VAN","CWH","ws2","ws","2","","Wf51","","","","Sitka sedge - Peat-moss","","",28.00,1/24/2006 0:00:00,,3126.00,"CWH ws 2 /Wf51","","Careaqu-Sphagnu","missing",,0
3121.00,"Ws50","CWH xm 1","VAN","CWH","xm1","xm","1","","Ws50","","","","Hardhack - Sitka sedge","","",28.00,1/24/2006 0:00:00,,3135.00,"CWH xm 1 /Ws50","","Spirdou-Caresit","missing",,0
3122.00,"Wf52","CWH xm 1","VAN","CWH","xm1","xm","1","","Wf52","","","","Sweet gale - Sitka sedge","","",28.00,1/24/2006 0:00:00,,3129.00,"CWH xm 1 /Wf52","","Myrigal-Caresit","missing",,0
3123.00,"Wm09","CWH xm 1","VAN","CWH","xm1","xm","1","","Wm09","","","","Inflated sedge","","",28.00,1/24/2006 0:00:00,,3133.00,"CWH xm 1 /Wm09","","Careexs","missing",,0
3124.00,"Wf10","CWH xm 1","VAN","CWH","xm1","xm","1","","Wf10","","","","Hudson Bay clubrush - Red hook-moss","","",28.00,1/24/2006 0:00:00,,3128.00,"CWH xm 1 /Wf10","","","missing",,0
3125.00,"Wm50","CWH xm 1","VAN","CWH","xm1","xm","1","","Wm50","","","","Sitka sedge - Hemlock-parsley","","",28.00,1/24/2006 0:00:00,,3134.00,"CWH xm 1 /Wm50","","Caresit-Oenasar","missing",,0
3126.00,"Wb50","CWH xm 1","VAN","CWH","xm1","xm","1","","Wb50","","","","Labrador tea - Bog-laurel - Peat-moss","","",28.00,1/24/2006 0:00:00,,3127.00,"CWH xm 1 /Wb50","","Kalmia-Sphagnu","missing",,0
3127.00,"Wf53","CWH xm 1","VAN","CWH","xm1","xm","1","","Wf53","","","","Slender sedge - White beak-rush","","",28.00,1/24/2006 0:00:00,,3130.00,"CWH xm 1 /Wf53","","Carelas-Rhynalb","missing",,0
3128.00,"Wm05","CWH xm 1","VAN","CWH","xm1","xm","1","","Wm05","","","","Cattail","","",28.00,1/24/2006 0:00:00,,3131.00,"CWH xm 1 /Wm05","","Typhlat","missing",,0
3129.00,"Wm06","CWH xm 1","VAN","CWH","xm1","xm","1","","Wm06","","","","Great bulrush","","",28.00,1/24/2006 0:00:00,,3132.00,"CWH xm 1 /Wm06","","Scirlac","missing",,0
3130.00,"Wf52","CWH xm 2","VAN","CWH","xm2","xm","2","","Wf52","","","","Sweet gale - Sitka sedge","","",28.00,1/24/2006 0:00:00,,3137.00,"CWH xm 2 /Wf52","","Myrigal-Caresit","missing",,0
3131.00,"Wm05","CWH xm 2","VAN","CWH","xm2","xm","2","","Wm05","","","","Cattail","","",28.00,1/24/2006 0:00:00,,3139.00,"CWH xm 2 /Wm05","","Typhlat","missing",,0
3132.00,"Ws50","CWH xm 2","VAN","CWH","xm2","xm","2","","Ws50","","","","Hardhack - Sitka sedge","","",28.00,1/24/2006 0:00:00,,3141.00,"CWH xm 2 /Ws50","","Spirdou-Caresit","missing",,0
3133.00,"Wf53","CWH xm 2","VAN","CWH","xm2","xm","2","","Wf53","","","","Slender sedge - White beak-rush","","",28.00,1/24/2006 0:00:00,,3138.00,"CWH xm 2 /Wf53","","Carelas-Rhynalb","missing",,0
3134.00,"Wm51","CWH xm 2","VAN","CWH","xm2","xm","2","","Wm51","","","","Three-way sedge","","",28.00,1/24/2006 0:00:00,,3140.00,"CWH xm 2 /Wm51","","Duliaru","missing",,0
3135.00,"Wb50","CWH xm 2","VAN","CWH","xm2","xm","2","","Wb50","","","","Labrador tea - Bog-laurel - Peat-moss","","",28.00,1/24/2006 0:00:00,,3136.00,"CWH xm 2 /Wb50","","Kalmia-Sphagnu","missing",,0
3136.00,"Wf11","ESSFdc 2","VAN","ESSF","dc2","dc","2","","Wf11","","","","Tufted clubrush - Star moss","","",28.00,1/24/2006 0:00:00,,3143.00,"ESSFdc 2 /Wf11","","Tricces-Campste","missing",,0
3137.00,"Sc03","ESSFdc 2","VAN","ESSF","dc2","dc","2","","Sc03","","","","Barclay's willow - Arrow-leaved groundsel","","",28.00,1/24/2006 0:00:00,,3142.00,"ESSFdc 2 /Sc03","","","missing",,0
3138.00,"Ws04","ESSFdc 2","VAN","ESSF","dc2","dc","2","","Ws04","","","","Drummond's willow - Beaked sedge","","",28.00,1/24/2006 0:00:00,,3144.00,"ESSFdc 2 /Ws04","","Salidru-Carex","missing",,0
3139.00,"Wm01","ESSFmc","VAN","ESSF","mc","mc","","","Wm01","","","","Beaked sedge - Water sedge","","",28.00,1/24/2006 0:00:00,,3152.00,"ESSFmc   /Wm01","","Careutr","missing",,0
3140.00,"Wf01","ESSFmc","VAN","ESSF","mc","mc","","","Wf01","","","","Water sedge - Beaked sedge","","",28.00,1/24/2006 0:00:00,,3146.00,"ESSFmc   /Wf01","","Careutr","missing",,0
3141.00,"Wf03","ESSFmc","VAN","ESSF","mc","mc","","","Wf03","","","","Water sedge - Peat-moss","","",28.00,1/24/2006 0:00:00,,3147.00,"ESSFmc   /Wf03","","Careaqu-Sphagnu","missing",,0
3142.00,"Wf13","ESSFmc","VAN","ESSF","mc","mc","","","Wf13","","","","Narrow-leaved cotton-grass - Shore sedge","","",28.00,1/24/2006 0:00:00,,3151.00,"ESSFmc   /Wf13","","Erioang-Caltlep-Sphagnu","missing",,0
3143.00,"11","ESSFmc","VAN","ESSF","mc","mc","","","11","","","","Pl - Few-flowered sedge - Peat-moss","","",28.00,1/24/2006 0:00:00,,3145.00,"ESSFmc   /11","","","missing",,0
3144.00,"Wf09","ESSFmc","VAN","ESSF","mc","mc","","","Wf09","","","","Few-flowered spike-rush - Hook-moss","","",28.00,1/24/2006 0:00:00,,3149.00,"ESSFmc   /Wf09","","Eleoqui-Drepano","missing",,0
3145.00,"Wf12","ESSFmc","VAN","ESSF","mc","mc","","","Wf12","","","","Narrow-leaved cotton-grass - Marsh-marigold","","",28.00,1/24/2006 0:00:00,,3150.00,"ESSFmc   /Wf12","","Erioang-Caltlep-Sphagnu","missing",,0
3146.00,"Wf04","ESSFmc","VAN","ESSF","mc","mc","","","Wf04","","","","Barclay's willow - Water sedge - Glow moss","","",28.00,1/24/2006 0:00:00,,3148.00,"ESSFmc   /Wf04","","Salibac-Carex","missing",,0
3147.00,"Wf13","ESSFmw","VAN","ESSF","mw","mw","","","Wf13","","","","Narrow-leaved cotton-grass - Shore sedge","","",28.00,1/24/2006 0:00:00,,3157.00,"ESSFmw   /Wf13","","","missing",,0
3148.00,"Wf01","ESSFmw","VAN","ESSF","mw","mw","","","Wf01","","","","Water sedge - Beaked sedge","","",28.00,1/24/2006 0:00:00,,3153.00,"ESSFmw   /Wf01","","","missing",,0
3149.00,"Wm02","ESSFmw","VAN","ESSF","mw","mw","","","Wm02","","","","Swamp horsetail - Beaked sedge","","",28.00,1/24/2006 0:00:00,,3159.00,"ESSFmw   /Wm02","","","missing",,0
3150.00,"Wf03","ESSFmw","VAN","ESSF","mw","mw","","","Wf03","","","","Water sedge - Peat-moss","","",28.00,1/24/2006 0:00:00,,3154.00,"ESSFmw   /Wf03","","","missing",,0
3151.00,"Wf04","ESSFmw","VAN","ESSF","mw","mw","","","Wf04","","","","Barclay's willow - Water sedge - Glow moss","","",28.00,1/24/2006 0:00:00,,3155.00,"ESSFmw   /Wf04","","","missing",,0
3152.00,"Wf12","ESSFmw","VAN","ESSF","mw","mw","","","Wf12","","","","Narrow-leaved cotton-grass - Marsh-marigold","","",28.00,1/24/2006 0:00:00,,3156.00,"ESSFmw   /Wf12","","","missing",,0
3153.00,"Wm01","ESSFmw","VAN","ESSF","mw","mw","","","Wm01","","","","Beaked sedge - Water sedge","","",28.00,1/24/2006 0:00:00,,3158.00,"ESSFmw   /Wm01","","","missing",,0
3154.00,"Wf01","ESSFxv 1","VAN","ESSF","xv1","xv","1","","Wf01","","","","Water sedge - Beaked sedge","","",28.00,1/24/2006 0:00:00,,3160.00,"ESSFxv 1 /Wf01","","Careutr","missing",,0
3155.00,"Wf09","ESSFxv 1","VAN","ESSF","xv1","xv","1","","Wf09","","","","Few-flowered spike-rush - Hook-moss","","",28.00,1/24/2006 0:00:00,,3162.00,"ESSFxv 1 /Wf09","","Eleoqui-Drepano","missing",,0
3156.00,"Wf08","ESSFxv 1","VAN","ESSF","xv1","xv","1","","Wf08","","","","Shore sedge - Buckbean - Hook-moss","","",28.00,1/24/2006 0:00:00,,3161.00,"ESSFxv 1 /Wf08","","Carelim-Menytri","missing",,0
3157.00,"Wf51","MH  mm 1","VAN","MH","mm1","mm","1","","Wf51","","","","Sitka sedge - Peat-moss","","",28.00,1/24/2006 0:00:00,,3164.00,"MH  mm 1 /Wf51","","Careaqu-Sphagnu","missing",,0
3158.00,"Wf50","MH  mm 1","VAN","MH","mm1","mm","1","","Wf50","","","","Narrow-leaved cotton-grass - Peat-moss","","",28.00,1/24/2006 0:00:00,,3163.00,"MH  mm 1 /Wf50","","Erioang-Fauria-Sphagnu","missing",,0
3159.00,"Wf01","MH  mm 2","VAN","MH","mm2","mm","2","","Wf01","","","","Water sedge - Beaked sedge","","",28.00,1/24/2006 0:00:00,,3165.00,"MH  mm 2 /Wf01","","Careutr","missing",,0
3160.00,"Wf02","MS  dc 2","VAN","MS","dc2","dc","2","","Wf02","","","","Scrub birch - Water sedge","","",28.00,1/24/2006 0:00:00,,3166.00,"MS  dc 2 /Wf02","","","missing",,0
3161.00,"Wm02","MS  dc 2","VAN","MS","dc2","dc","2","","Wm02","","","","Swamp horsetail - Beaked sedge","","",28.00,1/24/2006 0:00:00,,3168.00,"MS  dc 2 /Wm02","","","missing",,0
3162.00,"Wm01","MS  dc 2","VAN","MS","dc2","dc","2","","Wm01","","","","Beaked sedge - Water sedge","","",28.00,1/24/2006 0:00:00,,3167.00,"MS  dc 2 /Wm01","","","missing",,0
3163.00,"Wf01","MS  dm 2","VAN","MS","dm2","dm","2","","Wf01","","","","Water sedge - Beaked sedge","","",28.00,1/24/2006 0:00:00,,3169.00,"MS  dm 2 /Wf01","","Careutr","missing",,0
3164.00,"Wm01","MS  dm 2","VAN","MS","dm2","dm","2","","Wm01","","","","Beaked sedge - Water sedge","","",28.00,1/24/2006 0:00:00,,3174.00,"MS  dm 2 /Wm01","","Careutr","missing",,0
3165.00,"Wf11","MS  dm 2","VAN","MS","dm2","dm","2","","Wf11","","","","Tufted clubrush - Star moss","","",28.00,1/24/2006 0:00:00,,3173.00,"MS  dm 2 /Wf11","","Tricces-Campste","missing",,0
3166.00,"Wm06","MS  dm 2","VAN","MS","dm2","dm","2","","Wm06","","","","Great bulrush","","",28.00,1/24/2006 0:00:00,,3175.00,"MS  dm 2 /Wm06","","Scirlac","missing",,0
3167.00,"Wf05","MS  dm 2","VAN","MS","dm2","dm","2","","Wf05","","","","Slender sedge - Common hook-moss","","",28.00,1/24/2006 0:00:00,,3171.00,"MS  dm 2 /Wf05","","Carelas-Drepano","missing",,0
3168.00,"Wf04","MS  dm 2","VAN","MS","dm2","dm","2","","Wf04","","","","Barclay's willow - Water sedge - Glow moss","","",28.00,1/24/2006 0:00:00,,3170.00,"MS  dm 2 /Wf04","","Salibac-Carex","missing",,0
3169.00,"Ws04","MS  dm 2","VAN","MS","dm2","dm","2","","Ws04","","","","Drummond's willow - Beaked sedge","","",28.00,1/24/2006 0:00:00,,3177.00,"MS  dm 2 /Ws04","","Salidru-Carex","missing",,0
3170.00,"Wm09","MS  dm 2","VAN","MS","dm2","dm","2","","Wm09","","","","Inflated sedge","","",28.00,1/24/2006 0:00:00,,3176.00,"MS  dm 2 /Wm09","","Careexs","missing",,0
3171.00,"Wf09","MS  dm 2","VAN","MS","dm2","dm","2","","Wf09","","","","Few-flowered spike-rush - Hook-moss","","",28.00,1/24/2006 0:00:00,,3172.00,"MS  dm 2 /Wf09","","Eleoqui-Drepano","missing",,0
3172.00,"Wf08","MS  xv","VAN","MS","xv","xv","","","Wf08","","","","Shore sedge - Buckbean - Hook-moss","","",28.00,1/24/2006 0:00:00,,3183.00,"MS  xv   /Wf08","","Carelim-Menytri","missing",,0
3173.00,"Wf09","MS  xv","VAN","MS","xv","xv","","","Wf09","","","","Few-flowered spike-rush - Hook-moss","","",28.00,1/24/2006 0:00:00,,3184.00,"MS  xv   /Wf09","","Eleoqui-Drepano","missing",,0
3174.00,"Wm10","MS  xv","VAN","MS","xv","xv","","","Wm10","","","","Northern mannagrass","","",28.00,1/24/2006 0:00:00,,3189.00,"MS  xv   /Wm10","","Glycbor","missing",,0
3175.00,"Wm13","MS  xv","VAN","MS","xv","xv","","","Wm13","","","","Seaside arrow-grass","","",28.00,1/24/2006 0:00:00,,3190.00,"MS  xv   /Wm13","","Trigmar","missing",,0
3176.00,"Fl01","MS  xv","VAN","MS","xv","xv","","","Fl01","","","","Mountain alder - Common horsetail","","",28.00,1/24/2006 0:00:00,,3179.00,"MS  xv   /Fl01","","Alnuinc-Equiset","missing",,0
3177.00,"Wm09","MS  xv","VAN","MS","xv","xv","","","Wm09","","","","Inflated sedge","","",28.00,1/24/2006 0:00:00,,3188.00,"MS  xv   /Wm09","","Careexs","missing",,0
3178.00,"Wf01","MS  xv","VAN","MS","xv","xv","","","Wf01","","","","Water sedge - Beaked sedge","","",28.00,1/24/2006 0:00:00,,3181.00,"MS  xv   /Wf01","","Careutr","missing",,0
3179.00,"Wm02","MS  xv","VAN","MS","xv","xv","","","Wm02","","","","Swamp horsetail - Beaked sedge","","",28.00,1/24/2006 0:00:00,,3187.00,"MS  xv   /Wm02","","Careutr","missing",,0
3180.00,"10","MS  xv","VAN","MS","xv","xv","","","10","","","","Sb - Soft-leaved sedge - Peat-moss","","",28.00,1/24/2006 0:00:00,,3178.00,"MS  xv   /10","Piceene-Equiset-Aulapal","Piceene-Equiset","missing",,0
3181.00,"Wf02","MS  xv","VAN","MS","xv","xv","","","Wf02","","","","Scrub birch - Water sedge","","",28.00,1/24/2006 0:00:00,,3182.00,"MS  xv   /Wf02","","Betunan-Saliped-Careaqu","missing",,0
3182.00,"Sc01","MS  xv","VAN","MS","xv","xv","","","Sc01","","","","Scrub birch - Kinnikinnick","","",28.00,1/24/2006 0:00:00,,3180.00,"MS  xv   /Sc01","","Salibac","missing",,0
3183.00,"Wf14","MS  xv","VAN","MS","xv","xv","","","Wf14","","","","Tea-leaved willow - Water sedge - Glow moss","","",28.00,1/24/2006 0:00:00,,3185.00,"MS  xv   /Wf14","","Salipla-Carex","missing",,0
3184.00,"Wm01","MS  xv","VAN","MS","xv","xv","","","Wm01","","","","Beaked sedge - Water sedge","","",28.00,1/24/2006 0:00:00,,3186.00,"MS  xv   /Wm01","","Careutr","missing",,0
3185.00,"08","SBPSmc","VAN","SBPS","mc","mc","","","08","","","","Sb  - Creeping-snowberry - Peat-moss","","",28.00,1/24/2006 0:00:00,,3191.00,"SBPSmc   /08","","","missing",,0
3186.00,"Wf02","SBPSmc","VAN","SBPS","mc","mc","","","Wf02","","","","Scrub birch - Water sedge","","",28.00,1/24/2006 0:00:00,,3192.00,"SBPSmc   /Wf02","","Betunan-Saliped-Careaqu","missing",,0
3187.00,"Wf09","SBS mc 2","VAN","SBS","mc2","mc","2","","Wf09","","","","Few-flowered spike-rush - Hook-moss","","",28.00,1/24/2006 0:00:00,,3202.00,"SBS mc 2 /Wf09","","Eleoqui-Drepano","missing",,0
3188.00,"14","SBS mc 2","VAN","SBS","mc2","mc","2","","14","","","","Sb - Common horsetail - Peat-moss","","",28.00,1/24/2006 0:00:00,,3194.00,"SBS mc 2 /14","","","missing",,0
3189.00,"13","SBS mc 2","VAN","SBS","mc2","mc","2","","13","","","","Sb - Soft-leaved sedge - Peat-moss","","",28.00,1/24/2006 0:00:00,,3193.00,"SBS mc 2 /13","","","missing",,0
3190.00,"16","SBS mc 2","VAN","SBS","mc2","mc","2","","16","","","","Sb - Buckbean - Peat-moss","","",28.00,1/24/2006 0:00:00,,3196.00,"SBS mc 2 /16","","","missing",,0
3191.00,"15","SBS mc 2","VAN","SBS","mc2","mc","2","","15","","","","Pl - Few-flowered sedge - Peat-moss","","",28.00,1/24/2006 0:00:00,,3195.00,"SBS mc 2 /15","","","missing",,0
3192.00,"Wb12","SBS mc 2","VAN","SBS","mc2","mc","2","","Wb12","","","","Scheuchzeria - Peat-moss","","",28.00,1/24/2006 0:00:00,,3197.00,"SBS mc 2 /Wb12","","Schepal-Sphagnu","missing",,0
3193.00,"Wf07","SBS mc 2","VAN","SBS","mc2","mc","2","","Wf07","","","","Scrub birch - Buckbean - Shore sedge","","",28.00,1/24/2006 0:00:00,,3200.00,"SBS mc 2 /Wf07","","Carelim-Menytri","missing",,0
3194.00,"Wf10","SBS mc 2","VAN","SBS","mc2","mc","2","","Wf10","","","","Hudson Bay clubrush - Red hook-moss","","",28.00,1/24/2006 0:00:00,,3203.00,"SBS mc 2 /Wf10","","Tricalp-Dreprev","missing",,0
3195.00,"Ws04","SBS mc 2","VAN","SBS","mc2","mc","2","","Ws04","","","","Drummond's willow - Beaked sedge","","",28.00,1/24/2006 0:00:00,,3206.00,"SBS mc 2 /Ws04","","Salidru-Carex","missing",,0
3196.00,"Wf08","SBS mc 2","VAN","SBS","mc2","mc","2","","Wf08","","","","Shore sedge - Buckbean - Hook-moss","","",28.00,1/24/2006 0:00:00,,3201.00,"SBS mc 2 /Wf08","","Carelim-Menytri","missing",,0
3197.00,"Wf05","SBS mc 2","VAN","SBS","mc2","mc","2","","Wf05","","","","Slender sedge - Common hook-moss","","",28.00,1/24/2006 0:00:00,,3199.00,"SBS mc 2 /Wf05","","Carelas-Drepano","missing",,0
3198.00,"Wm01","SBS mc 2","VAN","SBS","mc2","mc","2","","Wm01","","","","Beaked sedge - Water sedge","","",28.00,1/24/2006 0:00:00,,3204.00,"SBS mc 2 /Wm01","","Careutr","missing",,0
3199.00,"Ws02","SBS mc 2","VAN","SBS","mc2","mc","2","","Ws02","","","","Mountain alder - Pink spirea - Sitka sedge","","",28.00,1/24/2006 0:00:00,,3205.00,"SBS mc 2 /Ws02","","Alnuinc-Careaqu","missing",,0
3200.00,"Wf02","SBS mc 2","VAN","SBS","mc2","mc","2","","Wf02","","","","Scrub birch - Water sedge","","",28.00,1/24/2006 0:00:00,,3198.00,"SBS mc 2 /Wf02","","Betunan-Saliped-Careaqu","missing",,0
3201.00,"Wf01","ESSFdk 1","NEL","ESSF","dk1","dk","1","","Wf01","","","","Water sedge - Beaked sedge","","",28.00,1/24/2006 0:00:00,,2705.00,"ESSFdk 1 /Wf01","","","missing",,0
3202.00,"Wf01","ESSFdk 2","NEL","ESSF","dk2","dk","2","","Wf01","","","","Water sedge - Beaked sedge","","",28.00,1/24/2006 0:00:00,,2706.00,"ESSFdk 2 /Wf01","","","missing",,0
3203.00,"Wf01","MS  dc 1d","KAM","MS","dc1d","dc","1","d","Wf01","","","","Water sedge - Beaked sedge","","MSdc1d was previously expired",28.00,1/24/2006 0:00:00,"40304",2607.00,"MS  dc 1d/Wf01","","","missing",,0
3204.00,"Wf04","MS  dc 1d","KAM","MS","dc1d","dc","1","d","Wf04","","","","Barclay's willow - Water sedge - Glow moss","","MSdc1d was previously expired",28.00,1/24/2006 0:00:00,"40304",2608.00,"MS  dc 1d/Wf04","","","missing",,0
3205.00,"Wf08","MS  dc 1d","KAM","MS","dc1d","dc","1","d","Wf08","","","","Shore sedge - Buckbean - Hook-moss","","MSdc1d was previously expired",28.00,1/24/2006 0:00:00,"40304",2609.00,"MS  dc 1d/Wf08","","","missing",,0
3206.00,"Wm01","MS  dc 1d","KAM","MS","dc1d","dc","1","d","Wm01","","","","Beaked sedge - Water sedge","","MSdc1d was previously expired",28.00,1/24/2006 0:00:00,"40304",2610.00,"MS  dc 1d/Wm01","","","missing",,0
3207.00,"01","MS  dm 1a","NEL","MS","dm1a","dm","1","a","01","","","","CwSxw - Falsebox","","NEL ICHmk1 site series added",7.00,7/24/2007 0:00:00,,3207.00,"MS  dm 1a/01","","","missing",,0
3208.00,"02","MS  dm 1a","NEL","MS","dm1a","dm","1","a","02","","","","Fd - Penstemon - Pinegrass","","NEL ICHmk1 site series added",7.00,7/24/2007 0:00:00,,3208.00,"MS  dm 1a/02","","","missing",,0
3209.00,"03","MS  dm 1a","NEL","MS","dm1a","dm","1","a","03","","","","FdPl - Pinegrass - Twinflower","","NEL ICHmk1 site series added",7.00,7/24/2007 0:00:00,,3209.00,"MS  dm 1a/03","","","missing",,0
3210.00,"04","MS  dm 1a","NEL","MS","dm1a","dm","1","a","04","","","","FdPl - Sitka alder - Pinegrass","","NEL ICHmk1 site series added",7.00,7/24/2007 0:00:00,,3210.00,"MS  dm 1a/04","","","missing",,0
3211.00,"05","MS  dm 1a","NEL","MS","dm1a","dm","1","a","05","","","","SxwFd - Gooseberry - Sarsaparilla","","NEL ICHmk1 site series added",7.00,7/24/2007 0:00:00,,3211.00,"MS  dm 1a/05","","","missing",,0
3212.00,"06","MS  dm 1a","NEL","MS","dm1a","dm","1","a","06","","","","Sxw - Oak fern","","NEL ICHmk1 site series added",7.00,7/24/2007 0:00:00,,3212.00,"MS  dm 1a/06","","","missing",,0
3213.00,"07","MS  dm 1a","NEL","MS","dm1a","dm","1","a","07","","","","Sxw - Horsetail","","NEL ICHmk1 site series added",7.00,7/24/2007 0:00:00,,3213.00,"MS  dm 1a/07","","","missing",,0
3214.00,"08","MS  dm 1a","NEL","MS","dm1a","dm","1","a","08","","","","Sedge - Cinquefoil","","NEL ICHmk1 site series added",7.00,7/24/2007 0:00:00,,3214.00,"MS  dm 1a/08","","","missing",,0
3215.00,"101","BWBSdk","PG","BWBS","dk","dk","","","101","","","","Sw - Soopolallie - Step moss","","",31.00,5/6/2010 0:00:00,,3215.00,"BWBSdk   /101","","","",,0
3216.00,"101","BWBSdk","PR","BWBS","dk","dk","","","101","","","","Sw - Soopolallie - Step moss","","",31.00,5/6/2010 0:00:00,,3380.00,"BWBSdk   /101","","","missing",,0
3217.00,"102","BWBSdk","PG","BWBS","dk","dk","","","102","","","","Pl - Kinnikinnick - Lingonberry","","",31.00,5/6/2010 0:00:00,,3217.00,"BWBSdk   /102","","","",,0
3218.00,"102","BWBSdk","PR","BWBS","dk","dk","","","102","","","","Pl - Kinnikinnick - Lingonberry","","",31.00,5/6/2010 0:00:00,,3382.00,"BWBSdk   /102","","","missing",,0
3219.00,"103","BWBSdk","PG","BWBS","dk","dk","","","103","","","","SwPl - Soopolallie - Toad-flax","","",31.00,5/6/2010 0:00:00,,3219.00,"BWBSdk   /103","","","",,0
3220.00,"103","BWBSdk","PR","BWBS","dk","dk","","","103","","","","SwPl - Soopolallie - Toad-flax","","",31.00,5/6/2010 0:00:00,,3384.00,"BWBSdk   /103","","","missing",,0
3221.00,"104","BWBSdk","PG","BWBS","dk","dk","","","104","","","","Sb - Labrador tea - Step moss","","",31.00,5/6/2010 0:00:00,,3221.00,"BWBSdk   /104","","","",,0
3222.00,"104","BWBSdk","PR","BWBS","dk","dk","","","104","","","","Sb - Labrador tea - Step moss","","",31.00,5/6/2010 0:00:00,,3386.00,"BWBSdk   /104","","","missing",,0
3223.00,"110","BWBSdk","PG","BWBS","dk","dk","","","110","","","","Sw - Currant - Horsetail","","",31.00,5/6/2010 0:00:00,,3222.00,"BWBSdk   /110","","","",,0
3224.00,"110","BWBSdk","PR","BWBS","dk","dk","","","110","","","","Sw - Currant - Horsetail","","",31.00,5/6/2010 0:00:00,,3387.00,"BWBSdk   /110","","","missing",,0
3225.00,"111","BWBSdk","PG","BWBS","dk","dk","","","111","","","","Sw - Mountain alder - Horsetail","","",31.00,5/6/2010 0:00:00,,3224.00,"BWBSdk   /111","","","",,0
3226.00,"111","BWBSdk","PR","BWBS","dk","dk","","","111","","","","Sw - Mountain alder - Horsetail","","",31.00,5/6/2010 0:00:00,,3389.00,"BWBSdk   /111","","","missing",,0
3227.00,"112","BWBSdk","PG","BWBS","dk","dk","","","112","","","","AcbSw - Mountain alder - Dogwood","","",31.00,5/6/2010 0:00:00,,3225.00,"BWBSdk   /112","","","",,0
3228.00,"112","BWBSdk","PR","BWBS","dk","dk","","","112","","","","AcbSw - Mountain alder - Dogwood","","",31.00,5/6/2010 0:00:00,,3390.00,"BWBSdk   /112","","","missing",,0
3229.00,"101_1","BWBSdk","PG","BWBS","dk","dk","","","101","","1","6B","$At - Soopolallie - Highbush-cranberry","","",31.00,5/6/2010 0:00:00,,3216.00,"BWBSdk   /1011-6B","","","missing",,0
3230.00,"101_1","BWBSdk","PR","BWBS","dk","dk","","","101","","1","6B","$At - Soopolallie - Highbush-cranberry","","",31.00,5/6/2010 0:00:00,,3381.00,"BWBSdk   /1011-6B","","","missing",,0
3231.00,"102_1","BWBSdk","PG","BWBS","dk","dk","","","102","","1","6B","$At - Soopolallie - Kinnikinnick","","",31.00,5/6/2010 0:00:00,,3218.00,"BWBSdk   /1021-6B","","","missing",,0
3232.00,"102_1","BWBSdk","PR","BWBS","dk","dk","","","102","","1","6B","$At - Soopolallie - Kinnikinnick","","",31.00,5/6/2010 0:00:00,,3383.00,"BWBSdk   /1021-6B","","","missing",,0
3233.00,"103_1","BWBSdk","PG","BWBS","dk","dk","","","103","","1","6B","$At - Kinnikinnick - Fuzzy-spiked wildrye","","",31.00,5/6/2010 0:00:00,,3220.00,"BWBSdk   /1031-6B","","","missing",,0
3234.00,"103_1","BWBSdk","PR","BWBS","dk","dk","","","103","","1","6B","$At - Kinnikinnick - Fuzzy-spiked wildrye","","",31.00,5/6/2010 0:00:00,,3385.00,"BWBSdk   /1031-6B","","","missing",,0
3235.00,"110_1","BWBSdk","PG","BWBS","dk","dk","","","110","","1","6B","$At - Horsetail - Step moss","","",31.00,5/6/2010 0:00:00,,3223.00,"BWBSdk   /1101-6B","","","missing",,0
3236.00,"110_1","BWBSdk","PR","BWBS","dk","dk","","","110","","1","6B","$At - Horsetail - Step moss","","",31.00,5/6/2010 0:00:00,,3388.00,"BWBSdk   /1101-6B","","","missing",,0
3237.00,"101","BWBSmk","PG","BWBS","mk","mk","","","101","","","","Sw - Lingonberry - Step moss","","",31.00,5/6/2010 0:00:00,,3254.00,"BWBSmk   /101","","","",,0
3238.00,"101","BWBSmk","PR","BWBS","mk","mk","","","101","","","","Sw - Lingonberry - Step moss","","",31.00,5/6/2010 0:00:00,,3419.00,"BWBSmk   /101","","","missing",,0
3239.00,"102","BWBSmk","PG","BWBS","mk","mk","","","102","","","","Pl - Kinnikinnick - Lingonberry","","",31.00,5/6/2010 0:00:00,,3257.00,"BWBSmk   /102","","","",,0
3240.00,"102","BWBSmk","PR","BWBS","mk","mk","","","102","","","","Pl - Kinnikinnick - Lingonberry","","",31.00,5/6/2010 0:00:00,,3422.00,"BWBSmk   /102","","","missing",,0
3241.00,"103","BWBSmk","PG","BWBS","mk","mk","","","103","","","","SwPl - Soopolallie - Fuzzy-spiked wildrye","","",31.00,5/6/2010 0:00:00,,3259.00,"BWBSmk   /103","","","",,0
3242.00,"103","BWBSmk","PR","BWBS","mk","mk","","","103","","","","SwPl - Soopolallie - Fuzzy-spiked wildrye","","",31.00,5/6/2010 0:00:00,,3424.00,"BWBSmk   /103","","","missing",,0
3243.00,"104","BWBSmk","PR","BWBS","mk","mk","","","104","","","","Sb - Labrador tea - Step moss","","",31.00,5/6/2010 0:00:00,,3426.00,"BWBSmk   /104","","","missing",,0
3244.00,"104","BWBSmk","PG","BWBS","mk","mk","","","104","","","","Sb - Labrador tea - Step moss","","",31.00,5/6/2010 0:00:00,,3261.00,"BWBSmk   /104","","","",,0
3245.00,"110","BWBSmk","PG","BWBS","mk","mk","","","110","","","","Sw - Currant - Horsetail","","",31.00,5/6/2010 0:00:00,,3263.00,"BWBSmk   /110","","","",,0
3246.00,"110","BWBSmk","PR","BWBS","mk","mk","","","110","","","","Sw - Currant - Horsetail","","",31.00,5/6/2010 0:00:00,,3428.00,"BWBSmk   /110","","","missing",,0
3247.00,"111","BWBSmk","PG","BWBS","mk","mk","","","111","","","","Sw - Mountain alder - Horsetail","","",31.00,5/6/2010 0:00:00,,3265.00,"BWBSmk   /111","","","",,0
3248.00,"111","BWBSmk","PR","BWBS","mk","mk","","","111","","","","Sw - Mountain alder - Horsetail","","",31.00,5/6/2010 0:00:00,,3430.00,"BWBSmk   /111","","","missing",,0
3249.00,"112","BWBSmk","PG","BWBS","mk","mk","","","112","","","","AcbSw - Mountain alder - Dogwood","","",31.00,5/6/2010 0:00:00,,3266.00,"BWBSmk   /112","","","npe",,0
3250.00,"112","BWBSmk","PR","BWBS","mk","mk","","","112","","","","AcbSw - Mountain alder - Dogwood","","",31.00,5/6/2010 0:00:00,,3431.00,"BWBSmk   /112","","","missing",,0
3251.00,"101_1","BWBSmk","PG","BWBS","mk","mk","","","101","","1","6B","$At - Green alder - Highbush-cranberry","","",31.00,5/6/2010 0:00:00,,3255.00,"BWBSmk   /1011-6B","","","missing",,0
3252.00,"101_1","BWBSmk","PR","BWBS","mk","mk","","","101","","1","6B","$At - Green alder - Highbush-cranberry","","",31.00,5/6/2010 0:00:00,,3420.00,"BWBSmk   /1011-6B","","","missing",,0
3253.00,"101_2","BWBSmk","PG","BWBS","mk","mk","","","101","","2","6B","$EpAt - Sarsaparilla","","",31.00,5/6/2010 0:00:00,,3256.00,"BWBSmk   /1012-6B","","","missing",,0
3254.00,"101_2","BWBSmk","PR","BWBS","mk","mk","","","101","","2","6B","$EpAt - Sarsaparilla","","",31.00,5/6/2010 0:00:00,,3421.00,"BWBSmk   /1012-6B","","","missing",,0
3255.00,"102_1","BWBSmk","PG","BWBS","mk","mk","","","102","","1","6B","$At - Soopolallie - Kinnikinnick","","",31.00,5/6/2010 0:00:00,,3258.00,"BWBSmk   /1021-6B","","","missing",,0
3256.00,"102_1","BWBSmk","PR","BWBS","mk","mk","","","102","","1","6B","$At - Soopolallie - Kinnikinnick","","",31.00,5/6/2010 0:00:00,,3423.00,"BWBSmk   /1021-6B","","","missing",,0
3257.00,"103_1","BWBSmk","PG","BWBS","mk","mk","","","103","","1","6B","$At - Rose - Fuzzy-spiked wildrye","","",31.00,5/6/2010 0:00:00,,3260.00,"BWBSmk   /1031-6B","","","missing",,0
3258.00,"103_1","BWBSmk","PR","BWBS","mk","mk","","","103","","1","6B","$At - Rose - Fuzzy-spiked wildrye","","",31.00,5/6/2010 0:00:00,,3425.00,"BWBSmk   /1031-6B","","","missing",,0
3259.00,"104_1","BWBSmk","PG","BWBS","mk","mk","","","104","","1","6B","$At - Labrador tea - Lingonberry","","",31.00,5/6/2010 0:00:00,,3262.00,"BWBSmk   /1041-6B","","","missing",,0
3260.00,"104_1","BWBSmk","PR","BWBS","mk","mk","","","104","","1","6B","$At - Labrador tea - Lingonberry","","",31.00,5/6/2010 0:00:00,,3427.00,"BWBSmk   /1041-6B","","","missing",,0
3261.00,"110_1","BWBSmk","PG","BWBS","mk","mk","","","110","","1","6B","$At - Horsetail - Step moss","","",31.00,5/6/2010 0:00:00,,3264.00,"BWBSmk   /1101-6B","","","missing",,0
3262.00,"110_1","BWBSmk","PR","BWBS","mk","mk","","","110","","1","6B","$At - Horsetail - Step moss","","",31.00,5/6/2010 0:00:00,,3429.00,"BWBSmk   /1101-6B","","","missing",,0
3263.00,"101","BWBSmw","PG","BWBS","mw","mw","","","101","","","","Sw - Trailing raspberry - Step moss","","",31.00,5/6/2010 0:00:00,,3296.00,"BWBSmw   /101","","","",,0
3264.00,"102","BWBSmw","PG","BWBS","mw","mw","","","102","","","","Pl - Kinnikinnick - Lingonberry","","",31.00,5/6/2010 0:00:00,,3298.00,"BWBSmw   /102","","","",,0
3265.00,"103","BWBSmw","PG","BWBS","mw","mw","","","103","","","","SwPl - Soopolallie - Fuzzy-spiked wildrye","","",31.00,5/6/2010 0:00:00,,3300.00,"BWBSmw   /103","","","",,0
3266.00,"104","BWBSmw","PG","BWBS","mw","mw","","","104","","","","Sb - Labrador tea - Step moss","","",31.00,5/6/2010 0:00:00,,3302.00,"BWBSmw   /104","","","",,0
3267.00,"110","BWBSmw","PG","BWBS","mw","mw","","","110","","","","Sw - Oak fern - Sarsaparilla","","",31.00,5/6/2010 0:00:00,,3304.00,"BWBSmw   /110","","","",,0
3268.00,"111","BWBSmw","PG","BWBS","mw","mw","","","111","","","","Sw - Currant - Horsetail","","",31.00,5/6/2010 0:00:00,,3306.00,"BWBSmw   /111","","","",,0
3269.00,"112","BWBSmw","PG","BWBS","mw","mw","","","112","","","","AcbSw - Mountain alder - Dogwood","","",31.00,5/6/2010 0:00:00,,3309.00,"BWBSmw   /112","","","",,0
3270.00,"101_1","BWBSmw","PG","BWBS","mw","mw","","","101","","1","6B","$At - Rose - Creamy peavine","","",31.00,5/6/2010 0:00:00,,3297.00,"BWBSmw   /1011-6B","","","",,0
3271.00,"102_1","BWBSmw","PG","BWBS","mw","mw","","","102","","1","6B","$At - Soopolallie - Kinnikinnick","","",31.00,5/6/2010 0:00:00,,3299.00,"BWBSmw   /1021-6B","","","",,0
3272.00,"103_1","BWBSmw","PG","BWBS","mw","mw","","","103","","1","6B","$At - Rose - Fuzzy-spiked wildrye","","",31.00,5/6/2010 0:00:00,,3301.00,"BWBSmw   /1031-6B","","","",,0
3273.00,"104_1","BWBSmw","PG","BWBS","mw","mw","","","104","","1","6B","$At - Labrador tea - Lingonberry","","",31.00,5/6/2010 0:00:00,,3303.00,"BWBSmw   /1041-6B","","","",,0
3274.00,"110_1","BWBSmw","PG","BWBS","mw","mw","","","110","","1","6B","$At - Highbush-cranberry - Oak fern","","",31.00,5/6/2010 0:00:00,,3305.00,"BWBSmw   /1101-6B","","","",,0
3275.00,"111_2","BWBSmw","PG","BWBS","mw","mw","","","111","","2","6B","$At - Cow-parsnip - Meadowrue","","",31.00,5/6/2010 0:00:00,,3308.00,"BWBSmw   /1112-6B","","","missing",,0
3276.00,"111_1","BWBSmw","PG","BWBS","mw","mw","","","111","","1","6B","$Acb - Dogwood - Highbush-cranberry","","",31.00,5/6/2010 0:00:00,,3307.00,"BWBSmw   /1111-6B","","","",,0
3277.00,"101","BWBSwk 1","PG","BWBS","wk1","wk","1","","101","","","","SwBl - Huckleberry - Feathermoss","","",31.00,5/6/2010 0:00:00,,3328.00,"BWBSwk 1 /101","","","",,0
3278.00,"102","BWBSwk 1","PG","BWBS","wk1","wk","1","","102","","","","Pl - Lingonberry - Reindeer lichen","","",31.00,5/6/2010 0:00:00,,3330.00,"BWBSwk 1 /102","","","",,0
3279.00,"103","BWBSwk 1","PG","BWBS","wk1","wk","1","","103","","","","SwPl - Soopollalie - Showy aster","","",31.00,5/6/2010 0:00:00,,3332.00,"BWBSwk 1 /103","","","",,0
3280.00,"104","BWBSwk 1","PG","BWBS","wk1","wk","1","","104","","","","Sb - Huckleberry - Lingonberry","","",31.00,5/6/2010 0:00:00,,3334.00,"BWBSwk 1 /104","","","",,0
3281.00,"110","BWBSwk 1","PG","BWBS","wk1","wk","1","","110","","","","Sw - Currant - Horsetail","","",31.00,5/6/2010 0:00:00,,3336.00,"BWBSwk 1 /110","","","",,0
3282.00,"111","BWBSwk 1","PG","BWBS","wk1","wk","1","","111","","","","Sb - Horsetail - Step moss","","",31.00,5/6/2010 0:00:00,,3339.00,"BWBSwk 1 /111","","","npe",,0
3283.00,"101_1","BWBSwk 1","PG","BWBS","wk1","wk","1","","101","","1","6B","$At - Birch-leaved spirea - Huckleberry","","",31.00,5/6/2010 0:00:00,,3329.00,"BWBSwk 1 /1011-6B","","","missing",,0
3284.00,"102_1","BWBSwk 1","PG","BWBS","wk1","wk","1","","102","","1","6B","$At - Kinnikinnick - Fuzzy-spiked wildrye","","",31.00,5/6/2010 0:00:00,,3331.00,"BWBSwk 1 /1021-6B","","","missing",,0
3285.00,"103_1","BWBSwk 1","PG","BWBS","wk1","wk","1","","103","","1","6B","$At - Rose - Fuzzy-spiked wildrye","","",31.00,5/6/2010 0:00:00,,3333.00,"BWBSwk 1 /1031-6B","","","missing",,0
3286.00,"104_1","BWBSwk 1","PG","BWBS","wk1","wk","1","","104","","1","6B","$At - Labrador tea - Lingonberry","","",31.00,5/6/2010 0:00:00,,3335.00,"BWBSwk 1 /1041-6B","","","missing",,0
3287.00,"110_1","BWBSwk 1","PG","BWBS","wk1","wk","1","","110","","1","6B","$AcbAt - Cow-parsnip","","",31.00,5/6/2010 0:00:00,,3337.00,"BWBSwk 1 /1101-6B","","","missing",,0
3288.00,"110_2","BWBSwk 1","PG","BWBS","wk1","wk","1","","110","","2","6B","$At - Highbush-cranberry - Oak fern","","",31.00,5/6/2010 0:00:00,,3338.00,"BWBSwk 1 /1102-6B","","","missing",,0
3289.00,"101","BWBSwk 2","PG","BWBS","wk2","wk","2","","101","","","","SwBl - Huckleberry - Feathermoss","","",31.00,5/6/2010 0:00:00,,3352.00,"BWBSwk 2 /101","","","",,0
3290.00,"102","BWBSwk 2","PG","BWBS","wk2","wk","2","","102","","","","Pl - Lingonberry - Reindeer lichen","","",31.00,5/6/2010 0:00:00,,3354.00,"BWBSwk 2 /102","","","",,0
3291.00,"103","BWBSwk 2","PG","BWBS","wk2","wk","2","","103","","","","SwPl - Soopolallie - Fuzzy-spiked wildrye","","",31.00,5/6/2010 0:00:00,,3356.00,"BWBSwk 2 /103","","","",,0
3292.00,"104","BWBSwk 2","PG","BWBS","wk2","wk","2","","104","","","","Sb - Huckleberry - Lingonberry","","",31.00,5/6/2010 0:00:00,,3358.00,"BWBSwk 2 /104","","","",,0
3293.00,"110","BWBSwk 2","PG","BWBS","wk2","wk","2","","110","","","","Sw - Currant - Bluebells","","",31.00,5/6/2010 0:00:00,,3360.00,"BWBSwk 2 /110","","","",,0
3294.00,"111","BWBSwk 2","PG","BWBS","wk2","wk","2","","111","","","","Sw - Currant - Horsetail","","",31.00,5/6/2010 0:00:00,,3362.00,"BWBSwk 2 /111","","","",,0
3295.00,"101_1","BWBSwk 2","PG","BWBS","wk2","wk","2","","101","","1","6B","$At - Sitka alder - Highbush-cranberry","","",31.00,5/6/2010 0:00:00,,3353.00,"BWBSwk 2 /1011-6B","","","missing",,0
3296.00,"102_1","BWBSwk 2","PG","BWBS","wk2","wk","2","","102","","1","6B","$At - Kinnikinnick - Fuzzy-spiked wildrye","","",31.00,5/6/2010 0:00:00,,3355.00,"BWBSwk 2 /1021-6B","","","missing",,0
3297.00,"103_1","BWBSwk 2","PG","BWBS","wk2","wk","2","","103","","1","6B","$At - Rose - Fuzzy-spiked wildrye","","",31.00,5/6/2010 0:00:00,,3357.00,"BWBSwk 2 /1031-6B","","","missing",,0
3298.00,"104_1","BWBSwk 2","PG","BWBS","wk2","wk","2","","104","","1","6B","$At - Labrador tea - Lingonberry","","",31.00,5/6/2010 0:00:00,,3359.00,"BWBSwk 2 /1041-6B","","","missing",,0
3299.00,"110_1","BWBSwk 2","PG","BWBS","wk2","wk","2","","110","","1","6B","$At - Highbush-cranberry - Bluebells","","",31.00,5/6/2010 0:00:00,,3361.00,"BWBSwk 2 /1101-6B","","","missing",,0
3300.00,"111_1","BWBSwk 2","PG","BWBS","wk2","wk","2","","111","","1","6B","$AcbAt - Cow-parsnip","","",31.00,5/6/2010 0:00:00,,3363.00,"BWBSwk 2 /1111-6B","","","missing",,0
3301.00,"101","BWBSwk 3","PG","BWBS","wk3","wk","3","","101","","","","SwBl - Huckleberry - Feathermoss","","",31.00,5/6/2010 0:00:00,,3371.00,"BWBSwk 3 /101","","","",,0
3302.00,"102","BWBSwk 3","PG","BWBS","wk3","wk","3","","102","","","","Pl - Crowberry - Lingonberry","","",31.00,5/6/2010 0:00:00,,3372.00,"BWBSwk 3 /102","","","npe",,0
3303.00,"103","BWBSwk 3","PG","BWBS","wk3","wk","3","","103","","","","Sb - Huckleberry - Lingonberry","","",31.00,5/6/2010 0:00:00,,3373.00,"BWBSwk 3 /103","","","npe",,0
3304.00,"110","BWBSwk 3","PG","BWBS","wk3","wk","3","","110","","","","Sw - Currant - Horsetail","","",31.00,5/6/2010 0:00:00,,3374.00,"BWBSwk 3 /110","","","npe",,0
3305.00,"111","BWBSwk 3","PG","BWBS","wk3","wk","3","","111","","","","Sb - Horsetail - Step moss","","",31.00,5/6/2010 0:00:00,,3375.00,"BWBSwk 3 /111","","","npe",,0
3306.00,"Gg51","BWBSdk","PR","BWBS","dk","dk","","","Gg51","","","","Slender wheatgrass - Pasture sage","","",31.00,5/6/2010 0:00:00,,3398.00,"BWBSdk   /Gg51","","","missing",,0
3307.00,"Gg51","BWBSdk","PG","BWBS","dk","dk","","","Gg51","","","","Slender wheatgrass - Pasture sage","","",31.00,5/6/2010 0:00:00,,3233.00,"BWBSdk   /Gg51","","","missing",,0
3308.00,"Gb52","BWBSmk","PR","BWBS","mk","mk","","","Gb52","","","","Prickly rose - Fuzzy-spiked wildrye","","",31.00,5/6/2010 0:00:00,,3437.00,"BWBSmk   /Gb52","","","missing",,0
3309.00,"Gb52","BWBSmk","PG","BWBS","mk","mk","","","Gb52","","","","Prickly rose - Fuzzy-spiked wildrye","","",31.00,5/6/2010 0:00:00,,3272.00,"BWBSmk   /Gb52","","","missing",,0
3310.00,"Gg51","BWBSmw","PG","BWBS","mw","mw","","","Gg51","","","","Slender wheatgrass - Pasture sage","","",31.00,5/6/2010 0:00:00,,3314.00,"BWBSmw   /Gg51","","","missing",,0
3311.00,"Ga02","BWBSdk","PG","BWBS","dk","dk","","","Ga02","","","","Nuttall's alkaligrass - Foxtail barley","","",31.00,5/6/2010 0:00:00,,3230.00,"BWBSdk   /Ga02","","","missing",,0
3312.00,"Ga02","BWBSdk","PR","BWBS","dk","dk","","","Ga02","","","","Nuttall's alkaligrass - Foxtail barley","","",31.00,5/6/2010 0:00:00,,3395.00,"BWBSdk   /Ga02","","","missing",,0
3313.00,"Ro51","BWBSdk","PG","BWBS","dk","dk","","","Ro51","","","","Juniper - Saskatoon - Kinnikinnick","","",31.00,5/6/2010 0:00:00,,3235.00,"BWBSdk   /Ro51","","","missing",,0
3314.00,"Ro51","BWBSdk","PR","BWBS","dk","dk","","","Ro51","","","","Juniper - Saskatoon - Kinnikinnick","","",31.00,5/6/2010 0:00:00,,3400.00,"BWBSdk   /Ro51","","","missing",,0
3315.00,"Gb51","BWBSmw","PG","BWBS","mw","mw","","","Gb51","","","","Saskatoon - Blue wildrye","","",31.00,5/6/2010 0:00:00,,3312.00,"BWBSmw   /Gb51","","","missing",,0
3316.00,"Gb51","BWBSwk 1","PG","BWBS","wk1","wk","1","","Gb51","","","","Saskatoon - Blue wildrye","","",31.00,5/6/2010 0:00:00,,3341.00,"BWBSwk 1 /Gb51","","","missing",,0
3317.00,"Ws15","BWBSdk","PR","BWBS","dk","dk","","","Ws15","","","","SwSb - Labrador tea - Glow moss","","",31.00,5/6/2010 0:00:00,,3418.00,"BWBSdk   /Ws15","","","missing",,0
3318.00,"Wb03","BWBSdk","PR","BWBS","dk","dk","","","Wb03","","","","Sb - Lingonberry - Peat-moss","","",31.00,5/6/2010 0:00:00,,3402.00,"BWBSdk   /Wb03","","","missing",,0
3319.00,"Wb09","BWBSdk","PR","BWBS","dk","dk","","","Wb09","","","","Sb - Horsetail - Peat-moss","","",31.00,5/6/2010 0:00:00,,3403.00,"BWBSdk   /Wb09","","","missing",,0
3320.00,"Wm","BWBSdk","PR","BWBS","dk","dk","","","Wm","","","","Wetland - marsh","","",31.00,5/6/2010 0:00:00,,3413.00,"BWBSdk   /Wm","","","missing",,0
3321.00,"Wf","BWBSdk","PR","BWBS","dk","dk","","","Wf","","","","Wetland - fen","","",31.00,5/6/2010 0:00:00,,3405.00,"BWBSdk   /Wf","","","missing",,0
3322.00,"Wb11","BWBSdk","PR","BWBS","dk","dk","","","Wb11","","","","Sb - Buckbean - Peat-moss","","",31.00,5/6/2010 0:00:00,,3404.00,"BWBSdk   /Wb11","","","missing",,0
3323.00,"Wf01","BWBSdk","PR","BWBS","dk","dk","","","Wf01","","","","Water sedge - Beaked sedge","","",31.00,5/6/2010 0:00:00,,3406.00,"BWBSdk   /Wf01","","","missing",,0
3324.00,"Wf02","BWBSdk","PR","BWBS","dk","dk","","","Wf02","","","","Scrub birch - Water sedge","","",31.00,5/6/2010 0:00:00,,3407.00,"BWBSdk   /Wf02","","","missing",,0
3325.00,"Wf05","BWBSdk","PR","BWBS","dk","dk","","","Wf05","","","","Slender sedge - Common hook-moss","","",31.00,5/6/2010 0:00:00,,3408.00,"BWBSdk   /Wf05","","","missing",,0
3326.00,"Wf07","BWBSdk","PR","BWBS","dk","dk","","","Wf07","","","","Scrub birch - Buckbean - Shore sedge","","",31.00,5/6/2010 0:00:00,,3409.00,"BWBSdk   /Wf07","","","missing",,0
3327.00,"Wf08","BWBSdk","PR","BWBS","dk","dk","","","Wf08","","","","Shore sedge - Buckbean - Hook-moss","","",31.00,5/6/2010 0:00:00,,3410.00,"BWBSdk   /Wf08","","","missing",,0
3328.00,"Wf11","BWBSdk","PR","BWBS","dk","dk","","","Wf11","","","","Tufted clubrush - Star-moss","","",31.00,5/6/2010 0:00:00,,3411.00,"BWBSdk   /Wf11","","","missing",,0
3329.00,"Wf14","BWBSdk","PR","BWBS","dk","dk","","","Wf14","","","","Tea-leaved willow - Water sedge - Glow moss","","",31.00,5/6/2010 0:00:00,,3412.00,"BWBSdk   /Wf14","","","missing",,0
3330.00,"Wm01","BWBSdk","PR","BWBS","dk","dk","","","Wm01","","","","Beaked sedge - Water sedge","","",31.00,5/6/2010 0:00:00,,3414.00,"BWBSdk   /Wm01","","","missing",,0
3331.00,"Wm02","BWBSdk","PR","BWBS","dk","dk","","","Wm02","","","","Swamp horsetail - Beaked sedge","","",31.00,5/6/2010 0:00:00,,3415.00,"BWBSdk   /Wm02","","","missing",,0
3332.00,"Ws05","BWBSdk","PR","BWBS","dk","dk","","","Ws05","","","","MacCalla's willow - Beaked sedge","","",31.00,5/6/2010 0:00:00,,3417.00,"BWBSdk   /Ws05","","","missing",,0
3333.00,"Fl01","BWBSdk","PR","BWBS","dk","dk","","","Fl01","","","","Mountain alder - Common horsetail","","",31.00,5/6/2010 0:00:00,,3392.00,"BWBSdk   /Fl01","","","missing",,0
3334.00,"Fl03","BWBSdk","PR","BWBS","dk","dk","","","Fl03","","","","Pacific willow - Red-osier dogwood - Horsetail","","",31.00,5/6/2010 0:00:00,,3393.00,"BWBSdk   /Fl03","","","missing",,0
3335.00,"Wb06","BWBSmk","PR","BWBS","mk","mk","","","Wb06","","","","Lt - Water sedge - Fen-moss","","",31.00,5/6/2010 0:00:00,,3443.00,"BWBSmk   /Wb06","","","missing",,0
3336.00,"Wb06","BWBSmk","PG","BWBS","mk","mk","","","Wb06","","","","Lt - Water sedge - Fen-moss","","",31.00,5/6/2010 0:00:00,,3278.00,"BWBSmk   /Wb06","","","missing",,0
3337.00,"Wb03","BWBSmk","PG","BWBS","mk","mk","","","Wb03","","","","Sb - Lingonberry - Peat-moss","","",31.00,5/6/2010 0:00:00,,3276.00,"BWBSmk   /Wb03","","","missing",,0
3338.00,"Ws15","BWBSmk","PG","BWBS","mk","mk","","","Ws15","","","","SwSb - Labrador tea - Glow moss","","",31.00,5/6/2010 0:00:00,,3295.00,"BWBSmk   /Ws15","","","missing",,0
3339.00,"Wf18","BWBSmk","PG","BWBS","mk","mk","","","Wf18","","","","Lt - Buckbean - Shore sedge","","",31.00,5/6/2010 0:00:00,,3288.00,"BWBSmk   /Wf18","","","missing",,0
3340.00,"Wb05","BWBSmk","PR","BWBS","mk","mk","","","Wb05","","","","Sb - Water sedge - Peat-moss","","",31.00,5/6/2010 0:00:00,,3442.00,"BWBSmk   /Wb05","","","missing",,0
3341.00,"Wb09","BWBSmk","PR","BWBS","mk","mk","","","Wb09","","","","Sb - Common horsetail - Peat-moss","","",31.00,5/6/2010 0:00:00,,3444.00,"BWBSmk   /Wb09","","","missing",,0
3342.00,"Wb12","BWBSmk","PR","BWBS","mk","mk","","","Wb12","","","","Scheuchzeria - Peat-moss","","",31.00,5/6/2010 0:00:00,,3445.00,"BWBSmk   /Wb12","","","missing",,0
3343.00,"Wb14","BWBSmk","PR","BWBS","mk","mk","","","Wb14","","","","Leatherleaf - Bog-rosemary - Peat-moss","","",31.00,5/6/2010 0:00:00,,3446.00,"BWBSmk   /Wb14","","","missing",,0
3344.00,"Wf01","BWBSmk","PR","BWBS","mk","mk","","","Wf01","","","","Water sedge - Beaked sedge","","",31.00,5/6/2010 0:00:00,,3448.00,"BWBSmk   /Wf01","","","missing",,0
3345.00,"Wf02","BWBSmk","PR","BWBS","mk","mk","","","Wf02","","","","Scrub birch - Water sedge","","",31.00,5/6/2010 0:00:00,,3449.00,"BWBSmk   /Wf02","","","missing",,0
3346.00,"Wf04","BWBSmk","PR","BWBS","mk","mk","","","Wf04","","","","Barclay's willow - Water sedge - Glow moss","","",31.00,5/6/2010 0:00:00,,3450.00,"BWBSmk   /Wf04","","","missing",,0
3347.00,"Wf05","BWBSmk","PR","BWBS","mk","mk","","","Wf05","","","","Slender sedge - Common hook-moss","","",31.00,5/6/2010 0:00:00,,3451.00,"BWBSmk   /Wf05","","","missing",,0
3348.00,"Wf08","BWBSmk","PR","BWBS","mk","mk","","","Wf08","","","","Shore sedge - Buckbean - Hook-moss","","",31.00,5/6/2010 0:00:00,,3452.00,"BWBSmk   /Wf08","","","missing",,0
3349.00,"Wm01","BWBSmk","PR","BWBS","mk","mk","","","Wm01","","","","Beaked sedge - Water sedge","","",31.00,5/6/2010 0:00:00,,3455.00,"BWBSmk   /Wm01","","","missing",,0
3350.00,"Wm02","BWBSmk","PR","BWBS","mk","mk","","","Wm02","","","","Swamp horsetail - Beaked sedge","","",31.00,5/6/2010 0:00:00,,3456.00,"BWBSmk   /Wm02","","","missing",,0
3351.00,"Wm15","BWBSmk","PR","BWBS","mk","mk","","","Wm15","","","","Bluejoint - Water sedge","","",31.00,5/6/2010 0:00:00,,3457.00,"BWBSmk   /Wm15","","","missing",,0
3352.00,"Ws14","BWBSmk","PR","BWBS","mk","mk","","","Ws14","","","","Mountain alder - Willow - Bluejoint","","",31.00,5/6/2010 0:00:00,,3459.00,"BWBSmk   /Ws14","","","missing",,0
3353.00,"Fl03","BWBSmk","PR","BWBS","mk","mk","","","Fl03","","","","Pacific willow - Red-osier dogwood - Horsetail","","",31.00,5/6/2010 0:00:00,,3433.00,"BWBSmk   /Fl03","","","missing",,0
3354.00,"Fl05","BWBSmk","PR","BWBS","mk","mk","","","Fl05","","","","Drummond's willow - Bluejoint","","",31.00,5/6/2010 0:00:00,,3434.00,"BWBSmk   /Fl05","","","missing",,0
3355.00,"Fl06","BWBSmk","PR","BWBS","mk","mk","","","Fl06","","","","Sandbar willow","","",31.00,5/6/2010 0:00:00,,3435.00,"BWBSmk   /Fl06","","","missing",,0
3356.00,"Ws15","BWBSdk","PG","BWBS","dk","dk","","","Ws15","","","","SwSb - Labrador tea - Glow moss","","",31.00,5/6/2010 0:00:00,,3253.00,"BWBSdk   /Ws15","","","missing",,0
3357.00,"Wb03","BWBSdk","PG","BWBS","dk","dk","","","Wb03","","","","Sb - Lingonberry - Peat-moss","","",31.00,5/6/2010 0:00:00,,3237.00,"BWBSdk   /Wb03","","","missing",,0
3358.00,"Wb09","BWBSdk","PG","BWBS","dk","dk","","","Wb09","","","","Sb - Horsetail - Peat-moss","","",31.00,5/6/2010 0:00:00,,3238.00,"BWBSdk   /Wb09","","","missing",,0
3359.00,"Wm","BWBSdk","PG","BWBS","dk","dk","","","Wm","","","","Wetland - marsh","","",31.00,5/6/2010 0:00:00,,3248.00,"BWBSdk   /Wm","","","missing",,0
3360.00,"Wf","BWBSdk","PG","BWBS","dk","dk","","","Wf","","","","Wetland - fen","","",31.00,5/6/2010 0:00:00,,3240.00,"BWBSdk   /Wf","","","missing",,0
3361.00,"Wb11","BWBSdk","PG","BWBS","dk","dk","","","Wb11","","","","Sb - Buckbean - Peat-moss","","",31.00,5/6/2010 0:00:00,,3239.00,"BWBSdk   /Wb11","","","missing",,0
3362.00,"Wf01","BWBSdk","PG","BWBS","dk","dk","","","Wf01","","","","Water sedge - Beaked sedge","","",31.00,5/6/2010 0:00:00,,3241.00,"BWBSdk   /Wf01","","","missing",,0
3363.00,"Wf02","BWBSdk","PG","BWBS","dk","dk","","","Wf02","","","","Scrub birch - Water sedge","","",31.00,5/6/2010 0:00:00,,3242.00,"BWBSdk   /Wf02","","","missing",,0
3364.00,"Wf05","BWBSdk","PG","BWBS","dk","dk","","","Wf05","","","","Slender sedge - Common hook-moss","","",31.00,5/6/2010 0:00:00,,3243.00,"BWBSdk   /Wf05","","","missing",,0
3365.00,"Wf07","BWBSdk","PG","BWBS","dk","dk","","","Wf07","","","","Scrub birch - Buckbean - Shore sedge","","",31.00,5/6/2010 0:00:00,,3244.00,"BWBSdk   /Wf07","","","missing",,0
3366.00,"Wf08","BWBSdk","PG","BWBS","dk","dk","","","Wf08","","","","Shore sedge - Buckbean - Hook-moss","","",31.00,5/6/2010 0:00:00,,3245.00,"BWBSdk   /Wf08","","","missing",,0
3367.00,"Wf11","BWBSdk","PG","BWBS","dk","dk","","","Wf11","","","","Tufted clubrush - Star-moss","","",31.00,5/6/2010 0:00:00,,3246.00,"BWBSdk   /Wf11","","","missing",,0
3368.00,"Wf14","BWBSdk","PG","BWBS","dk","dk","","","Wf14","","","","Tea-leaved willow - Water sedge - Glow moss","","",31.00,5/6/2010 0:00:00,,3247.00,"BWBSdk   /Wf14","","","missing",,0
3369.00,"Wm01","BWBSdk","PG","BWBS","dk","dk","","","Wm01","","","","Beaked sedge - Water sedge","","",31.00,5/6/2010 0:00:00,,3249.00,"BWBSdk   /Wm01","","","missing",,0
3370.00,"Wm02","BWBSdk","PG","BWBS","dk","dk","","","Wm02","","","","Swamp horsetail - Beaked sedge","","",31.00,5/6/2010 0:00:00,,3250.00,"BWBSdk   /Wm02","","","missing",,0
3371.00,"Ws05","BWBSdk","PG","BWBS","dk","dk","","","Ws05","","","","MacCalla's willow - Beaked sedge","","",31.00,5/6/2010 0:00:00,,3252.00,"BWBSdk   /Ws05","","","missing",,0
3372.00,"Fl01","BWBSdk","PG","BWBS","dk","dk","","","Fl01","","","","Mountain alder - Common horsetail","","",31.00,5/6/2010 0:00:00,,3227.00,"BWBSdk   /Fl01","","","missing",,0
3373.00,"Fl03","BWBSdk","PG","BWBS","dk","dk","","","Fl03","","","","Pacific willow - Red-osier dogwood - Horsetail","","",31.00,5/6/2010 0:00:00,,3228.00,"BWBSdk   /Fl03","","","missing",,0
3374.00,"Wb03","BWBSmk","PR","BWBS","mk","mk","","","Wb03","","","","Sb - Lingonberry - Peat-moss","","",31.00,5/6/2010 0:00:00,,3441.00,"BWBSmk   /Wb03","","","missing",,0
3375.00,"Ws15","BWBSmk","PR","BWBS","mk","mk","","","Ws15","","","","SwSb - Labrador tea - Glow moss","","",31.00,5/6/2010 0:00:00,,3460.00,"BWBSmk   /Ws15","","","missing",,0
3376.00,"Wf18","BWBSmk","PR","BWBS","mk","mk","","","Wf18","","","","Lt - Buckbean - Shore sedge","","",31.00,5/6/2010 0:00:00,,3453.00,"BWBSmk   /Wf18","","","missing",,0
3377.00,"Wb05","BWBSmk","PG","BWBS","mk","mk","","","Wb05","","","","Sb - Water sedge - Peat-moss","","",31.00,5/6/2010 0:00:00,,3277.00,"BWBSmk   /Wb05","","","missing",,0
3378.00,"Wb09","BWBSmk","PG","BWBS","mk","mk","","","Wb09","","","","Sb - Common horsetail - Peat-moss","","",31.00,5/6/2010 0:00:00,,3279.00,"BWBSmk   /Wb09","","","missing",,0
3379.00,"Wb12","BWBSmk","PG","BWBS","mk","mk","","","Wb12","","","","Scheuchzeria - Peat-moss","","",31.00,5/6/2010 0:00:00,,3280.00,"BWBSmk   /Wb12","","","missing",,0
3380.00,"Wb14","BWBSmk","PG","BWBS","mk","mk","","","Wb14","","","","Leatherleaf - Bog-rosemary - Peat-moss","","",31.00,5/6/2010 0:00:00,,3281.00,"BWBSmk   /Wb14","","","missing",,0
3381.00,"Wf01","BWBSmk","PG","BWBS","mk","mk","","","Wf01","","","","Water sedge - Beaked sedge","","",31.00,5/6/2010 0:00:00,,3283.00,"BWBSmk   /Wf01","","","missing",,0
3382.00,"Wf02","BWBSmk","PG","BWBS","mk","mk","","","Wf02","","","","Scrub birch - Water sedge","","",31.00,5/6/2010 0:00:00,,3284.00,"BWBSmk   /Wf02","","","missing",,0
3383.00,"Wf04","BWBSmk","PG","BWBS","mk","mk","","","Wf04","","","","Barclay's willow - Water sedge - Glow moss","","",31.00,5/6/2010 0:00:00,,3285.00,"BWBSmk   /Wf04","","","missing",,0
3384.00,"Wf05","BWBSmk","PG","BWBS","mk","mk","","","Wf05","","","","Slender sedge - Common hook-moss","","",31.00,5/6/2010 0:00:00,,3286.00,"BWBSmk   /Wf05","","","missing",,0
3385.00,"Wf08","BWBSmk","PG","BWBS","mk","mk","","","Wf08","","","","Shore sedge - Buckbean - Hook-moss","","",31.00,5/6/2010 0:00:00,,3287.00,"BWBSmk   /Wf08","","","missing",,0
3386.00,"Wm01","BWBSmk","PG","BWBS","mk","mk","","","Wm01","","","","Beaked sedge - Water sedge","","",31.00,5/6/2010 0:00:00,,3290.00,"BWBSmk   /Wm01","","","missing",,0
3387.00,"Wm02","BWBSmk","PG","BWBS","mk","mk","","","Wm02","","","","Swamp horsetail - Beaked sedge","","",31.00,5/6/2010 0:00:00,,3291.00,"BWBSmk   /Wm02","","","missing",,0
3388.00,"Wm15","BWBSmk","PG","BWBS","mk","mk","","","Wm15","","","","Bluejoint - Water sedge","","",31.00,5/6/2010 0:00:00,,3292.00,"BWBSmk   /Wm15","","","missing",,0
3389.00,"Ws14","BWBSmk","PG","BWBS","mk","mk","","","Ws14","","","","Mountain alder - Willow - Bluejoint","","",31.00,5/6/2010 0:00:00,,3294.00,"BWBSmk   /Ws14","","","missing",,0
3390.00,"Fl03","BWBSmk","PG","BWBS","mk","mk","","","Fl03","","","","Pacific willow - Red-osier dogwood - Horsetail","","",31.00,5/6/2010 0:00:00,,3268.00,"BWBSmk   /Fl03","","","missing",,0
3391.00,"Fl05","BWBSmk","PG","BWBS","mk","mk","","","Fl05","","","","Drummond's willow - Bluejoint","","",31.00,5/6/2010 0:00:00,,3269.00,"BWBSmk   /Fl05","","","missing",,0
3392.00,"Fl06","BWBSmk","PG","BWBS","mk","mk","","","Fl06","","","","Sandbar willow","","",31.00,5/6/2010 0:00:00,,3270.00,"BWBSmk   /Fl06","","","missing",,0
3393.00,"Wb03","BWBSmw","PG","BWBS","mw","mw","","","Wb03","","","","Sb - Lingonberry - Peat-moss","","",31.00,5/6/2010 0:00:00,,3318.00,"BWBSmw   /Wb03","","","missing",,0
3394.00,"Wb01","BWBSmw","PG","BWBS","mw","mw","","","Wb01","","","","Sb - Creeping snowberry - Sphagnum","","",31.00,5/6/2010 0:00:00,,3317.00,"BWBSmw   /Wb01","","","missing",,0
3395.00,"Wb05","BWBSmw","PG","BWBS","mw","mw","","","Wb05","","","","Sb - Water sedge - Peat-moss","","",31.00,5/6/2010 0:00:00,,3319.00,"BWBSmw   /Wb05","","","missing",,0
3396.00,"Wb06","BWBSmw","PG","BWBS","mw","mw","","","Wb06","","","","Lt - Water sedge - Fen-moss","","",31.00,5/6/2010 0:00:00,,3320.00,"BWBSmw   /Wb06","","","missing",,0
3397.00,"Wb09","BWBSmw","PG","BWBS","mw","mw","","","Wb09","","","","Sb - Common horsetail - Peat-moss","","",31.00,5/6/2010 0:00:00,,3321.00,"BWBSmw   /Wb09","","","missing",,0
3398.00,"Wf01","BWBSmw","PG","BWBS","mw","mw","","","Wf01","","","","Water sedge - Beaked sedge","","",31.00,5/6/2010 0:00:00,,3323.00,"BWBSmw   /Wf01","","","missing",,0
3399.00,"Wf02","BWBSmw","PG","BWBS","mw","mw","","","Wf02","","","","Scrub birch - Water sedge","","",31.00,5/6/2010 0:00:00,,3324.00,"BWBSmw   /Wf02","","","missing",,0
3400.00,"Wf18","BWBSmw","PG","BWBS","mw","mw","","","Wf18","","","","Lt - Buckbean - Shore sedge","","",31.00,5/6/2010 0:00:00,,3325.00,"BWBSmw   /Wf18","","","missing",,0
3401.00,"Wb09","BWBSwk 1","PG","BWBS","wk1","wk","1","","Wb09","","","","Sb - Common horsetail - Peat-moss","","",31.00,5/6/2010 0:00:00,,3345.00,"BWBSwk 1 /Wb09","","","missing",,0
3402.00,"Ws15","BWBSmw","PG","BWBS","mw","mw","","","Ws15","","","","SwSb - Labrador tea - Glow moss","","",31.00,5/31/2010 0:00:00,,3351.00,"BWBSmw   /Ws15","","","missing",,0
3403.00,"Wb06","BWBSwk 1","PG","BWBS","wk1","wk","1","","Wb06","","","","Lt - Water sedge - Fen-moss","","",31.00,5/6/2010 0:00:00,,3344.00,"BWBSwk 1 /Wb06","","","missing",,0
3404.00,"Wf01","BWBSwk 1","PG","BWBS","wk1","wk","1","","Wf01","","","","Water sedge - Beaked sedge","","",31.00,5/6/2010 0:00:00,,3347.00,"BWBSwk 1 /Wf01","","","missing",,0
3405.00,"Wf02","BWBSwk 1","PG","BWBS","wk1","wk","1","","Wf02","","","","Scrub birch - Water sedge","","",31.00,5/6/2010 0:00:00,,3348.00,"BWBSwk 1 /Wf02","","","missing",,0
3406.00,"Wf14","BWBSwk 1","PG","BWBS","wk1","wk","1","","Wf14","","","","Tea-leaved willow - Water sedge - Glow moss","","",31.00,5/6/2010 0:00:00,,3349.00,"BWBSwk 1 /Wf14","","","missing",,0
3407.00,"Wf","BWBSmw","PG","BWBS","mw","mw","","","Wf","","","","Wetland - fen","","",31.00,5/6/2010 0:00:00,,3322.00,"BWBSmw   /Wf","","","missing",,0
3408.00,"Wb","BWBSmw","PG","BWBS","mw","mw","","","Wb","","","","Wetland - bog","","",31.00,5/6/2010 0:00:00,,3316.00,"BWBSmw   /Wb","","","missing",,0
3409.00,"Ws","BWBSmw","PG","BWBS","mw","mw","","","Ws","","","","Wetland - swamp","","",31.00,5/6/2010 0:00:00,,3327.00,"BWBSmw   /Ws","","","missing",,0
3410.00,"Wm","BWBSmw","PG","BWBS","mw","mw","","","Wm","","","","Wetland - marsh","","",31.00,5/6/2010 0:00:00,,3326.00,"BWBSmw   /Wm","","","missing",,0
3411.00,"Fl","BWBSmw","PG","BWBS","mw","mw","","","Fl","","","","Flood - lowbench","","",31.00,5/6/2010 0:00:00,,3310.00,"BWBSmw   /Fl","","","missing",,0
3412.00,"Ro","BWBSmw","PG","BWBS","mw","mw","","","Ro","","","","Rock - outcrop","","",31.00,5/6/2010 0:00:00,,3315.00,"BWBSmw   /Ro","","","missing",,0
3413.00,"Gg","BWBSmw","PG","BWBS","mw","mw","","","Gg","","","","Grassland - typic grassland","","",31.00,5/6/2010 0:00:00,,3313.00,"BWBSmw   /Gg","","","missing",,0
3414.00,"Gb","BWBSmw","PG","BWBS","mw","mw","","","Gb","","","","Grassland - brushland","","",31.00,5/6/2010 0:00:00,,3311.00,"BWBSmw   /Gb","","","missing",,0
3415.00,"Ga","BWBSdk","PG","BWBS","dk","dk","","","Ga","","","","Grassland - alkaline/saline meadow","","",31.00,5/6/2010 0:00:00,,3229.00,"BWBSdk   /Ga","","","missing",,0
3416.00,"Wb","BWBSdk","PG","BWBS","dk","dk","","","Wb","","","","Wetland - bog","","",31.00,5/6/2010 0:00:00,,3236.00,"BWBSdk   /Wb","","","missing",,0
3417.00,"Ws","BWBSdk","PG","BWBS","dk","dk","","","Ws","","","","Wetland - swamp","","",31.00,5/6/2010 0:00:00,,3251.00,"BWBSdk   /Ws","","","missing",,0
3418.00,"Fl","BWBSdk","PG","BWBS","dk","dk","","","Fl","","","","Flood - lowbench","","",31.00,5/6/2010 0:00:00,,3226.00,"BWBSdk   /Fl","","","missing",,0
3419.00,"Ro","BWBSdk","PG","BWBS","dk","dk","","","Ro","","","","Rock - outcrop","","",,5/6/2010 0:00:00,,3234.00,"BWBSdk   /Ro","","","missing",,0
3420.00,"Gg","BWBSdk","PG","BWBS","dk","dk","","","Gg","","","","Grassland - typic grassland","","",,5/6/2010 0:00:00,,3232.00,"BWBSdk   /Gg","","","missing",,0
3421.00,"Gb","BWBSdk","PG","BWBS","dk","dk","","","Gb","","","","Grassland - brushland","","",,5/6/2010 0:00:00,,3231.00,"BWBSdk   /Gb","","","missing",,0
3422.00,"Wf","BWBSmk","PG","BWBS","mk","mk","","","Wf","","","","Wetland - fen","","",,5/6/2010 0:00:00,,3282.00,"BWBSmk   /Wf","","","missing",,0
3423.00,"Wb","BWBSmk","PG","BWBS","mk","mk","","","Wb","","","","Wetland - bog","","",,5/6/2010 0:00:00,,3275.00,"BWBSmk   /Wb","","","missing",,0
3424.00,"Ws","BWBSmk","PG","BWBS","mk","mk","","","Ws","","","","Wetland - swamp","","",,5/6/2010 0:00:00,,3293.00,"BWBSmk   /Ws","","","missing",,0
3425.00,"Wm","BWBSmk","PG","BWBS","mk","mk","","","Wm","","","","Wetland - marsh","","",,5/6/2010 0:00:00,,3289.00,"BWBSmk   /Wm","","","missing",,0
3426.00,"Fl","BWBSmk","PG","BWBS","mk","mk","","","Fl","","","","Flood - lowbench","","",,5/6/2010 0:00:00,,3267.00,"BWBSmk   /Fl","","","missing",,0
3427.00,"Ro","BWBSmk","PG","BWBS","mk","mk","","","Ro","","","","Rock - outcrop","","",,5/6/2010 0:00:00,,3274.00,"BWBSmk   /Ro","","","missing",,0
3428.00,"Gg","BWBSmk","PG","BWBS","mk","mk","","","Gg","","","","Grassland - typic grassland","","",,5/6/2010 0:00:00,,3273.00,"BWBSmk   /Gg","","","missing",,0
3429.00,"Gb","BWBSmk","PG","BWBS","mk","mk","","","Gb","","","","Grassland - brushland","","",,5/6/2010 0:00:00,,3271.00,"BWBSmk   /Gb","","","missing",,0
3430.00,"Wf","BWBSwk 1","PG","BWBS","wk1","wk","1","","Wf","","","","Wetland - fen","","",,5/6/2010 0:00:00,,3346.00,"BWBSwk 1 /Wf","","","missing",,0
3431.00,"Wb","BWBSwk 1","PG","BWBS","wk1","wk","1","","Wb","","","","Wetland - bog","","",,5/6/2010 0:00:00,,3343.00,"BWBSwk 1 /Wb","","","missing",,0
3432.00,"Ws","BWBSwk 1","PG","BWBS","wk1","wk","1","","Ws","","","","Wetland - swamp","","",,5/6/2010 0:00:00,,3350.00,"BWBSwk 1 /Ws","","","missing",,0
3433.00,"Ro","BWBSwk 1","PG","BWBS","wk1","wk","1","","Ro","","","","Rock - outcrop","","",,5/6/2010 0:00:00,,3342.00,"BWBSwk 1 /Ro","","","missing",,0
3434.00,"Fl","BWBSwk 1","PG","BWBS","wk1","wk","1","","Fl","","","","Flood - lowbench","","",,5/6/2010 0:00:00,,3340.00,"BWBSwk 1 /Fl","","","missing",,0
3435.00,"Wf","BWBSwk 2","PG","BWBS","wk2","wk","2","","Wf","","","","Wetland - fen","","",,5/6/2010 0:00:00,,3369.00,"BWBSwk 2 /Wf","","","missing",,0
3436.00,"Wb","BWBSwk 2","PG","BWBS","wk2","wk","2","","Wb","","","","Wetland - bog","","",,5/6/2010 0:00:00,,3368.00,"BWBSwk 2 /Wb","","","missing",,0
3437.00,"Ws","BWBSwk 2","PG","BWBS","wk2","wk","2","","Ws","","","","Wetland - swamp","","",,5/6/2010 0:00:00,,3370.00,"BWBSwk 2 /Ws","","","missing",,0
3438.00,"Fl","BWBSwk 2","PG","BWBS","wk2","wk","2","","Fl","","","","Flood - lowbench","","",,5/6/2010 0:00:00,,3364.00,"BWBSwk 2 /Fl","","","missing",,0
3439.00,"Ro","BWBSwk 2","PG","BWBS","wk2","wk","2","","Ro","","","","Rock - outcrop","","",,5/6/2010 0:00:00,,3367.00,"BWBSwk 2 /Ro","","","missing",,0
3440.00,"Gg","BWBSwk 2","PG","BWBS","wk2","wk","2","","Gg","","","","Grassland - typic grassland","","",,5/6/2010 0:00:00,,3366.00,"BWBSwk 2 /Gg","","","missing",,0
3441.00,"Gb","BWBSwk 2","PG","BWBS","wk2","wk","2","","Gb","","","","Grassland - brushland","","",,5/6/2010 0:00:00,,3365.00,"BWBSwk 2 /Gb","","","missing",,0
3442.00,"Ro","BWBSwk 3","PG","BWBS","wk3","wk","3","","Ro","","","","Rock - outcrop","","",,5/6/2010 0:00:00,,3376.00,"BWBSwk 3 /Ro","","","missing",,0
3443.00,"Wb","BWBSwk 3","PG","BWBS","wk3","wk","3","","Wb","","","","Wetland - bog","","",,5/6/2010 0:00:00,,3377.00,"BWBSwk 3 /Wb","","","missing",,0
3444.00,"Wf","BWBSwk 3","PG","BWBS","wk3","wk","3","","Wf","","","","Wetland - fen","","",,5/6/2010 0:00:00,,3378.00,"BWBSwk 3 /Wf","","","missing",,0
3445.00,"Ws","BWBSwk 3","PG","BWBS","wk3","wk","3","","Ws","","","","Wetland - swamp","","",,5/6/2010 0:00:00,,3379.00,"BWBSwk 3 /Ws","","","missing",,0
3446.00,"Wf","BWBSmw","PR","BWBS","mw","mw","","","Wf","","","","Wetland - fen","","",,5/6/2010 0:00:00,,3466.00,"BWBSmw   /Wf","","","missing",,0
3447.00,"Wb","BWBSmw","PR","BWBS","mw","mw","","","Wb","","","","Wetland - bog","","",,5/6/2010 0:00:00,,3465.00,"BWBSmw   /Wb","","","missing",,0
3448.00,"Ws","BWBSmw","PR","BWBS","mw","mw","","","Ws","","","","Wetland - swamp","","",,5/6/2010 0:00:00,,3468.00,"BWBSmw   /Ws","","","missing",,0
3449.00,"Wm","BWBSmw","PR","BWBS","mw","mw","","","Wm","","","","Wetland - marsh","","",,5/6/2010 0:00:00,,3467.00,"BWBSmw   /Wm","","","missing",,0
3450.00,"Fl","BWBSmw","PR","BWBS","mw","mw","","","Fl","","","","Flood - lowbench","","",,5/6/2010 0:00:00,,3461.00,"BWBSmw   /Fl","","","missing",,0
3451.00,"Ro","BWBSmw","PR","BWBS","mw","mw","","","Ro","","","","Rock - outcrop","","",,5/6/2010 0:00:00,,3464.00,"BWBSmw   /Ro","","","missing",,0
3452.00,"Gg","BWBSmw","PR","BWBS","mw","mw","","","Gg","","","","Grassland - typic grassland","","",,5/6/2010 0:00:00,,3463.00,"BWBSmw   /Gg","","","missing",,0
3453.00,"Gb","BWBSmw","PR","BWBS","mw","mw","","","Gb","","","","Grassland - brushland","","",,5/6/2010 0:00:00,,3462.00,"BWBSmw   /Gb","","","missing",,0
3454.00,"Ga","BWBSdk","PR","BWBS","dk","dk","","","Ga","","","","Grassland - alkaline/saline meadow","","",,5/6/2010 0:00:00,,3394.00,"BWBSdk   /Ga","","","missing",,0
3455.00,"Wb","BWBSdk","PR","BWBS","dk","dk","","","Wb","","","","Wetland - bog","","",,5/6/2010 0:00:00,,3401.00,"BWBSdk   /Wb","","","missing",,0
3456.00,"Ws","BWBSdk","PR","BWBS","dk","dk","","","Ws","","","","Wetland - swamp","","",,5/6/2010 0:00:00,,3416.00,"BWBSdk   /Ws","","","missing",,0
3457.00,"Fl","BWBSdk","PR","BWBS","dk","dk","","","Fl","","","","Flood - lowbench","","",,5/6/2010 0:00:00,,3391.00,"BWBSdk   /Fl","","","missing",,0
3458.00,"Ro","BWBSdk","PR","BWBS","dk","dk","","","Ro","","","","Rock - outcrop","","",,5/6/2010 0:00:00,,3399.00,"BWBSdk   /Ro","","","missing",,0
3459.00,"Gg","BWBSdk","PR","BWBS","dk","dk","","","Gg","","","","Grassland - typic grassland","","",,5/6/2010 0:00:00,,3397.00,"BWBSdk   /Gg","","","missing",,0
3460.00,"Gb","BWBSdk","PR","BWBS","dk","dk","","","Gb","","","","Grassland - brushland","","",,5/6/2010 0:00:00,,3396.00,"BWBSdk   /Gb","","","missing",,0
3461.00,"Wf","BWBSmk","PR","BWBS","mk","mk","","","Wf","","","","Wetland - fen","","",,5/6/2010 0:00:00,,3447.00,"BWBSmk   /Wf","","","missing",,0
3462.00,"Wb","BWBSmk","PR","BWBS","mk","mk","","","Wb","","","","Wetland - bog","","",,5/6/2010 0:00:00,,3440.00,"BWBSmk   /Wb","","","missing",,0
3463.00,"Ws","BWBSmk","PR","BWBS","mk","mk","","","Ws","","","","Wetland - swamp","","",,5/6/2010 0:00:00,,3458.00,"BWBSmk   /Ws","","","missing",,0
3464.00,"Wm","BWBSmk","PR","BWBS","mk","mk","","","Wm","","","","Wetland - marsh","","",,5/6/2010 0:00:00,,3454.00,"BWBSmk   /Wm","","","missing",,0
3465.00,"Fl","BWBSmk","PR","BWBS","mk","mk","","","Fl","","","","Flood - lowbench","","",,5/6/2010 0:00:00,,3432.00,"BWBSmk   /Fl","","","missing",,0
3466.00,"Ro","BWBSmk","PR","BWBS","mk","mk","","","Ro","","","","Rock - outcrop","","",,5/6/2010 0:00:00,,3439.00,"BWBSmk   /Ro","","","missing",,0
3467.00,"Gg","BWBSmk","PR","BWBS","mk","mk","","","Gg","","","","Grassland - typic grassland","","",,5/6/2010 0:00:00,,3438.00,"BWBSmk   /Gg","","","missing",,0
3468.00,"Gb","BWBSmk","PR","BWBS","mk","mk","","","Gb","","","","Grassland - brushland","","",,5/6/2010 0:00:00,,3436.00,"BWBSmk   /Gb","","","missing",,0
3469.00,"Wf","BWBSwk 1","PR","BWBS","wk1","wk","1","","Wf","","","","Wetland - fen","","",,5/6/2010 0:00:00,,3472.00,"BWBSwk 1 /Wf","","","missing",,0
3470.00,"Wb","BWBSwk 1","PR","BWBS","wk1","wk","1","","Wb","","","","Wetland - bog","","",,5/6/2010 0:00:00,,3471.00,"BWBSwk 1 /Wb","","","missing",,0
3471.00,"Ws","BWBSwk 1","PR","BWBS","wk1","wk","1","","Ws","","","","Wetland - swamp","","",,5/6/2010 0:00:00,,3473.00,"BWBSwk 1 /Ws","","","missing",,0
3472.00,"Ro","BWBSwk 1","PR","BWBS","wk1","wk","1","","Ro","","","","Rock - outcrop","","",,5/6/2010 0:00:00,,3470.00,"BWBSwk 1 /Ro","","","missing",,0
3473.00,"Fl","BWBSwk 1","PR","BWBS","wk1","wk","1","","Fl","","","","Flood - lowbench","","",,5/6/2010 0:00:00,,3469.00,"BWBSwk 1 /Fl","","","missing",,0
3474.00,"Wf","BWBSwk 2","PR","BWBS","wk2","wk","2","","Wf","","","","Wetland - fen","","",,5/6/2010 0:00:00,,3479.00,"BWBSwk 2 /Wf","","","missing",,0
3475.00,"Wb","BWBSwk 2","PR","BWBS","wk2","wk","2","","Wb","","","","Wetland - bog","","",,5/6/2010 0:00:00,,3478.00,"BWBSwk 2 /Wb","","","missing",,0
3476.00,"Ws","BWBSwk 2","PR","BWBS","wk2","wk","2","","Ws","","","","Wetland - swamp","","",,5/6/2010 0:00:00,,3480.00,"BWBSwk 2 /Ws","","","missing",,0
3477.00,"Fl","BWBSwk 2","PR","BWBS","wk2","wk","2","","Fl","","","","Flood - lowbench","","",,5/6/2010 0:00:00,,3474.00,"BWBSwk 2 /Fl","","","missing",,0
3478.00,"Ro","BWBSwk 2","PR","BWBS","wk2","wk","2","","Ro","","","","Rock - outcrop","","",,5/6/2010 0:00:00,,3477.00,"BWBSwk 2 /Ro","","","missing",,0
3479.00,"Gg","BWBSwk 2","PR","BWBS","wk2","wk","2","","Gg","","","","Grassland - typic grassland","","",,5/6/2010 0:00:00,,3476.00,"BWBSwk 2 /Gg","","","missing",,0
3480.00,"Gb","BWBSwk 2","PR","BWBS","wk2","wk","2","","Gb","","","","Grassland - brushland","","",,5/6/2010 0:00:00,,3475.00,"BWBSwk 2 /Gb","","","missing",,0
3481.00,"Ro","BWBSwk 3","PR","BWBS","wk3","wk","3","","Ro","","","","Rock - outcrop","","",,5/6/2010 0:00:00,,3481.00,"BWBSwk 3 /Ro","","","missing",,0
3482.00,"Wb","BWBSwk 3","PR","BWBS","wk3","wk","3","","Wb","","","","Wetland - bog","","",,5/6/2010 0:00:00,,3482.00,"BWBSwk 3 /Wb","","","missing",,0
3483.00,"Wf","BWBSwk 3","PR","BWBS","wk3","wk","3","","Wf","","","","Wetland - fen","","",,5/6/2010 0:00:00,,3483.00,"BWBSwk 3 /Wf","","","missing",,0
3484.00,"Ws","BWBSwk 3","PR","BWBS","wk3","wk","3","","Ws","","","","Wetland - swamp","","",,5/6/2010 0:00:00,,3484.00,"BWBSwk 3 /Ws","","","missing",,0
3485.00,"101a","BWBSdk","PR","BWBS","dk","dk","","","101","a","","","Sw - Soopolallie - Step moss, mesic phase","","",31.00,5/6/2010 0:00:00,,3380.00,"BWBSdk   /101a","","","missing",,0
3487.00,"101a","BWBSdk","PG","BWBS","dk","dk","","","101","a","","","Sw - Soopolallie - Step moss, mesic phase","","",31.00,5/6/2010 0:00:00,,3380.00,"BWBSdk   /101a","","","missing",,0
3488.00,"101b","BWBSdk","PR","BWBS","dk","dk","","","101","b","","","Sw - Soopolallie - Step moss, subhygric phase","","",31.00,5/6/2010 0:00:00,,3380.00,"BWBSdk   /101b","","","missing",,0
3489.00,"101b","BWBSdk","PG","BWBS","dk","dk","","","101","b","","","Sw - Soopolallie - Step moss, subhygric phase","","",31.00,5/6/2010 0:00:00,,3380.00,"BWBSdk   /101b","","","missing",,0
3490.00,"104a","BWBSdk","PG","BWBS","dk","dk","","","104","a","","","Sb - Labrador tea - Step moss, freely drained phase","","",31.00,5/6/2010 0:00:00,,3380.00,"BWBSdk   /101b","","","missing",,0
3491.00,"104a","BWBSdk","PR","BWBS","dk","dk","","","104","a","","","Sb - Labrador tea - Step moss, freely drained phase","","",31.00,5/6/2010 0:00:00,,3380.00,"BWBSdk   /101b","","","missing",,0
3492.00,"104b","BWBSdk","PG","BWBS","dk","dk","","","104","b","","","Sw - Soopolallie - Step moss, imperfectly drained phase","","",31.00,5/6/2010 0:00:00,,3380.00,"BWBSdk   /101b","","","missing",,0
3493.00,"104b","BWBSdk","PR","BWBS","dk","dk","","","104","b","","","Sw - Soopolallie - Step moss, imperfectly drained phase","","",31.00,5/6/2010 0:00:00,,3380.00,"BWBSdk   /101b","","","missing",,0
3494.00,"104a","BWBSmk","PG","BWBS","mk","mk","","","104","a","","","Sb - Labrador tea - Step moss, freely drained phase","","",31.00,5/6/2010 0:00:00,,3426.00,"BWBSmk   /104a","","","missing",,0
3495.00,"104a","BWBSmk","PR","BWBS","mk","mk","","","104","a","","","Sb - Labrador tea - Step moss, freely drained phase","","",31.00,5/6/2010 0:00:00,,3426.00,"BWBSmk   /104a","","","missing",,0
3496.00,"104b","BWBSmk","PG","BWBS","mk","mk","","","104","b","","","Sb - Labrador tea - Step moss imperfectly/poorly drained phase","","",31.00,5/6/2010 0:00:00,,3426.00,"BWBSmk   /104b","","","missing",,0
3497.00,"104b","BWBSmk","PR","BWBS","mk","mk","","","104","b","","","Sb - Labrador tea - Step moss, imperfectly/poorly drained phase","","",31.00,5/6/2010 0:00:00,,3426.00,"BWBSmk   /104b","","","missing",,0
3498.00,"","","VAN","CMA","wh","wh","","","","","","","Alaska & White mountain-heathers – Tufted hairgrass","Ah33","",,3/31/2014 0:00:00,,,"CMA wh   /Ah33","","","",,0
3499.00,"","","VAN","CMA","wh","wh","","","","","","","Yellow mountain-heather – Bog blueberry – Crowberry","Ah34","",,3/31/2014 0:00:00,,,"CMA wh   /Ah34","","","",,0
3500.00,"","","VAN","CWH","vh3","vh","3","","101","","","","CwHw – Salal  – Deer fern","","",,3/31/2014 0:00:00,,,"CWH vh 3 /101","","","",,0
3501.00,"","","VAN","CWH","vh3","vh","3","","101","a","","","CwHw – Salal  – Deer fern; mineral phase","","",,3/31/2014 0:00:00,,,"CWH vh 3 /101a","","","",,0
3502.00,"","","VAN","CWH","vh3","vh","3","","101","b","","","CwHw – Salal  – Deer fern; lithic phase","","",,3/31/2014 0:00:00,,,"CWH vh 3 /101b","","","",,0
3503.00,"","","VAN","CWH","vh3","vh","3","","101","c","","","CwHw – Salal  – Deer fern; peaty phase","","",,3/31/2014 0:00:00,,,"CWH vh 3 /101c","","","",,0
3504.00,"","","VAN","CWH","vh3","vh","3","","102","","","","PlYc – Crowberry - Rock-moss ","","",,3/31/2014 0:00:00,,,"CWH vh 3 /102","","","",,0
3505.00,"","","VAN","CWH","vh3","vh","3","","103","","","","Ss – Salal ","","",,3/31/2014 0:00:00,,,"CWH vh 3 /103","","","",,0
3506.00,"","ALL","CAR","BG","","","","","","","","","","","",,12/3/2013 10:12:42,,,"","","","NA",,0
3507.00,"","ALL","CAR","CWH","","","","","","","","","","","",,12/3/2013 10:12:42,,,"","","","NA",,0
3508.00,"","ALL","CAR","ESSF","","","","","","","","","","","",,12/3/2013 10:12:42,,,"","","","NA",,0
3509.00,"","ALL","CAR","ICH","","","","","","","","","","","",,12/3/2013 10:12:42,,,"","","","NA",,0
3510.00,"","ALL","CAR","IDF","","","","","","","","","","","",,12/3/2013 10:12:42,,,"","","","NA",,0
3511.00,"","ALL","CAR","MH","","","","","","","","","","","",,12/3/2013 10:12:42,,,"","","","NA",,0
3512.00,"","ALL","CAR","MS","","","","","","","","","","","",,12/3/2013 10:12:42,,,"","","","NA",,0
3513.00,"","ALL","CAR","SBPS","","","","","","","","","","","",,12/3/2013 10:12:42,,,"","","","NA",,0
3514.00,"","ALL","CAR","SBS","","","","","","","","","","","",,12/3/2013 10:12:42,,,"","","","NA",,0
3515.00,"","ALL","KAM","BG","","","","","","","","","","","",,12/3/2013 10:12:42,,,"","","","NA",,0
3516.00,"","ALL","KAM","CWH","","","","","","","","","","","",,12/3/2013 10:12:42,,,"","","","NA",,0
3517.00,"","ALL","KAM","ESSF","","","","","","","","","","","",,12/3/2013 10:12:42,,,"","","","NA",,0
3518.00,"","ALL","KAM","ICH","","","","","","","","","","","",,12/3/2013 10:12:42,,,"","","","NA",,0
3519.00,"","ALL","KAM","IDF","","","","","","","","","","","",,12/3/2013 10:12:42,,,"","","","NA",,0
3520.00,"","ALL","KAM","MH","","","","","","","","","","","",,12/3/2013 10:12:42,,,"","","","NA",,0
3521.00,"","ALL","KAM","MS","","","","","","","","","","","",,12/3/2013 10:12:42,,,"","","","NA",,0
3522.00,"","ALL","KAM","PP","","","","","","","","","","","",,12/3/2013 10:12:42,,,"","","","NA",,0
3523.00,"","ALL","KAM","SBPS","","","","","","","","","","","",,12/3/2013 10:12:42,,,"","","","NA",,0
3524.00,"","ALL","KAM","SBS","","","","","","","","","","","",,12/3/2013 10:12:42,,,"","","","NA",,0
3525.00,"","ALL","NEL","ESSF","","","","","","","","","","","",,12/3/2013 10:12:42,,,"","","","NA",,0
3526.00,"","ALL","NEL","ICH","","","","","","","","","","","",,12/3/2013 10:12:42,,,"","","","NA",,0
3527.00,"","ALL","NEL","IDF","","","","","","","","","","","",,12/3/2013 10:12:42,,,"","","","NA",,0
3528.00,"","ALL","NEL","MS","","","","","","","","","","","",,12/3/2013 10:12:42,,,"","","","NA",,0
3529.00,"","ALL","NEL","PP","","","","","","","","","","","",,12/3/2013 10:12:42,,,"","","","NA",,0
3530.00,"","ALL","PG","BWBS","","","","","","","","","","","",,12/3/2013 10:12:42,,,"","","","NA",,0
3531.00,"","ALL","PG","ESSF","","","","","","","","","","","",,12/3/2013 10:12:42,,,"","","","NA",,0
3532.00,"","ALL","PG","ICH","","","","","","","","","","","",,12/3/2013 10:12:42,,,"","","","NA",,0
3533.00,"","ALL","PG","SBPS","","","","","","","","","","","",,12/3/2013 10:12:42,,,"","","","NA",,0
3534.00,"","ALL","PG","SBS","","","","","","","","","","","",,12/3/2013 10:12:42,,,"","","","NA",,0
3535.00,"","ALL","PG","SWB","","","","","","","","","","","",,12/3/2013 10:12:42,,,"","","","NA",,0
3536.00,"","ALL","PR","BWBS","","","","","","","","","","","",,12/3/2013 10:12:42,,,"","","","NA",,0
3537.00,"","ALL","PR","CWH","","","","","","","","","","","",,12/3/2013 10:12:42,,,"","","","NA",,0
3538.00,"","ALL","PR","ESSF","","","","","","","","","","","",,12/3/2013 10:12:42,,,"","","","NA",,0
3539.00,"","ALL","PR","ICH","","","","","","","","","","","",,12/3/2013 10:12:42,,,"","","","NA",,0
3540.00,"","ALL","PR","MH","","","","","","","","","","","",,12/3/2013 10:12:42,,,"","","","NA",,0
3541.00,"","ALL","PR","SBPS","","","","","","","","","","","",,12/3/2013 10:12:42,,,"","","","NA",,0
3542.00,"","ALL","PR","SBS","","","","","","","","","","","",,12/3/2013 10:12:42,,,"","","","NA",,0
3543.00,"","ALL","PR","SWB","","","","","","","","","","","",,12/3/2013 10:12:42,,,"","","","NA",,0
3544.00,"","ALL","VAN","CDF","","","","","","","","","","","",,12/3/2013 10:12:42,,,"","","","NA",,0
3545.00,"","ALL","VAN","CWH","","","","","","","","","","","",,12/3/2013 10:12:42,,,"","","","NA",,0
3546.00,"","ALL","VAN","ESSF","","","","","","","","","","","",,12/3/2013 10:12:42,,,"","","","NA",,0
3547.00,"","ALL","VAN","IDF","","","","","","","","","","","",,12/3/2013 10:12:42,,,"","","","NA",,0
3548.00,"","ALL","VAN","MH","","","","","","","","","","","",,12/3/2013 10:12:42,,,"","","","NA",,0
3549.00,"","ALL","VAN","MS","","","","","","","","","","","",,12/3/2013 10:12:42,,,"","","","NA",,0
3550.00,"","ALL","VAN","SBPS","","","","","","","","","","","",,12/3/2013 10:12:42,,,"","","","NA",,0
3551.00,"","ALL","VAN","SBS","","","","","","","","","","","",,12/3/2013 10:12:42,,,"","","","NA",,0
3552.00,"","","VAN","CWH","wh1","wh","1","","117","","","","Ss – Pacific crab apple - Slough sedge","","",,3/31/2014 0:00:00,,,"CWH wh 1 /117","","","",,0
3553.00,"","","VAN","CWH","wh1","wh","1","","118","","","","CwSs – Skunk cabbage ","Ws56","",,3/31/2014 0:00:00,,,"CWH wh 1 /118","","","",,0
3554.00,"","","VAN","CWH","wh1","wh","1","","","","","","Headland","Br","",,3/31/2014 0:00:00,,,"CWH wh 1 /Br","","","",,0
3555.00,"","","VAN","CWH","wh1","wh","1","","","","","","American Searocket","Bb01","",,3/31/2014 0:00:00,,,"CWH wh 1 /Bb01","","","",,0
3556.00,"","","VAN","CWH","wh1","wh","1","","","","","","Dune wildrye (Red fescue)","Bb02","",,3/31/2014 0:00:00,,,"CWH wh 1 /Bb02","","","",,0
3557.00,"","","VAN","CWH","wh1","wh","1","","","","","1","European beachgrass","Bb02","",,3/31/2014 0:00:00,,,"CWH wh 1 /Bb02$1","","","",,0
3558.00,"","","VAN","CWH","wh1","wh","1","","","","","","Big-headed sedge – Dune bluegrass","Bb03","",,3/31/2014 0:00:00,,,"CWH wh 1 /Bb03","","","",,0
3559.00,"","","VAN","CWH","wh1","wh","1","","","","","","Tufted hairgrass – Meadow barley","Ed01","",,3/31/2014 0:00:00,,,"CWH wh 1 /Ed01","","","",,0
3560.00,"","","VAN","CWH","wh1","wh","1","","","","","","Arctic rush – Alaska plantain","Ed03","",,3/31/2014 0:00:00,,,"CWH wh 1 /Ed03","","","",,0
3561.00,"","","VAN","CWH","wh1","wh","1","","","","","","Widgeon-grass - (Canadian sandspurry)","Em01","",,3/31/2014 0:00:00,,,"CWH wh 1 /Em01","","","",,0
3562.00,"","","VAN","CWH","wh1","wh","1","","","","","","Glasswort – Sea-milkwort","Em02","",,3/31/2014 0:00:00,,,"CWH wh 1 /Em02","","","",,0
3563.00,"","","VAN","CWH","wh1","wh","1","","","","","","Low-bench","Fl","",,3/31/2014 0:00:00,,,"CWH wh 1 /Fl","","","",,0
3564.00,"","","VAN","CWH","wh1","wh","1","","","","","","Cliff","Rc","",,3/31/2014 0:00:00,,,"CWH wh 1 /Rc","","","",,0
3565.00,"","","VAN","CWH","wh1","wh","1","","","","","","Talus","Rt","",,3/31/2014 0:00:00,,,"CWH wh 1 /Rt","","","",,0
3566.00,"","","VAN","CWH","wh1","wh","1","","","","","","Shore pine – Crowberry – Tough peat-moss","Wb51","",,3/31/2014 0:00:00,,,"CWH wh 1 /Wb51","","","",,0
3567.00,"","","VAN","CWH","wh1","wh","1","","","","1","","Shore pine – Crowberry – Tough peat-moss; shrub variation","Wb51","",,3/31/2014 0:00:00,,,"CWH wh 1 /Wb51.1","","","",,0
3568.00,"","","VAN","CWH","wh1","wh","1","","","","2","","Shore pine – Crowberry – Tough peat-moss; wooded variation","Wb51","",,3/31/2014 0:00:00,,,"CWH wh 1 /Wb51.2","","","",,0
3569.00,"","","VAN","CWH","wh1","wh","1","","","","","","Shore pine – Yellow-cedar – Tufted clubrush","Wb53","",,3/31/2014 0:00:00,,,"CWH wh 1 /Wb53","","","",,0
3570.00,"","","VAN","CWH","wh1","wh","1","","","","1","","Shore pine – Yellow-cedar – Tufted clubrush; wooded variation","Wb53","",,3/31/2014 0:00:00,,,"CWH wh 1 /Wb53.1","","","",,0
3571.00,"","","VAN","CWH","wh1","wh","1","","","","2","","Shore pine – Yellow-cedar – Tufted clubrush; shrub variation","Wb53","",,3/31/2014 0:00:00,,,"CWH wh 1 /Wb53.2","","","",,0
3572.00,"","","VAN","CWH","wh1","wh","1","","","","","","Sitka sedge – Peat-moss","Wf51","",,3/31/2014 0:00:00,,,"CWH wh 1 /Wf51","","","",,0
3573.00,"","","VAN","CWH","wh2","wh","2","","101","","","","HwSs – Lanky moss ","","",,3/31/2014 0:00:00,,,"CWH wh 2 /101","","","",,0
3574.00,"","","VAN","CWH","wh2","wh","2","","101","a","","","HwSs – Lanky moss; mesic phase","","",,3/31/2014 0:00:00,,,"CWH wh 2 /101a","","","",,0
3575.00,"","","VAN","CWH","wh2","wh","2","","101","b","","","HwSs – Lanky moss; subxeric phase","","",,3/31/2014 0:00:00,,,"CWH wh 2 /101b","","","",,0
3576.00,"","","VAN","CWH","wh2","wh","2","","101","c","","","HwSs – Lanky moss; subhygric phase","","",,3/31/2014 0:00:00,,,"CWH wh 2 /101c","","","",,0
3577.00,"","","VAN","CWH","wh2","wh","2","","110","","","","SsYc – Oak fern","","",,3/31/2014 0:00:00,,,"CWH wh 2 /110","","","",,0
3578.00,"","","VAN","CWH","wh2","wh","2","","111","","","","YcHm – Goldthread ","","",,3/31/2014 0:00:00,,,"CWH wh 2 /111","","","",,0
3579.00,"","","VAN","CWH","wh2","wh","2","","112","","","","SsYc – Hellebore – Snake liverwort ","","",,3/31/2014 0:00:00,,,"CWH wh 2 /112","","","",,0
3580.00,"","","VAN","CWH","wh2","wh","2","","112","a","","","SsYc – Hellebore – Snake liverwort;  hygric phase","","",,3/31/2014 0:00:00,,,"CWH wh 2 /112a","","","",,0
3581.00,"","","VAN","CWH","wh2","wh","2","","112","b","","","SsYc – Hellebore – Snake liverwort ; subhydric phase","","",,3/31/2014 0:00:00,,,"CWH wh 2 /112b","","","",,0
3582.00,"","","VAN","CWH","wh2","wh","2","","","","","","Shore pine – Yellow-cedar – Tufted clubrush","Wb53","",,3/31/2014 0:00:00,,,"CWH wh 2 /Wb53","","","",,0
3583.00,"","","VAN","MH","wh2","wh","2","","","","","","Arrow-leaved groundsel – Hellebore – Large-awned sedge","Am33","",,3/31/2014 0:00:00,,,"MH  wh   /Am33","","","",,0
3584.00,"","","VAN","MH","wh2","wh","2","","101","","","","HmSs – Blueberry ","","",,3/31/2014 0:00:00,,,"MH  wh   /101","","","",,0
3585.00,"","","VAN","MH","wh2","wh","2","","101","a","","","HmSs – Blueberry; mesic phase","","",,3/31/2014 0:00:00,,,"MH  wh   /101a","","","",,0
3586.00,"","","VAN","MH","wh2","wh","2","","101","b","","","HmSs – Blueberry; subhygric phase","","",,3/31/2014 0:00:00,,,"MH  wh   /101b","","","",,0
3587.00,"","","VAN","MH","wh2","wh","2","","102","","","","YcHm – Crowberry – Mountain-heather","","",,3/31/2014 0:00:00,,,"MH  wh   /102","","","",,0
3588.00,"","","VAN","MH","wh2","wh","2","","110","","","","HmSs – Reedgrass – Lanky moss","","",,3/31/2014 0:00:00,,,"MH  wh   /110","","","",,0
3589.00,"","","VAN","MH","wh2","wh","2","","111","","","","HmSs – Reedgrass – Deer-cabbage","","",,3/31/2014 0:00:00,,,"MH  wh   /111","","","",,0
3590.00,"","","VAN","MH","whp2","whp","2","","","","","","Shore pine – Yellow-cedar – Tufted clubrush","Wb53","",,3/31/2014 0:00:00,,,"MH  wh   /Wb53","","","",,0
3591.00,"","","VAN","MH","whp2","whp","2","","","","","","Tufted hairgrass – Calder’s lovage","Am34","",,3/31/2014 0:00:00,,,"MH  whp  /Am34","","","",,0
3592.00,"","","VAN","MH","whp2","whp","2","","","","","","Mountain hemlock – Bog blueberry - Crowberry","Sk33","",,3/31/2014 0:00:00,,,"MH  whp  /Sk33","","","",,0
3593.00,"","","VAN","MH","whp2","whp","2","","","","","","Mountain  hemlock– Pacific reedgrass – Hellebore ","Sk34","",,3/31/2014 0:00:00,,,"MH  whp  /Sk34","","","",,0
3594.00,"Ah33","CMA wh","VAN","CMA","wh","wh","","","Ah33","","","","Alaskan & White mountain-heathers – Tufted hairgrass","","",,1/30/2014 11:49:33,,,"","","","npe","1391096110",0
3595.00,"Ah34","CMA wh","VAN","CMA","wh","wh","","","Ah34","","","","Yellow mountain-heather – Bog blueberry – Crowberry","","",,1/30/2014 11:49:33,,,"","","","npe","442841367",0
3596.00,"Am34","CMA wh","VAN","CMA","wh","wh","","","Am34","","","","Tufted hairgrass – Calder's lovage","","",,1/30/2014 11:49:33,,,"","","","npe","-1479167220",0
3597.00,"101","CWH vh 3","VAN","CWH","vh 3","vh","3","","101","","","","CwHw – Salal  – Deer fern","","",,1/30/2014 11:49:33,,,"","","","","-1522096773",0
3598.00,"101","CWH vh 3","VAN","CWH","vh 3","vh","3","","101","","","","CwHw – Salal  – Deer fern","","",,1/30/2014 11:49:33,,,"","","","","-1109944160",0
3599.00,"101a","CWH vh 3","VAN","CWH","vh 3","vh","3","","101","a","","","CwHw – Salal  – Deer fern; mineral phase","","",,1/30/2014 11:49:33,,,"","","","","-1185894450",0
3601.00,"101b","CWH vh 3","VAN","CWH","vh 3","vh","3","","101","b","","","CwHw – Salal  – Deer fern; lithic phase","","",,1/30/2014 11:49:33,,,"","","","","-991128916",0
3603.00,"101c","CWH vh 3","VAN","CWH","vh 3","vh","3","","101","c","","","CwHw – Salal  – Deer fern; peaty phase","","",,1/30/2014 11:49:33,,,"","","","","2019315773",0
3604.00,"102","CWH vh 3","VAN","CWH","vh 3","vh","3","","102","","","","PlYc – Crowberry – Rock-moss ","","",,1/30/2014 11:49:33,,,"","","","","-1232017222",0
3605.00,"103","CWH vh 3","VAN","CWH","vh 3","vh","3","","103","","","","Ss – Salal ","","",,1/30/2014 11:49:33,,,"","","","","1427113139",0
3606.00,"103.1","CWH vh 3","VAN","CWH","vh 3","vh","3","","103","","1","","Ss – Salal ; typic variation","","",,1/30/2014 11:49:33,,,"","","","","1170843000",0
3607.00,"103.2","CWH vh 3","VAN","CWH","vh 3","vh","3","","103","","2","","Ss – Salal ; reedgrass variation","","",,1/30/2014 11:49:33,,,"","","","","1964762649",0
3608.00,"104","CWH vh 3","VAN","CWH","vh 3","vh","3","","104","","","","SsHw – Oregon beaked-moss ","","",,1/30/2014 11:49:33,,,"","","","","1877076070",0
3609.00,"105","CWH vh 3","VAN","CWH","vh 3","vh","3","","105","","","","HwSs – Lanky moss ","","",,1/30/2014 11:49:33,,,"","","","","1023507951",0
3610.00,"105a","CWH vh 3","VAN","CWH","vh 3","vh","3","","105","a","","","HwSs – Lanky moss; mineral phase","","",,1/30/2014 11:49:33,,,"","","","","556260612",0
3611.00,"105b","CWH vh 3","VAN","CWH","vh 3","vh","3","","105","b","","","HwSs – Lanky moss; lithic phase","","",,1/30/2014 11:49:33,,,"","","","","-778866251",0
3612.00,"106","CWH vh 3","VAN","CWH","vh 3","vh","3","","106","","","","CwSs – Sword fern ","","",,1/30/2014 11:49:33,,,"","","","","-212624686",0
3613.00,"106","CWH vh 3","VAN","CWH","vh 3","vh","3","","106","","","","CwSs – Sword fern ","","",,1/30/2014 11:49:33,,,"","","","","-45423893",0
3614.00,"106a","CWH vh 3","VAN","CWH","vh 3","vh","3","","106","a","","","CwSs – Sword fern; mineral phase","","",,1/30/2014 11:49:33,,,"","","","","521916177",0
3616.00,"106b","CWH vh 3","VAN","CWH","vh 3","vh","3","","106","b","","","CwSs – Sword fern; lithic phase","","",,1/30/2014 11:49:33,,,"","","","","-1557353474",0
3617.00,"106c","CWH vh 3","VAN","CWH","vh 3","vh","3","","106","c","","","CwSs – Sword fern; limestone phase","","",,1/30/2014 11:49:33,,,"","","","","1524658087",0
3618.00,"110","CWH vh 3","VAN","CWH","vh 3","vh","3","","110","","","","CwSs – Foamflower ","","",,1/30/2014 11:49:33,,,"","","","","-2071745956",0
3619.00,"110a","CWH vh 3","VAN","CWH","vh 3","vh","3","","110","a","","","CwSs – Foamflower; colluvial/morainal phase","","",,1/30/2014 11:49:33,,,"","","","","1630771757",0
3620.00,"110b","CWH vh 3","VAN","CWH","vh 3","vh","3","","110","b","","","CwSs – Foamflower; alluvial fan phase","","",,1/30/2014 11:49:33,,,"","","","","-589920278",0
3621.00,"110c","CWH vh 3","VAN","CWH","vh 3","vh","3","","110","c","","","CwSs – Foamflower; limestone phase","","",,1/30/2014 11:49:33,,,"","","","","2018648099",0
3622.00,"111","CWH vh 3","VAN","CWH","vh 3","vh","3","","111","","","","Ss – False lily-of-the-Valley","","",,1/30/2014 11:49:33,,,"","","","","-1995499480",0
3623.00,"112","CWH vh 3","VAN","CWH","vh 3","vh","3","","112","","","","Ss – Trisetum","","",,1/30/2014 11:49:33,,,"","","","","-379900151",0
3624.00,"113","CWH vh 3","VAN","CWH","vh 3","vh","3","","113","","","","Dr  – Trisetum","","",,1/30/2014 11:49:33,,,"","","","","1183406742",0
3625.00,"114","CWH vh 3","VAN","CWH","vh 3","vh","3","","114","","","","CwSs – Devil’s club ","","",,1/30/2014 11:49:33,,,"","","","","84389983",0
3626.00,"115","CWH vh 3","VAN","CWH","vh 3","vh","3","","115","","","","CwYc – Salal – Goldthread ","","",,1/30/2014 11:49:33,,,"","","","","1200577204",0
3627.00,"116","CWH vh 3","VAN","CWH","vh 3","vh","3","","116","","","","Ss – Pacific crab apple – Slough sedge ","","",,1/30/2014 11:49:33,,,"","","","","-2001688155",0
3628.00,"116","CWH vh 3","VAN","CWH","vh 3","vh","3","","116","","","","Ss – Pacific crab apple – Slough sedge ","","",,1/30/2014 11:49:33,,,"","","","","-1346891774",0
3629.00,"117","CWH vh 3","VAN","CWH","vh 3","vh","3","","117","","","","CwSs – Skunk cabbage ","","",,1/30/2014 11:49:33,,,"","","","","-1203987365",0
3630.00,"117a","CWH vh 3","VAN","CWH","vh 3","vh","3","","117","a","","","CwSs – Skunk cabbage; mineral phase","","",,1/30/2014 11:49:33,,,"","","","","1726037504",0
3631.00,"117b","CWH vh 3","VAN","CWH","vh 3","vh","3","","117","b","","","CwSs – Skunk cabbage; organic phase","","",,1/30/2014 11:49:33,,,"","","","","-213129727",0
3632.00,"Bb01","CWH vh 3","VAN","CWH","vh 3","vh","3","","Bb01","","","","American Searocket","","",,1/30/2014 11:49:33,,,"","","","npe","2122007950",0
3633.00,"Bb02","CWH vh 3","VAN","CWH","vh 3","vh","3","","Bb02","","","","Dune wildrye [Red fescue]","","",,1/30/2014 11:49:33,,,"","","","npe","430493175",0
3634.00,"Br","CWH vh 3","VAN","CWH","vh 3","vh","3","","Br","","","","Headland","","",,1/30/2014 11:49:33,,,"","","","npe","376970860",0
3635.00,"Ed01","CWH vh 3","VAN","CWH","vh 3","vh","3","","Ed01","","","","Tufted hairgrass – Meadow barley","","",,1/30/2014 11:49:33,,,"","","","npe","1567777021",0
3636.00,"Wb53","CWH vh 3","VAN","CWH","vh 3","vh","3","","Wb53","","","","Shore pine – Yellow-cedar – Tufted clubrush","","",,1/30/2014 11:49:33,,,"","","","","-230517990",0
3637.00,"Wb53.1","CWH vh 3","VAN","CWH","vh 3","vh","3","","Wb53","","","","Shore pine – Yellow-cedar – Tufted clubrush; wooded variation","","",,1/30/2014 11:49:33,,,"","","","","710752147",0
3638.00,"Wb53.2","CWH vh 3","VAN","CWH","vh 3","vh","3","","Wb53","","","","Shore pine – Yellow-cedar – Tufted clubrush; tall shrub variation","","",,1/30/2014 11:49:33,,,"","","","","2014369496",0
3639.00,"Wb54","CWH vh 3","VAN","CWH","vh 3","vh","3","","Wb54","","","","Yellow-cedar  – Tufted clubrush – Tufted hairgrass","","",,1/30/2014 11:49:33,,,"","","","","-1174678535",0
3640.00,"Wf51","CWH vh 3","VAN","CWH","vh 3","vh","3","","Wf51","","","","Sitka sedge – Peat-moss","","",,1/30/2014 11:49:33,,,"","","","","-755631930",0
3641.00,"Ws58","CWH vh 3","VAN","CWH","vh 3","vh","3","","Ws58","","","","Redcedar – Yellow-cedar  – Slough sedge ","","",,1/30/2014 11:49:33,,,"","","","npe","2099013807",0
3642.00,"101","CWH wh 1","VAN","CWH","wh 1","wh","1","","101","","","","HwSs – Lanky moss","","",,1/30/2014 11:49:33,,,"","","","","-1536170908",0
3643.00,"101a","CWH wh 1","VAN","CWH","wh 1","wh","1","","101","a","","","HwSs – Lanky moss; mesic phase","","",,1/30/2014 11:49:33,,,"","","","","-1814233707",0
3645.00,"101b","CWH wh 1","VAN","CWH","wh 1","wh","1","","101","b","","","HwSs – Lanky moss; moister phase","","",,1/30/2014 11:49:33,,,"","","","","180539851",0
3646.00,"102","CWH wh 1","VAN","CWH","wh 1","wh","1","","102","","","","CwHw – Salal – Oregon beaked-moss","","",,1/30/2014 11:49:33,,,"","","","","-1468317008",0
3647.00,"103","CWH wh 1","VAN","CWH","wh 1","wh","1","","103","","","","Ss – Salal ","","",,1/30/2014 11:49:33,,,"","","","","-1751852815",0
3648.00,"103.1","CWH wh 1","VAN","CWH","wh 1","wh","1","","103","","1","","Ss – Salal ; typic variation","","",,1/30/2014 11:49:33,,,"","","","","-1487755170",0
3649.00,"103.2","CWH wh 1","VAN","CWH","wh 1","wh","1","","103","","2","","Ss – Salal; reedgrass variation","","",,1/30/2014 11:49:33,,,"","","","","1850477703",0
3650.00,"104","CWH wh 1","VAN","CWH","wh 1","wh","1","","104","","","","SsHw – Oregon beaked-moss","","",,1/30/2014 11:49:33,,,"","","","","1969192380",0
3651.00,"105","CWH wh 1","VAN","CWH","wh 1","wh","1","","105","","","","CwSs – Sword fern ","","",,1/30/2014 11:49:33,,,"","","","","801112589",0
3652.00,"105a","CWH wh 1","VAN","CWH","wh 1","wh","1","","105","a","","","CwSs – Sword fern; colluvial/morainal phase","","",,1/30/2014 11:49:33,,,"","","","","-388494774",0
3653.00,"105b","CWH wh 1","VAN","CWH","wh 1","wh","1","","105","b","","","CwSs – Sword fern; limestone phase","","",,1/30/2014 11:49:33,,,"","","","","-1481094397",0
3654.00,"110","CWH wh 1","VAN","CWH","wh 1","wh","1","","110","","","","CwHw – Salal – Deer fern","","",,1/30/2014 11:49:33,,,"","","","","9036168",0
3655.00,"110a","CWH wh 1","VAN","CWH","wh 1","wh","1","","110","a","","","CwHw – Salal – Deer fern; podzolic phase","","",,1/30/2014 11:49:33,,,"","","","","-1294150423",0
3656.00,"110b","CWH wh 1","VAN","CWH","wh 1","wh","1","","110","b","","","CwHw – Salal – Deer fern; gleysolic/organic phase","","",,1/30/2014 11:49:33,,,"","","","","1163576054",0
3657.00,"111","CWH wh 1","VAN","CWH","wh 1","wh","1","","111","","","","CwSs – Foamflower","","",,1/30/2014 11:49:33,,,"","","","","731728191",0
3658.00,"111a","CWH wh 1","VAN","CWH","wh 1","wh","1","","111","a","","","CwSs – Foamflower; colluvial/morainal phase","","",,1/30/2014 11:49:33,,,"","","","","1328839188",0
3659.00,"111b","CWH wh 1","VAN","CWH","wh 1","wh","1","","111","b","","","CwSs – Foamflower; alluvial fan phase","","",,1/30/2014 11:49:33,,,"","","","","854027653",0
3660.00,"111c","CWH wh 1","VAN","CWH","wh 1","wh","1","","111","v","","","CwSs – Foamflower; limestone phase","","",,1/30/2014 11:49:33,,,"","","","","1733541474",0
3661.00,"112","CWH wh 1","VAN","CWH","wh 1","wh","1","","112","","","","Ss – Lily-of-the-valley","","",,1/30/2014 11:49:33,,,"","","","","-1790672069",0
3662.00,"113","CWH wh 1","VAN","CWH","wh 1","wh","1","","113","","","","Ss – Trisetum","","",,1/30/2014 11:49:33,,,"","","","","-1296952480",0
3663.00,"114","CWH wh 1","VAN","CWH","wh 1","wh","1","","114","","","","Dr – Trisetum","","",,1/30/2014 11:49:33,,,"","","","","1588963297",0
3664.00,"115","CWH wh 1","VAN","CWH","wh 1","wh","1","","115","","","","CwYc – Salal – Goldthread ","","",,1/30/2014 11:49:33,,,"","","","","771926158",0
3665.00,"116","CWH wh 1","VAN","CWH","wh 1","wh","1","","116","","","","CwSs – Snake liverwort ","","",,1/30/2014 11:49:33,,,"","","","","1466381559",0
3666.00,"117","CWH wh 1","VAN","CWH","wh 1","wh","1","","117","","","","Ss – Pacific crab apple – Slough sedge","","",,1/30/2014 11:49:33,,,"","","","","-1048954516",0
3667.00,"117","CWH wh 1","VAN","CWH","wh 1","wh","1","","117","","","","Ss – Pacific crab apple – Slough sedge","","",,1/30/2014 11:49:33,,,"","","","","286466045",0
3668.00,"118","CWH wh 1","VAN","CWH","wh 1","wh","1","","118","","","","CwSs – Skunk cabbage ","","",,1/30/2014 11:49:33,,,"","","","","-44438150",0
3669.00,"118a","CWH wh 1","VAN","CWH","wh 1","wh","1","","118","a","","","CwSs – Skunk cabbage; mineral phase ","","",,1/30/2014 11:49:33,,,"","","","","-794142093",0
3670.00,"118b","CWH wh 1","VAN","CWH","wh 1","wh","1","","118","b","","","CwSs – Skunk cabbage; organic phase ","","",,1/30/2014 11:49:33,,,"","","","","1492465720",0
3671.00,"Bb01","CWH wh 1","VAN","CWH","wh 1","wh","1","","Bb01","","","","American Searocket","","",,1/30/2014 11:49:33,,,"","","","npe","384112211",0
3672.00,"Bb02","CWH wh 1","VAN","CWH","wh 1","wh","1","","Bb02","","","","Dune wildrye [Red fescue]","","",,1/30/2014 11:49:33,,,"","","","npe","236158616",0
3673.00,"Bb02$1","CWH wh 1","VAN","CWH","wh 1","wh","1","","Bb02","","","","European beachgrass","","",,1/30/2014 11:49:33,,,"","","","npe","-1423322951",0
3674.00,"Bb03","CWH wh 1","VAN","CWH","wh 1","wh","1","","Bb03","","","","Large-headed sedge – Dune bluegrass","","",,1/30/2014 11:49:33,,,"","","","npe","-115349882",0
3675.00,"Br","CWH wh 1","VAN","CWH","wh 1","wh","1","","Br","","","","Headland","","",,1/30/2014 11:49:33,,,"","","","npe","-147330673",0
3676.00,"Ed01","CWH wh 1","VAN","CWH","wh 1","wh","1","","Ed01","","","","Tufted hairgrass – Meadow barley","","",,1/30/2014 11:49:33,,,"","","","npe","-1989507036",0
3677.00,"Ed03","CWH wh 1","VAN","CWH","wh 1","wh","1","","Ed03","","","","Arctic rush – Alaska plantain","","",,1/30/2014 11:49:33,,,"","","","npe","856311381",0
3678.00,"Em01","CWH wh 1","VAN","CWH","wh 1","wh","1","","Em01","","","","Widgeon-grass [Canadian sand-spurry]","","",,1/30/2014 11:49:33,,,"","","","npe","-532759822",0
3679.00,"Em02","CWH wh 1","VAN","CWH","wh 1","wh","1","","Em02","","","","Glasswort – Sea-milkwort ","","",,1/30/2014 11:49:33,,,"","","","npe","1232881803",0
3680.00,"Wb51","CWH wh 1","VAN","CWH","wh 1","wh","1","","Wb51","","","","Shore pine – Crowberry – Tough peat-moss","","",,1/30/2014 11:49:33,,,"","","","","-123775810",0
3681.00,"Wb51.1","CWH wh 1","VAN","CWH","wh 1","wh","1","","Wb51","","","","Shore pine – Crowberry – Tough peat-moss; tall shrub variation","","",,1/30/2014 11:49:33,,,"","","","","-744187545",0
3682.00,"Wb51.2","CWH wh 1","VAN","CWH","wh 1","wh","1","","Wb51","","","","Shore pine – Crowberry – Tough peat-moss; wooded variation","","",,1/30/2014 11:49:33,,,"","","","","-1400798948",0
3683.00,"Wb53","CWH wh 1","VAN","CWH","wh 1","wh","1","","Wb53","","","","Shore pine – Yellow-cedar – Tufted clubrush","","",,1/30/2014 11:49:33,,,"","","","","1740823021",0
3684.00,"Wb53.1","CWH wh 1","VAN","CWH","wh 1","wh","1","","Wb53","","","","Shore pine – Yellow-cedar – Tufted clubrush; wooded variation","","",,1/30/2014 11:49:33,,,"","","","","-414499670",0
3685.00,"Wb53.2","CWH wh 1","VAN","CWH","wh 1","wh","1","","Wb53","","","","Shore pine – Yellow-cedar – Tufted clubrush; tall shrub variation","","",,1/30/2014 11:49:33,,,"","","","","-1724226077",0
3686.00,"Wf51","CWH wh 1","VAN","CWH","wh 1","wh","1","","Wf51","","","","Sitka sedge – Peat-moss","","",,1/30/2014 11:49:33,,,"","","","npe","-1523561462",0
3687.00,"Wf52","CWH wh 1","VAN","CWH","wh 1","wh","1","","Wf52","","","","Sweet gale – Sitka sedge","","",,1/30/2014 11:49:33,,,"","","","npe","-1102161469",0
3688.00,"Wm50","CWH wh 1","VAN","CWH","wh 1","wh","1","","Wm50","","","","Sitka sedge – Pacific water-parsley","","",,1/30/2014 11:49:33,,,"","","","npe","-1171588792",0
3689.00,"101","CWH wh 2","VAN","CWH","wh 2","wh","2","","101","","","","HwSs – Lanky moss ","","",,1/30/2014 11:49:33,,,"","","","","1567478303",0
3690.00,"101a","CWH wh 2","VAN","CWH","wh 2","wh","2","","101","a","","","HwSs – Lanky moss; mesic phase","","",,1/30/2014 11:49:33,,,"","","","","1138084212",0
3691.00,"101b","CWH wh 2","VAN","CWH","wh 2","wh","2","","101","b","","","HwSs – Lanky moss; drier phase","","",,1/30/2014 11:49:33,,,"","","","","412262757",0
3692.00,"101c","CWH wh 2","VAN","CWH","wh 2","wh","2","","101","c","","","HwSs – Lanky moss; moister phase","","",,1/30/2014 11:49:33,,,"","","","","788995266",0
3693.00,"110","CWH wh 2","VAN","CWH","wh 2","wh","2","","110","","","","SsYc – Oak fern","","",,1/30/2014 11:49:33,,,"","","","","-1902749157",0
3694.00,"111","CWH wh 2","VAN","CWH","wh 2","wh","2","","111","","","","YcHm – Goldthread ","","",,1/30/2014 11:49:33,,,"","","","","1696733376",0
3695.00,"112","CWH wh 2","VAN","CWH","wh 2","wh","2","","112","","","","SsYc – Hellebore – Snake liverwort ","","",,1/30/2014 11:49:33,,,"","","","","-650454591",0
3696.00,"112a","CWH wh 2","VAN","CWH","wh 2","wh","2","","112","a","","","SsYc – Hellebore – Snake liverwort;  hygric phase","","",,1/30/2014 11:49:33,,,"","","","","2050731246",0
3697.00,"112b","CWH wh 2","VAN","CWH","wh 2","wh","2","","112","b","","","SsYc – Hellebore – Snake liverwort ; subhydric phase","","",,1/30/2014 11:49:33,,,"","","","","794507735",0
3698.00,"Wb53","CWH wh 2","VAN","CWH","wh 2","wh","2","","Wb53","","","","Shore pine – Yellow-cedar – Tufted clubrush","","",,1/30/2014 11:49:33,,,"","","","npe","-833814962",0
3700.00,"101","MH  wh","VAN","MH","wh","wh","","","101","","","","HmSs – Blueberry ","","",,1/30/2014 11:49:33,,,"","","","","149878746",0
3701.00,"101a","MH  wh","VAN","MH","wh","wh","","","101","a","","","HmSs – Blueberry; mesic phase","","",,1/30/2014 11:49:33,,,"","","","","-548484712",0
3703.00,"101b","MH  wh","VAN","MH","wh","wh","","","101","b","","","HmSs – Blueberry; drier phase","","",,1/30/2014 11:49:33,,,"","","","","-141022842",0
3705.00,"101c","MH  wh","VAN","MH","wh","wh","","","101","c","","","HmSs – Blueberry; moister phase ","","",,1/30/2014 11:49:33,,,"","","","","608731940",0
3707.00,"102","MH  wh","VAN","MH","wh","wh","","","102","","","","YcHm – Crowberry – Mountain-heather","","",,1/30/2014 11:49:33,,,"","","","","-1684970155",0
3709.00,"110","MH  wh","VAN","MH","wh","wh","","","110","","","","HmSs – Reedgrass – Lanky moss","","",,1/30/2014 11:49:33,,,"","","","","-380547728",0
3711.00,"111","MH  wh","VAN","MH","wh","wh","","","111","","","","HmSs – Reedgrass – Deer-cabbage","","",,1/30/2014 11:49:33,,,"","","","","-1800752866",0
3719.00,"Am33","MH  wh","VAN","MH","wh","wh","","","Am33","","","","Arrow-leaved groundsel – Hellebore – Large-awned sedge","","",,1/30/2014 11:49:33,,,"","","","npe","1173915366",0
3720.00,"Wb53","MH  wh","VAN","MH","wh","wh","","","Wb53","","","","Shore pine – Yellow-cedar – Tufted clubrush","","",,1/30/2014 11:49:33,,,"","","","","-86269002",0
3722.00,"Am34","MH  whp","VAN","MH","whp","whp","","","Am34","","","","Tufted hairgrass – Calder’s lovage","","",,1/30/2014 11:49:33,,,"","","","npe","1548328836",0
3723.00,"Sk33","MH  whp","VAN","MH","whp","whp","","","Sk33","","","","Mountain hemlock – Bog blueberry – Crowberry","","",,1/30/2014 11:49:33,,,"","","","npe","-1421761995",0
3724.00,"Sk34","MH  whp","VAN","MH","whp","whp","","","Sk34","","","","Mountain  hemlock – Pacific reedgrass – Hellebore ","","",,1/30/2014 11:49:33,,,"","","","npe","1451565394",0
3725.00,"01","CWH vh 2","VAN","CWH","vh2","vh","2","","01","","","","CwHw - Salal","","",8.00,10/11/2000 0:00:00,,1282.00,"CWH vh 2 /01","","Tsughet-Gaulsha","",,0
3726.00,"01a","CWH vh 2","VAN","CWH","vh2","vh","2","","01","a","","","CwHw - Salal, Mineral","","",8.00,10/11/2000 0:00:00,,1283.00,"CWH vh 2 /01a","","","",,0
3727.00,"01b","CWH vh 2","VAN","CWH","vh2","vh","2","","01","b","","","CwHw - Salal, Lithic","","",8.00,10/11/2000 0:00:00,,1284.00,"CWH vh 2 /01b","","","",,0
3728.00,"01c","CWH vh 2","VAN","CWH","vh2","vh","2","","01","c","","","CwHw - Salal, Peaty","","",8.00,10/11/2000 0:00:00,,1285.00,"CWH vh 2 /01c","","","",,0
3729.00,"02","CWH vh 2","VAN","CWH","vh2","vh","2","","02","","","","PlYc - Rhacomitrium","","",8.00,10/11/2000 0:00:00,,1286.00,"CWH vh 2 /02","","PlYc-Racolan","",,0
3730.00,"03","CWH vh 2","VAN","CWH","vh2","vh","2","","03","","","","CwYc - Salal","","",8.00,10/11/2000 0:00:00,,1287.00,"CWH vh 2 /03","","Tsughet-Gaulsha","",,0
3731.00,"03a","CWH vh 2","VAN","CWH","vh2","vh","2","","03","a","","","CwYc - Salal, Mineral","","",8.00,10/11/2000 0:00:00,,1288.00,"CWH vh 2 /03a","","","",,0
3732.00,"03b","CWH vh 2","VAN","CWH","vh2","vh","2","","03","b","","","CwYc - Salal, Lithic","","",8.00,10/11/2000 0:00:00,,1289.00,"CWH vh 2 /03b","","","",,0
3733.00,"04","CWH vh 2","VAN","CWH","vh2","vh","2","","04","","","","HwSs - Lanky moss","","",8.00,10/11/2000 0:00:00,,1290.00,"CWH vh 2 /04","Picesit-Rhytlor","Picesit-Rhytlor","",,0
3734.00,"04a","CWH vh 2","VAN","CWH","vh2","vh","2","","04","a","","","HwSs - Lanky moss, Mineral","","",8.00,10/11/2000 0:00:00,,1291.00,"CWH vh 2 /04a","","","",,0
3735.00,"04b","CWH vh 2","VAN","CWH","vh2","vh","2","","04","b","","","HwSs - Lanky moss, Lithic","","",8.00,10/11/2000 0:00:00,,1292.00,"CWH vh 2 /04b","","","",,0
3736.00,"05","CWH vh 2","VAN","CWH","vh2","vh","2","","05","","","","CwSs - Sword fern","","",8.00,10/11/2000 0:00:00,,1293.00,"CWH vh 2 /05","Picesit-Polymun","Picesit-Rhytlor","",,0
3737.00,"05a","CWH vh 2","VAN","CWH","vh2","vh","2","","05","a","","","CwSs - Sword fern, Mineral","","",8.00,10/11/2000 0:00:00,,1294.00,"CWH vh 2 /05a","","","",,0
3738.00,"05b","CWH vh 2","VAN","CWH","vh2","vh","2","","05","b","","","CwSs - Sword fern, Lithic","","",8.00,10/11/2000 0:00:00,,1295.00,"CWH vh 2 /05b","","","",,0
3739.00,"06","CWH vh 2","VAN","CWH","vh2","vh","2","","06","","","","CwSs - Foamflower","","",8.00,10/11/2000 0:00:00,,1296.00,"CWH vh 2 /06","","Abieama-Tiartri","",,0
3740.00,"07","CWH vh 2","VAN","CWH","vh2","vh","2","","07","","","","CwSs - Devil's club","","",8.00,10/11/2000 0:00:00,,1297.00,"CWH vh 2 /07","","Abieama-Tiartri","",,0
3741.00,"07a","CWH vh 2","VAN","CWH","vh2","vh","2","","07","a","","","CwSs - Devil's club, Mineral","","",8.00,10/11/2000 0:00:00,,1298.00,"CWH vh 2 /07a","","","",,0
3742.00,"07b","CWH vh 2","VAN","CWH","vh2","vh","2","","07","b","","","CwSs - Devil's club, Lithic","","",8.00,10/11/2000 0:00:00,,1299.00,"CWH vh 2 /07b","","","",,0
3743.00,"08","CWH vh 2","VAN","CWH","vh2","vh","2","","08","","","","Ss - Lily-of-the-valley","","",8.00,10/11/2000 0:00:00,,1300.00,"CWH vh 2 /08","","","",,0
3744.00,"09","CWH vh 2","VAN","CWH","vh2","vh","2","","09","","","","Ss - Trisetum","","",8.00,10/11/2000 0:00:00,,1301.00,"CWH vh 2 /09","","","",,0
3745.00,"10","CWH vh 2","VAN","CWH","vh2","vh","2","","10","","","","Dr - Lily-of-the-valley","","",8.00,10/11/2000 0:00:00,,1302.00,"CWH vh 2 /10","","","",,0
3746.00,"11","CWH vh 2","VAN","CWH","vh2","vh","2","","11","","","","CwYc - Goldthread","","",8.00,10/11/2000 0:00:00,,1303.00,"CWH vh 2 /11","","Chamnoo-Vaccala","",,0
3747.00,"12","CWH vh 2","VAN","CWH","vh2","vh","2","","12","","","","PlYc - Sphagnum","","",8.00,10/11/2000 0:00:00,,1304.00,"CWH vh 2 /12","","","",,0
3748.00,"13","CWH vh 2","VAN","CWH","vh2","vh","2","","13","","","","CwSs - Skunk cabbage","","",8.00,10/11/2000 0:00:00,,1305.00,"CWH vh 2 /13","","","",,0
3749.00,"13a","CWH vh 2","VAN","CWH","vh2","vh","2","","13","a","","","CwSs - Skunk cabbage, Mineral","","",8.00,10/11/2000 0:00:00,,1306.00,"CWH vh 2 /13a","","","",,0
3750.00,"13b","CWH vh 2","VAN","CWH","vh2","vh","2","","13","b","","","CwSs - Skunk cabbage, Peaty","","",8.00,10/11/2000 0:00:00,,1307.00,"CWH vh 2 /13b","","","",,0
3751.00,"14","CWH vh 2","VAN","CWH","vh2","vh","2","","14","","","","Ss - Salal","","",8.00,10/11/2000 0:00:00,,1308.00,"CWH vh 2 /14","","Picesit-Gaulsha","",,0
3752.00,"15","CWH vh 2","VAN","CWH","vh2","vh","2","","15","","","","Ss - Kindbergia","","",8.00,10/11/2000 0:00:00,,1309.00,"CWH vh 2 /15","","","",,0
3753.00,"16","CWH vh 2","VAN","CWH","vh2","vh","2","","16","","","","Ss - Reedgrass","","",8.00,10/11/2000 0:00:00,,1310.00,"CWH vh 2 /16","","","",,0
3754.00,"17","CWH vh 2","VAN","CWH","vh2","vh","2","","17","","","","Ss - Sword fern","","",8.00,10/11/2000 0:00:00,,1311.00,"CWH vh 2 /17","","","",,0
3755.00,"18","CWH vh 2","VAN","CWH","vh2","vh","2","","18","","","","Ss - Slough sedge","","",8.00,10/11/2000 0:00:00,,1312.00,"CWH vh 2 /18","","","",,0
3756.00,"19","CWH vh 2","VAN","CWH","vh2","vh","2","","19","","","","Ss - Pacific crab apple","","",8.00,10/11/2000 0:00:00,,1313.00,"CWH vh 2 /19","","","npe",,0
