"PlotNumber","Species","Layer","Cover1","Height1","Cover2","Height2","Cover3","Height3","TotalA","HeightA","Cover4","Height4","Cover5","Height5","Cover5a","Height5a","Cover5b","Height5b","Cover5c","Height5c","TotalB","HeightB","Cover6","Height6","Cover7","Cover8","Cover9","Cover10","Collected","Flag","ID","LL","AF","DC","UT","VI","PV","PG","FFA","Cultural1","Cultural2","Other1","Other2"
"00337","ABIE_RK",,,,,,,,,,,,,,,,,,,,,,,,,,,,,0,-1350988242,,,,,,,,,,,,
"00337","ABIEBALD",,,,,,,,,,,,,,,,,,,,,,,,10.00,,,,,0,865817111,,,,,,,,,,,,
"00337","ABIELAS",,10.00,,4.00,,,,,,,,,,,,,,,,,,,,,,,,,0,-254928884,,,,,,,,,,,,
"00337","ALNUALN1",,,,,,,,,,20.00,,,,,,,,,,,,,,,,,,,0,1154810397,,,,,,,,,,,,
"00337","ASTER",,,,,,,,,,,,,,,,,,,,,,5.00,,,,,,,0,798453018,,,,,,,,,,,,
"00337","myherb",,,,,,,,,,,,,,,,,,,,,,10.00,,,,,,"0",0,-1373402733,,,,,,,,,,,,
"00337","mymoss",,,,,,,,,,,,,,,,,,,,,,,,20.00,,,,,0,1335443672,,,,,,,,,,,,
"00337","PINUCON",,,,2.00,,,,,,,,,,,,,,,,,,,,5.00,,,,,0,-1405979143,,,,,,,,,,,,
"108050","ABIE_RK",,2.00,,1.00,,3.00,,3.00,,,,5.00,,4.00,,3.00,,2.00,,12.00,,,,,,,,"C",0,-65244474,,,,,,10,,,,,,
"108050","ABIEAMA",,,,5.00,,1.00,,5.00,,,,,,,,,,,,,,,,,,,,"C",0,865997007,3,,4,4,1,10,13,2,,,,
"108050","ABIEGRA",,25.00,,,,,,,,,,,,,,,,,,,,,,,,,,"C",0,2124607076,,,,,,,,,,,,
"108050","ABIELAS",,10.00,,4.00,,,,,,5.00,,,,,,,,,,,,,,1.00,,,,,0,1238482837,,,,,,,,,,,,
"108050","ABIES",,0.10,,0.10,,,,,,0.10,,,,,,,,,,,,,,,,,,,0,675187506,,,,,,,,,,,,
"108050","ACERGLA1",,,,,,1.00,,1.00,,,,,,,,,,,,,,,,,,,,,0,-1769118773,,,,,,,,,,,,
"108050","ALNUALN",,2.00,,,,,,,,,,,,,,,,,,,,,,,,,,,0,-1170019152,,,,,,,,,,,,
"108050","ALNUALN2",,5.00,,,,,,,,,,,,,,,,,,,,,,,,,,,0,-1704346895,,,,,,,,,,,,
"108050","BUCKUND",,,,,,,,,,,,,,,,,,,,,,,,5.00,,,,,0,-372612514,,,,,,,,,,,,
"108050","CALAPUR",,,,,,,,,,,,,,,,,,,,,,15.00,5.00,,,,,"V",0,779337351,,,,,,,,,,,,
"108050","CALTLEP",,,,,,,,,,,,,,,,,,,,,,10.00,,,,,,,0,1715849148,,,,,,,,,,,,
"108050","CARECOC",,,,,,,,,,,,,,,,,,,,,,15.00,,,,,,,0,-289995763,,,,,,,,,,,,
"108050","CASSMER",,,,,,,,,,,,,,,,,,,,,,10.00,,,,,,,0,-435198902,,,,,,,,,,,,
"108050","CHAMANG",,,,,,,,,,,,,,,,,,,,,,1.00,,,,,,,0,1699683587,,,,,,,,,,,,
"108050","CLADRAN",,,,,,,,,,,,,,,,,,,,,,,,0.01,,,,"C",0,1421396872,,,,,,,,,,,,
"108050","COPTASP",,,,,,,,,,,,,,,,,,,,,,2.00,,,,,,,0,626521833,,,,,,,,,,,,
"108050","CORNCAN",,,,,,,,,,,,,,,,,,,,,,5.00,,,,,,,0,-2054439690,,,,,,,,,,,,
"108050","DICRFUS",,,,,,,,,,,,,,,,,,,,,,,,10.00,,,,,0,-187352257,,,,,,,,,,,,
"108050","DICRSCO",,,,,,,,,,,,,,,,,,,,,,,,10.00,,,,,0,1903559700,,,,,,,,,,,,
"108050","DREPADU",,,,,,,,,,,,,,,,,,,,,,,,1.56,,,,,0,-1704415355,,,,,,,,,,,,
"108050","ERIOANG",,,,,,,,,,,,,,,,,,,,,,99.00,,,,,,,0,978868322,,,,,,,,,,,,
"108050","HARRSTE",,,,,,,,,,,,,,,,,,,,,,5.00,,,,,,,0,1332712763,,,,,,,,,,,,
"108050","LIGUSTI",,,,,,,,,,,,,,,,,,,,,,10.00,,,,,,,0,-1636811424,,,,,,,,,,,,
"108050","LUETPEC",,,,,,,,,,,,,,,,,,,,,,10.00,,,,,,,0,685705697,,,,,,,,,,,,
"108050","LYSIAME",,,,,,,,,,,,,,,,,,,,,,10.00,,,,,,,0,1700061838,,,,,,,,,,,,
"108050","MNIUM",,,,,,,,,,,,,,,,,,,,,,,,5.00,,,,,0,1895261943,,,,,,,,,,,,
"108050","NEOTCOR",,,,,,,,,,,,,,,,,,,,,,2.00,,,,,,,0,1287586668,,,,,,,,,,,,
"108050","NEPHCRI",,,,,,,,,,,,,,,,,,,,,,10.00,,,,,,,0,-643390979,,,,,,,,,,,,
"108050","PHYLEMP",,,,,,,,,,,,,,,,,,,,,,20.00,,,,,,,0,1175701370,,,,,,,,,,,,
"108050","PINUCON",,5.00,,,,,,,,5.00,,,,,,,,,,,,,,1.00,,,,,0,322022515,,,,,,,,,,,,
"108050","PLEUSCH",,,,,,,,,,,,,,,,,,,,,,,,10.00,,,,,0,510304824,,,,,,,,,,,,
"108050","RACOCAN",,,,,,,,,,,,,,,,,,,,,,,,,20.00,10.00,,,0,-1669540903,,,,,,,,,,,,
"108050","RkEpilit",,,,,,,,,,,,,,,,,,,,,,,,,99.00,,,,0,562443046,,,,,,,,,,,,
"108050","RkEpiphy",,,,,,,,,,,,,,,,,,,,,,,,,,99.00,,,0,34283951,,,,,,,,,,,,
"108050","RUBUPED",,,,,,,,,,,,,,,,,,,,,,5.00,,,,,,,0,-1661459004,,,,,,,,,,,,
"108050","SORBUS",,8.00,,,,,,,,,,2.00,,,,,,,,2.00,,,,,,,,,0,646757237,,,,,,,,,,,,
"108050","STRUSPI",,,,,,,,,,,,,,,,,,,,,,20.00,10.00,,,,,,0,-1956114030,,,4,,,,,,,,,
"108050","THUJPLI",,10.00,,,,,,,,,,,,,,,,1.00,,,,,,7.00,,,,,0,194265771,,,,,,,,,,,,
"108050","TSUGMER",,,,35.00,,,,35.00,,,,,,,,,,,,,,,,,,,,,0,-793421296,,,,,,,,,,,,
"108050","VACCALA",,3.00,,4.00,,,,,,15.00,,,,10.00,,,,5.00,,15.00,,,,,,,,,0,-758434607,,,,,,,,,,,,
"108050","VACCPAR",,,,,,,,,,,,15.00,,,,,,,,15.00,,,,,,,,,0,2121010878,,,,,,,,,,,,
"108050","VERAVIR",,,,,,,,,,,,,,,,,,,,,,50.00,,,,,,,0,-943895705,,,,,,,,,,,,
"108050","XANTNOO",,,,5.00,,,,5.00,,,,,,,,,,,,,,,,,,,,"V",0,1153747740,,,,,,,,,,,,
"108050x","ABIEAMA",,,,5.00,,,,5.00,,,,,,1.00,,2.00,,3.00,,5.00,,,,,,,,"C",0,538106861,3,,4,4,1,10,13,2,,,,
"108050x","ABIEBAL",,,,10.00,,,,,,,,,,,,,,,,,,,,,,,,"C",0,-1356360022,,,,,,,,,,,,
"108050x","ABIECON",,,,10.00,,,,,,,,,,,,,,,,,,,,,,,,,0,869414883,,,,,,,,,,,,
"108050x","ABIEGRA",,25.00,,,,,,,,,,,,,,,,,,,,,,,,,,,0,-1008089880,,,,,,,,,,,,
"108050x","ABIELAS",,10.00,,,,,,,,5.00,,,,,,,,,,,,,,,,,,,0,687869129,,,,,,,,,,,,
"108050x","ALNUALN1",,99.00,,,,,,,,,,,,,,,,,,,,,,,,,,,0,1170134358,,,,,,,,,,,,
"108050x","ALNUALN2",,99.00,,,,,,,,,,,,,,,,,,,,,,,,,,,0,-575224801,,,,,,,,,,,,
"108050x","BUCKUND",,,,,,,,,,,,,,,,,,,,,,,,5.00,,,,,0,-636202124,,,,,,,,,,,,
"108050x","CALAPUR",,,,,,,,,,,,,,,,,,,,,,15.00,,,,,,,0,831316837,,,,,,,,,,,,
"108050x","CALTLEP",,,,,,,,,,,,,,,,,,,,,,10.00,,,,,,,0,-363809086,,,,,,,,,,,,
"108050x","CASSMER",,,,,,,,,,,,,,,,,,,,,,10.00,,,,,,,0,451046427,,,,,,,,,,,,
"108050x","CHAMANG",,,,,,,,,,,,,,,,,,,,,,1.00,,,,,,,0,-424852800,,,,,,,,,,,,
"108050x","CLADRAN",,,,,,,,,,,,,,,,,,,,,,,,2.00,,,,,0,644692929,,,,,,,,,,,,
"108050x","COPTASP",,,,,,,,,,,,,,,,,,,,,,2.00,,,,,,,0,-803019026,,,,,,,,,,,,
"108050x","CORNCAN",,,,,,,,,,,,,,,,,,,,,,5.00,,,,,,,0,-2028180521,,,,,,,,,,,,
"108050x","DICRFUS",,,,,,,,,,,,,,,,,,,,,,,,10.00,,,,,0,1268915916,,,,,,,,,,,,
"108050x","DICRSCO",,,,,,,,,,,,,,,,,,,,,,,,10.00,,,,,0,-1440042531,,,,,,,,,,,,
"108050x","DREPADU",,,,,,,,,,,,,,,,,,,,,,,,1.56,,,,,0,730714586,,,,,,,,,,,,
"108050x","ERIOANG",,,,,,,,,,,,,,,,,,,,,,99.00,,,,,,,0,-956842157,,,,,,,,,,,,
"108050x","HARRSTE",,,,,,,,,,,,,,,,,,,,,,5.00,,,,,,,0,87110552,,,,,,,,,,,,
"108050x","LIGUSTI",,,,,,,,,,,,,,,,,,,,,,10.00,,,,,,,0,201367993,,,,,,,,,,,,
"108050x","LUETPEC",,,,,,,,,,,,,,,,,,,,,,10.00,,,,,,,0,1051239302,,,,,,,,,,,,
"108050x","LYSIAME",,,,,,,,,,,,,,,,,,,,,,10.00,,,,,,,0,1242505871,,,,,,,,,,,,
"108050x","MNIUM",,,,,,,,,,,,,,,,,,,,,,,,5.00,,,,,0,-1233810140,,,,,,,,,,,,
"108050x","NEOTCOR",,,,,,,,,,,,,,,,,,,,,,2.00,,,,,,,0,1148725077,,,,,,,,,,,,
"108050x","NEPHCRI",,,,,,,,,,,,,,,,,,,,,,10.00,,,,,,,0,-390772750,,,,,,,,,,,,
"108050x","PHYLEMP",,,,,,,,,,,,,,,,,,,,,,20.00,,,,,,,0,-1996418677,,,,,,,,,,,,
"108050x","PLEUSCH",,,,,,,,,,,,,,,,,,,,,,,,10.00,,,,,0,-156043408,,,,,,,,,,,,
"108050x","RUBUPED",,,,,,,,,,,,,,,,,,,,,,5.00,,,,,,,0,-742121807,,,,,,,,,,,,
"108050x","SORBUS",,8.00,,,,,,,,,,2.00,,,,,,,,2.00,,,,,,,,,0,1682729758,,,,,,,,,,,,
"108050x","STRUSPI",,,,,,,,,,,,,,,,,,,,,,20.00,,,,,,,0,-81016761,,,4,,,,,,,,,
"108050x","THUJPLI",,,,10.00,,,,10.00,,,,,,,,,,,,,,,,,,,,,0,1801584252,,,,,,,,,,,,
"108050x","TSUGMER",,,,35.00,,,,35.00,,,,,,,,,,,,,,,,,,,,,0,501031885,,,,,,,,,,,,
"108050x","VACCALA",,3.00,,,,,,,,15.00,,,,,,,,,,15.00,,,,,,,,,0,-1605797622,,,,,,,,,,,,
"108050x","VACCOVL",,,,,,,,,,,,15.00,,,,,,,,15.00,,,,,,,,,0,-1071037757,,,,,,,,,,,,
"108050x","VERAVIR",,,,,,,,,,,,,,,,,,,,,,50.00,,,,,,,0,-84152760,,,,,,,,,,,,
"108050x","XANTNOO",,,,5.00,,,,5.00,,,,,,,,,,,,,,,,,,,,"V",0,-1604480343,,,,,,,,,,,,
"1976021","ABIELAS",,,,,,2.00,,3.00,,1.00,,0.50,,,,,,,,2.00,,,,,,,,,0,1601609142,,,,,,,,,,,,
"1976021","ACONDEL",,,,,,,,,,,,,,,,,,,,,,2.00,,,,,,,0,-1190445825,,,,,,,,,,,,
"1976021","ALNUINC",,,,,,,,,,8.00,,2.00,,,,,,,,10.00,,,,,,,,,0,612815572,,,,,,,,,,,,
"1976021","BETUPAP",,,,1.00,,4.00,,5.00,,,,,,0.20,,,,,,0.20,,,,,,,,"C",0,505251653,,,,,,,,,,,,
"1976021","CALACAN",,,,,,,,,,,,,,,,,,,,,,2.00,,,,,,,0,184075554,,,,,,,,,,,,
"1976021","CHAMANG",,,,,,,,,,,,,,,,,,,,,,2.00,,,,,,,0,-1923665157,,,,,,,,,,,,
"1976021","CORNCAN",,,,,,,,,,,,,,,,,,,,,,18.00,,,,,,,0,1205958688,,,,,,,,,,,,
"1976021","EQUIARV",,,,,,,,,,,,,,,,,,,,,,2.00,,,,,,,0,-1668358751,,,,,,,,,,,,
"1976021","EQUIPRA",,,,,,,,,,,,,,,,,,,,,,2.00,,,,,,,0,-478438578,,,,,,,,,,,,
"1976021","EQUISCI",,,,,,,,,,,,,,,,,,,,,,2.00,,,,,,,0,-675127113,,,,,,,,,,,,
"1976021","GOODREP",,,,,,,,,,,,,,,,,,,,,,0.50,,,,,,,0,1791978028,,,,,,,,,,,,
"1976021","HYLOSPL",,,,,,,,,,,,,,,,,,,,,,,,63.00,,,,,0,-824626755,,,,,,,,,,,,
"1976021","LINNBOR",,,,,,,,,,,,,,,,,,,,,,42.00,,,,,,,0,-48395206,,,,,,,,,,,,
"1976021","MERTPAN",,,,,,,,,,,,,,,,,,,,,,0.50,,,,,,,0,1991098931,,,,,,,,,,,,
"1976021","MITENUD",,,,,,,,,,,,,,,,,,,,,,8.00,,,,,,,0,-960170760,,,,,,,,,,,,
"1976021","ORTHSEC",,,,,,,,,,,,,,,,,,,,,,4.00,,,,,,,0,1253433241,,,,,,,,,,,,
"1976021","PICEGLA",,,,17.00,,8.00,,25.00,,0.50,,,,,,,,,,1.00,,,,,,,,,0,840680422,,,,,,,,,,,,
"1976021","PLATOBT",,,,,,,,,,,,,,,,,,,,,,0.20,,,,,,,0,-1134423185,,,,,,,,,,,,
"1976021","POPUBAL",,,,0.50,,,,0.50,,0.50,,0.50,,,,,,,,1.00,,,,,,,,,0,728966276,,,,,,,,,,,,
"1976021","POPUTRE",,,,0.50,,,,0.50,,0.50,,,,,,,,,,0.50,,,,,,,,,0,-1559493835,,,,,,,,,,,,
"1976021","PYROASA",,,,,,,,,,,,,,,,,,,,,,8.00,,,,,,,0,-130142638,,,,,,,,,,,,
"1976021","PYROCHL",,,,,,,,,,,,,,,,,,,,,,4.00,,,,,,,0,-83111829,,,,,,,,,,,,
"1976021","RIBELAC",,,,,,,,,,,,4.00,,,,,,,,4.00,,,,,,,,,0,34850000,,,,,,,,,,,,
"1976021","RIBETRI",,,,,,,,,,,,4.00,,,,,,,,4.00,,,,,,,,,0,1145862289,,,,,,,,,,,,
"1976021","ROSAACI",,,,,,,,,,,,,,8.00,,,,,,8.00,,,,,,,,,0,-989628546,,,,,,,,,,,,
"1976021","RUBUPUB",,,,,,,,,,,,,,,,,,,,,,8.00,,,,,,,0,-1468582617,,,,,,,,,,,,
"1976021","SALIBEB",,,,,,,,,,0.50,,,,,,,,,,0.50,,,,,,,,,0,2104844764,,,,,,,,,,,,
"1976021","SHEPCAN",,,,,,,,,,,,2.00,,,,,,,,2.00,,,,,,,,,0,-1366434899,,,,,,,,,,,,
"1976021","VACCVIT",,,,,,,,,,,,,,,,,,,,,,0.20,,,,,,,0,1821182826,,,,,,,,,,,,
"1976021","VIBUEDU",,,,,,,,,,8.00,,,,,,,,,,8.00,,,,,,,,,0,361512355,,,,,,,,,,,,
"1976022","ABIELAS",,,,,,1.00,,1.00,,0.50,,1.00,,,,,,,,1.00,,,,,,,,,0,1120356264,,,,,,,,,,,,
"1976022","ALNUINC",,,,,,,,,,18.00,,,,,,,,,,20.00,,,,,,,,,0,1768458377,,,,,,,,,,,,
"1976022","BLEPTRI",,,,,,,,,,,,,,,,,,,,,,,,0.20,,,,,0,-1488251370,,,,,,,,,,,,
"1976022","CALACAN",,,,,,,,,,,,,,,,,,,,,,2.00,,,,,,,0,1972020703,,,,,,,,,,,,
"1976022","CAMPHIP",,,,,,,,,,,,,,,,,,,,,,,,0.20,,,,,0,-1759149516,,,,,,,,,,,,
"1976022","CLADFIM",,,,,,,,,,,,,,,,,,,,,,,,0.20,,,,,0,-846030043,,,,,,,,,,,,
"1976022","CORNCAN",,,,,,,,,,,,,,,,,,,,,,18.00,,,,,,,0,-1435991166,,,,,,,,,,,,
"1976022","DISTCAP",,,,,,,,,,,,,,,,,,,,,,,,0.20,,,,,0,-1325012517,,,,,,,,,,,,
"1976022","DITRHET",,,,,,,,,,,,,,,,,,,,,,,,0.20,,,,,0,-572203648,,,,,,,,,,,,
"1976022","EQUIPRA",,,,,,,,,,,,,,,,,,,,,,4.00,,,,,,,0,-2143555711,,,,,,,,,,,,
"1976022","EQUISCI",,,,,,,,,,,,,,,,,,,,,,2.00,,,,,,,0,2130116526,,,,,,,,,,,,
"1976022","EURHPUL",,,,,,,,,,,,,,,,,,,,,,,,0.20,,,,,0,1084310935,,,,,,,,,,,,
"1976022","GOODREP",,,,,,,,,,,,,,,,,,,,,,4.00,,,,,,,0,-207690356,,,,,,,,,,,,
"1976022","HYLOSPL",,,,,,,,,,,,,,,,,,,,,,,,63.00,,,,,0,1009394077,,,,,,,,,,,,
"1976022","LEPIREP",,,,,,,,,,,,,,,,,,,,,,,,0.20,,,,,0,-2082802022,,,,,,,,,,,,
"1976022","LINNBOR",,,,,,,,,,,,,,,,,,,,,,8.00,,,,,,,0,193705235,,,,,,,,,,,,
"1976022","MERTPAN",,,,,,,,,,,,,,,,,,,,,,8.00,,,,,,,0,-1308760488,,,,,,,,,,,,
"1976022","MITENUD",,,,,,,,,,,,,,,,,,,,,,4.00,,,,,,,0,1150586233,,,,,,,,,,,,
"1976022","MNIUMAR",,,,,,,,,,,,,,,,,,,,,,,,0.20,,,,,0,1182241862,,,,,,,,,,,,
"1976022","ORTHSEC",,,,,,,,,,,,,,,,,,,,,,4.00,,,,,,,0,96203855,,,,,,,,,,,,
"1976022","PICEGLA",,,,18.00,,8.00,,26.00,,0.50,,,,,,,,,,0.50,,,,,,,,,0,-1471616028,,,,,,,,,,,,
"1976022","PLAGROS",,,,,,,,,,,,,,,,,,,,,,,,0.20,,,,,0,-1648341227,,,,,,,,,,,,
"1976022","PLATJUN",,,,,,,,,,,,,,,,,,,,,,,,0.20,,,,,0,-1642412878,,,,,,,,,,,,
"1976022","POHLNUT",,,,,,,,,,,,,,,,,,,,,,,,0.20,,,,,0,166494027,,,,,,,,,,,,
"1976022","PTILCRI",,,,,,,,,,,,,,,,,,,,,,,,18.00,,,,,0,-726678992,,,,,,,,,,,,
"1976022","PYROASA",,,,,,,,,,,,,,,,,,,,,,0.20,,,,,,,0,-413384079,,,,,,,,,,,,
"1976022","PYROCHL",,,,,,,,,,,,,,,,,,,,,,0.20,,,,,,,0,-1238813730,,,,,,,,,,,,
"1976022","RIBEOXY",,,,,,,,,,0.50,,,,,,,,,,0.50,,,,,,,,,0,727159303,,,,,,,,,,,,
"1976022","RIBETRI",,,,,,,,,,,,0.50,,,,,,,,0.50,,,,,,,,,0,-363399876,,,,,,,,,,,,
"1976022","ROSAACI",,,,,,,,,,18.00,,,,,,,,,,18.00,,,,,,,,,0,1956447117,,,,,,,,,,,,
"1976022","RUBUPUB",,,,,,,,,,,,,,,,,,,,,,4.00,,,,,,,0,1930055114,,,,,,,,,,,,
"1976022","SALIBEB",,,,,,,,,,0.50,,,,,,,,,,1.00,,,,,,,,,0,2066950275,,,,,,,,,,,,
"1976022","SALIPSE",,,,,,,,,,0.50,,,,,,,,,,0.50,,,,,,,,,0,1881395464,,,,,,,,,,,,
"1976022","VACCVIT",,,,,,,,,,,,,,,,,,,,,,8.00,,,,,,,0,-31920535,,,,,,,,,,,,
"1976022","VIBUEDU",,,,,,,,,,0.50,,,,,,,,,,0.50,,,,,,,,,0,1574190710,,,,,,,,,,,,
"1976025","ACONDEL",,,,,,,,,,,,,,,,,,,,,,0.50,,,,,,,0,-34799937,,,,,,,,,,,,
"1976025","ALNUINC",,,,,,,,,,4.00,,0.70,,,,,,,,4.70,,,,,,,,,0,-1001889388,,,,,,,,,,,,
"1976025","CALACAN",,,,,,,,,,,,,,,,,,,,,,0.50,,,,,,,0,157556485,,,,,,,,,,,,
"1976025","CAMPCHY",,,,,,,,,,,,,,,,,,,,,,,,0.20,,,,,0,45609442,,,,,,,,,,,,
"1976025","CAMPHIP",,,,,,,,,,,,,,,,,,,,,,,,0.20,,,,,0,1277595835,,,,,,,,,,,,
"1976025","CHAMANG",,,,,,,,,,,,,,,,,,,,,,0.50,,,,,,,0,-795905312,,,,,,,,,,,,
"1976025","CORNCAN",,,,,,,,,,,,,,,,,,,,,,8.00,,,,,,,0,-496209567,,,,,,,,,,,,
"1976025","DELPGLA",,,,,,,,,,,,,,,,,,,,,,0.50,,,,,,,0,1848448014,,,,,,,,,,,,
"1976025","EQUIPRA",,,,,,,,,,,,,,,,,,,,,,29.00,,,,,,,0,460397175,,,,,,,,,,,,
"1976025","EQUISCI",,,,,,,,,,,,,,,,,,,,,,4.00,,,,,,,0,-77033236,,,,,,,,,,,,
"1976025","GOODREP",,,,,,,,,,,,,,,,,,,,,,2.00,,,,,,,0,-1030389379,,,,,,,,,,,,
"1976025","HYLOSPL",,,,,,,,,,,,,,,,,,,,,,,,42.00,,,,,0,886968570,,,,,,,,,,,,
"1976025","LINNBOR",,,,,,,,,,,,,,,,,,,,,,8.00,,,,,,,0,-1429628941,,,,,,,,,,,,
"1976025","LYCOANN",,,,,,,,,,,,,,,,,,,,,,0.20,,,,,,,0,-1582037064,,,,,,,,,,,,
"1976025","MERTPAN",,,,,,,,,,,,,,,,,,,,,,8.00,,,,,,,0,-2120963239,,,,,,,,,,,,
"1976025","MITENUD",,,,,,,,,,,,,,,,,,,,,,18.00,,,,,,,0,844371110,,,,,,,,,,,,
"1976025","MNIUSPN",,,,,,,,,,,,,,,,,,,,,,,,0.20,,,,,0,-824916689,,,,,,,,,,,,
"1976025","ORTHSEC",,,,,,,,,,,,,,,,,,,,,,0.50,,,,,,,0,625926980,,,,,,,,,,,,
"1976025","PETAFRI3",,,,,,,,,,,,,,,,,,,,,,0.50,,,,,,,0,-334689547,,,,,,,,,,,,
"1976025","PICEGLA",,,,41.00,,18.00,,60.00,,0.50,,,,,,,,,,0.50,,,,,,,,,0,-362607854,,,,,,,,,,,,
"1976025","PLAGCIL",,,,,,,,,,,,,,,,,,,,,,,,0.20,,,,,0,433790507,,,,,,,,,,,,
"1976025","POHLNUT",,,,,,,,,,,,,,,,,,,,,,,,0.20,,,,,0,1549725584,,,,,,,,,,,,
"1976025","POLEACU",,,,,,,,,,,,,,,,,,,,,,0.20,,,,,,,0,-1679066031,,,,,,,,,,,,
"1976025","PTILCRI",,,,,,,,,,,,,,,,,,,,,,,,8.00,,,,,0,961912894,,,,,,,,,,,,
"1976025","PYROASA",,,,,,,,,,,,,,,,,,,,,,0.20,,,,,,,0,1535434471,,,,,,,,,,,,
"1976025","RIBELAC",,,,,,,,,,0.50,,,,,,,,,,0.50,,,,,,,,,0,-312559460,,,,,,,,,,,,
"1976025","RIBETRI",,,,,,,,,,2.00,,2.00,,,,,,,,4.00,,,,,,,,,0,-293430419,,,,,,,,,,,,
"1976025","ROSAACI",,,,,,,,,,6.00,,2.00,,,,,,,,8.00,,,,,,,,,0,-1093058518,,,,,,,,,,,,
"1976025","RUBUPUB",,,,,,,,,,,,,,,,,,,,,,8.00,,,,,,,0,1951794019,,,,,,,,,,,,
"1976025","SALIBEB",,,,,,,,,,0.20,,,,,,,,,,0.20,,,,,,,,,0,-471233944,,,,,,,,,,,,
"1976025","VACCVIT",,,,,,,,,,,,,,,,,,,,,,0.50,,,,,,,0,1952891977,,,,,,,,,,,,
"1976025","VIBUEDU",,,,,,,,,,,,18.00,,,,,,,,18.00,,,,,,,,,0,799676118,,,,,,,,,,,,
"1976025","VIOLREN",,,,,,,,,,,,,,,,,,,,,,2.00,,,,,,,0,954877855,,,,,,,,,,,,
"1976039","ACTARUB",,,,,,,,,,,,,,,,,,,,,,0.20,,,,,,,0,-1975029516,,,,,,,,,,,,
"1976039","BETUPAP",,,,,,8.00,,8.00,,1.00,,1.00,,,,,,,,2.00,,,,,,,,,0,-150334747,,,,,,,,,,,,
"1976039","CALACAN",,,,,,,,,,,,,,,,,,,,,,0.50,,,,,,,0,2046758978,,,,,,,,,,,,
"1976039","CARECOI",,,,,,,,,,,,,,,,,,,,,,0.20,,,,,,,0,-521066597,,,,,,,,,,,,
"1976039","CORNCAN",,,,,,,,,,,,,,,,,,,,,,18.00,,,,,,,0,1404647488,,,,,,,,,,,,
"1976039","CORNSER",,,,,,,,,,,,8.00,,,,,,,,8.00,,,,,,,,,0,-266837183,,,,,,,,,,,,
"1976039","EQUISCI",,,,,,,,,,,,,,,,,,,,,,0.20,,,,,,,0,1756747886,,,,,,,,,,,,
"1976039","FRAGVIR",,,,,,,,,,,,,,,,,,,,,,0.50,,,,,,,0,1038737239,,,,,,,,,,,,
"1976039","GALIBOR",,,,,,,,,,,,,,,,,,,,,,0.20,,,,,,,0,1669622860,,,,,,,,,,,,
"1976039","GALITRF",,,,,,,,,,,,,,,,,,,,,,0.20,,,,,,,0,244535645,,,,,,,,,,,,
"1976039","GOODREP",,,,,,,,,,,,,,,,,,,,,,0.20,,,,,,,0,826202970,,,,,,,,,,,,
"1976039","HYLOSPL",,,,,,,,,,,,,,,,,,,,,,,,18.00,,,,,0,-1247843629,,,,,,,,,,,,
"1976039","LINNBOR",,,,,,,,,,,,,,,,,,,,,,29.00,,,,,,,0,-54568680,,,,,,,,,,,,
"1976039","MAIACAN",,,,,,,,,,,,,,,,,,,,,,2.00,,,,,,,0,632174905,,,,,,,,,,,,
"1976039","MAIATRI",,,,,,,,,,,,,,,,,,,,,,0.20,,,,,,,0,407454982,,,,,,,,,,,,
"1976039","MERTPAN",,,,,,,,,,,,,,,,,,,,,,4.00,,,,,,,0,-1134262769,,,,,,,,,,,,
"1976039","MITENUD",,,,,,,,,,,,,,,,,,,,,,8.00,,,,,,,0,-421721436,,,,,,,,,,,,
"1976039","NEPHHEL",,,,,,,,,,,,,,,,,,,,,,,,0.20,,,,,0,-1586874667,,,,,,,,,,,,
"1976039","ORTHSEC",,,,,,,,,,,,,,,,,,,,,,0.20,,,,,,,0,422510962,,,,,,,,,,,,
"1976039","PELTAPH",,,,,,,,,,,,,,,,,,,,,,,,0.50,,,,,0,1259318539,,,,,,,,,,,,
"1976039","PELTCAN",,,,,,,,,,,,,,,,,,,,,,,,2.00,,,,,0,-1829155600,,,,,,,,,,,,
"1976039","PICEGLA",,,,18.00,,18.00,,36.00,,,,,,,,,,,,,,,,,,,,,0,1559373361,,,,,,,,,,,,
"1976039","PLEUSCH",,,,,,,,,,,,,,,,,,,,,,,,18.00,,,,,0,1008778398,,,,,,,,,,,,
"1976039","POPUTRE",,,,8.00,,,,8.00,,,,,,,,,,,,,,,,,,,,,0,-1934156857,,,,,,,,,,,,
"1976039","PTILCRI",,,,,,,,,,,,,,,,,,,,,,,,18.00,,,,,0,-1914393604,,,,,,,,,,,,
"1976039","PYROASA",,,,,,,,,,,,,,,,,,,,,,18.00,,,,,,,0,1991680845,,,,,,,,,,,,
"1976039","PYROCHL",,,,,,,,,,,,,,,,,,,,,,0.20,,,,,,,0,118612618,,,,,,,,,,,,
"1976039","RIBEOXY",,,,,,,,,,0.50,,,,,,,,,,0.50,,,,,,,,,0,-1070805437,,,,,,,,,,,,
"1976039","RIBETRI",,,,,,,,,,0.20,,,,,,,,,,0.20,,,,,,,,,0,-1963953208,,,,,,,,,,,,
"1976039","ROSAACI",,,,,,,,,,8.00,,,,,,,,,,8.00,,,,,,,,,0,2118781481,,,,,,,,,,,,
"1976039","RUBUPUB",,,,,,,,,,,,,,,,,,,,,,18.00,,,,,,,0,895786806,,,,,,,,,,,,
"1976039","SHEPCAN",,,,,,,,,,,,0.50,,,,,,,,0.50,,,,,,,,,0,154828927,,,,,,,,,,,,
"1976039","VIBUEDU",,,,,,,,,,18.00,,,,,,,,,,18.00,,,,,,,,,0,326807636,,,,,,,,,,,,
"1976039","VICIAME",,,,,,,,,,,,,,,,,,,,,,0.20,,,,,,,0,402421445,,,,,,,,,,,,
"1976039","VIOLREN",,,,,,,,,,,,,,,,,,,,,,8.00,,,,,,,0,-1571430750,,,,,,,,,,,,
"1976071","ACTARUB",,,,,,,,,,,,,,,,,,,,,,0.50,,,,,,,0,-1382175109,,,,,,,,,,,,
"1976071","ALNUINC",,,,,,,,,,18.00,,3.00,,,,,,,,20.00,,,,,,,,,0,-1489359456,,,,,,,,,,,,
"1976071","ARALNUD",,,,,,,,,,,,,,,,,,,,,,2.00,,,,,,,0,-231226079,,,,,,,,,,,,
"1976071","BETUNEO",,,,,,,,,,,,,,,,,,,,0.50,,,,,,,,,0,304696526,,,,,,,,,,,,
"1976071","BETUPAP",,,,,,2.00,,2.00,,2.00,,,,,,,,,,2.00,,,,,,,,,0,-104623049,,,,,,,,,,,,
"1976071","BRACREF",,,,,,,,,,,,,,,,,,,,,,,,0.20,,,,,0,-649431124,,,,,,,,,,,,
"1976071","CALACAN",,,,,,,,,,,,,,,,,,,,,,0.20,,,,,,,0,-1466199747,,,,,,,,,,,,
"1976071","CAREDEW",,,,,,,,,,,,,,,,,,,,,,0.20,,,,,,,0,1175803322,,,,,,,,,,,,
"1976071","CINNLAT",,,,,,,,,,,,,,,,,,,,,,4.00,,,,,,,0,-918213197,,,,,,,,,,,,
"1976071","CIRCALP",,,,,,,,,,,,,,,,,,,,,,18.00,,,,,,,0,-1242047880,,,,,,,,,,,,
"1976071","CORNCAN",,,,,,,,,,,,,,,,,,,,,,4.00,,,,,,,0,-254200039,,,,,,,,,,,,
"1976071","CORNSER",,,,,,,,,,,,,,,,,,,,4.00,,,,,,,,,0,-2031147674,,,,,,,,,,,,
"1976071","EQUIARV",,,,,,,,,,,,,,,,,,,,,,0.20,,,,,,,0,1864578799,,,,,,,,,,,,
"1976071","EQUIPRA",,,,,,,,,,,,,,,,,,,,,,63.00,,,,,,,0,2102092292,,,,,,,,,,,,
"1976071","GALITRF",,,,,,,,,,,,,,,,,,,,,,4.00,,,,,,,0,760206005,,,,,,,,,,,,
"1976071","GOODREP",,,,,,,,,,,,,,,,,,,,,,0.20,,,,,,,0,-1835620398,,,,,,,,,,,,
"1976071","GYMNDRY",,,,,,,,,,,,,,,,,,,,,,0.20,,,,,,,0,2042768363,,,,,,,,,,,,
"1976071","HYLOSPL",,,,,,,,,,,,,,,,,,,,,,,,8.00,,,,,0,2119621200,,,,,,,,,,,,
"1976071","MATTSTR",,,,,,,,,,,,,,,,,,,,,,0.50,,,,,,,0,1097351185,,,,,,,,,,,,
"1976071","MITENUD",,,,,,,,,,,,,,,,,,,,,,8.00,,,,,,,0,-1742567170,,,,,,,,,,,,
"1976071","MONEUNI",,,,,,,,,,,,,,,,,,,,,,0.20,,,,,,,0,-1901705049,,,,,,,,,,,,
"1976071","PICEGLA",,,,8.00,,18.00,,26.00,,2.00,,,,,,,,,,4.00,,,,,,,,,0,-1623142564,,,,,,,,,,,,
"1976071","PLAGDRU",,,,,,,,,,,,,,,,,,,,,,,,0.20,,,,,0,1135680301,,,,,,,,,,,,
"1976071","PLAGELL",,,,,,,,,,,,,,,,,,,,,,,,4.00,,,,,0,-1362348822,,,,,,,,,,,,
"1976071","PLAGMED",,,,,,,,,,,,,,,,,,,,,,,,0.20,,,,,0,1508870435,,,,,,,,,,,,
"1976071","PLEUSCH",,,,,,,,,,,,,,,,,,,,,,,,4.00,,,,,0,-569340632,,,,,,,,,,,,
"1976071","PTILCRI",,,,,,,,,,,,,,,,,,,,,,,,4.00,,,,,0,1773846537,,,,,,,,,,,,
"1976071","PYROASA",,,,,,,,,,,,,,,,,,,,,,0.20,,,,,,,0,-207890538,,,,,,,,,,,,
"1976071","RHYTTRI",,,,,,,,,,,,,,,,,,,,,,,,2.00,,,,,0,1301653855,,,,,,,,,,,,
"1976071","RIBEGLA",,,,,,,,,,,,,,,,,,,,0.20,,,,,,,,,0,-700833868,,,,,,,,,,,,
"1976071","RIBEOXY",,,,,,,,,,,,,,,,,,,,8.00,,,,,,,,,0,1236486821,,,,,,,,,,,,
"1976071","ROSAACI",,,,,,,,,,,,,,,,,,,,18.00,,,,,,,,,0,970218754,,,,,,,,,,,,
"1976071","RUBUIDA",,,,,,,,,,,,,,,,,,,,0.50,,,,,,,,,0,-1402722981,,,,,,,,,,,,
"1976071","RUBUPUB",,,,,,,,,,,,,,,,,,,,,,8.00,,,,,,,0,384455424,,,,,,,,,,,,
"1976071","THALSPA",,,,,,,,,,,,,,,,,,,,,,0.20,,,,,,,0,1304598273,,,,,,,,,,,,
"1976071","VIBUEDU",,,,,,,,,,,,,,,,,,,,8.00,,,,,,,,,0,-98602706,,,,,,,,,,,,
"1976071","VIOLREN",,,,,,,,,,,,,,,,,,,,,,4.00,,,,,,,0,481704215,,,,,,,,,,,,
"1976072","ALNUINC",,,,,,,,,,8.00,,,,,,,,,,8.00,,,,,,,,,0,-703417588,,,,,,,,,,,,
"1976072","BRACOED",,,,,,,,,,,,,,,,,,,,,,,,0.20,,,,,0,-182042339,,,,,,,,,,,,
"1976072","CAREDEW",,,,,,,,,,,,,,,,,,,,,,4.00,,,,,,,0,-327581670,,,,,,,,,,,,
"1976072","CAREDIS",,,,,,,,,,,,,,,,,,,,,,2.00,,,,,,,0,-1091379053,,,,,,,,,,,,
"1976072","CINCSTY",,,,,,,,,,,,,,,,,,,,,,,,4.00,,,,,0,1278577624,,,,,,,,,,,,
"1976072","CINNLAT",,,,,,,,,,,,,,,,,,,,,,0.50,,,,,,,0,1057858809,,,,,,,,,,,,
"1976072","CIRCALP",,,,,,,,,,,,,,,,,,,,,,0.50,,,,,,,0,2027795910,,,,,,,,,,,,
"1976072","CORNCAN",,,,,,,,,,,,,,,,,,,,,,0.50,,,,,,,0,-2083989553,,,,,,,,,,,,
"1976072","CORNSER",,,,,,,,,,,,,,,,,,,,8.00,,,,,,,,,0,-990779036,,,,,,,,,,,,
"1976072","EQUIPRA",,,,,,,,,,,,,,,,,,,,,,8.00,,,,,,,0,1530257045,,,,,,,,,,,,
"1976072","EQUISCI",,,,,,,,,,,,,,,,,,,,,,0.50,,,,,,,0,-357433806,,,,,,,,,,,,
"1976072","FRAGVIR",,,,,,,,,,,,,,,,,,,,,,0.20,,,,,,,0,1042979531,,,,,,,,,,,,
"1976072","GALITRF",,,,,,,,,,,,,,,,,,,,,,0.20,,,,,,,0,810522544,,,,,,,,,,,,
"1976072","GEUMMAC",,,,,,,,,,,,,,,,,,,,,,0.20,,,,,,,0,2084948465,,,,,,,,,,,,
"1976072","GOODREP",,,,,,,,,,,,,,,,,,,,,,0.20,,,,,,,0,317916510,,,,,,,,,,,,
"1976072","GYMNDRY",,,,,,,,,,,,,,,,,,,,,,0.50,,,,,,,0,-1391827577,,,,,,,,,,,,
"1976072","HYPNLIN",,,,,,,,,,,,,,,,,,,,,,,,0.20,,,,,0,-1060429124,,,,,,,,,,,,
"1976072","MATTSTR",,,,,,,,,,,,,,,,,,,,,,63.00,,,,,,,0,1743389453,,,,,,,,,,,,
"1976072","MITENUD",,,,,,,,,,,,,,,,,,,,,,0.20,,,,,,,0,-987744438,,,,,,,,,,,,
"1976072","PICEGLA",,,,10.00,,8.00,,18.00,,,,,,,,,,,,2.00,,,,,,,,,0,2027303939,,,,,,,,,,,,
"1976072","PLAGASP",,,,,,,,,,,,,,,,,,,,,,,,0.20,,,,,0,-501098872,,,,,,,,,,,,
"1976072","PLAGRUP",,,,,,,,,,,,,,,,,,,,,,,,0.20,,,,,0,548464105,,,,,,,,,,,,
"1976072","PTILCRI",,,,,,,,,,,,,,,,,,,,,,,,0.20,,,,,0,1525137398,,,,,,,,,,,,
"1976072","RHYTTRI",,,,,,,,,,,,,,,,,,,,,,,,18.00,,,,,0,-525090241,,,,,,,,,,,,
"1976072","RIBELAC",,,,,,,,,,,,,,,,,,,,0.50,,,,,,,,,0,-1797406956,,,,,,,,,,,,
"1976072","RIBEOXY",,,,,,,,,,,,,,,,,,,,2.00,,,,,,,,,0,-978940283,,,,,,,,,,,,
"1976072","ROSAACI",,,,,,,,,,,,,,,,,,,,8.00,,,,,,,,,0,714247010,,,,,,,,,,,,
"1976072","RUBUARC",,,,,,,,,,,,,,,,,,,,,,4.00,,,,,,,0,-1820554181,,,,,,,,,,,,
"1976072","THALSPA",,,,,,,,,,,,,,,,,,,,,,0.50,,,,,,,0,-90068896,,,,,,,,,,,,
"1976072","VIBUEDU",,,,,,,,,,,,,,,,,,,,2.00,,,,,,,,,0,-2085562143,,,,,,,,,,,,
"1976072","VIOLREN",,,,,,,,,,,,,,,,,,,,,,2.00,,,,,,,0,-1674558066,,,,,,,,,,,,
"1976075","ALNUINC",,,,,,1.00,,1.00,,18.00,,,,,,,,,,18.00,,,,,,,,,0,-260452873,,,,,,,,,,,,
"1976075","ARALNUD",,,,,,,,,,,,,,,,,,,,,,2.00,,,,,,,0,-1623908756,,,,,,,,,,,,
"1976075","BETUPAP",,,,,,8.00,,8.00,,4.00,,,,,,,,,,4.00,,,,,,,,,0,883646717,,,,,,,,,,,,
"1976075","CAREDEW",,,,,,,,,,,,,,,,,,,,,,0.20,,,,,,,0,1233345146,,,,,,,,,,,,
"1976075","CINNLAT",,,,,,,,,,,,,,,,,,,,,,8.00,,,,,,,0,-1411349645,,,,,,,,,,,,
"1976075","CIRCALP",,,,,,,,,,,,,,,,,,,,,,8.00,,,,,,,0,-900698824,,,,,,,,,,,,
"1976075","CORNCAN",,,,,,,,,,,,,,,,,,,,,,0.50,,,,,,,0,138642137,,,,,,,,,,,,
"1976075","CORNSER",,,,,,,,,,,,,,,,,,,,8.00,,,,,,,,,0,1420621350,,,,,,,,,,,,
"1976075","DELPGLA",,,,,,,,,,,,,,,,,,,,,,0.20,,,,,,,0,-1827837777,,,,,,,,,,,,
"1976075","EQUIPRA",,,,,,,,,,,,,,,,,,,,,,63.00,,,,,,,0,-433545020,,,,,,,,,,,,
"1976075","FRAGVIR",,,,,,,,,,,,,,,,,,,,,,0.20,,,,,,,0,1385454197,,,,,,,,,,,,
"1976075","GALITRF",,,,,,,,,,,,,,,,,,,,,,2.00,,,,,,,0,-510065518,,,,,,,,,,,,
"1976075","GOODREP",,,,,,,,,,,,,,,,,,,,,,0.20,,,,,,,0,-327091797,,,,,,,,,,,,
"1976075","HYLOSPL",,,,,,,,,,,,,,,,,,,,,,,,4.00,,,,,0,-960789232,,,,,,,,,,,,
"1976075","LINNBOR",,,,,,,,,,,,,,,,,,,,,,2.00,,,,,,,0,1552073681,,,,,,,,,,,,
"1976075","MATTSTR",,,,,,,,,,,,,,,,,,,,,,0.50,,,,,,,0,1579823550,,,,,,,,,,,,
"1976075","MERTPAN",,,,,,,,,,,,,,,,,,,,,,0.50,,,,,,,0,-1348767129,,,,,,,,,,,,
"1976075","MITENUD",,,,,,,,,,,,,,,,,,,,,,4.00,,,,,,,0,1574675996,,,,,,,,,,,,
"1976075","PICEGLA",,,,8.00,,8.00,,16.00,,,,,,,,,,,,4.00,,,,,,,,,0,-774284563,,,,,,,,,,,,
"1976075","PYROASA",,,,,,,,,,,,,,,,,,,,,,0.20,,,,,,,0,86370730,,,,,,,,,,,,
"1976075","RIBEHUD",,,,,,,,,,,,,,,,,,,,0.20,,,,,,,,,0,-1877422365,,,,,,,,,,,,
"1976075","RIBEOXY",,,,,,,,,,,,,,,,,,,,2.00,,,,,,,,,0,670846952,,,,,,,,,,,,
"1976075","ROSAACI",,,,,,,,,,,,,,,,,,,,8.00,,,,,,,,,0,690256841,,,,,,,,,,,,
"1976075","RUBUPUB",,,,,,,,,,,,,,,,,,,,,,8.00,,,,,,,0,-941598634,,,,,,,,,,,,
"1976075","SALIBEB",,,,,,,,,,,,,,,,,,,,0.50,,,,,,,,,0,-1723020513,,,,,,,,,,,,
"1976075","THALSPA",,,,,,,,,,,,,,,,,,,,,,0.20,,,,,,,0,1572703860,,,,,,,,,,,,
"1976075","VIBUEDU",,,,,,,,,,,,,,,,,,,,18.00,,,,,,,,,0,558776933,,,,,,,,,,,,
"1976080","ALNUINC",,,,,,,,,,8.00,,,,,,,,,,8.00,,,,,,,,,0,-1968674366,,,,,,,,,,,,
"1976080","AMELALN",,,,,,,,,,,,,,,,,,,,0.20,,,,,,,,,0,-719396069,,,,,,,,,,,,
"1976080","BETUPAP",,,,,,8.00,,8.00,,4.00,,,,,,,,,,4.00,,,,,,,,,0,-1237832256,,,,,,,,,,,,
"1976080","BRACREF",,,,,,,,,,,,,,,,,,,,,,,,0.20,,,,,0,821725889,,,,,,,,,,,,
"1976080","CIRCALP",,,,,,,,,,,,,,,,,,,,,,2.00,,,,,,,0,1609812462,,,,,,,,,,,,
"1976080","CORNCAN",,,,,,,,,,,,,,,,,,,,,,8.00,,,,,,,0,986075863,,,,,,,,,,,,
"1976080","CORNSER",,,,,,,,,,,,,,,,,,,,18.00,,,,,,,,,0,1175042508,,,,,,,,,,,,
"1976080","EQUIPRA",,,,,,,,,,,,,,,,,,,,,,63.00,,,,,,,0,-2086473507,,,,,,,,,,,,
"1976080","EQUISCI",,,,,,,,,,,,,,,,,,,,,,0.50,,,,,,,0,776660186,,,,,,,,,,,,
"1976080","GALITRF",,,,,,,,,,,,,,,,,,,,,,2.00,,,,,,,0,-515500461,,,,,,,,,,,,
"1976080","GOODREP",,,,,,,,,,,,,,,,,,,,,,0.20,,,,,,,0,-954171752,,,,,,,,,,,,
"1976080","HYLOSPL",,,,,,,,,,,,,,,,,,,,,,,,63.00,,,,,0,-529346375,,,,,,,,,,,,
"1976080","LINNBOR",,,,,,,,,,,,,,,,,,,,,,2.00,,,,,,,0,-319494522,,,,,,,,,,,,
"1976080","LONIDIO",,,,,,,,,,,,,,,,,,,,0.50,,,,,,,,,0,833153423,,,,,,,,,,,,
"1976080","MERTPAN",,,,,,,,,,,,,,,,,,,,,,0.50,,,,,,,0,1430751268,,,,,,,,,,,,
"1976080","MITENUD",,,,,,,,,,,,,,,,,,,,,,8.00,,,,,,,0,-1763490219,,,,,,,,,,,,
"1976080","PICEGLA",,,,18.00,,8.00,,26.00,,8.00,,,,,,,,,,8.00,,,,,,,,,0,1667480306,,,,,,,,,,,,
"1976080","PLAGCUS",,,,,,,,,,,,,,,,,,,,,,,,0.20,,,,,0,-1795340149,,,,,,,,,,,,
"1976080","PLEUSCH",,,,,,,,,,,,,,,,,,,,,,,,0.50,,,,,0,1802674800,,,,,,,,,,,,
"1976080","POPUBAL",,,,,,,,,,,,,,,,,,,,2.00,,,,,,,,,0,1293364657,,,,,,,,,,,,
"1976080","PTILCRI",,,,,,,,,,,,,,,,,,,,,,,,4.00,,,,,0,392171038,,,,,,,,,,,,
"1976080","PYROASA",,,,,,,,,,,,,,,,,,,,,,0.50,,,,,,,0,-636391609,,,,,,,,,,,,
"1976080","RIBEOXY",,,,,,,,,,,,,,,,,,,,4.00,,,,,,,,,0,-1379247748,,,,,,,,,,,,
"1976080","RIBETRI",,,,,,,,,,,,,,,,,,,,2.00,,,,,,,,,0,1274487501,,,,,,,,,,,,
"1976080","ROSAACI",,,,,,,,,,,,,,,,,,,,18.00,,,,,,,,,0,-705344502,,,,,,,,,,,,
"1976080","RUBUIDA",,,,,,,,,,,,,,,,,,,,0.20,,,,,,,,,0,1324308931,,,,,,,,,,,,
"1976080","RUBUPUB",,,,,,,,,,,,,,,,,,,,,,8.00,,,,,,,0,-864552632,,,,,,,,,,,,
"1976080","SALIBEB",,,,,,,,,,,,,,,,,,,,4.00,,,,,,,,,0,-1525841495,,,,,,,,,,,,
"1976080","THUIREC",,,,,,,,,,,,,,,,,,,,,,,,0.20,,,,,0,52273334,,,,,,,,,,,,
"1976080","VIBUEDU",,,,,,,,,,,,,,,,,,,,8.00,,,,,,,,,0,1243137023,,,,,,,,,,,,
"1976080","VIOLREN",,,,,,,,,,,,,,,,,,,,,,2.00,,,,,,,0,-1959686700,,,,,,,,,,,,
"202050","ABIEMAG1",,,,5.00,,,,5.00,,,,,,,,,,,,,,,,,,,,,0,1310877253,,,,,,,,,,,,
"202050","CASSMER",,,,,,,,,,,,,,,,,,,,,,10.00,,,,,,,0,-1674708958,,,,,,,,,,,,
"202050","CLADBEL",,,,,,,,,,,,,,,,,,,,,,,,0.50,,,,,0,-1618793989,,,,,,,,,,,,
"202050","CLADRAN",,,,,,,,,,,,,,,,,,,,,,,,0.50,,,,,0,-1182407904,,,,,,,,,,,,
"202050","DICRSCO",,,,,,,,,,,,,,,,,,,,,,,,0.50,,,,,0,244821153,,,,,,,,,,,,
"202050","HARRSTE",,,,,,,,,,,,,,,,,,,,,,10.00,,,,,,,0,-1727922610,,,,,,,,,,,,
"202050","HYLOSPL",,,,,,,,,,,,,,,,,,,,,,,,0.50,,,,,0,1028900791,,,,,,,,,,,,
"202050","LUETPEC",,,,,,,,,,,,,,,,,,,,,,3.00,,,,,,,0,-1477933780,,,,,,,,,,,,
"202050","LYCOPOE",,,,,,,,,,,,,,,,,,,,,,0.50,,,,,,,0,-628821827,,,,,,,,,,,,
"202050","PELTAPH",,,,,,,,,,,,,,,,,,,,,,,,5.00,,,,,0,401088314,,,,,,,,,,,,
"202050","PLEUSCH",,,,,,,,,,,,,,,,,,,,,,,,0.50,,,,,0,-329541325,,,,,,,,,,,,
"202050","RHYTLOR",,,,,,,,,,,,,,,,,,,,,,,,0.50,,,,,0,1702739960,,,,,,,,,,,,
"202050","THUJPLI",,,,7.00,,,,7.00,,,,,,,,,,,,,,,,,,,,,0,-141324647,,,,,,,,,,,,
"202050","TSUGMER",,,,10.00,,,,10.00,,,,,,,,,,,,,,,,7.00,,,,"V",0,-2142402842,,,,,,,,,,,,
"202050","XANTNOO",,,,7.00,,,,7.00,,,,,,,,,,,,,,,,,,,,,0,-262972817,,,,,,,,,,,,
"406250","ANEMRIC",,,,,,,,,,,,,,,,,,,,,,0.50,,,,,,,0,-760832124,,,,,,,,,,,,
"406250","CALACAN",,,,,,,,,,,,,,,,,,,,,,6.00,,,,,,,0,127574581,,,,,,,,,,,,
"406250","CORNCAN",,,,,,,,,,,,,,,,,,,,,,1.00,,,,,,,0,-2010504878,,,,,,,,,,,,
"406250","EQUIPRA",,,,,,,,,,,,,,,,,,,,,,30.00,,,,,,,0,64456555,,,,,,,,,,,,
"406250","EQUISCI",,,,,,,,,,,,,,,,,,,,,,0.50,,,,,,,0,1414328272,,,,,,,,,,,,
"406250","GOODREP",,,,,,,,,,,,,,,,,,,,,,0.50,,,,,,,0,-721746031,,,,,,,,,,,,
"406250","HYLOSPL",,,,,,,,,,,,,,,,,,,,,,,,35.00,,,,,0,-936600962,,,,,,,,,,,,
"406250","LINNBOR",,,,,,,,,,,,,,,,,,,,,,7.00,,,,,,,0,-333161433,,,,,,,,,,,,
"406250","MITENUD",,,,,,,,,,,,,,,,,,,,,,1.00,,,,,,,0,-1276166948,,,,,,,,,,,,
"406250","MNIUM",,,,,,,,,,,,,,,,,,,,,,,,8.00,,,,,0,2092653229,,,,,,,,,,,,
"406250","ORTHSEC",,,,,,,,,,,,,,,,,,,,,,1.00,,,,,,,0,1252417130,,,,,,,,,,,,
"406250","PICEGLA",,,,0.50,,,,0.50,,,,,,,,,,,,5.00,,,,,,,,,0,-1601055581,,,,,,,,,,,,
"406250","PINUCON",,10.00,,5.00,,,,,,,,,,,,,,,,,,,,,,,,,0,2020397736,,,,,,,,,,,,
"406250","PINUCON1",,,,,,,,,,,,,,,,,,,,,,,,5.00,,,,,0,1382283145,,,,,,,,,,,,
"406250","PLATOBT",,,,,,,,,,,,,,,,,,,,,,0.50,,,,,,,0,1094162710,,,,,,,,,,,,
"406250","PLEUSCH",,,,,,,,,,,,,,,,,,,,,,,,5.00,,,,,0,-1043354401,,,,,,,,,,,,
"406250","POPUBAL",,,,0.50,,,,0.50,,,,,,,,,,,,,,,,,,,,,0,-1013859020,,,,,,,,,,,,
"406250","PTILCRI",,,,,,,,,,,,,,,,,,,,,,,,35.00,,,,,0,-1717896667,,,,,,,,,,,,
"406250","RIBETRI",,,,,,,,,,,,,,,,,,,,5.00,,,,,,,,,0,-851757438,,,,,,,,,,,,
"406250","ROSAACI",,,,,,,,,,,,,,,,,,,,20.00,,,,,,,,,0,-589209381,,,,,,,,,,,,
"406250","TIMMAUS",,,,,,,,,,,,,,,,,,,,,,,,15.00,,,,,0,-2141009792,,,,,,,,,,,,
"406250","TIMMNOR1",,,,,,,,,,,,,,,,,,,,,,,,5.00,,,,,0,-243253631,,,,,,,,,,,,
"406250","VACCVIT",,,,,,,,,,,,,,,,,,,,,,1.00,,,,,,,0,-2030902610,,,,,,,,,,,,
"412150","ACHIMIL",,,,,,,,,,,,,,,,,,,,,,0.50,,,,,,,0,-1243992937,,,,,,,,,,,,
"412150","AULAPAL",,,,,,,,,,,,,,,,,,,,,,,,3.00,,,,,0,1848213644,,,,,,,,,,,,
"412150","CALACAN",,,,,,,,,,,,,,,,,,,,,,3.00,,,,,,,0,231301277,,,,,,,,,,,,
"412150","CLIMDEN",,,,,,,,,,,,,,,,,,,,,,,,30.00,,,,,0,796068250,,,,,,,,,,,,
"412150","CORNCAN",,,,,,,,,,,,,,,,,,,,,,1.00,,,,,,,0,-1772549101,,,,,,,,,,,,
"412150","EQUIARV",,,,,,,,,,,,,,,,,,,,,,4.00,,,,,,,0,1413493080,,,,,,,,,,,,
"412150","FRAGVIR",,,,,,,,,,,,,,,,,,,,,,0.50,,,,,,,0,429767801,,,,,,,,,,,,
"412150","GALITRF",,,,,,,,,,,,,,,,,,,,,,0.50,,,,,,,0,-1186015418,,,,,,,,,,,,
"412150","HYLOSPL",,,,,,,,,,,,,,,,,,,,,,,,15.00,,,,,0,1539619663,,,,,,,,,,,,
"412150","LONIINV",,,,,,,,,,,,,,,,,,,,5.00,,,,,,,,,0,1788733156,,,,,,,,,,,,
"412150","MITENUD",,,,,,,,,,,,,,,,,,,,,,1.00,,,,,,,0,-533565931,,,,,,,,,,,,
"412150","MNIUM",,,,,,,,,,,,,,,,,,,,,,,,1.00,,,,,0,-1811662926,,,,,,,,,,,,
"412150","MONEUNI",,,,,,,,,,,,,,,,,,,,,,0.50,,,,,,,0,-1052264885,,,,,,,,,,,,
"412150","ORTHSEC",,,,,,,,,,,,,,,,,,,,,,0.50,,,,,,,0,-1021154000,,,,,,,,,,,,
"412150","PELTAPH",,,,,,,,,,,,,,,,,,,,,,,,0.50,,,,,0,-1759096463,,,,,,,,,,,,
"412150","PELTDID",,,,,,,,,,,,,,,,,,,,,,,,0.50,,,,,0,-433596706,,,,,,,,,,,,
"412150","PELTMEM",,,,,,,,,,,,,,,,,,,,,,,,1.00,,,,,0,562837767,,,,,,,,,,,,
"412150","PICEGLA",,,,,,3.00,,3.00,,0.50,,,,,,,,,,0.50,,,,,,,,,0,1067601980,,,,,,,,,,,,
"412150","PLEUSCH",,,,,,,,,,,,,,,,,,,,,,,,10.00,,,,,0,-425852275,,,,,,,,,,,,
"412150","PTILCRI",,,,,,,,,,,,,,,,,,,,,,,,3.00,,,,,0,575742154,,,,,,,,,,,,
"412150","PYROCHL",,,,,,,,,,,,,,,,,,,,,,0.50,,,,,,,0,-1405599869,,,,,,,,,,,,
"412150","RHIZGLB",,,,,,,,,,,,,,,,,,,,,,,,1.00,,,,,0,1622334472,,,,,,,,,,,,
"412150","RHYTTRI",,,,,,,,,,,,,,,,,,,,,,,,5.00,,,,,0,-1960845975,,,,,,,,,,,,
"412150","ROSAACI",,,,,,,,,,,,,,,,,,,,5.00,,,,,,,,,0,583418230,,,,,,,,,,,,
"412150","SANIUNC",,,,,,,,,,,,,,,,,,,,,,,,7.00,,,,,0,-886471233,,,,,,,,,,,,
"412150","TIMMAUS",,,,,,,,,,,,,,,,,,,,,,,,20.00,,,,,0,-113894252,,,,,,,,,,,,
"412150","TOMENIT",,,,,,,,,,,,,,,,,,,,,,,,1.00,,,,,0,-1389363707,,,,,,,,,,,,
"412150","VIBUEDU",,,,,,,,,,,,,,,,,,,,0.50,,,,,,,,,0,-1209522974,,,,,,,,,,,,
"412250","AULAPAL",,,,,,,,,,,,,,,,,,,,,,,,7.00,,,,,0,863078331,,,,,,,,,,,,
"412250","BETUNAN",,,,,,,,,,,,,,,,,,,,4.00,,,,,,,,,0,-1834557984,,,,,,,,,,,,
"412250","CALACAN",,,,,,,,,,,,,,,,,,,,,,15.00,,,,,,,0,-894680991,,,,,,,,,,,,
"412250","CAREAQU",,,,,,,,,,,,,,,,,,,,,,30.00,,,,,,,0,1432254222,,,,,,,,,,,,
"412250","CHAMANG",,,,,,,,,,,,,,,,,,,,,,0.50,,,,,,,0,-569278089,,,,,,,,,,,,
"412250","CLADDEF",,,,,,,,,,,,,,,,,,,,,,,,0.50,,,,,0,237284332,,,,,,,,,,,,
"412250","CLADGRA",,,,,,,,,,,,,,,,,,,,,,,,0.50,,,,,0,-840417155,,,,,,,,,,,,
"412250","CLADMIT",,,,,,,,,,,,,,,,,,,,,,,,0.50,,,,,0,1241752570,,,,,,,,,,,,
"412250","CORNCAN",,,,,,,,,,,,,,,,,,,,,,12.00,,,,,,,0,-462000397,,,,,,,,,,,,
"412250","EMPENIG",,,,,,,,,,,,,,,,,,,,,,3.00,,,,,,,0,-834678088,,,,,,,,,,,,
"412250","EQUIPRA",,,,,,,,,,,,,,,,,,,,,,40.00,,,,,,,0,-1366730151,,,,,,,,,,,,
"412250","EQUISCI",,,,,,,,,,,,,,,,,,,,,,7.00,,,,,,,0,-1366239322,,,,,,,,,,,,
"412250","GAULHUM",,,,,,,,,,,,,,,,,,,,,,0.50,,,,,,,0,-55243729,,,,,,,,,,,,
"412250","HYLOSPL",,,,,,,,,,,,,,,,,,,,,,,,45.00,,,,,0,1971674692,,,,,,,,,,,,
"412250","ICMAERI",,,,,,,,,,,,,,,,,,,,,,,,0.50,,,,,0,-1205687819,,,,,,,,,,,,
"412250","KALMMIC",,,,,,,,,,,,,,,,,,,,,,2.00,,,,,,,0,-150340078,,,,,,,,,,,,
"412250","LINNBOR",,,,,,,,,,,,,,,,,,,,,,2.00,,,,,,,0,293983531,,,,,,,,,,,,
"412250","MITENUD",,,,,,,,,,,,,,,,,,,,,,1.00,,,,,,,0,97196688,,,,,,,,,,,,
"412250","MONEUNI",,,,,,,,,,,,,,,,,,,,,,0.50,,,,,,,0,1385237329,,,,,,,,,,,,
"412250","ORTHSEC",,,,,,,,,,,,,,,,,,,,,,1.00,,,,,,,0,-756432066,,,,,,,,,,,,
"412250","PELTAPH",,,,,,,,,,,,,,,,,,,,,,,,2.00,,,,,0,838927847,,,,,,,,,,,,
"412250","PICEGLA",,,,38.00,,1.00,,39.00,,0.50,,,,,,,,,,0.50,,,,,,,,,0,-331639908,,,,,,,,,,,,
"412250","PICEMAR",,,,10.00,,40.00,,50.00,,2.00,,,,,,,,,,2.00,,,,,,,,,0,-401139091,,,,,,,,,,,,
"412250","PLEUSCH",,,,,,,,,,,,,,,,,,,,,,,,3.00,,,,,0,-938634454,,,,,,,,,,,,
"412250","POLYSTR",,,,,,,,,,,,,,,,,,,,,,,,0.50,,,,,0,-719676829,,,,,,,,,,,,
"412250","POPUTRE",,,,2.00,,,,2.00,,,,,,,,,,,,,,,,,,,,,0,1176638824,,,,,,,,,,,,
"412250","PTILCRI",,,,,,,,,,,,,,,,,,,,,,,,20.00,,,,,0,1161376585,,,,,,,,,,,,
"412250","RHODGRO",,,,,,,,,,,,,,,,,,,,18.00,,,,,,,,,0,-1268672042,,,,,,,,,,,,
"412250","RIBEHUD",,,,,,,,,,,,,,,,,,,,10.00,,,,,,,,,0,752766623,,,,,,,,,,,,
"412250","RIBELAC",,,,,,,,,,,,,,,,,,,,0.50,,,,,,,,,0,1786162164,,,,,,,,,,,,
"412250","ROSAACI",,,,,,,,,,,,,,,,,,,,15.00,,,,,,,,,0,-1906740763,,,,,,,,,,,,
"412250","RUBUPUB",,,,,,,,,,,,,,,,,,,,,,2.00,,,,,,,0,575456066,,,,,,,,,,,,
"412250","SALIBAC",,,,,,,,,,,,,,,,,,,,1.00,,,,,,,,,0,90939035,,,,,,,,,,,,
"412250","SALIBEB",,,,,,,,,,,,,,,,,,,,8.00,,,,,,,,,0,-2077613248,,,,,,,,,,,,
"412250","SALIGLA",,,,,,,,,,,,,,,,,,,,5.00,,,,,,,,,0,-1491881407,,,,,,,,,,,,
"412250","SALIMYR",,,,,,,,,,,,,,,,,,,,0.50,,,,,,,,,0,467450734,,,,,,,,,,,,
"412250","SPHACAI",,,,,,,,,,,,,,,,,,,,,,,,35.00,,,,,0,1806812759,,,,,,,,,,,,
"412250","SPHAGNU",,,,,,,,,,,,,,,,,,,,,,,,40.00,,,,,0,-919468212,,,,,,,,,,,,
"412250","TOMENIT",,,,,,,,,,,,,,,,,,,,,,,,5.00,,,,,0,-1487302563,,,,,,,,,,,,
"412250","VACCOXY",,,,,,,,,,,,,,,,,,,,,,1.00,,,,,,,0,-390992294,,,,,,,,,,,,
"412250","VACCVIT",,,,,,,,,,,,,,,,,,,,,,3.00,,,,,,,0,401326547,,,,,,,,,,,,
"412250","VIBUEDU",,,,,,,,,,,,,,,,,,,,2.00,,,,,,,,,0,-1705729000,,,,,,,,,,,,
"412350","ALNUINC",,,,,,,,,,,,,,,,,,,,15.00,,,,,,,,,0,-1169266631,,,,,,,,,,,,
"412350","ASTRAME",,,,,,,,,,,,,,,,,,,,,,5.00,,,,,,,0,-492075002,,,,,,,,,,,,
"412350","BETUPAP",,,,,,,,,,,,,,,,,,,,0.10,,,,,,,,,0,1474055439,,,,,,,,,,,,
"412350","BRACHYT",,,,,,,,,,,,,,,,,,,,,,,,1.00,,,,,0,-1749744220,,,,,,,,,,,,
"412350","CARECOI",,,,,,,,,,,,,,,,,,,,,,2.00,,,,,,,0,-2099030571,,,,,,,,,,,,
"412350","CAREDIS",,,,,,,,,,,,,,,,,,,,,,1.00,,,,,,,0,1297314930,,,,,,,,,,,,
"412350","CORNCAN",,,,,,,,,,,,,,,,,,,,,,5.00,,,,,,,0,-188095477,,,,,,,,,,,,
"412350","EQUIPRA",,,,,,,,,,,,,,,,,,,,,,30.00,,,,,,,0,1981741040,,,,,,,,,,,,
"412350","GEOCLIV",,,,,,,,,,,,,,,,,,,,,,8.00,,,,,,,0,-499960527,,,,,,,,,,,,
"412350","GOODREP",,,,,,,,,,,,,,,,,,,,,,0.10,,,,,,,0,-603299938,,,,,,,,,,,,
"412350","HYLOSPL",,,,,,,,,,,,,,,,,,,,,,,,55.00,,,,,0,1362805447,,,,,,,,,,,,
"412350","LINNBOR",,,,,,,,,,,,,,,,,,,,,,8.00,,,,,,,0,554895100,,,,,,,,,,,,
"412350","MERTPAN",,,,,,,,,,,,,,,,,,,,,,1.00,,,,,,,0,-1147231667,,,,,,,,,,,,
"412350","MITENUD",,,,,,,,,,,,,,,,,,,,,,3.00,,,,,,,0,1391703434,,,,,,,,,,,,
"412350","ORTHSEC",,,,,,,,,,,,,,,,,,,,,,5.00,,,,,,,0,-1167006397,,,,,,,,,,,,
"412350","PELTAPH",,,,,,,,,,,,,,,,,,,,,,,,0.10,,,,,0,1972534984,,,,,,,,,,,,
"412350","PELTMAL",,,,,,,,,,,,,,,,,,,,,,,,0.10,,,,,0,312998185,,,,,,,,,,,,
"412350","PICEGLA",,,,45.00,,,,45.00,,,,,,,,,,,,3.00,,,,,,,,,0,1856086582,,,,,,,,,,,,
"412350","PTILCRI",,,,,,,,,,,,,,,,,,,,,,,,35.00,,,,,0,-1448736897,,,,,,,,,,,,
"412350","PYROGRA",,,,,,,,,,,,,,,,,,,,,,1.00,,,,,,,0,-1582601388,,,,,,,,,,,,
"412350","PYROMIN",,,,,,,,,,,,,,,,,,,,,,0.10,,,,,,,0,-1634773563,,,,,,,,,,,,
"412350","RIBETRI",,,,,,,,,,,,,,,,,,,,1.00,,,,,,,,,0,-25095774,,,,,,,,,,,,
"412350","ROSAACI",,,,,,,,,,,,,,,,,,,,12.00,,,,,,,,,0,1896326523,,,,,,,,,,,,
"412350","RUBUPUB",,,,,,,,,,,,,,,,,,,,,,1.00,,,,,,,0,-188442464,,,,,,,,,,,,
"412350","SALIBEB",,,,,,,,,,,,,,,,,,,,0.10,,,,,,,,,0,-1347513311,,,,,,,,,,,,
"412350","SANIUNC",,,,,,,,,,,,,,,,,,,,,,,,1.00,,,,,0,-570052658,,,,,,,,,,,,
"412350","VIBUEDU",,,,,,,,,,,,,,,,,,,,8.00,,,,,,,,,0,-1871512777,,,,,,,,,,,,
"412450","ALNUINC",,,,,,,,,,,,,,,,,,,,10.00,,,,,,,,,0,-1398173012,,,,,,,,,,,,
"5760454","MERTPAN",,,,,,,,,,,,,,,,,,,,,,2.00,,,,,,,0,-153285497,,,,,,,,,,,,
"5760454","MITENUD",,,,,,,,,,,,,,,,,,,,,,1.00,,,,,,,0,-1126400580,,,,,,,,,,,,
"5760454","MONEUNI",,,,,,,,,,,,,,,,,,,,,,1.00,,,,,,,0,247005709,,,,,,,,,,,,
"5760454","ORTHSEC",,,,,,,,,,,,,,,,,,,,,,1.00,,,,,,,0,-795014582,,,,,,,,,,,,
"5760454","OSMOBER",,,,,,,,,,,,,,,,,,,,,,1.00,,,,,,,0,1666796291,,,,,,,,,,,,
"5760454","PETAFRI",,,,,,,,,,,,,,,,,,,,,,1.00,,,,,,,0,-1579753080,,,,,,,,,,,,
"5760454","PICEENG",,,,3.00,,50.00,,53.00,,,,,,,,,,,,,,,,,,,,,0,996529385,,,,,,,,,,,,
"5760454","POPUBAL",,,,,,,,,,,,,,,,,,,,1.00,,,,,,,,,0,1534051062,,,,,,,,,,,,
"5760454","RIBELAC",,,,,,,,,,,,,,,,,,,,1.00,,,,,,,,,0,-347190977,,,,,,,,,,,,
"5760454","ROSAACI",,,,,,,,,,,,,,,,,,,,1.00,,,,,,,,,0,122780180,,,,,,,,,,,,
"5760454","RUBUPUB",,,,,,,,,,,,,,,,,,,,,,5.00,,,,,,,0,-1644139131,,,,,,,,,,,,
"5760454","VIBUEDU",,,,,,,,,,,,,,,,,,,,5.00,,,,,,,,,0,-1330069918,,,,,,,,,,,,
"5760463","ACTARUB",,,,,,,,,,,,,,,,,,,,,,1.00,,,,,,,0,973439803,,,,,,,,,,,,
"5760463","CHAMANG",,,,,,,,,,,,,,,,,,,,,,5.00,,,,,,,0,245306208,,,,,,,,,,,,
"5760463","DELPGLA",,,,,,,,,,,,,,,,,,,,,,1.00,,,,,,,0,1969137633,,,,,,,,,,,,
"5760463","ELYMUS",,,,,,,,,,,,,,,,,,,,,,3.00,,,,,,,0,-4740978,,,,,,,,,,,,
"5760463","EQUIARV",,,,,,,,,,,,,,,,,,,,,,5.00,,,,,,,0,-768068361,,,,,,,,,,,,
"5760463","EQUIPRA",,,,,,,,,,,,,,,,,,,,,,60.00,,,,,,,0,506935660,,,,,,,,,,,,
"5760463","FRAGVIR",,,,,,,,,,,,,,,,,,,,,,1.00,,,,,,,0,743186429,,,,,,,,,,,,
"5760463","GERARIC",,,,,,,,,,,,,,,,,,,,,,1.00,,,,,,,0,-60887686,,,,,,,,,,,,
"5760463","HERAMAX",,,,,,,,,,,,,,,,,,,,,,8.00,,,,,,,0,579558003,,,,,,,,,,,,
"5760463","LONIINV",,,,,,,,,,,,,,,,,,,,1.00,,,,,,,,,0,-478005192,,,,,,,,,,,,
"5760463","MAIASTE",,,,,,,,,,,,,,,,,,,,,,3.00,,,,,,,0,-228183591,,,,,,,,,,,,
"5760463","MERTPAN",,,,,,,,,,,,,,,,,,,,,,3.00,,,,,,,0,1711257894,,,,,,,,,,,,
"5760463","MITENUD",,,,,,,,,,,,,,,,,,,,,,1.00,,,,,,,0,-1177833553,,,,,,,,,,,,
"5760463","MONEUNI",,,,,,,,,,,,,,,,,,,,,,1.00,,,,,,,0,1768233924,,,,,,,,,,,,
"5760463","OSMOBER",,,,,,,,,,,,,,,,,,,,,,3.00,,,,,,,0,2058877301,,,,,,,,,,,,
"5760463","PICEENG",,,,3.00,,30.00,,33.00,,1.00,,,,,,,,,,2.00,,,,,,,,,0,-1330251886,,,,,,,,,,,,
"5760463","PLAGINS",,,,,,,,,,,,,,,,,,,,,,,,5.00,,,,,0,384413867,,,,,,,,,,,,
"5760463","POPUTRE",,,,3.00,,50.00,,53.00,,2.00,,,,,,,,,,4.00,,,,,,,,,0,260943888,,,,,,,,,,,,
"5760463","RIBELAC",,,,,,,,,,,,,,,,,,,,2.00,,,,,,,,,0,-1139387695,,,,,,,,,,,,
"5760463","RIBELAX",,,,,,,,,,,,,,,,,,,,1.00,,,,,,,,,0,2106873022,,,,,,,,,,,,
"5760463","ROSAACI",,,,,,,,,,,,,,,,,,,,2.00,,,,,,,,,0,1354078567,,,,,,,,,,,,
"5760463","RUBUIDA",,,,,,,,,,,,,,,,,,,,5.00,,,,,,,,,0,-293699300,,,,,,,,,,,,
"5760463","RUBUPUB",,,,,,,,,,,,,,,,,,,,,,5.00,,,,,,,0,1329322477,,,,,,,,,,,,
"5760463","THALOCC",,,,,,,,,,,,,,,,,,,,,,5.00,,,,,,,0,1301298346,,,,,,,,,,,,
"5760463","VIBUEDU",,,,,,,,,,,,,,,,,,,,1.00,,,,,,,,,0,-1856281117,,,,,,,,,,,,
"5760463","VIOLCAN",,,,,,,,,,,,,,,,,,,,,,5.00,,,,,,,0,-195372312,,,,,,,,,,,,
"5760808","ACHIMIL",,,,,,,,,,,,,,,,,,,,,,1.00,,,,,,,0,-962270519,,,,,,,,,,,,
"5760808","ALNUINC",,,,,,,,,,10.00,,,,,,,,,,10.00,,,,,,,,,0,-1691493546,,,,,,,,,,,,
"5760808","AULAPAL",,,,,,,,,,,,,,,,,,,,,,,,5.00,,,,,0,564056607,,,,,,,,,,,,
"5760808","CAREDIS",,,,,,,,,,,,,,,,,,,,,,5.00,,,,,,,0,-965555852,,,,,,,,,,,,
"5760808","CORNCAN",,,,,,,,,,,,,,,,,,,,,,3.00,,,,,,,0,472621413,,,,,,,,,,,,
"5760808","DELPGLA",,,,,,,,,,,,,,,,,,,,,,1.00,,,,,,,0,1189878978,,,,,,,,,,,,
"5760808","EMPENIG",,,,,,,,,,,,,,,,,,,,,,1.00,,,,,,,0,2144819739,,,,,,,,,,,,
"5760808","EQUIPRA",,,,,,,,,,,,,,,,,,,,,,30.00,,,,,,,0,865016000,,,,,,,,,,,,
"5760808","GEUMMAC",,,,,,,,,,,,,,,,,,,,,,2.00,,,,,,,0,274979265,,,,,,,,,,,,
"5760808","HERAMAX",,,,,,,,,,,,,,,,,,,,,,2.00,,,,,,,0,40938734,,,,,,,,,,,,
"5760808","HYLOSPL",,,,,,,,,,,,,,,,,,,,,,,,7.00,,,,,0,-1096009257,,,,,,,,,,,,
"5760808","LARILAR",,,,,,3.00,,3.00,,,,,,,,,,,,,,,,,,,,,0,-1023585076,,,,,,,,,,,,
"5760808","LINNBOR",,,,,,,,,,,,,,,,,,,,,,3.00,,,,,,,0,397881309,,,,,,,,,,,,
"5760808","LONIINV",,,,,,,,,,,,,,,,,,,,5.00,,,,,,,,,0,645134298,,,,,,,,,,,,
"5760808","MERTPAN",,,,,,,,,,,,,,,,,,,,,,3.00,,,,,,,0,663776595,,,,,,,,,,,,
"5760808","MITENUD",,,,,,,,,,,,,,,,,,,,,,2.00,,,,,,,0,-1403270760,,,,,,,,,,,,
"5760808","MNIUM",,,,,,,,,,,,,,,,,,,,,,,,5.00,,,,,0,826343353,,,,,,,,,,,,
"5760808","OSMOBER",,,,,,,,,,,,,,,,,,,,,,2.00,,,,,,,0,527247750,,,,,,,,,,,,
"5760808","PETAFRI",,,,,,,,,,,,,,,,,,,,,,2.00,,,,,,,0,-587288433,,,,,,,,,,,,
"5760808","PICEENE",,,,3.00,,20.00,,23.00,,,,,,,,,,,,,,,,,,,,,0,1143309092,,,,,,,,,,,,
"5760808","PICEMAR",,,,,,20.00,,20.00,,,,,,,,,,,,,,,,,,,,,0,-1016437419,,,,,,,,,,,,
"5760808","PLATOBT",,,,,,,,,,,,,,,,,,,,,,2.00,,,,,,,0,1560161778,,,,,,,,,,,,
"5760808","PTILCRI",,,,,,,,,,,,,,,,,,,,,,,,7.00,,,,,0,-126517365,,,,,,,,,,,,
"5760808","RHODGRO",,,,,,,,,,,,,,,,,,,,7.00,,,,,,,,,0,-1459729040,,,,,,,,,,,,
"5760808","RIBELAC",,,,,,,,,,,,,,,,,,,,3.00,,,,,,,,,0,1514552497,,,,,,,,,,,,
"5760808","RIBETRI",,,,,,,,,,,,,,,,,,,,2.00,,,,,,,,,0,1881125150,,,,,,,,,,,,
"5760808","RUBUARC",,,,,,,,,,,,,,,,,,,,,,1.00,,,,,,,0,1613960775,,,,,,,,,,,,
"5760808","RUBUCHA",,,,,,,,,,,,,,,,,,,,,,3.00,,,,,,,0,1035908220,,,,,,,,,,,,
"5760808","RUBUPUB",,,,,,,,,,,,,,,,,,,,,,7.00,,,,,,,0,-475192883,,,,,,,,,,,,
"5760808","SALIPSE",,,,,,,,,,,,,,,,,,,,2.00,,,,,,,,,0,-1005773046,,,,,,,,,,,,
"5760808","SANGSTI",,,,,,,,,,,,,,,,,,,,,,3.00,,,,,,,0,1353806019,,,,,,,,,,,,
"5760808","SENETRI",,,,,,,,,,,,,,,,,,,,,,2.00,,,,,,,0,1010828360,,,,,,,,,,,,
"5760808","SPHACAI",,,,,,,,,,,,,,,,,,,,,,,,7.00,,,,,0,-988188503,,,,,,,,,,,,
"5760808","STREAMP",,,,,,,,,,,,,,,,,,,,,,2.00,,,,,,,0,502309814,,,,,,,,,,,,
"5760808","TOMENIT",,,,,,,,,,,,,,,,,,,,,,,,7.00,,,,,0,1440893695,,,,,,,,,,,,
"5760808","VACCVIT",,,,,,,,,,,,,,,,,,,,,,3.00,,,,,,,0,1827162324,,,,,,,,,,,,
"579279","CALANUT",,,,,,,,,,,,,,,,,,,,,,5.00,,,,,,,0,-415021755,,,,,,,,,,,,
"579279","CARESTY",,,,,,,,,,,,,,,,,,,,,,0.50,,,,,,,0,-816895198,,,,,,,,,,,,
"579279","CASSIOP",,,,,,,,,,,,,,,,,,,,,,1.00,,,,,,,0,808132859,,,,,,,,,,,,
"579279","CLADCAN",,,,,,,,,,,,,,,,,,,,,,,,1.00,,,,,0,-822718944,,,,,,,,,,,,
"579279","CLADONI",,,,,,,,,,,,,,,,,,,,,,,,0.50,,,,,0,-1820558431,,,,,,,,,,,,
"579279","COPTASP",,,,,,,,,,,,,,,,,,,,,,1.00,,,,,,,0,1194615118,,,,,,,,,,,,
"579279","DICRFUS",,,,,,,,,,,,,,,,,,,,,,,,3.00,,,,,0,-517919049,,,,,,,,,,,,
"579279","EMPENIG",,,,,,,,,,,,,,,,,,,,,,25.00,,,,,,,0,-1114791892,,,,,,,,,,,,
"579279","GENTDOU",,,,,,,,,,,,,,,,,,,,,,0.20,,,,,,,0,-1093881923,,,,,,,,,,,,
"579279","HARRSTE",,,,,,,,,,,,,,,,,,,,,,5.00,,,,,,,0,1847505466,,,,,,,,,,,,
"579279","HYLOSPL",,,,,,,,,,,,,,,,,,,,,,,,3.00,,,,,0,-603623373,,,,,,,,,,,,
"579279","LIGUCAL",,,,,,,,,,,,,,,,,,,,,,0.50,,,,,,,0,-578647304,,,,,,,,,,,,
"579279","LUETPEC",,,,,,,,,,,,,,,,,,,,,,2.00,,,,,,,0,516767129,,,,,,,,,,,,
"579279","NEPHCRI",,,,,,,,,,,,,,,,,,,,,,0.50,,,,,,,0,-122992154,,,,,,,,,,,,
"579279","PEDIORN",,,,,,,,,,,,,,,,,,,,,,0.50,,,,,,,0,369140079,,,,,,,,,,,,
"579279","PHYLGLA",,,,,,,,,,,,,,,,,,,,,,2.00,,,,,,,0,-538568060,,,,,,,,,,,,
"579279","RACOLAN",,,,,,,,,,,,,,,,,,,,,,,,3.00,,,,,0,608518453,,,,,,,,,,,,
"579279","RHYTLOR",,,,,,,,,,,,,,,,,,,,,,,,8.00,,,,,0,-1660808110,,,,,,,,,,,,
"412450","ARTETIL",,,,,,,,,,,,,,,,,,,,,,0.10,,,,,,,0,43339837,,,,,,,,,,,,
"412450","ASTRAME",,,,,,,,,,,,,,,,,,,,,,3.00,,,,,,,0,949348538,,,,,,,,,,,,
"412450","BETUPAP",,,,,,,,,,,,,,,,,,,,0.10,,,,,,,,,0,-1376713549,,,,,,,,,,,,
"412450","BRACHYT",,,,,,,,,,,,,,,,,,,,,,,,7.00,,,,,0,190227832,,,,,,,,,,,,
"412450","CANAMOD",,,,,,,,,,,,,,,,,,,,,,0.10,,,,,,,0,-588978663,,,,,,,,,,,,
"412450","CLADCHL",,,,,,,,,,,,,,,,,,,,,,,,0.10,,,,,0,1144449126,,,,,,,,,,,,
"412450","CORNCAN",,,,,,,,,,,,,,,,,,,,,,6.00,,,,,,,0,-302875153,,,,,,,,,,,,
"412450","EQUIARV",,,,,,,,,,,,,,,,,,,,,,5.00,,,,,,,0,-1048257276,,,,,,,,,,,,
"412450","EQUIPRA",,,,,,,,,,,,,,,,,,,,,,40.00,,,,,,,0,-1880329803,,,,,,,,,,,,
"412450","FRAGVIR",,,,,,,,,,,,,,,,,,,,,,0.10,,,,,,,0,1593350866,,,,,,,,,,,,
"412450","GEOCLIV",,,,,,,,,,,,,,,,,,,,,,5.00,,,,,,,0,659284715,,,,,,,,,,,,
"412450","HYLOSPL",,,,,,,,,,,,,,,,,,,,,,,,45.00,,,,,0,2046166352,,,,,,,,,,,,
"412450","LEYMINN",,,,,,,,,,,,,,,,,,,,,,0.10,,,,,,,0,1023725329,,,,,,,,,,,,
"412450","LINNBOR",,,,,,,,,,,,,,,,,,,,,,12.00,,,,,,,0,992062462,,,,,,,,,,,,
"412450","MERTPAN",,,,,,,,,,,,,,,,,,,,,,1.00,,,,,,,0,787574695,,,,,,,,,,,,
"412450","MITENUD",,,,,,,,,,,,,,,,,,,,,,0.10,,,,,,,0,293644892,,,,,,,,,,,,
"412450","ORTHSEC",,,,,,,,,,,,,,,,,,,,,,2.00,,,,,,,0,2007800365,,,,,,,,,,,,
"412450","PELTAPH",,,,,,,,,,,,,,,,,,,,,,,,1.00,,,,,0,-2045016086,,,,,,,,,,,,
"412450","PELTMEM",,,,,,,,,,,,,,,,,,,,,,,,0.10,,,,,0,930291747,,,,,,,,,,,,
"412450","PETAFRI3",,,,,,,,,,,,,,,,,,,,,,0.10,,,,,,,0,-941877208,,,,,,,,,,,,
"412450","PICEGLA",,,,50.00,,,,50.00,,,,,,,,,,,,3.00,,,,,,,,,0,560213769,,,,,,,,,,,,
"412450","PLATOBT",,,,,,,,,,,,,,,,,,,,,,0.10,,,,,,,0,907958934,,,,,,,,,,,,
"412450","PLEUSCH",,,,,,,,,,,,,,,,,,,,,,,,2.00,,,,,0,3715167,,,,,,,,,,,,
"412450","POLYCOM",,,,,,,,,,,,,,,,,,,,,,,,0.10,,,,,0,1965841076,,,,,,,,,,,,
"412450","PTILCRI",,,,,,,,,,,,,,,,,,,,,,,,30.00,,,,,0,-1689671259,,,,,,,,,,,,
"412450","PYROMIN",,,,,,,,,,,,,,,,,,,,,,1.00,,,,,,,0,1788678146,,,,,,,,,,,,
"412450","ROSAACI",,,,,,,,,,,,,,,,,,,,12.00,,,,,,,,,0,1350409307,,,,,,,,,,,,
"412450","RUBUPUB",,,,,,,,,,,,,,,,,,,,,,1.00,,,,,,,0,-1873920512,,,,,,,,,,,,
"412450","SALIBEB",,,,,,,,,,,,,,,,,,,,5.00,,,,,,,,,0,695526913,,,,,,,,,,,,
"412450","SANIUNC",,,,,,,,,,,,,,,,,,,,,,,,3.00,,,,,0,-1955507154,,,,,,,,,,,,
"412450","VIBUEDU",,,,,,,,,,,,,,,,,,,,3.00,,,,,,,,,0,-99803113,,,,,,,,,,,,
"5760454","ABIEAMA",,,,,,15.00,,,,,,,,,,,,,,,,,,,,,,,0,-1847374324,,,,,,,,,,,,
"5760454","ABIELAS",,,,,,20.00,,20.00,,5.00,,,,,,,,,,10.00,,,,,,,,,0,605257757,,,,,,,,,,,,
"5760454","ACTARUB",,,,,,,,,,,,,,,,,,,,,,1.00,,,,,,,0,315069210,,,,,,,,,,,,
"5760454","ALNUALN",,,,,,,,,,2.00,,,,,,,,,,3.00,,,,,,,,,0,1606301587,,,,,,,,,,,,
"5760454","ASTER",,,,,,,,,,,,,,,,,,,,,,1.00,,,,,,,0,1955544,,,,,,,,,,,,
"5760454","CORNCAN",,,,,,,,,,,,,,,,,,,,,,20.00,,,,,,,0,1380242425,,,,,,,,,,,,
"5760454","DELPGLA",,,,,,,,,,,,,,,,,,,,,,1.00,,,,,,,0,768276678,,,,,,,,,,,,
"5760454","DRYOEXP",,,,,,,,,,,,,,,,,,,,,,1.00,,,,,,,0,1001365199,,,,,,,,,,,,
"5760454","EQUIARV",,,,,,,,,,,,,,,,,,,,,,25.00,,,,,,,0,793568356,,,,,,,,,,,,
"5760454","FRAGVIR",,,,,,,,,,,,,,,,,,,,,,2.00,,,,,,,0,-1967784555,,,,,,,,,,,,
"5760454","GALITRF",,,,,,,,,,,,,,,,,,,,,,1.00,,,,,,,0,538014002,,,,,,,,,,,,
"5760454","HERAMAX",,,,,,,,,,,,,,,,,,,,,,1.00,,,,,,,0,558092747,,,,,,,,,,,,
"5760454","HYLOSPL",,,,,,,,,,,,,,,,,,,,,,,,5.00,,,,,0,-2094513488,,,,,,,,,,,,
"5760454","LINNBOR",,,,,,,,,,,,,,,,,,,,,,10.00,,,,,,,0,1979570417,,,,,,,,,,,,
"5760454","LONIINV",,,,,,,,,,,,,,,,,,,,2.00,,,,,,,,,0,365406302,,,,,,,,,,,,
"579279","RUBUPED",,,,,,,,,,,,,,,,,,,,,,2.00,,,,,,,0,1914650219,,,,,,,,,,,,
"579279","STRELAN",,,,,,,,,,,,,,,,,,,,,,0.50,,,,,,,0,-447604016,,,,,,,,,,,,
"579279","STRUSPI",,,,,,,,,,,,,,,,,,,,,,1.00,,,,,,,0,-1215981935,,,,,,,,,,,,
"579279","TEPHNEW",,,,,,,,,,,,,,,,,,,,,,1.00,,,,,,,0,-687751810,,,,,,,,,,,,
"579279","TSUGMER",,,,,,,,,,50.00,,,,,,,,,,60.00,,,,,,,,,0,-988970201,,,,,,,,,,,,
"579279","VACCULI",,,,,,,,,,,,,,,,,,,,4.00,,,,,,,,,0,234166236,,,,,,,,,,,,
"8229723","ABIELAS",,,,6.00,,,,6.00,,,,,,,,,,,,0.10,,,,,,,,,0,1384438189,,,,,,,,,,,,
"8229723","ACTARUB",,,,,,,,,,,,,,,,,,,,,,0.10,,,,,,,0,-1490308758,,,,,,,,,,,,
"8229723","ALNUALN2",,,,,,,,,,1.00,,,,,,,,,,2.00,,,,,,,,,0,1821600675,,,,,,,,,,,,
"8229723","BARBILO",,,,,,,,,,,,,,,,,,,,,,,,1.00,,,,,0,-2107744856,,,,,,,,,,,,
"8229723","CALAMAG",,,,,,,,,,,,,,,,,,,,,,0.10,,,,,,,0,-725916023,,,,,,,,,,,,
"8229723","CHAMANG",,,,,,,,,,,,,,,,,,,,,,0.10,,,,,,,0,2018515990,,,,,,,,,,,,
"8229723","CORNCAN",,,,,,,,,,,,,,,,,,,,,,1.00,,,,,,,0,919647199,,,,,,,,,,,,
"8229723","DICRANU",,,,,,,,,,,,,,,,,,,,,,,,1.00,,,,,0,17430580,,,,,,,,,,,,
"8229723","EQUIARV",,,,,,,,,,,,,,,,,,,,,,60.00,,,,,,,0,750737701,,,,,,,,,,,,
"8229723","EQUIPRA",,,,,,,,,,,,,,,,,,,,,,1.00,,,,,,,0,402254210,,,,,,,,,,,,
"8229723","GALIBOR",,,,,,,,,,,,,,,,,,,,,,0.10,,,,,,,0,356046811,,,,,,,,,,,,
"8229723","GALITRF",,,,,,,,,,,,,,,,,,,,,,0.10,,,,,,,0,-1129532544,,,,,,,,,,,,
"8229723","HYLOSPL",,,,,,,,,,,,,,,,,,,,,,,,75.00,,,,,0,-1281323647,,,,,,,,,,,,
"8229723","LINNBOR",,,,,,,,,,,,,,,,,,,,,,1.00,,,,,,,0,1838859694,,,,,,,,,,,,
"8229723","LONIINV",,,,,,,,,,,,,,,,,,,,1.00,,,,,,,,,0,-682683497,,,,,,,,,,,,
"8229723","LYCOANN",,,,,,,,,,,,,,,,,,,,,,0.50,,,,,,,0,390077324,,,,,,,,,,,,
"8229723","MERTPAN",,,,,,,,,,,,,,,,,,,,,,1.00,,,,,,,0,-704340067,,,,,,,,,,,,
"MAHA05","VACCOVL",,,,,,,,,,,,,,,,,,,,4.00,,,,,,,,,0,1932543854,,,,,,,,,,,,
"MAHA05","XANTNOO",,,,,,8.00,,8.00,,8.00,,,,,,,,,,12.00,,,,,,,,,0,-718708137,,,,,,,,,,,,
"QCIL6","BUCKUND",,,,,,,,,,,,,,,,,,,,,,,,0.10,,,,,0,-916425908,,,,,,,,,,,,
"QCIL6","CALTBIF",,,,,,,,,,,,,,,,,,,,,,1.00,,,,,,,0,1686801501,,,,,,,,,,,,
"QCIL6","CAREX",,,,,,,,,,,,,,,,,,,,,,0.10,,,,,,,0,750139994,,,,,,,,,,,,
"QCIL6","COPTASP",,,,,,,,,,,,,,,,,,,,,,0.10,,,,,,,0,-386589229,,,,,,,,,,,,
"QCIL6","DICRFUS",,,,,,,,,,,,,,,,,,,,,,,,5.00,,,,,0,-1046360040,,,,,,,,,,,,
"QCIL6","EURHPRA",,,,,,,,,,,,,,,,,,,,,,,,0.10,,,,,0,-127458247,,,,,,,,,,,,
"QCIL6","HUPECON",,,,,,,,,,,,,,,,,,,,,,0.10,,,,,,,0,99390470,,,,,,,,,,,,
"QCIL6","LUZUPAR",,,,,,,,,,,,,,,,,,,,,,0.10,,,,,,,0,-82614001,,,,,,,,,,,,
"QCIL6","LYCOCLA",,,,,,,,,,,,,,,,,,,,,,0.10,,,,,,,0,-879955548,,,,,,,,,,,,
"QCIL6","MONEUNI",,,,,,,,,,,,,,,,,,,,,,0.10,,,,,,,0,-1646276139,,,,,,,,,,,,
"QCIL6","NEOTCOR",,,,,,,,,,,,,,,,,,,,,,0.10,,,,,,,0,-484622222,,,,,,,,,,,,
"QCIL6","NEPHCRI",,,,,,,,,,,,,,,,,,,,,,0.10,,,,,,,0,-1769291765,,,,,,,,,,,,
"QCIL6","PELLIA",,,,,,,,,,,,,,,,,,,,,,,,0.10,,,,,0,716022768,,,,,,,,,,,,
"QCIL6","RHYTLOR",,,,,,,,,,,,,,,,,,,,,,,,5.00,,,,,0,-842043087,,,,,,,,,,,,
"QCIL6","RHYTROB",,,,,,,,,,,,,,,,,,,,,,,,10.00,,,,,0,-1536627810,,,,,,,,,,,,
"QCIL6","RUBUPED",,,,,,,,,,,,,,,,,,,,,,0.10,,,,,,,0,2074173127,,,,,,,,,,,,
"QCIL6","SCAPBOL",,,,,,,,,,,,,,,,,,,,,,,,0.10,,,,,0,-985369860,,,,,,,,,,,,
"QCIL6","SPHAGNU",,,,,,,,,,,,,,,,,,,,,,,,0.50,,,,,0,-11100595,,,,,,,,,,,,
"QCIL6","STRELAN",,,,,,,,,,,,,,,,,,,,,,1.00,,,,,,,0,-2035089014,,,,,,,,,,,,
"QCIL6","STRUSPI",,,,,,,,,,,,,,,,,,,,,,0.10,,,,,,,0,-1319550653,,,,,,,,,,,,
"QCIL6","TIARTRI",,,,,,,,,,,,,,,,,,,,,,0.50,,,,,,,0,-1626166584,,,,,,,,,,,,
"QCIL6","TSUGHET",,,,0.10,,,,0.10,,,,,,,,,,,,,,,,,,,,,0,-2051558103,,,,,,,,,,,,
"QCIL6","TSUGMER",,,,80.00,,,,80.00,,,,,,,,,,,,,,,,,,,,,0,-884101578,,,,,,,,,,,,
"QCIL6","VACCALA",,,,,,,,,,,,,,,,,,,,0.10,,,,,,,,,0,-2035539073,,,,,,,,,,,,
"QCIL6","VERAVIR",,,,,,,,,,,,,,,,,,,,,,2.00,,,,,,,0,-119122092,,,,,,,,,,,,
"QCIL6","VIOLGLA",,,,,,,,,,,,,,,,,,,,,,0.10,,,,,,,0,-470625851,,,,,,,,,,,,
"QCIL6","XANTNOO",,,,20.00,,,,20.00,,,,,,,,,,,,,,,,,,,,,0,-1838817886,,,,,,,,,,,,
"QCIQ10","CALANUT",,,,,,,,,,,,,,,,,,,,,,10.00,,,,,,,0,-7896709,,,,,,,,,,,,
"QCIQ10","CAREX",,,,,,,,,,,,,,,,,,,,,,2.00,,,,,,,0,-521780064,,,,,,,,,,,,
"QCIQ10","COPTASP",,,,,,,,,,,,,,,,,,,,,,0.50,,,,,,,0,1914818593,,,,,,,,,,,,
"QCIQ10","DICRFUS",,,,,,,,,,,,,,,,,,,,,,,,5.00,,,,,0,-1808843826,,,,,,,,,,,,
"QCIQ10","HARRSTE",,,,,,,,,,,,,,,,,,,,,,1.00,,,,,,,0,-376924361,,,,,,,,,,,,
"QCIQ10","HUPECON",,,,,,,,,,,,,,,,,,,,,,0.50,,,,,,,0,-1080164692,,,,,,,,,,,,
"QCIQ10","LUZULA",,,,,,,,,,,,,,,,,,,,,,0.50,,,,,,,0,-258716611,,,,,,,,,,,,
"QCIQ10","MENZFER",,,,,,,,,,,,,,,,,,,,0.50,,,,,,,,,0,617624762,,,,,,,,,,,,
"QCIQ10","PELLNEE",,,,,,,,,,,,,,,,,,,,,,,,5.00,,,,,0,-1804050253,,,,,,,,,,,,
"QCIQ10","PICESIT",,10.00,,5.00,,2.00,,17.00,,,,,,,,,,,,,,,,,,,,,0,768201080,,,,,,,,,,,,
"QCIQ10","POGONAT",,,,,,,,,,,,,,,,,,,,,,,,1.00,,,,,0,1688969753,,,,,,,,,,,,
"QCIQ10","POLYALI1",,,,,,,,,,,,,,,,,,,,,,,,1.00,,,,,0,-1358039962,,,,,,,,,,,,
"QCIQ10","RHIZGLB",,,,,,,,,,,,,,,,,,,,,,,,1.00,,,,,0,-360211985,,,,,,,,,,,,
"QCIQ10","RHYTLOR",,,,,,,,,,,,,,,,,,,,,,,,15.00,,,,,0,518179076,,,,,,,,,,,,
"QCIQ10","RUBUPED",,,,,,,,,,,,,,,,,,,,,,0.50,,,,,,,0,1534520757,,,,,,,,,,,,
"QCIQ10","SCAPBOL",,,,,,,,,,,,,,,,,,,,,,,,2.00,,,,,0,-1850186030,,,,,,,,,,,,
"QCIQ10","SPHAGNU",,,,,,,,,,,,,,,,,,,,,,,,1.00,,,,,0,1682620139,,,,,,,,,,,,
"QCIQ10","STRELAN",,,,,,,,,,,,,,,,,,,,,,0.50,,,,,,,0,745189712,,,,,,,,,,,,
"QCIQ10","STRUSPI",,,,,,,,,,,,,,,,,,,,,,0.50,,,,,,,0,1846479633,,,,,,,,,,,,
"QCIQ10","TIARTRI",,,,,,,,,,,,,,,,,,,,,,0.50,,,,,,,0,198588414,,,,,,,,,,,,
"QCIQ10","TSUGHET",,5.00,,5.00,,,,10.00,,,,,,,,,,,,,,,,,,,,,0,343280551,,,,,,,,,,,,
"QCIQ10","TSUGMER",,35.00,,30.00,,10.00,,75.00,,,,,,,,,,,,,,,,,,,,,0,-1913121188,,,,,,,,,,,,
"QCIQ10","VACCALA",,,,,,,,,,,,,,,,,,,,1.00,,,,,,,,,0,-1548577235,,,,,,,,,,,,
"QCIQ10","VACCOVL",,,,,,,,,,,,,,,,,,,,1.00,,,,,,,,,0,-1550789654,,,,,,,,,,,,
"QCIQ10","VACCPAR",,,,,,,,,,,,,,,,,,,,2.00,,,,,,,,,0,-950436829,,,,,,,,,,,,
"QCIQ10","VERAVIR",,,,,,,,,,,,,,,,,,,,,,2.00,,,,,,,0,167920680,,,,,,,,,,,,
"QCIQ10","XANTNOO",,0.10,,0.10,,,,0.20,,,,,,,,,,,,,,,,,,,,,0,228715273,,,,,,,,,,,,
"QCIQ14","BUCKUND",,,,,,,,,,,,,,,,,,,,,,,,0.50,,,,,0,870344342,,,,,,,,,,,,
"QCIQ14","CAREX",,,,,,,,,,,,,,,,,,,,,,1.00,,,,,,,0,-232993697,,,,,,,,,,,,
"QCIQ14","COPTASP",,,,,,,,,,,,,,,,,,,,,,0.50,,,,,,,0,-345160012,,,,,,,,,,,,
"QCIQ14","CORNCAN",,,,,,,,,,,,,,,,,,,,,,0.50,,,,,,,0,-1195694683,,,,,,,,,,,,
"QCIQ14","DICRFUS",,,,,,,,,,,,,,,,,,,,,,,,1.00,,,,,0,-1929913342,,,,,,,,,,,,
"QCIQ14","HARRSTE",,,,,,,,,,,,,,,,,,,,,,60.00,,,,,,,0,-306481061,,,,,,,,,,,,
"QCIQ14","HYLOSPL",,,,,,,,,,,,,,,,,,,,,,,,0.50,,,,,0,-942282240,,,,,,,,,,,,
"QCIQ14","LOBARIA",,,,,,,,,,,,,,,,,,,,,,,,1.00,,,,,0,-791272959,,,,,,,,,,,,
"QCIQ14","NEPHCRI",,,,,,,,,,,,,,,,,,,,,,0.50,,,,,,,0,1399906350,,,,,,,,,,,,
"QCIQ14","PICESIT",,,,2.00,,,,2.00,,,,,,,,,,,,,,,,,,,,,0,-1178551273,,,,,,,,,,,,
"QCIQ14","RHYTLOR",,,,,,,,,,,,,,,,,,,,,,,,2.00,,,,,0,-1566721524,,,,,,,,,,,,
"QCIQ14","RHYTROB",,,,,,,,,,,,,,,,,,,,,,,,1.00,,,,,0,-1847559139,,,,,,,,,,,,
"QCIQ14","RUBUPED",,,,,,,,,,,,,,,,,,,,,,0.50,,,,,,,0,-1976049894,,,,,,,,,,,,
"QCIQ14","SCAPBOL",,,,,,,,,,,,,,,,,,,,,,,,5.00,,,,,0,1120113555,,,,,,,,,,,,
"QCIQ14","SPHAGNU",,,,,,,,,,,,,,,,,,,,,,,,4.00,,,,,0,-1195965736,,,,,,,,,,,,
"QCIQ14","STRUSPI",,,,,,,,,,,,,,,,,,,,,,0.50,,,,,,,0,1656328185,,,,,,,,,,,,
"QCIQ14","TIARTRI",,,,,,,,,,,,,,,,,,,,,,0.50,,,,,,,0,-214432570,,,,,,,,,,,,
"QCIQ14","TSUGHET",,,,5.00,,,,5.00,,,,,,,,,,,,,,,,,,,,,0,-391988529,,,,,,,,,,,,
"QCIQ14","TSUGMER",,,,30.00,,,,30.00,,,,,,,,,,,,,,,,,,,,,0,19976292,,,,,,,,,,,,
"QCIQ14","VACCALA",,,,,,,,,,,,,,,,,,,,1.00,,,,,,,,,0,902723989,,,,,,,,,,,,
"QCIQ14","VACCOVL",,,,,,,,,,,,,,,,,,,,1.00,,,,,,,,,0,851918130,,,,,,,,,,,,
"QCIQ14","VACCPAR",,,,,,,,,,,,,,,,,,,,2.00,,,,,,,,,0,-1065308725,,,,,,,,,,,,
"QCIQ14","VERAVIR",,,,,,,,,,,,,,,,,,,,,,1.00,,,,,,,0,780332720,,,,,,,,,,,,
"QCIQ14","XANTNOO",,,,55.00,,,,55.00,,,,,,,,,,,,,,,,,,,,,0,192287985,,,,,,,,,,,,
"R0126","ARCTLAT",,,,,,,,,,,,,,,,,,,,,,0.10,,,,,,,0,1641165918,,,,,,,,,,,,
"R0126","ASTRAME",,,,,,,,,,,,,,,,,,,,,,0.10,,,,,,,0,-830494585,,,,,,,,,,,,
"R0126","BRACHYT",,,,,,,,,,,,,,,,,,,,,,,,0.10,,,,,0,-1130763844,,,,,,,,,,,,
"R0126","CHAMANG",,,,,,,,,,,,,,,,,,,,,,2.00,,,,,,,0,839712269,,,,,,,,,,,,
"R0126","CORNCAN",,,,,,,,,,,,,,,,,,,,,,2.00,,,,,,,0,2059949642,,,,,,,,,,,,
"R0126","EQUIARV",,,,,,,,,,,,,,,,,,,,,,15.00,,,,,,,0,859678467,,,,,,,,,,,,
"R0126","EQUIPRA",,,,,,,,,,,,,,,,,,,,,,75.00,,,,,,,0,1470303624,,,,,,,,,,,,
"R0126","FRAGVIR",,,,,,,,,,,,,,,,,,,,,,0.10,,,,,,,0,-1613655831,,,,,,,,,,,,
"R0126","HYLOSPL",,,,,,,,,,,,,,,,,,,,,,,,15.00,,,,,0,-850931978,,,,,,,,,,,,
"R0126","HYPNPRA",,,,,,,,,,,,,,,,,,,,,,,,0.10,,,,,0,152069439,,,,,,,,,,,,
"R0126","LEYMINN",,,,,,,,,,,,,,,,,,,,,,5.00,,,,,,,0,-1483184620,,,,,,,,,,,,
"R0126","LINNBOR",,,,,,,,,,,,,,,,,,,,,,4.00,,,,,,,0,-2105546363,,,,,,,,,,,,
"8529415","STREAMP",,,,,,,,,,,,,,,,,,,,,,0.10,,,,,,,0,53581188,,,,,,,,,,,,
"8529415","TOMENIT",,,,,,,,,,,,,,,,,,,,,,,,0.50,,,,,0,-385097675,,,,,,,,,,,,
"8529415","VIBUEDU",,,,,,,,,,,,,,,,,,,,0.50,,,,,,,,,0,1724254034,,,,,,,,,,,,
"8529415","VIOLREN",,,,,,,,,,,,,,,,,,,,,,0.10,,,,,,,0,-1243417237,,,,,,,,,,,,
"8529649","ACTARUB",,,,,,,,,,,,,,,,,,,,,,0.20,,,,,,,0,1696810448,,,,,,,,,,,,
"8529649","ALNUALN2",,,,,,,,,,9.00,,,,,,,,,,14.00,,,,,,,,,0,-605280879,,,,,,,,,,,,
"8529649","AULAPAL",,,,,,,,,,,,,,,,,,,,,,,,2.00,,,,,0,562225278,,,,,,,,,,,,
"8529649","BETUPAP",,,,,,,,,,2.00,,,,,,,,,,2.00,,,,,,,,,0,-1556960729,,,,,,,,,,,,
"8529649","BRACOED",,,,,,,,,,,,,,,,,,,,,,,,3.00,,,,,0,998699740,,,,,,,,,,,,
"8529649","CALACAN",,,,,,,,,,,,,,,,,,,,,,8.00,,,,,,,0,535451821,,,,,,,,,,,,
"8529649","CAREBRU",,,,,,,,,,,,,,,,,,,,,,0.50,,,,,,,0,-1306721174,,,,,,,,,,,,
"8529649","CHAMANG",,,,,,,,,,,,,,,,,,,,,,4.00,,,,,,,0,-376372573,,,,,,,,,,,,
"8529649","CORATRI",,,,,,,,,,,,,,,,,,,,,,0.10,,,,,,,0,278653096,,,,,,,,,,,,
"8529649","CORNCAN",,,,,,,,,,,,,,,,,,,,,,2.00,,,,,,,0,-529607287,,,,,,,,,,,,
"8529649","EQUISYL",,,,,,,,,,,,,,,,,,,,,,40.00,,,,,,,0,2090114838,,,,,,,,,,,,
"8529649","GALITRF",,,,,,,,,,,,,,,,,,,,,,0.50,,,,,,,0,1150139103,,,,,,,,,,,,
"8529649","GYMNDRY",,,,,,,,,,,,,,,,,,,,,,25.00,,,,,,,0,-7457996,,,,,,,,,,,,
"8529649","HYLOSPL",,,,,,,,,,,,,,,,,,,,,,,,60.00,,,,,0,1996470309,,,,,,,,,,,,
"8529649","LATHOCH",,,,,,,,,,,,,,,,,,,,,,2.00,,,,,,,0,-1163617150,,,,,,,,,,,,
"8529649","LINNBOR",,,,,,,,,,,,,,,,,,,,,,8.00,,,,,,,0,-905163045,,,,,,,,,,,,
"8529649","LONIINV",,,,,,,,,,,,,,,,,,,,12.00,,,,,,,,,0,1120050816,,,,,,,,,,,,
"8529649","LYCOANN",,,,,,,,,,,,,,,,,,,,,,3.00,,,,,,,0,-1231233919,,,,,,,,,,,,
"8529649","MAIACAN",,,,,,,,,,,,,,,,,,,,,,0.10,,,,,,,0,1659807918,,,,,,,,,,,,
"8529649","MARCPOL",,,,,,,,,,,,,,,,,,,,,,,,3.00,,,,,0,352320151,,,,,,,,,,,,
"8529649","MERTPAN",,,,,,,,,,,,,,,,,,,,,,2.00,,,,,,,0,-1629309300,,,,,,,,,,,,
"8529649","MITENUD",,,,,,,,,,,,,,,,,,,,,,15.00,,,,,,,0,-2065965411,,,,,,,,,,,,
"8529649","MOEHLAT",,,,,,,,,,,,,,,,,,,,,,0.50,,,,,,,0,988229530,,,,,,,,,,,,
"8529649","ORTHSEC",,,,,,,,,,,,,,,,,,,,,,1.00,,,,,,,0,1944566291,,,,,,,,,,,,
"8529649","PELTCAN",,,,,,,,,,,,,,,,,,,,,,,,1.00,,,,,0,-156711080,,,,,,,,,,,,
"8529649","PETAFRI3",,,,,,,,,,,,,,,,,,,,,,2.00,,,,,,,0,482613881,,,,,,,,,,,,
"8529649","PETAFRI4",,,,,,,,,,,,,,,,,,,,,,0.10,,,,,,,0,1065442630,,,,,,,,,,,,
"8529649","PICEGLA",,5.00,,10.00,,10.00,,25.00,,4.00,,,,,,,,,,4.20,,,,,,,,,0,-687191729,,,,,,,,,,,,
"8529649","PLAGMED",,,,,,,,,,,,,,,,,,,,,,,,2.00,,,,,0,325836004,,,,,,,,,,,,
"8529649","PLEUSCH",,,,,,,,,,,,,,,,,,,,,,,,20.00,,,,,0,392866837,,,,,,,,,,,,
"8529649","POHLNUT",,,,,,,,,,,,,,,,,,,,,,,,1.00,,,,,0,1352342962,,,,,,,,,,,,
"8529649","POLYCOM",,,,,,,,,,,,,,,,,,,,,,,,5.00,,,,,0,-93182901,,,,,,,,,,,,
"8529649","POPUTRE",,,,,,,,,,1.00,,,,,,,,,,1.00,,,,,,,,,0,1852556080,,,,,,,,,,,,
"8529649","PTILCRI",,,,,,,,,,,,,,,,,,,,,,,,8.00,,,,,0,374239089,,,,,,,,,,,,
"8529649","PYROASA",,,,,,,,,,,,,,,,,,,,,,2.00,,,,,,,0,-886498082,,,,,,,,,,,,
"8529649","PYROCHL",,,,,,,,,,,,,,,,,,,,,,1.00,,,,,,,0,128550663,,,,,,,,,,,,
"8529649","RIBELAC",,,,,,,,,,,,,,,,,,,,2.00,,,,,,,,,0,-2032335300,,,,,,,,,,,,
"8529649","RIBETRI",,,,,,,,,,,,,,,,,,,,4.00,,,,,,,,,0,-1418461043,,,,,,,,,,,,
"8529649","ROSAACI",,,,,,,,,,,,,,,,,,,,8.00,,,,,,,,,0,2116208330,,,,,,,,,,,,
"8529649","RUBUIDA",,,,,,,,,,,,,,,,,,,,4.00,,,,,,,,,0,-1422496381,,,,,,,,,,,,
"8529649","RUBUPUB",,,,,,,,,,,,,,,,,,,,,,4.00,,,,,,,0,280293896,,,,,,,,,,,,
"8529649","SORBSCO",,,,,,,,,,,,,,,,,,,,1.00,,,,,,,,,0,-616449175,,,,,,,,,,,,
"8529649","STELCAL",,,,,,,,,,,,,,,,,,,,,,1.00,,,,,,,0,640567158,,,,,,,,,,,,
"8529649","STREAMP",,,,,,,,,,,,,,,,,,,,,,0.50,,,,,,,0,1507234751,,,,,,,,,,,,
"8529649","VACCCAE",,,,,,,,,,,,,,,,,,,,,,4.00,,,,,,,0,137728660,,,,,,,,,,,,
"8529649","VACCVIT",,,,,,,,,,,,,,,,,,,,,,0.20,,,,,,,0,1411103749,,,,,,,,,,,,
"8529649","VIBUEDU",,,,,,,,,,,,,,,,,,,,25.00,,,,,,,,,0,1544325858,,,,,,,,,,,,
"8529670","ABIELAS",,,,,,,,,,,,,,,,,,,,0.10,,,,,,,,,0,1098610107,,,,,,,,,,,,
"8529670","ACHIMIL",,,,,,,,,,,,,,,,,,,,,,0.30,,,,,,,0,1983493088,,,,,,,,,,,,
"8529670","ARCTRBR",,,,,,,,,,,,,,,,,,,,,,1.00,,,,,,,0,935321185,,,,,,,,,,,,
"8529670","ARNICOR",,,,,,,,,,,,,,,,,,,,,,1.00,,,,,,,0,-1580909298,,,,,,,,,,,,
"8529670","ASTRAGA",,,,,,,,,,,,,,,,,,,,,,0.50,,,,,,,0,570838903,,,,,,,,,,,,
"8529670","AULAPAL",,,,,,,,,,,,,,,,,,,,,,,,35.00,,,,,0,1900077548,,,,,,,,,,,,
"8529670","BARBLYC",,,,,,,,,,,,,,,,,,,,,,,,0.50,,,,,0,308395645,,,,,,,,,,,,
"8529670","BETUNAN",,,,,,,,,,,,,,,,,,,,5.00,,,,,,,,,0,-91043334,,,,,,,,,,,,
"8529670","BRACSAL",,,,,,,,,,,,,,,,,,,,,,,,3.00,,,,,0,163847411,,,,,,,,,,,,
"8529670","CAREX",,,,,,,,,,,,,,,,,,,,,,4.00,,,,,,,0,-1489278792,,,,,,,,,,,,
"8529670","CHAMANG",,,,,,,,,,,,,,,,,,,,,,2.00,,,,,,,0,1535555673,,,,,,,,,,,,
"8529670","CLADGRA",,,,,,,,,,,,,,,,,,,,,,,,0.10,,,,,0,965631398,,,,,,,,,,,,
"8529670","CORNCAN",,,,,,,,,,,,,,,,,,,,,,1.00,,,,,,,0,-1314285009,,,,,,,,,,,,
"8529670","DELPGLA",,,,,,,,,,,,,,,,,,,,,,1.00,,,,,,,0,2081838148,,,,,,,,,,,,
"8529670","DICRACU",,,,,,,,,,,,,,,,,,,,,,,,1.00,,,,,0,-1667110923,,,,,,,,,,,,
"8529670","DICRPOL",,,,,,,,,,,,,,,,,,,,,,,,3.00,,,,,0,-216275950,,,,,,,,,,,,
"8529670","EQUIARV",,,,,,,,,,,,,,,,,,,,,,3.00,,,,,,,0,-179354837,,,,,,,,,,,,
"8529670","EQUIPRA",,,,,,,,,,,,,,,,,,,,,,4.00,,,,,,,0,-1996001136,,,,,,,,,,,,
"8529670","EQUISCI",,,,,,,,,,,,,,,,,,,,,,1.00,,,,,,,0,426781009,,,,,,,,,,,,
"8529670","EQUISYL",,,,,,,,,,,,,,,,,,,,,,1.00,,,,,,,0,-1122629314,,,,,,,,,,,,
"8529670","FRAGVIR",,,,,,,,,,,,,,,,,,,,,,0.30,,,,,,,0,-1565699097,,,,,,,,,,,,
"8529670","GENTPRS",,,,,,,,,,,,,,,,,,,,,,0.20,,,,,,,0,144263580,,,,,,,,,,,,
"8529670","HYLOSPL",,,,,,,,,,,,,,,,,,,,,,,,45.00,,,,,0,-1777067923,,,,,,,,,,,,
"8529670","LEYMINN",,,,,,,,,,,,,,,,,,,,,,30.00,,,,,,,0,700070186,,,,,,,,,,,,
"8529670","LINNBOR",,,,,,,,,,,,,,,,,,,,,,3.00,,,,,,,0,-1650997149,,,,,,,,,,,,
"8529670","MERTPAN",,,,,,,,,,,,,,,,,,,,,,2.00,,,,,,,0,2071407464,,,,,,,,,,,,
"8529670","MITENUD",,,,,,,,,,,,,,,,,,,,,,1.00,,,,,,,0,-1762520759,,,,,,,,,,,,
"8529670","MONEUNI",,,,,,,,,,,,,,,,,,,,,,0.30,,,,,,,0,-1454071850,,,,,,,,,,,,
"8529670","NEOTBOR",,,,,,,,,,,,,,,,,,,,,,0.20,,,,,,,0,318397599,,,,,,,,,,,,
"8529670","PARNPAL",,,,,,,,,,,,,,,,,,,,,,0.10,,,,,,,0,-1845943820,,,,,,,,,,,,
"8529670","PEDILAB",,,,,,,,,,,,,,,,,,,,,,1.00,,,,,,,0,910962661,,,,,,,,,,,,
"8529670","PELTAPH",,,,,,,,,,,,,,,,,,,,,,,,3.00,,,,,0,1051470146,,,,,,,,,,,,
"8529670","PELTCAN",,,,,,,,,,,,,,,,,,,,,,,,1.00,,,,,0,936676507,,,,,,,,,,,,
"8529670","PETAFRI3",,,,,,,,,,,,,,,,,,,,,,4.00,,,,,,,0,644872512,,,,,,,,,,,,
"8529670","PICEGLA",,8.00,,13.00,,4.00,,25.00,,1.00,,,,,,,,,,1.10,,,,,,,,,0,1805537345,,,,,,,,,,,,
"8529670","PICEMAR",,,,,,,,,,1.00,,,,,,,,,,1.00,,,,,,,,,0,-1305575058,,,,,,,,,,,,
"8529670","PLAGELL",,,,,,,,,,,,,,,,,,,,,,,,1.00,,,,,0,-805989289,,,,,,,,,,,,
"8529670","PLATOBT",,,,,,,,,,,,,,,,,,,,,,2.00,,,,,,,0,-734970548,,,,,,,,,,,,
"8529670","PLEUSCH",,,,,,,,,,,,,,,,,,,,,,,,1.00,,,,,0,1622806109,,,,,,,,,,,,
"8529670","RHODGRO",,,,,,,,,,,,,,,,,,,,2.00,,,,,,,,,0,-1344531366,,,,,,,,,,,,
"8529670","RIBELAC",,,,,,,,,,,,,,,,,,,,1.00,,,,,,,,,0,2021158867,,,,,,,,,,,,
"8529670","RIBETRI",,,,,,,,,,,,,,,,,,,,1.00,,,,,,,,,0,2002991640,,,,,,,,,,,,
"8529670","ROSAACI",,,,,,,,,,,,,,,,,,,,2.00,,,,,,,,,0,815973945,,,,,,,,,,,,
"8529670","RUBUPAR",,,,,,,,,,,,,,,,,,,,,,1.00,,,,,,,0,-67891706,,,,,,,,,,,,
"8529670","SALIGLA",,,,,,,,,,7.00,,,,,,,,,,10.00,,,,,,,,,0,1912593167,,,,,,,,,,,,
"8529670","SALIMYR",,,,,,,,,,7.00,,,,,,,,,,21.00,,,,,,,,,0,-1584858204,,,,,,,,,,,,
"8529670","SALIPET",,,,,,,,,,4.00,,,,,,,,,,6.00,,,,,,,,,0,740922325,,,,,,,,,,,,
"8529670","SALIX",,,,,,,,,,,,,,,,,,,,12.00,,,,,,,,,0,-1436525966,,,,,,,,,,,,
"8529670","SANIUNC",,,,,,,,,,,,,,,,,,,,,,,,0.50,,,,,0,1722962443,,,,,,,,,,,,
"8529670","SENESHE",,,,,,,,,,,,,,,,,,,,,,0.50,,,,,,,0,-825340432,,,,,,,,,,,,
"8529670","SHEPCAN",,,,,,,,,,,,,,,,,,,,7.00,,,,,,,,,0,-2142678223,,,,,,,,,,,,
"8529670","TOMENIT",,,,,,,,,,,,,,,,,,,,,,,,5.00,,,,,0,81896862,,,,,,,,,,,,
"8529670","VACCVIT",,,,,,,,,,,,,,,,,,,,,,5.00,,,,,,,0,1744179399,,,,,,,,,,,,
"8529670","VIBUEDU",,,,,,,,,,,,,,,,,,,,1.00,,,,,,,,,0,-401359620,,,,,,,,,,,,
"8529670","VICIAME",,,,,,,,,,,,,,,,,,,,,,0.50,,,,,,,0,-633167795,,,,,,,,,,,,
"8529670","VIOLREN",,,,,,,,,,,,,,,,,,,,,,0.20,,,,,,,0,-1946461302,,,,,,,,,,,,
"8529675","ACHIMIL",,,,,,,,,,,,,,,,,,,,,,0.10,,,,,,,0,535630659,,,,,,,,,,,,
"8529675","ACONDEL",,,,,,,,,,,,,,,,,,,,,,5.00,,,,,,,0,1572508872,,,,,,,,,,,,
"8529675","AMBLSER1",,,,,,,,,,,,,,,,,,,,,,,,3.00,,,,,0,1702352681,,,,,,,,,,,,
"8529675","ARCTLAT",,,,,,,,,,,,,,,,,,,,,,1.00,,,,,,,0,1050650678,,,,,,,,,,,,
"8529675","ARCTRBR",,,,,,,,,,,,,,,,,,,,,,1.00,,,,,,,0,-223275649,,,,,,,,,,,,
"8529675","AULAPAL",,,,,,,,,,,,,,,,,,,,,,,,20.00,,,,,0,-416226988,,,,,,,,,,,,
"8529675","BISTVIV",,,,,,,,,,,,,,,,,,,,,,0.10,,,,,,,0,1057559493,,,,,,,,,,,,
"8529675","CARECOI",,,,,,,,,,,,,,,,,,,,,,1.00,,,,,,,0,345733026,,,,,,,,,,,,
"8529675","CHAMANG",,,,,,,,,,,,,,,,,,,,,,0.50,,,,,,,0,-1957719173,,,,,,,,,,,,
"8529675","CLADMIT",,,,,,,,,,,,,,,,,,,,,,,,0.20,,,,,0,-1287819616,,,,,,,,,,,,
"8529675","CLADPYX",,,,,,,,,,,,,,,,,,,,,,,,0.10,,,,,0,993014305,,,,,,,,,,,,
"8529675","DISTCAP",,,,,,,,,,,,,,,,,,,,,,,,3.00,,,,,0,1472361934,,,,,,,,,,,,
"8529675","EQUIARV",,,,,,,,,,,,,,,,,,,,,,3.00,,,,,,,0,277203255,,,,,,,,,,,,
"8529675","EQUIPRA",,,,,,,,,,,,,,,,,,,,,,7.00,,,,,,,0,-1794389844,,,,,,,,,,,,
"8529675","EQUISCI",,,,,,,,,,,,,,,,,,,,,,5.00,,,,,,,0,-1738748355,,,,,,,,,,,,
"8529675","GENTPRS",,,,,,,,,,,,,,,,,,,,,,0.10,,,,,,,0,1205538490,,,,,,,,,,,,
"8529675","HEDYALP",,,,,,,,,,,,,,,,,,,,,,1.00,,,,,,,0,-46353741,,,,,,,,,,,,
"8529675","HYLOSPL",,,,,,,,,,,,,,,,,,,,,,,,65.00,,,,,0,2046311288,,,,,,,,,,,,
"8529675","LEPTPYR",,,,,,,,,,,,,,,,,,,,,,,,2.00,,,,,0,-66042855,,,,,,,,,,,,
"8529675","LEYMINN",,,,,,,,,,,,,,,,,,,,,,1.00,,,,,,,0,894070374,,,,,,,,,,,,
"8529675","LINNBOR",,,,,,,,,,,,,,,,,,,,,,5.00,,,,,,,0,1489308655,,,,,,,,,,,,
"8529675","MERTPAN",,,,,,,,,,,,,,,,,,,,,,2.00,,,,,,,0,874238724,,,,,,,,,,,,
"8529675","MITENUD",,,,,,,,,,,,,,,,,,,,,,2.00,,,,,,,0,-713445451,,,,,,,,,,,,
"8529675","MNIUMAR",,,,,,,,,,,,,,,,,,,,,,,,2.00,,,,,0,-25132846,,,,,,,,,,,,
"8529675","MONEUNI",,,,,,,,,,,,,,,,,,,,,,0.10,,,,,,,0,-892120853,,,,,,,,,,,,
"8529675","MYURJUL",,,,,,,,,,,,,,,,,,,,,,,,0.50,,,,,0,1704483664,,,,,,,,,,,,
"8529675","ORTHSEC",,,,,,,,,,,,,,,,,,,,,,1.00,,,,,,,0,30534929,,,,,,,,,,,,
"8529675","PARNPAL",,,,,,,,,,,,,,,,,,,,,,1.00,,,,,,,0,-1675365890,,,,,,,,,,,,
"8529675","PELTAPH",,,,,,,,,,,,,,,,,,,,,,,,0.50,,,,,0,-952386137,,,,,,,,,,,,
"8529675","PELTCIN",,,,,,,,,,,,,,,,,,,,,,,,4.00,,,,,0,413425756,,,,,,,,,,,,
"8529675","PETAFRI3",,,,,,,,,,,,,,,,,,,,,,0.50,,,,,,,0,1316460589,,,,,,,,,,,,
"8529675","PICEENE",,3.00,,8.00,,6.00,,17.00,,2.00,,,,,,,,,,2.10,,,,,,,,,0,670969322,,,,,,,,,,,,
"8529675","PLAGMED",,,,,,,,,,,,,,,,,,,,,,,,6.00,,,,,0,-848409053,,,,,,,,,,,,
"8529675","PLATOBT",,,,,,,,,,,,,,,,,,,,,,1.00,,,,,,,0,1347890728,,,,,,,,,,,,
"8529675","POLEACU",,,,,,,,,,,,,,,,,,,,,,0.20,,,,,,,0,885722377,,,,,,,,,,,,
"8529675","RANUNCU",,,,,,,,,,,,,,,,,,,,,,0.10,,,,,,,0,-1968742250,,,,,,,,,,,,
"8529675","RIBEBRA",,,,,,,,,,,,,,,,,,,,1.00,,,,,,,,,0,2008202847,,,,,,,,,,,,
"8529675","RIBEOXY",,,,,,,,,,,,,,,,,,,,1.00,,,,,,,,,0,-1640705868,,,,,,,,,,,,
"8529675","RIBETRI",,,,,,,,,,,,,,,,,,,,0.50,,,,,,,,,0,-339056731,,,,,,,,,,,,
"8529675","RUBUARC",,,,,,,,,,,,,,,,,,,,,,4.00,,,,,,,0,-1141737982,,,,,,,,,,,,
"8529675","SALIMYR",,,,,,,,,,3.00,,,,,,,,,,23.00,,,,,,,,,0,-702248357,,,,,,,,,,,,
"8529675","SENELUG",,,,,,,,,,,,,,,,,,,,,,0.50,,,,,,,0,-2005265408,,,,,,,,,,,,
"8529675","SHEPCAN",,,,,,,,,,,,,,,,,,,,1.00,,,,,,,,,0,-1418886143,,,,,,,,,,,,
"8529675","SYMPCII",,,,,,,,,,,,,,,,,,,,,,0.20,,,,,,,0,1108941358,,,,,,,,,,,,
"8529675","VICIAME",,,,,,,,,,,,,,,,,,,,,,0.50,,,,,,,0,1366224407,,,,,,,,,,,,
"8529675","VIOLREN",,,,,,,,,,,,,,,,,,,,,,1.00,,,,,,,0,1294500876,,,,,,,,,,,,
"8529676","ALNUINC",,,,,,,,,,2.00,,,,,,,,,,2.00,,,,,,,,,0,-1111359971,,,,,,,,,,,,
"8529676","ARTEMIS",,,,,,,,,,,,,,,,,,,,,,1.00,,,,,,,0,1537718554,,,,,,,,,,,,
"8529676","CAREX",,,,,,,,,,,,,,,,,,,,,,1.00,,,,,,,0,289990035,,,,,,,,,,,,
"8529676","CHAMANG",,,,,,,,,,,,,,,,,,,,,,2.00,,,,,,,0,1305636056,,,,,,,,,,,,
"8529676","DISTCAP",,,,,,,,,,,,,,,,,,,,,,,,3.00,,,,,0,-1178127879,,,,,,,,,,,,
"8529676","EQUIARV",,,,,,,,,,,,,,,,,,,,,,60.00,,,,,,,0,2719430,,,,,,,,,,,,
"8529676","EQUIPRA",,,,,,,,,,,,,,,,,,,,,,2.00,,,,,,,0,-1565446961,,,,,,,,,,,,
"8529676","EQUISCI",,,,,,,,,,,,,,,,,,,,,,0.50,,,,,,,0,807852644,,,,,,,,,,,,
"8529676","EURHPUL",,,,,,,,,,,,,,,,,,,,,,,,6.00,,,,,0,67779477,,,,,,,,,,,,
"8529676","EURYSIB",,,,,,,,,,,,,,,,,,,,,,1.00,,,,,,,0,-1550559438,,,,,,,,,,,,
"8529676","FRAGVIR",,,,,,,,,,,,,,,,,,,,,,0.30,,,,,,,0,1508523979,,,,,,,,,,,,
"8529676","GOODREP",,,,,,,,,,,,,,,,,,,,,,1.00,,,,,,,0,2134743216,,,,,,,,,,,,
"8529676","HYLOSPL",,,,,,,,,,,,,,,,,,,,,,,,50.00,,,,,0,1895954161,,,,,,,,,,,,
"8529676","LEPTPYR",,,,,,,,,,,,,,,,,,,,,,,,0.20,,,,,0,1752493662,,,,,,,,,,,,
"8529676","LEYMINN",,,,,,,,,,,,,,,,,,,,,,1.00,,,,,,,0,-1405724025,,,,,,,,,,,,
"8529676","LINNBOR",,,,,,,,,,,,,,,,,,,,,,10.00,,,,,,,0,1503867836,,,,,,,,,,,,
"8529676","MERTPAN",,,,,,,,,,,,,,,,,,,,,,3.00,,,,,,,0,-1523908595,,,,,,,,,,,,
"8529676","MITENUD",,,,,,,,,,,,,,,,,,,,,,1.00,,,,,,,0,752529482,,,,,,,,,,,,
"8529676","MONEUNI",,,,,,,,,,,,,,,,,,,,,,1.00,,,,,,,0,2102622467,,,,,,,,,,,,
"8529676","NEOTBOR",,,,,,,,,,,,,,,,,,,,,,0.10,,,,,,,0,2015688584,,,,,,,,,,,,
"8529676","ORTHSEC",,,,,,,,,,,,,,,,,,,,,,2.00,,,,,,,0,-1897680151,,,,,,,,,,,,
"8529676","PELTHOR",,,,,,,,,,,,,,,,,,,,,,,,0.50,,,,,0,-1643919114,,,,,,,,,,,,
"8529676","PELTMEM",,,,,,,,,,,,,,,,,,,,,,,,1.00,,,,,0,481777471,,,,,,,,,,,,
"8529676","PETAFRI",,,,,,,,,,,,,,,,,,,,,,1.00,,,,,,,0,-1721962476,,,,,,,,,,,,
"8529676","PETAFRI3",,,,,,,,,,,,,,,,,,,,,,3.00,,,,,,,0,369634181,,,,,,,,,,,,
"8529676","PICEENE",,6.00,,40.00,,8.00,,54.00,,1.00,,,,,,,,,,1.10,,,,,,,,,0,1053369442,,,,,,,,,,,,
"8529676","PLATJUN",,,,,,,,,,,,,,,,,,,,,,,,0.50,,,,,0,1854632251,,,,,,,,,,,,
"8529676","PLATOBT",,,,,,,,,,,,,,,,,,,,,,1.00,,,,,,,0,503179616,,,,,,,,,,,,
"8529676","PLEUSCH",,,,,,,,,,,,,,,,,,,,,,,,20.00,,,,,0,-582072863,,,,,,,,,,,,
"8529676","POPUBAL",,,,4.00,,,,4.00,,,,,,,,,,,,,,,,,,,,,0,214593166,,,,,,,,,,,,
"8529676","PTILCRI",,,,,,,,,,,,,,,,,,,,,,,,10.00,,,,,0,2087256823,,,,,,,,,,,,
"8529676","PYROCHL",,,,,,,,,,,,,,,,,,,,,,1.00,,,,,,,0,1642033004,,,,,,,,,,,,
"8529676","RHYTTRI",,,,,,,,,,,,,,,,,,,,,,,,0.30,,,,,0,-1319002627,,,,,,,,,,,,
"8529676","RIBEOXY",,,,,,,,,,,,,,,,,,,,1.00,,,,,,,,,0,811209594,,,,,,,,,,,,
"8529676","RIBETRI",,,,,,,,,,,,,,,,,,,,2.00,,,,,,,,,0,1775569011,,,,,,,,,,,,
"8529676","ROSAACI",,,,,,,,,,,,,,,,,,,,2.00,,,,,,,,,0,499764792,,,,,,,,,,,,
"8529676","SANIUNC",,,,,,,,,,,,,,,,,,,,,,,,4.00,,,,,0,29331417,,,,,,,,,,,,
"8529676","SHEPCAN",,,,,,,,,,,,,,,,,,,,0.50,,,,,,,,,0,-483836122,,,,,,,,,,,,
"8529676","TIMMAUS",,,,,,,,,,,,,,,,,,,,,,,,2.00,,,,,0,-2005123665,,,,,,,,,,,,
"8630146","AULAPAL",,,,,,,,,,,,,,,,,,,,,,,,13.00,,,,,0,-570289724,,,,,,,,,,,,
"8630146","BETUNAN",,,,,,,,,,,,,,,,,,,,0.10,,,,,,,,,0,2136160117,,,,,,,,,,,,
"8630146","CALACAN",,,,,,,,,,,,,,,,,,,,,,3.00,,,,,,,0,2041830802,,,,,,,,,,,,
"8630146","CALASTR",,,,,,,,,,,,,,,,,,,,,,0.50,,,,,,,0,137305771,,,,,,,,,,,,
"8630146","CAREDIS",,,,,,,,,,,,,,,,,,,,,,1.00,,,,,,,0,1503004176,,,,,,,,,,,,
"8630146","CHAMANG",,,,,,,,,,,,,,,,,,,,,,1.00,,,,,,,0,-1127124783,,,,,,,,,,,,
"8630146","CORNCAN",,,,,,,,,,,,,,,,,,,,,,10.00,,,,,,,0,996973246,,,,,,,,,,,,
"8630146","DENDDEN",,,,,,,,,,,,,,,,,,,,,,0.10,,,,,,,0,2124277607,,,,,,,,,,,,
"8630146","EQUISYL",,,,,,,,,,,,,,,,,,,,,,1.00,,,,,,,0,912799516,,,,,,,,,,,,
"8630146","GALIBOR",,,,,,,,,,,,,,,,,,,,,,0.10,,,,,,,0,1825888237,,,,,,,,,,,,
"8630146","HYLOSPL",,,,,,,,,,,,,,,,,,,,,,,,60.00,,,,,0,1974002346,,,,,,,,,,,,
"8630146","LINNBOR",,,,,,,,,,,,,,,,,,,,,,1.00,,,,,,,0,1121227747,,,,,,,,,,,,
"8630146","MERTPAN",,,,,,,,,,,,,,,,,,,,,,2.00,,,,,,,0,-2047086360,,,,,,,,,,,,
"8630146","ORTHSEC",,,,,,,,,,,,,,,,,,,,,,0.10,,,,,,,0,-1715877687,,,,,,,,,,,,
"8630146","PETAFRI3",,,,,,,,,,,,,,,,,,,,,,0.10,,,,,,,0,-179510954,,,,,,,,,,,,
"8630146","PICEGLA",,2.00,,33.00,,2.00,,37.00,,5.00,,,,,,,,,,12.00,,,,,,,,,0,1484185631,,,,,,,,,,,,
"8630146","PICEMAR",,,,,,,,,,2.00,,,,,,,,,,2.00,,,,,,,,,0,117522292,,,,,,,,,,,,
"8630146","PLEUSCH",,,,,,,,,,,,,,,,,,,,,,,,40.00,,,,,0,-214278299,,,,,,,,,,,,
"8630146","POLEACU",,,,,,,,,,,,,,,,,,,,,,0.10,,,,,,,0,-751336766,,,,,,,,,,,,
"8630146","POLYCOM",,,,,,,,,,,,,,,,,,,,,,,,10.00,,,,,0,1723615259,,,,,,,,,,,,
"8630146","PTILCRI",,,,,,,,,,,,,,,,,,,,,,,,10.00,,,,,0,-140448064,,,,,,,,,,,,
"8630146","PYROASA",,,,,,,,,,,,,,,,,,,,,,0.10,,,,,,,0,231372737,,,,,,,,,,,,
"8630146","ROSAACI",,,,,,,,,,,,,,,,,,,,1.00,,,,,,,,,0,1064202990,,,,,,,,,,,,
"8630146","RUBUARC",,,,,,,,,,,,,,,,,,,,,,0.10,,,,,,,0,-148109353,,,,,,,,,,,,
"8630146","SALIBEB",,,,,,,,,,,,,,,,,,,,10.00,,,,,,,,,0,76057292,,,,,,,,,,,,
"8630146","TRIEEUR1",,,,,,,,,,,,,,,,,,,,,,0.10,,,,,,,0,800304605,,,,,,,,,,,,
"8630146","VACCVIT",,,,,,,,,,,,,,,,,,,,,,30.00,,,,,,,0,-1224073766,,,,,,,,,,,,
"9003002","ACHIMIL",,,,,,,,,,,,,,,,,,,,,,0.50,,,,,,,0,-132572333,,,,,,,,,,,,
"9003002","ALNUINC",,,,,,,,,,10.00,,,,,,,,,,13.00,,,,,,,,,0,-1598660712,,,,,,,,,,,,
"9003002","ANEMMUL",,,,,,,,,,,,,,,,,,,,,,0.50,,,,,,,0,133258681,,,,,,,,,,,,
"9003002","ANEMPAR",,,,,,,,,,,,,,,,,,,,,,0.50,,,,,,,0,-790515834,,,,,,,,,,,,
"9003002","ASTER",,,,,,,,,,,,,,,,,,,,,,0.50,,,,,,,0,1054752399,,,,,,,,,,,,
"9003002","BRACHYT",,,,,,,,,,,,,,,,,,,,,,,,0.50,,,,,0,-771393244,,,,,,,,,,,,
"9003002","CALACAN",,,,,,,,,,,,,,,,,,,,,,4.00,,,,,,,0,1791796053,,,,,,,,,,,,
"9003002","CORNCAN",,,,,,,,,,,,,,,,,,,,,,1.00,,,,,,,0,-1929964558,,,,,,,,,,,,
"9003002","CORNSER",,,,,,,,,,1.00,,,,,,,,,,4.00,,,,,,,,,0,-2049315445,,,,,,,,,,,,
"9003002","CYPRIPE",,,,,,,,,,,,,,,,,,,,,,0.50,,,,,,,0,1048159088,,,,,,,,,,,,
"9003002","ELYMALA",,,,,,,,,,,,,,,,,,,,,,10.00,,,,,,,0,-264742223,,,,,,,,,,,,
"9003002","FRAGVIR1",,,,,,,,,,,,,,,,,,,,,,0.50,,,,,,,0,-761071842,,,,,,,,,,,,
"9003002","HEDYALP",,,,,,,,,,,,,,,,,,,,,,1.00,,,,,,,0,573203527,,,,,,,,,,,,
"9003002","LEYMINN",,,,,,,,,,,,,,,,,,,,,,2.00,,,,,,,0,105605756,,,,,,,,,,,,
"9003002","LINNBOR",,,,,,,,,,,,,,,,,,,,,,0.50,,,,,,,0,267198413,,,,,,,,,,,,
"9003002","PETAFRI3",,,,,,,,,,,,,,,,,,,,,,2.00,,,,,,,0,-1988049654,,,,,,,,,,,,
"9003002","PICEENE",,,,,,,,,,25.00,,,,,,,,,,28.00,,,,,,,,,0,1831444163,,,,,,,,,,,,
"9003002","POPUBAL",,,,3.00,,,,3.00,,3.00,,,,,,,,,,4.00,,,,,,,,,0,-1229710776,,,,,,,,,,,,
"9003002","PTILCRI",,,,,,,,,,,,,,,,,,,,,,,,0.50,,,,,0,390418089,,,,,,,,,,,,
"9003002","PYROASA",,,,,,,,,,,,,,,,,,,,,,1.00,,,,,,,0,2031790518,,,,,,,,,,,,
"9003002","ROSAACI",,,,,,,,,,,,,,,,,,,,5.00,,,,,,,,,0,-1649846017,,,,,,,,,,,,
"9003002","RUBUPUB",,,,,,,,,,,,,,,,,,,,,,5.00,,,,,,,0,1635368660,,,,,,,,,,,,
"9003002","SALIX",,,,,,,,,,1.00,,,,,,,,,,3.00,,,,,,,,,0,349766469,,,,,,,,,,,,
"9003002","SHEPCAN",,,,,,,,,,,,,,,,,,,,0.50,,,,,,,,,0,-615149278,,,,,,,,,,,,
"9003002","STEREOC",,,,,,,,,,,,,,,,,,,,,,,,0.50,,,,,0,-1930490117,,,,,,,,,,,,
"9003043","ABIELAS",,,,,,1.00,,1.00,,2.00,,,,,,,,,,5.00,,,,,,,,,0,-1522850784,,,,,,,,,,,,
"9003043","ALNUINC",,,,,,,,,,5.00,,,,,,,,,,8.00,,,,,,,,,0,-1780868703,,,,,,,,,,,,
"9003043","ARNILAT",,,,,,,,,,,,,,,,,,,,,,1.00,,,,,,,0,1302144846,,,,,,,,,,,,
"9003043","CALACAN",,,,,,,,,,,,,,,,,,,,,,5.00,,,,,,,0,-1552941897,,,,,,,,,,,,
"9003043","CORNCAN",,,,,,,,,,,,,,,,,,,,,,2.00,,,,,,,0,846976556,,,,,,,,,,,,
"9003043","EQUIPRA",,,,,,,,,,,,,,,,,,,,,,2.00,,,,,,,0,-785371715,,,,,,,,,,,,
"9003043","GALIBOR",,,,,,,,,,,,,,,,,,,,,,0.50,,,,,,,0,-1932535750,,,,,,,,,,,,
"9003043","HYLOSPL",,,,,,,,,,,,,,,,,,,,,,,,1.00,,,,,0,-380821965,,,,,,,,,,,,
"9003043","LEYMINN",,,,,,,,,,,,,,,,,,,,,,10.00,,,,,,,0,426778872,,,,,,,,,,,,
"9003043","LINNBOR",,,,,,,,,,,,,,,,,,,,,,1.00,,,,,,,0,-1672176743,,,,,,,,,,,,
"9003043","MERTPAN",,,,,,,,,,,,,,,,,,,,,,5.00,,,,,,,0,669700070,,,,,,,,,,,,
"9003043","MITENUD",,,,,,,,,,,,,,,,,,,,,,1.00,,,,,,,0,-158388369,,,,,,,,,,,,
"9003043","ORTHSEC",,,,,,,,,,,,,,,,,,,,,,0.50,,,,,,,0,-326561660,,,,,,,,,,,,
"9003043","PETAFRI3",,,,,,,,,,,,,,,,,,,,,,0.50,,,,,,,0,1173258037,,,,,,,,,,,,
"9003043","PICEENE",,3.00,,12.00,,,,15.00,,,,,,,,,,,,,,,,,,,,,0,360053330,,,,,,,,,,,,
"9003043","PTILCRI",,,,,,,,,,,,,,,,,,,,,,,,10.00,,,,,0,1059236971,,,,,,,,,,,,
"9003043","RIBEHUD",,,,,,,,,,,,,,,,,,,,1.00,,,,,,,,,0,-2084540208,,,,,,,,,,,,
"9003043","RIBELAC",,,,,,,,,,,,,,,,,,,,1.00,,,,,,,,,0,841921681,,,,,,,,,,,,
"9003043","ROSAACI",,,,,,,,,,,,,,,,,,,,2.00,,,,,,,,,0,-676330626,,,,,,,,,,,,
"9003043","RUBUIDA",,,,,,,,,,,,,,,,,,,,1.00,,,,,,,,,0,-158084825,,,,,,,,,,,,
"9003043","RUBUPED",,,,,,,,,,,,,,,,,,,,,,0.50,,,,,,,0,-324743716,,,,,,,,,,,,
"9003043","SALIX",,,,,,,,,,1.00,,,,,,,,,,2.00,,,,,,,,,0,-722741331,,,,,,,,,,,,
"9003043","SHEPCAN",,,,,,,,,,,,,,,,,,,,0.50,,,,,,,,,0,-1686481046,,,,,,,,,,,,
"9003043","VIBUEDU",,,,,,,,,,,,,,,,,,,,0.50,,,,,,,,,0,-2020959837,,,,,,,,,,,,
"9003104","ABIELAS",,,,,,,,,,0.50,,,,,,,,,,0.50,,,,,,,,,0,-752520280,,,,,,,,,,,,
"9003104","ALNUINC",,,,,,,,,,15.00,,,,,,,,,,25.00,,,,,,,,,0,1702773897,,,,,,,,,,,,
"9003104","ARALNUD",,,,,,,,,,,,,,,,,,,,,,0.50,,,,,,,0,2114265622,,,,,,,,,,,,
"9003104","BETUOCC",,,,,,,,,,0.50,,,,,,,,,,1.00,,,,,,,,,0,1527169503,,,,,,,,,,,,
"9003104","BRACHYT",,,,,,,,,,,,,,,,,,,,,,,,15.00,,,,,0,1864265268,,,,,,,,,,,,
"9003104","CHAMANG",,,,,,,,,,,,,,,,,,,,,,0.50,,,,,,,0,1750865701,,,,,,,,,,,,
"9003104","CONOSAL",,,,,,,,,,,,,,,,,,,,,,,,0.50,,,,,0,-449097854,,,,,,,,,,,,
"9003104","CORNCAN",,,,,,,,,,,,,,,,,,,,,,5.00,,,,,,,0,1801176539,,,,,,,,,,,,
"9003104","CORNSER",,,,,,,,,,3.00,,,,,,,,,,13.00,,,,,,,,,0,-1029404288,,,,,,,,,,,,
"9003104","DELPGLA",,,,,,,,,,,,,,,,,,,,,,1.00,,,,,,,0,-361419903,,,,,,,,,,,,
"9003104","DRYOEXP",,,,,,,,,,,,,,,,,,,,,,0.50,,,,,,,0,-1762751570,,,,,,,,,,,,
"9003104","EQUIARV",,,,,,,,,,,,,,,,,,,,,,25.00,,,,,,,0,-554901097,,,,,,,,,,,,
"9003104","EQUIPRA",,,,,,,,,,,,,,,,,,,,,,40.00,,,,,,,0,-1257156212,,,,,,,,,,,,
"9003104","GALITRD",,,,,,,,,,,,,,,,,,,,,,2.00,,,,,,,0,172957085,,,,,,,,,,,,
"9003104","GYMNDRY",,,,,,,,,,,,,,,,,,,,,,15.00,,,,,,,0,-87866726,,,,,,,,,,,,
"9003104","LONIINV",,,,,,,,,,,,,,,,,,,,20.00,,,,,,,,,0,-1498869485,,,,,,,,,,,,
"9003104","LYCOANN",,,,,,,,,,,,,,,,,,,,,,3.00,,,,,,,0,1456411224,,,,,,,,,,,,
"9003104","MAIARAC",,,,,,,,,,,,,,,,,,,,,,0.50,,,,,,,0,719407481,,,,,,,,,,,,
"9003104","MERTPAN",,,,,,,,,,,,,,,,,,,,,,2.00,,,,,,,0,-1294163898,,,,,,,,,,,,
"9003104","MITENUD",,,,,,,,,,,,,,,,,,,,,,5.00,,,,,,,0,-599322545,,,,,,,,,,,,
"9003104","MNIUM",,,,,,,,,,,,,,,,,,,,,,,,30.00,,,,,0,1508169700,,,,,,,,,,,,
"9003104","OPLOHOR",,,,,,,,,,,,,,,,,,,,0.50,,,,,,,,,0,-332346603,,,,,,,,,,,,
"9003104","PICEENE",,3.00,,15.00,,,,18.00,,3.00,,,,,,,,,,3.00,,,,,,,,,0,2001244338,,,,,,,,,,,,
"9003104","PLEUSCH",,,,,,,,,,,,,,,,,,,,,,,,5.00,,,,,0,1547787083,,,,,,,,,,,,
"9003104","PTILCRI",,,,,,,,,,,,,,,,,,,,,,,,5.00,,,,,0,-1958580688,,,,,,,,,,,,
"9003104","RANUNCU",,,,,,,,,,,,,,,,,,,,,,1.00,,,,,,,0,-978551183,,,,,,,,,,,,
"9003104","RIBEGLA",,,,,,,,,,,,,,,,,,,,0.50,,,,,,,,,0,-534003746,,,,,,,,,,,,
"9003104","RIBEHUD",,,,,,,,,,,,,,,,,,,,1.00,,,,,,,,,0,-678285817,,,,,,,,,,,,
"9003104","RIBELAC",,,,,,,,,,,,,,,,,,,,2.00,,,,,,,,,0,-657694404,,,,,,,,,,,,
"9003104","RIBELAX",,,,,,,,,,,,,,,,,,,,1.00,,,,,,,,,0,-565641331,,,,,,,,,,,,
"9003104","ROSAACI",,,,,,,,,,,,,,,,,,,,1.00,,,,,,,,,0,-1968334390,,,,,,,,,,,,
"9003104","RUBUPUB",,,,,,,,,,,,,,,,,,,,,,3.00,,,,,,,0,1496286339,,,,,,,,,,,,
"9003104","SALIX",,,,,,,,,,0.50,,,,,,,,,,1.00,,,,,,,,,0,807927048,,,,,,,,,,,,
"9003104","SORBSCO",,,,,,,,,,0.50,,,,,,,,,,0.50,,,,,,,,,0,2120002153,,,,,,,,,,,,
"9003104","STREAMP",,,,,,,,,,,,,,,,,,,,,,0.50,,,,,,,0,-995865994,,,,,,,,,,,,
"9003104","VIBUEDU",,,,,,,,,,,,,,,,,,,,5.00,,,,,,,,,0,-79226177,,,,,,,,,,,,
"961167","ALNUALN2",,,,,,,,,,3.00,,,,,,,,,,4.00,,,,,,,,,0,1111969172,,,,,,,,,,,,
"961167","ATHYFIL",,,,,,,,,,,,,,,,,,,,,,0.50,,,,,,,0,926653189,,,,,,,,,,,,
"961167","BRACHYT",,,,,,,,,,,,,,,,,,,,,,,,1.00,,,,,0,-1426014750,,,,,,,,,,,,
"961167","CALACAN",,,,,,,,,,,,,,,,,,,,,,1.00,,,,,,,0,1211788475,,,,,,,,,,,,
"961167","CHAMANG",,,,,,,,,,,,,,,,,,,,,,0.10,,,,,,,0,-139125024,,,,,,,,,,,,
"961167","CORNCAN",,,,,,,,,,,,,,,,,,,,,,1.00,,,,,,,0,-1668043423,,,,,,,,,,,,
"961167","CORNSER",,,,,,,,,,,,,,,,,,,,2.00,,,,,,,,,0,1727701006,,,,,,,,,,,,
"961167","DELPGLA",,,,,,,,,,,,,,,,,,,,,,0.50,,,,,,,0,-2091207049,,,,,,,,,,,,
"961167","EQUIARV",,,,,,,,,,,,,,,,,,,,,,18.00,,,,,,,0,564198636,,,,,,,,,,,,
"961167","EQUISYL",,,,,,,,,,,,,,,,,,,,,,0.10,,,,,,,0,730365309,,,,,,,,,,,,
"961167","FRAGVIR",,,,,,,,,,,,,,,,,,,,,,0.10,,,,,,,0,-168010502,,,,,,,,,,,,
"961167","GALITRF",,,,,,,,,,,,,,,,,,,,,,0.50,,,,,,,0,-714804237,,,,,,,,,,,,
"961167","GEUMMAC",,,,,,,,,,,,,,,,,,,,,,0.50,,,,,,,0,-1280625736,,,,,,,,,,,,
"961167","HERAMAX",,,,,,,,,,,,,,,,,,,,,,0.50,,,,,,,0,-1148229799,,,,,,,,,,,,
"961167","LONIINV",,,,,,,,,,,,,,,,,,,,20.00,,,,,,,,,0,-1471209306,,,,,,,,,,,,
"961167","LYSILAT",,,,,,,,,,,,,,,,,,,,,,0.10,,,,,,,0,415097135,,,,,,,,,,,,
"961167","MERTPAN",,,,,,,,,,,,,,,,,,,,,,2.00,,,,,,,0,-1838100668,,,,,,,,,,,,
"961167","MITENUD",,,,,,,,,,,,,,,,,,,,,,0.50,,,,,,,0,-1794406667,,,,,,,,,,,,
"961167","OSMOBER",,,,,,,,,,,,,,,,,,,,,,0.10,,,,,,,0,1116133138,,,,,,,,,,,,
"961167","PETAFRI3",,,,,,,,,,,,,,,,,,,,,,0.10,,,,,,,0,-1049757141,,,,,,,,,,,,
"961167","PETAFRI4",,,,,,,,,,,,,,,,,,,,,,0.50,,,,,,,0,-1026057328,,,,,,,,,,,,
"961167","PICEGLA",,8.00,,,,,,8.00,,2.00,,,,,,,,,,3.00,,,,,,,,,0,162117713,,,,,,,,,,,,
"961167","PLAGMED",,,,,,,,,,,,,,,,,,,,,,,,1.00,,,,,0,1840131134,,,,,,,,,,,,
"961167","POPUTRI",,5.00,,,,,,5.00,,,,,,,,,,,,,,,,,,,,,0,484276967,,,,,,,,,,,,
"961167","RIBEHUD",,,,,,,,,,,,,,,,,,,,0.10,,,,,,,,,0,-2045107044,,,,,,,,,,,,
"961167","RIBEOXY",,,,,,,,,,,,,,,,,,,,1.00,,,,,,,,,0,712808301,,,,,,,,,,,,
"961167","ROSAACI",,,,,,,,,,,,,,,,,,,,3.00,,,,,,,,,0,-500003798,,,,,,,,,,,,
"961167","RUBUPUB",,,,,,,,,,,,,,,,,,,,,,2.00,,,,,,,0,-447717533,,,,,,,,,,,,
"961167","SALIBEB",,,,,,,,,,3.00,,,,,,,,,,4.00,,,,,,,,,0,-1366051224,,,,,,,,,,,,
"961167","SALIDIS",,,,,,,,,,1.00,,,,,,,,,,1.00,,,,,,,,,0,-136806327,,,,,,,,,,,,
"961167","STREAMP",,,,,,,,,,,,,,,,,,,,,,1.00,,,,,,,0,2039489238,,,,,,,,,,,,
"961167","TANAVUL",,,,,,,,,,,,,,,,,,,,,,0.10,,,,,,,0,-450731105,,,,,,,,,,,,
"961167","VIBUEDU",,,,,,,,,,,,,,,,,,,,1.00,,,,,,,,,0,961305844,,,,,,,,,,,,
"961167","VICIAME",,,,,,,,,,,,,,,,,,,,,,0.50,,,,,,,0,653233893,,,,,,,,,,,,
"9611965","ACTARUB",,,,,,,,,,,,,,,,,,,,,,0.10,,,,,,,0,314432578,,,,,,,,,,,,
"9611965","ALNUINC",,,,,,,,,,40.00,,,,,,,,,,45.00,,,,,,,,,0,633537435,,,,,,,,,,,,
"9611965","ANGEGEN",,,,,,,,,,,,,,,,,,,,,,2.00,,,,,,,0,-129702848,,,,,,,,,,,,
"9611965","ATHYFIL",,,,,,,,,,,,,,,,,,,,,,1.00,,,,,,,0,1496162113,,,,,,,,,,,,
"9611965","BETUPAP",,,,50.00,,,,50.00,,,,,,,,,,,,,,,,,,,,,0,-178690962,,,,,,,,,,,,
"9611965","BRACHYT",,,,,,,,,,,,,,,,,,,,,,,,1.00,,,,,0,-428770473,,,,,,,,,,,,
"9611965","CALACAN",,,,,,,,,,,,,,,,,,,,,,1.00,,,,,,,0,-645736372,,,,,,,,,,,,
"9611967","GYMNDRY",,,,,,,,,,,,,,,,,,,,,,0.10,,,,,,,0,-1623530329,,,,,,,,,,,,
"9611967","HYLOSPL",,,,,,,,,,,,,,,,,,,,,,,,10.00,,,,,0,227031900,,,,,,,,,,,,
"9611967","LINNBOR",,,,,,,,,,,,,,,,,,,,,,3.00,,,,,,,0,-783870163,,,,,,,,,,,,
"9611967","LONIINV",,,,,,,,,,1.00,,,,,,,,,,10.00,,,,,,,,,0,1385267434,,,,,,,,,,,,
"9611967","LYCOANN",,,,,,,,,,,,,,,,,,,,,,2.00,,,,,,,0,1709565219,,,,,,,,,,,,
"9611967","MAIARAC",,,,,,,,,,,,,,,,,,,,,,0.10,,,,,,,0,1325840680,,,,,,,,,,,,
"9611967","MARCPOL",,,,,,,,,,,,,,,,,,,,,,,,0.10,,,,,0,1887992841,,,,,,,,,,,,
"9611967","MITENUD",,,,,,,,,,,,,,,,,,,,,,0.10,,,,,,,0,-55712874,,,,,,,,,,,,
"9611967","OPLOHOR",,,,,,,,,,,,,,,,,,,,3.00,,,,,,,,,0,478791007,,,,,,,,,,,,
"9611967","ORTHSEC",,,,,,,,,,,,,,,,,,,,,,0.10,,,,,,,0,-2008347724,,,,,,,,,,,,
"9611967","OSMORHI",,,,,,,,,,,,,,,,,,,,,,0.10,,,,,,,0,-894122331,,,,,,,,,,,,
"9611967","PETAFRI3",,,,,,,,,,,,,,,,,,,,,,10.00,,,,,,,0,1014966530,,,,,,,,,,,,
"9611967","PETAFRI4",,,,,,,,,,,,,,,,,,,,,,0.10,,,,,,,0,-1749941925,,,,,,,,,,,,
"9611967","PICEENG",,5.00,,16.00,,,,20.00,,,,,,,,,,,,,,,,,,,,,0,1732378368,,,,,,,,,,,,
"9611967","PICEGLA",,,,,,,,,,1.00,,,,,,,,,,1.10,,,,,,,,,0,833868545,,,,,,,,,,,,
"9611967","PLAGMED",,,,,,,,,,,,,,,,,,,,,,,,3.00,,,,,0,-949027538,,,,,,,,,,,,
"9611967","PLEUSCH",,,,,,,,,,,,,,,,,,,,,,,,10.00,,,,,0,-1418078953,,,,,,,,,,,,
"9611967","PYROASA",,,,,,,,,,,,,,,,,,,,,,5.00,,,,,,,0,-1398989044,,,,,,,,,,,,
"9611967","RHIZPSE",,,,,,,,,,,,,,,,,,,,,,,,15.00,,,,,0,142818589,,,,,,,,,,,,
"9611967","RIBEHUD",,,,,,,,,,0.10,,,,,,,,,,0.10,,,,,,,,,0,-566637542,,,,,,,,,,,,
"9611967","ROSAACI",,,,,,,,,,,,,,,,,,,,3.00,,,,,,,,,0,34094227,,,,,,,,,,,,
"9611967","RUBUPAR",,,,,,,,,,,,,,,,,,,,0.10,,,,,,,,,0,1201584088,,,,,,,,,,,,
"9611967","RUBUPUB",,,,,,,,,,,,,,,,,,,,,,20.00,,,,,,,0,-300785415,,,,,,,,,,,,
"9611967","SALISCO",,,,,,,,,,1.00,,,,,,,,,,1.00,,,,,,,,,0,2107294150,,,,,,,,,,,,
"9611967","SANIUNC",,,,,,,,,,,,,,,,,,,,,,,,0.10,,,,,0,835449807,,,,,,,,,,,,
"9611967","SCAPANI",,,,,,,,,,,,,,,,,,,,,,,,0.10,,,,,0,648402276,,,,,,,,,,,,
"9611967","SORBSCO",,,,,,,,,,0.10,,,,,,,,,,0.10,,,,,,,,,0,769546901,,,,,,,,,,,,
"9611967","STREAMP",,,,,,,,,,,,,,,,,,,,,,2.00,,,,,,,0,1370999346,,,,,,,,,,,,
"9611967","SYMPCII",,,,,,,,,,,,,,,,,,,,,,0.10,,,,,,,0,-1887996213,,,,,,,,,,,,
"9611967","VIBUEDU",,,,,,,,,,,,,,,,,,,,1.00,,,,,,,,,0,-2005253200,,,,,,,,,,,,
"9611967","VIOLA",,,,,,,,,,,,,,,,,,,,,,0.10,,,,,,,0,1380845041,,,,,,,,,,,,
"9624781","ALNUINC",,,,,,,,,,8.00,,,,,,,,,,8.00,,,,,,,,,0,407736670,,,,,,,,,,,,
"9624781","ARALNUD",,,,,,,,,,,,,,,,,,,,,,0.10,,,,,,,0,-138608249,,,,,,,,,,,,
"9624781","ATHYFIL",,,,,,,,,,,,,,,,,,,,,,3.00,,,,,,,0,1515753148,,,,,,,,,,,,
"9624781","BRACHYT",,,,,,,,,,,,,,,,,,,,,,,,15.00,,,,,0,1959657229,,,,,,,,,,,,
"9624781","CALACAN",,,,,,,,,,,,,,,,,,,,,,1.00,,,,,,,0,-577010870,,,,,,,,,,,,
"9624781","CAREDIS",,,,,,,,,,,,,,,,,,,,,,5.00,,,,,,,0,-1932881917,,,,,,,,,,,,
"9624781","CHAMANG",,,,,,,,,,,,,,,,,,,,,,0.10,,,,,,,0,-289537400,,,,,,,,,,,,
"9624781","CICUDOU",,,,,,,,,,,,,,,,,,,,,,1.00,,,,,,,0,-1481858583,,,,,,,,,,,,
"9624781","CORNCAN",,,,,,,,,,,,,,,,,,,,,,3.00,,,,,,,0,1074777078,,,,,,,,,,,,
"9624781","CORNSER",,,,,,,,,,,,,,,,,,,,12.00,,,,,,,,,0,595975743,,,,,,,,,,,,
"9624781","DRYOEXP",,,,,,,,,,,,,,,,,,,,,,1.00,,,,,,,0,418687764,,,,,,,,,,,,
"9624781","EPILCIL",,,,,,,,,,,,,,,,,,,,,,0.10,,,,,,,0,-1783231867,,,,,,,,,,,,
"9624781","EQUIARV",,,,,,,,,,,,,,,,,,,,,,8.00,,,,,,,0,-1498196126,,,,,,,,,,,,
"9624781","GALITRF",,,,,,,,,,,,,,,,,,,,,,0.10,,,,,,,0,-595040197,,,,,,,,,,,,
"9624781","GEUMMAC",,,,,,,,,,,,,,,,,,,,,,0.10,,,,,,,0,2036290656,,,,,,,,,,,,
"9624781","GYMNDRY",,,,,,,,,,,,,,,,,,,,,,12.00,,,,,,,0,865080545,,,,,,,,,,,,
"9624781","LINNBOR",,,,,,,,,,,,,,,,,,,,,,0.10,,,,,,,0,374722958,,,,,,,,,,,,
"9624781","LONIINV",,,,,,,,,,,,,,,,,,,,18.00,,,,,,,,,0,618359287,,,,,,,,,,,,
"9624781","MARCPOL",,,,,,,,,,,,,,,,,,,,,,,,0.10,,,,,0,-2038068628,,,,,,,,,,,,
"9624781","MITENUD",,,,,,,,,,,,,,,,,,,,,,3.00,,,,,,,0,517364989,,,,,,,,,,,,
"9624781","PETAFRI",,,,,,,,,,,,,,,,,,,,,,0.10,,,,,,,0,293185146,,,,,,,,,,,,
"9624781","PICEENE",,,,8.00,,1.00,,9.00,,6.00,,,,,,,,,,6.00,,,,,,,,,0,443801459,,,,,,,,,,,,
"9624781","PLAGASP",,,,,,,,,,,,,,,,,,,,,,,,5.00,,,,,0,-1629513416,,,,,,,,,,,,
"9624781","POPUTRE",,,,,,,,,,,,,,,,,,,,0.10,,,,,,,,,0,116801241,,,,,,,,,,,,
"9624781","POPUTRI",,,,,,,,,,,,,,,,,,,,0.10,,,,,,,,,0,-1358953946,,,,,,,,,,,,
"9624781","PYROCHL",,,,,,,,,,,,,,,,,,,,,,0.10,,,,,,,0,275678383,,,,,,,,,,,,
"9624781","RANUACR",,,,,,,,,,,,,,,,,,,,,,0.10,,,,,,,0,794987716,,,,,,,,,,,,
"9624781","RIBEHUD",,,,,,,,,,,,,,,,,,,,5.00,,,,,,,,,0,1003148917,,,,,,,,,,,,
"9624781","ROSAACI",,,,,,,,,,,,,,,,,,,,2.00,,,,,,,,,0,-745221998,,,,,,,,,,,,
"9624781","RUBUPUB",,,,,,,,,,,,,,,,,,,,,,5.00,,,,,,,0,-1358178901,,,,,,,,,,,,
"9624781","SALIPRO",,,,,,,,,,25.00,,,,,,,,,,25.00,,,,,,,,,0,-1161023216,,,,,,,,,,,,
"9624781","SCUTGAL",,,,,,,,,,,,,,,,,,,,,,0.10,,,,,,,0,1039728593,,,,,,,,,,,,
"9624781","STREAMP",,,,,,,,,,,,,,,,,,,,,,0.10,,,,,,,0,970636734,,,,,,,,,,,,
"9624781","VIOLGLA",,,,,,,,,,,,,,,,,,,,,,0.50,,,,,,,0,-345239961,,,,,,,,,,,,
"9624804","ALNUINC",,,,,,,,,,15.00,,,,,,,,,,18.00,,,,,,,,,0,1303319068,,,,,,,,,,,,
"9624804","AMELALN",,,,,,,,,,,,,,,,,,,,1.00,,,,,,,,,0,-318023955,,,,,,,,,,,,
"9624804","BRACHYT",,,,,,,,,,,,,,,,,,,,,,,,3.00,,,,,0,-1252575830,,,,,,,,,,,,
"9624804","CALACAN",,,,,,,,,,,,,,,,,,,,,,5.00,,,,,,,0,-754242845,,,,,,,,,,,,
"9624804","CHAMANG",,,,,,,,,,,,,,,,,,,,,,3.00,,,,,,,0,-1421968408,,,,,,,,,,,,
"9624804","CORNCAN",,,,,,,,,,,,,,,,,,,,,,5.00,,,,,,,0,-1353828407,,,,,,,,,,,,
"9624804","CORNSER",,,,,,,,,,,,,,,,,,,,1.00,,,,,,,,,0,-601988010,,,,,,,,,,,,
"9624804","EQUIARV",,,,,,,,,,,,,,,,,,,,,,0.50,,,,,,,0,-419633377,,,,,,,,,,,,
"9624804","GALITRF",,,,,,,,,,,,,,,,,,,,,,0.20,,,,,,,0,1054505588,,,,,,,,,,,,
"9624804","GYMNDRY",,,,,,,,,,,,,,,,,,,,,,10.00,,,,,,,0,-1351893403,,,,,,,,,,,,
"9624804","HYLOSPL",,,,,,,,,,,,,,,,,,,,,,,,1.00,,,,,0,54474178,,,,,,,,,,,,
"9624804","LATHNEV",,,,,,,,,,,,,,,,,,,,,,2.00,,,,,,,0,-2098675941,,,,,,,,,,,,
"9624804","LINNBOR",,,,,,,,,,,,,,,,,,,,,,0.10,,,,,,,0,-1638147648,,,,,,,,,,,,
"9624804","LONIINV",,,,,,,,,,,,,,,,,,,,10.00,,,,,,,,,0,197641921,,,,,,,,,,,,
"9624804","MITENUD",,,,,,,,,,,,,,,,,,,,,,0.10,,,,,,,0,971986414,,,,,,,,,,,,
"9624804","OPLOHOR",,,,,,,,,,,,,,,,,,,,1.00,,,,,,,,,0,-1949962537,,,,,,,,,,,,
"9624804","ORTHSEC",,,,,,,,,,,,,,,,,,,,,,0.30,,,,,,,0,689972684,,,,,,,,,,,,
"9624804","PETAFRI3",,,,,,,,,,,,,,,,,,,,,,2.00,,,,,,,0,-1818497827,,,,,,,,,,,,
"9624804","PICEENE",,,,10.00,,5.00,,15.00,,6.00,,,,,,,,,,9.00,,,,,,,,,0,-1351143206,,,,,,,,,,,,
"9624804","PLEUSCH",,,,,,,,,,,,,,,,,,,,,,,,3.00,,,,,0,1649898067,,,,,,,,,,,,
"9624804","POPUTRE",,,,10.00,,,,10.00,,,,,,,,,,,,,,,,,,,,,0,265661080,,,,,,,,,,,,
"9624804","POPUTRI",,,,6.00,,,,6.00,,,,,,,,,,,,,,,,,,,,,0,1842580665,,,,,,,,,,,,
"9624804","PTILCRI",,,,,,,,,,,,,,,,,,,,,,,,1.00,,,,,0,-1344408954,,,,,,,,,,,,
"9624804","PYROASA",,,,,,,,,,,,,,,,,,,,,,0.20,,,,,,,0,-714603121,,,,,,,,,,,,
"9624804","RHIZGLB",,,,,,,,,,,,,,,,,,,,,,,,2.00,,,,,0,-788040668,,,,,,,,,,,,
"9624804","RIBELAC",,,,,,,,,,,,,,,,,,,,2.00,,,,,,,,,0,-978861483,,,,,,,,,,,,
"9624804","ROSAACI",,,,,,,,,,,,,,,,,,,,5.00,,,,,,,,,0,592807666,,,,,,,,,,,,
"9624804","RUBUIDA",,,,,,,,,,,,,,,,,,,,2.00,,,,,,,,,0,-1882839925,,,,,,,,,,,,
"9624804","SALISCO",,,,,,10.00,,10.00,,,,,,,,,,,,,,,,,,,,,0,-160870800,,,,,,,,,,,,
"9624804","SPIRDOU",,,,,,,,,,,,,,,,,,,,7.00,,,,,,,,,0,1492871601,,,,,,,,,,,,
"9624804","SYMPCII",,,,,,,,,,,,,,,,,,,,,,0.10,,,,,,,0,1013357086,,,,,,,,,,,,
"9624804","VIBUEDU",,,,,,,,,,,,,,,,,,,,5.00,,,,,,,,,0,1040190279,,,,,,,,,,,,
"Cb13011","Astralp",,,,,,,,,,,,,,,,,,,,,,0.20,,,,,,"0",0,-1629239940,,,,,,,,,,,,
"Cb13011","Cerapur",,,,,,,,,,,,,,,,,,,,,,,,1.00,,,,,0,-2072568115,,,,,,,,,,,,
"Cb13011","Cladarb",,,,,,,,,,,,,,,,,,,,,,,,0.10,,,,"C",0,-1059284982,,,,,,,,,,,,
"Cb13011","Cladunc",,,,,,,,,,,,,,,,,,,,,,,,0.10,,,,,0,1742714307,,,,,,,,,,,,
"Cb13011","Drabalp",,,,,,,,,,,,,,,,,,,,,,0.20,,,,,,"0",0,559949128,,,,,,,,,,,,
"Cb13011","Drabcin",,,,,,,,,,,,,,,,,,,,,,1.00,,,,,,"0",0,694500777,,,,,,,,,,,,
"Cb13011","Drabniv",,,,,,,,,,,,,,,,,,,,,,0.20,,,,,,"1",0,426880182,,,,,,,,,,,,
"Cb13011","Dryaint",,,,,,,,,,,,,,,,,,,,,,0.20,,,,,,"0",0,-1180246017,,,,,,,,,,,,
"Cb13011","FLAVNIV",,,,,,,,,,,,,,,,,,,,,,,,0.20,,,,,0,-732661292,,,,,,,,,,,,
"Cb13011","Oxytarc",,,,,,,,,,,,,,,,,,,,,,3.00,,,,,,"0",0,-1991384507,,,,,,,,,,,,
"Cb13011","Oxytmay",,,,,,,,,,,,,,,,,,,,,,0.20,,,,,,"0",0,339395618,,,,,,,,,,,,
"Cb13011","Oxytnig",,,,,,,,,,,,,,,,,,,,,,0.50,,,,,,"0",0,957023739,,,,,,,,,,,,
"Cb13011","POA_GLA",,,,,,,,,,,,,,,,,,,,,,7.00,,,,,,"1",0,-972058848,,,,,,,,,,,,
"Cb13011","SABURUB",,,,,,,,,,,,,,,,,,,,,,0.20,,,,,,"0",0,-212670303,,,,,,,,,,,,
"Cb13011","Saliarc",,,,,,,,,,,,,,,,,,,,,,3.00,,,,,,"0",0,97749582,,,,,,,,,,,,
"Cb13011","Saxiopp",,,,,,,,,,,,,,,,,,,,,,1.00,,,,,,"0",0,-1578015817,,,,,,,,,,,,
"Cb13011","Saxitri",,,,,,,,,,,,,,,,,,,,,,17.00,,,,,,"0",0,-238751444,,,,,,,,,,,,
"Cb13011","Stellon",,,,,,,,,,,,,,,,,,,,,,0.20,,,,,,"0",0,-548672323,,,,,,,,,,,,
"Cb13011","SYNTRUR",,,,,,,,,,,,,,,,,,,,,,,,1.00,,,,,0,-1253414086,,,,,,,,,,,,
"Cb13011","Thamver",,,,,,,,,,,,,,,,,,,,,,,,1.00,,,,,0,-420809421,,,,,,,,,,,,
"HLB056","CAREX",,,,,,,,,,,,,,,,,,,,,,0.50,,,,,,,0,1029237752,,,,,,,,,,,,
"HLB056","CLADINA",,,,,,,,,,,,,,,,,,,,,,,,16.00,,,,,0,-761116007,,,,,,,,,,,,
"HLB056","CLADONI",,,,,,,,,,,,,,,,,,,,0.50,,,,,,,,,0,1053594342,,,,,,,,,,,,
"HLB056","CORNCAN",,,,,,,,,,,,,,,,,,,,,,4.00,,,,,,,0,-1854900625,,,,,,,,,,,,
"HLB056","EMPENIG",,,,,,,,,,,,,,,,,,,,,,4.00,,,,,,,0,1273793412,,,,,,,,,,,,
"HLB056","GAULSHA",,,,,,,,,,,,,,,,,,,,0.50,,,,,,,,,0,720182837,,,,,,,,,,,,
"HLB056","GENTDOU",,,,,,,,,,,,,,,,,,,,,,0.20,,,,,,,0,-653136558,,,,,,,,,,,,
"HLB056","HYLOSPL",,,,,,,,,,,,,,,,,,,,,,,,4.00,,,,,0,2111726443,,,,,,,,,,,,
"HLB056","KALMMIC",,,,,,,,,,,,,,,,,,,,,,4.00,,,,,,,0,-248931376,,,,,,,,,,,,
"HLB056","LOBALIN",,,,,,,,,,,,,,,,,,,,,,,,0.20,,,,,0,-1437777007,,,,,,,,,,,,
"HLB056","MICRBOR",,,,,,,,,,,,,,,,,,,,,,0.20,,,,,,,0,696854142,,,,,,,,,,,,
"HLB056","MYLITAY",,,,,,,,,,,,,,,,,,,,,,,,2.00,,,,,0,791738407,,,,,,,,,,,,
"HLB056","NEPHCRI",,,,,,,,,,,,,,,,,,,,,,4.00,,,,,,,0,-783374116,,,,,,,,,,,,
"HLB056","PHYLEMP",,,,,,,,,,,,,,,,,,,,,,8.00,,,,,,,0,1636390573,,,,,,,,,,,,
"HLB056","PINUCON",,,,,,0.50,,0.50,,5.00,,,,,,,,,,0.50,,,,,,,,,0,-1824282006,,,,,,,,,,,,
"HLB056","PLEUSCH",,,,,,,,,,,,,,,,,,,,,,,,15.00,,,,,0,-1233112925,,,,,,,,,,,,
"HLB056","RHYTLOR",,,,,,,,,,,,,,,,,,,,,,,,8.00,,,,,0,2046492328,,,,,,,,,,,,
"HLB056","TSUGHET",,,,,,,,,,0.50,,,,,,,,,,2.70,,,,,,,,,0,1407824777,,,,,,,,,,,,
"HLB056","TSUGMER",,,,,,2.00,,2.00,,4.00,,,,,,,,,,8.00,,,,,,,,,0,-1398692586,,,,,,,,,,,,
"HLB056","VACCCAE",,,,,,,,,,,,,,,,,,,,,,4.00,,,,,,,0,-365180705,,,,,,,,,,,,
"HLB056","VACCOVL",,,,,,,,,,,,,,,,,,,,4.00,,,,,,,,,0,-4544204,,,,,,,,,,,,
"HLB056","XANTNOO",,,,,,0.50,,0.50,,4.00,,,,,,,,,,30.00,,,,,,,,,0,-254511579,,,,,,,,,,,,
"L153","ALNUINC",,,,,,,,,,1.00,,,,,,,,,,2.00,,,,,,,,,0,-943848830,,,,,,,,,,,,
"L153","ANEMRIC",,,,,,,,,,,,,,,,,,,,,,1.00,,,,,,,0,1764179163,,,,,,,,,,,,
"L153","BETUPAP",,,,1.00,,,,1.00,,,,,,,,,,,,,,,,,,,,,0,-330140544,,,,,,,,,,,,
"L153","BRYUM",,,,,,,,,,,,,,,,,,,,,,,,1.00,,,,,0,1059682945,,,,,,,,,,,,
"L153","CARECOI",,,,,,,,,,,,,,,,,,,,,,0.50,,,,,,,0,966422190,,,,,,,,,,,,
"L153","CARESTY",,,,,,,,,,,,,,,,,,,,,,1.00,,,,,,,0,-1525299049,,,,,,,,,,,,
"L153","CARETRS",,,,,,,,,,,,,,,,,,,,,,1.00,,,,,,,0,164359308,,,,,,,,,,,,
"L153","CORNCAN",,,,,,,,,,,,,,,,,,,,,,1.00,,,,,,,0,1449024669,,,,,,,,,,,,
"L153","CORNSER",,,,,,,,,,,,,,,,,,,,1.00,,,,,,,,,0,-871672422,,,,,,,,,,,,
"L153","DICRANU",,,,,,,,,,,,,,,,,,,,,,,,1.00,,,,,0,-244946925,,,,,,,,,,,,
"L153","DREPANO",,,,,,,,,,,,,,,,,,,,,,,,1.00,,,,,0,1447124312,,,,,,,,,,,,
"L153","EQUIARV",,,,,,,,,,,,,,,,,,,,,,40.00,,,,,,,0,-2124777351,,,,,,,,,,,,
"L153","EQUISCI",,,,,,,,,,,,,,,,,,,,,,1.00,,,,,,,0,-2040274106,,,,,,,,,,,,
"L153","GALIBOR",,,,,,,,,,,,,,,,,,,,,,1.00,,,,,,,0,1363138383,,,,,,,,,,,,
"L153","GLYCSTR",,,,,,,,,,,,,,,,,,,,,,1.00,,,,,,,0,745132772,,,,,,,,,,,,
"L153","LONICER",,,,,,,,,,,,,,,,,,,,1.00,,,,,,,,,0,655550997,,,,,,,,,,,,
"L153","MITENUD",,,,,,,,,,,,,,,,,,,,,,1.00,,,,,,,0,-1193147470,,,,,,,,,,,,
"L153","MNIUM",,,,,,,,,,,,,,,,,,,,,,,,5.00,,,,,0,-2121493941,,,,,,,,,,,,
"L153","PICEGLA",,,,30.00,,,,30.00,,1.00,,,,,,,,,,1.00,,,,,,,,,0,1826953520,,,,,,,,,,,,
"L153","POPUBAL",,,,10.00,,,,10.00,,,,,,,,,,,,,,,,,,,,,0,1424395633,,,,,,,,,,,,
"L153","ROSAACI",,,,,,,,,,,,,,,,,,,,5.00,,,,,,,,,0,-153460002,,,,,,,,,,,,
"L153","RUBUPUB",,,,,,,,,,,,,,,,,,,,,,5.00,,,,,,,0,2058802439,,,,,,,,,,,,
"L153","VIBUEDU",,,,,,,,,,,,,,,,,,,,1.00,,,,,,,,,0,877116476,,,,,,,,,,,,
"L153","VIOLA",,,,,,,,,,,,,,,,,,,,,,0.50,,,,,,,0,-2034631027,,,,,,,,,,,,
"L185","ABIELAS",,,,,,,,,,1.00,,,,,,,,,,6.00,,,,,,,,,0,1805937866,,,,,,,,,,,,
"L185","ALNUINC",,,,,,,,,,10.00,,,,,,,,,,10.00,,,,,,,,,0,1713675139,,,,,,,,,,,,
"L185","ARALNUD",,,,,,,,,,,,,,,,,,,,,,0.50,,,,,,,0,1776748552,,,,,,,,,,,,
"L185","BETUPAP",,,,,,,,,,1.00,,,,,,,,,,1.00,,,,,,,,,0,148085097,,,,,,,,,,,,
"L185","CINNLAT",,,,,,,,,,,,,,,,,,,,,,0.50,,,,,,,0,-1236906634,,,,,,,,,,,,
"L185","CIRCALP",,,,,,,,,,,,,,,,,,,,,,5.00,,,,,,,0,-1015832129,,,,,,,,,,,,
"L185","CORNCAN",,,,,,,,,,,,,,,,,,,,,,10.00,,,,,,,0,862259348,,,,,,,,,,,,
"L185","CORNSER",,,,,,,,,,,,,,,,,,,,5.00,,,,,,,,,0,259488261,,,,,,,,,,,,
"L185","EQUIARV",,,,,,,,,,,,,,,,,,,,,,20.00,,,,,,,0,937488610,,,,,,,,,,,,
"L185","GALITRD",,,,,,,,,,,,,,,,,,,,,,0.50,,,,,,,0,963994555,,,,,,,,,,,,
"L185","GOODREP",,,,,,,,,,,,,,,,,,,,,,1.00,,,,,,,0,419203552,,,,,,,,,,,,
"L185","HYLOSPL",,,,,,,,,,,,,,,,,,,,,,,,20.00,,,,,0,1615035489,,,,,,,,,,,,
"L185","MITELLA",,,,,,,,,,,,,,,,,,,,,,1.00,,,,,,,0,-2133064946,,,,,,,,,,,,
"L185","MNIUM",,,,,,,,,,,,,,,,,,,,,,,,5.00,,,,,0,1324031351,,,,,,,,,,,,
"L185","ORTHSEC",,,,,,,,,,,,,,,,,,,,,,1.00,,,,,,,0,1720522732,,,,,,,,,,,,
"L185","PELTAPH",,,,,,,,,,,,,,,,,,,,,,,,0.50,,,,,0,692796541,,,,,,,,,,,,
"L185","PICEGLA",,,,40.00,,,,40.00,,,,,,,,,,,,,,,,,,,,,0,1221718010,,,,,,,,,,,,
"L185","PLAGIOT",,,,,,,,,,,,,,,,,,,,,,,,1.00,,,,,0,117558003,,,,,,,,,,,,
"L185","POPUBAL",,,,5.00,,,,5.00,,,,,,,,,,,,,,,,,,,,,0,359071416,,,,,,,,,,,,
"L185","PTILCRI",,,,,,,,,,,,,,,,,,,,,,,,5.00,,,,,0,1643386457,,,,,,,,,,,,
"L185","RHYTTRI",,,,,,,,,,,,,,,,,,,,,,,,10.00,,,,,0,490464166,,,,,,,,,,,,
"L185","ROSAACI",,,,,,,,,,,,,,,,,,,,5.00,,,,,,,,,0,495855663,,,,,,,,,,,,
"L185","RUBUPUB",,,,,,,,,,,,,,,,,,,,,,10.00,,,,,,,0,1255623236,,,,,,,,,,,,
"L185","VIBUEDU",,,,,,,,,,,,,,,,,,,,10.00,,,,,,,,,0,-779016715,,,,,,,,,,,,
"L185","VIOLA",,,,,,,,,,,,,,,,,,,,,,0.50,,,,,,,0,-1294087662,,,,,,,,,,,,
"MAHA05","ABIEAMA",,,,,,,,,,0.50,,,,,,,,,,1.40,,,,,,,,,0,1594405163,,,,,,,,,,,,
"MAHA05","CARENIG",,,,,,,,,,,,,,,,,,,,,,2.00,,,,,,,0,930334352,,,,,,,,,,,,
"MAHA05","CAREOBN",,,,,,,,,,,,,,,,,,,,,,0.50,,,,,,,0,-1749072047,,,,,,,,,,,,
"MAHA05","CLADINA",,,,,,,,,,,,,,,,,,,,,,,,4.00,,,,,0,-2047717570,,,,,,,,,,,,
"MAHA05","COPTASP",,,,,,,,,,,,,,,,,,,,,,0.50,,,,,,,0,1481220583,,,,,,,,,,,,
"MAHA05","CORNCAN",,,,,,,,,,,,,,,,,,,,,,2.00,,,,,,,0,-483983460,,,,,,,,,,,,
"MAHA05","DICRPAI",,,,,,,,,,,,,,,,,,,,,,,,4.00,,,,,0,-763292051,,,,,,,,,,,,
"MAHA05","HYLOSPL",,,,,,,,,,,,,,,,,,,,,,,,2.00,,,,,0,890691370,,,,,,,,,,,,
"MAHA05","NEPHCRI",,,,,,,,,,,,,,,,,,,,,,2.00,,,,,,,0,1510274659,,,,,,,,,,,,
"MAHA05","PHYLEMP",,,,,,,,,,,,,,,,,,,,,,42.00,,,,,,,0,838615400,,,,,,,,,,,,
"MAHA05","RHYTLOR",,,,,,,,,,,,,,,,,,,,,,,,15.00,,,,,0,-1105531063,,,,,,,,,,,,
"MAHA05","RUBUPED",,,,,,,,,,,,,,,,,,,,,,2.00,,,,,,,0,-1023957546,,,,,,,,,,,,
"MAHA05","SPHAGIR",,,,,,,,,,,,,,,,,,,,,,,,15.00,,,,,0,-1945736545,,,,,,,,,,,,
"MAHA05","STRUSPI",,,,,,,,,,,,,,,,,,,,,,0.50,,,,,,,0,766220276,,,,,,,,,,,,
"MAHA05","TSUGHET",,,,,,0.20,,0.20,,0.20,,,,,,,,,,0.20,,,,,,,,,0,1789849061,,,,,,,,,,,,
"MAHA05","TSUGMER",,,,,,4.00,,4.00,,4.00,,,,,,,,,,8.00,,,,,,,,,0,-1430548670,,,,,,,,,,,,
"MAHA05","VACCALA",,,,,,,,,,,,,,,,,,,,4.00,,,,,,,,,0,-1943176549,,,,,,,,,,,,
"MAHA05","VACCCAE",,,,,,,,,,,,,,,,,,,,,,4.00,,,,,,,0,1608896320,,,,,,,,,,,,
"MAHA05","VACCDEL",,,,,,,,,,,,,,,,,,,,8.00,,,,,,,,,0,-476516799,,,,,,,,,,,,
"R0126","MERTPAN",,,,,,,,,,,,,,,,,,,,,,5.00,,,,,,,0,1686735458,,,,,,,,,,,,
"R0126","MITENUD",,,,,,,,,,,,,,,,,,,,,,2.00,,,,,,,0,1828806459,,,,,,,,,,,,
"R0126","PETAFRI3",,,,,,,,,,,,,,,,,,,,,,5.00,,,,,,,0,1284292448,,,,,,,,,,,,
"R0126","PICEGLA",,,,35.00,,,,35.00,,,,,,,,,,,,,,,,,,,,,0,-525474847,,,,,,,,,,,,
"R0126","PLAGELL",,,,,,,,,,,,,,,,,,,,,,,,0.10,,,,,0,210580622,,,,,,,,,,,,
"R0126","PLAGMED",,,,,,,,,,,,,,,,,,,,,,,,20.00,,,,,0,-276180745,,,,,,,,,,,,
"R0126","POLEACU",,,,,,,,,,,,,,,,,,,,,,0.10,,,,,,,0,-1749572244,,,,,,,,,,,,
"R0126","PTILCRI",,,,,,,,,,,,,,,,,,,,,,,,5.00,,,,,0,-387507203,,,,,,,,,,,,
"R0126","PYROASA",,,,,,,,,,,,,,,,,,,,,,0.10,,,,,,,0,1644509562,,,,,,,,,,,,
"R0126","RHODGRO",,,,,,,,,,,,,,,,,,,,8.00,,,,,,,,,0,1762571891,,,,,,,,,,,,
"R0126","RIBELAC",,,,,,,,,,,,,,,,,,,,2.00,,,,,,,,,0,1296131128,,,,,,,,,,,,
"R0126","RIBETRI",,,,,,,,,,,,,,,,,,,,1.00,,,,,,,,,0,1250487769,,,,,,,,,,,,
"R0126","ROSAACI",,,,,,,,,,,,,,,,,,,,1.00,,,,,,,,,0,419611942,,,,,,,,,,,,
"R0126","RUBUIDA",,,,,,,,,,,,,,,,,,,,0.10,,,,,,,,,0,-300102737,,,,,,,,,,,,
"R0126","SALIBEB",,,,,,,,,,,,,,,,,,,,2.00,,,,,,,,,0,2060388292,,,,,,,,,,,,
"R0126","SALIPSE",,,,,,,,,,,,,,,,,,,,0.10,,,,,,,,,0,-1268877963,,,,,,,,,,,,
"R0126","SHEPCAN",,,,,,,,,,,,,,,,,,,,5.00,,,,,,,,,0,1717683090,,,,,,,,,,,,
"R0126","TOMENIT",,,,,,,,,,,,,,,,,,,,,,,,0.10,,,,,0,1600425131,,,,,,,,,,,,
"R0126","VACCVIT",,,,,,,,,,,,,,,,,,,,,,3.00,,,,,,,0,785275920,,,,,,,,,,,,
"R0126","VIBUEDU",,,,,,,,,,,,,,,,,,,,2.00,,,,,,,,,0,1425837777,,,,,,,,,,,,
"R3027","ALNUINC",,,,,,,,,,1.00,,,,,,,,,,8.00,,,,,,,,,0,938795198,,,,,,,,,,,,
"R3027","ARCTLAT",,,,,,,,,,,,,,,,,,,,,,0.10,,,,,,,0,-780782233,,,,,,,,,,,,
"R3027","ARTETIL",,,,,,,,,,,,,,,,,,,,,,0.10,,,,,,,0,-1669206756,,,,,,,,,,,,
"R3027","CORNCAN",,,,,,,,,,,,,,,,,,,,,,7.00,,,,,,,0,-119679507,,,,,,,,,,,,
"R3027","CYPRIPE",,,,,,,,,,,,,,,,,,,,,,0.10,,,,,,,0,-1485731670,,,,,,,,,,,,
"R3027","DELPGLA",,,,,,,,,,,,,,,,,,,,,,0.10,,,,,,,0,-935476765,,,,,,,,,,,,
"R3027","EQUIPRA",,,,,,,,,,,,,,,,,,,,,,5.00,,,,,,,0,-120781080,,,,,,,,,,,,
"R3027","HYLOSPL",,,,,,,,,,,,,,,,,,,,,,,,40.00,,,,,0,574531273,,,,,,,,,,,,
"R3027","LINNBOR",,,,,,,,,,,,,,,,,,,,,,10.00,,,,,,,0,-736368810,,,,,,,,,,,,
"R3027","MERTPAN",,,,,,,,,,,,,,,,,,,,,,2.00,,,,,,,0,37678623,,,,,,,,,,,,
"R3027","MITENUD",,,,,,,,,,,,,,,,,,,,,,1.00,,,,,,,0,465548660,,,,,,,,,,,,
"R3027","ORTHSEC",,,,,,,,,,,,,,,,,,,,,,4.00,,,,,,,0,918101349,,,,,,,,,,,,
"R3027","OSMORHI",,,,,,,,,,,,,,,,,,,,,,0.10,,,,,,,0,254994626,,,,,,,,,,,,
"R3027","PELTAPH",,,,,,,,,,,,,,,,,,,,,,,,0.10,,,,,0,1334916635,,,,,,,,,,,,
"R3027","PETAFRI3",,,,,,,,,,,,,,,,,,,,,,2.00,,,,,,,0,-1293761344,,,,,,,,,,,,
"R3027","PICEGLA",,,,50.00,,,,50.00,,2.00,,,,,,,,,,7.00,,,,,,,,,0,-1633610303,,,,,,,,,,,,
"R3027","PLAGMED",,,,,,,,,,,,,,,,,,,,,,,,1.00,,,,,0,119290094,,,,,,,,,,,,
"R3027","PLEUSCH",,,,,,,,,,,,,,,,,,,,,,,,13.00,,,,,0,-1331964457,,,,,,,,,,,,
"R3027","PTILCRI",,,,,,,,,,,,,,,,,,,,,,,,40.00,,,,,0,-1874607924,,,,,,,,,,,,
"R3027","RHYTTRI",,,,,,,,,,,,,,,,,,,,,,,,2.00,,,,,0,1914711005,,,,,,,,,,,,
"R3027","RIBELAC",,,,,,,,,,,,,,,,,,,,3.00,,,,,,,,,0,1565541338,,,,,,,,,,,,
"R3027","RIBETRI",,,,,,,,,,,,,,,,,,,,1.00,,,,,,,,,0,-1198405293,,,,,,,,,,,,
"R3027","ROSAACI",,,,,,,,,,,,,,,,,,,,0.10,,,,,,,,,0,1648424344,,,,,,,,,,,,
"R3027","RUBUPUB",,,,,,,,,,,,,,,,,,,,,,1.00,,,,,,,0,269597625,,,,,,,,,,,,
"R3027","SALIX",,,,,,,,,,,,,,,,,,,,2.00,,,,,,,,,0,-754567802,,,,,,,,,,,,
"R3027","VIBUEDU",,,,,,,,,,,,,,,,,,,,5.00,,,,,,,,,0,-273822577,,,,,,,,,,,,
"8229723","MITENUD",,,,,,,,,,,,,,,,,,,,,,3.00,,,,,,,0,1551309978,,,,,,,,,,,,
"8229723","MNIUM",,,,,,,,,,,,,,,,,,,,,,,,2.00,,,,,0,-383622381,,,,,,,,,,,,
"8229723","NEOTCOR",,,,,,,,,,,,,,,,,,,,,,0.10,,,,,,,0,-2050065320,,,,,,,,,,,,
"8229723","ORTHSEC",,,,,,,,,,,,,,,,,,,,,,0.10,,,,,,,0,1728244601,,,,,,,,,,,,
"8229723","PELTAPH",,,,,,,,,,,,,,,,,,,,,,,,0.10,,,,,0,-61728186,,,,,,,,,,,,
"8229723","PETAFRI3",,,,,,,,,,,,,,,,,,,,,,0.10,,,,,,,0,-779517361,,,,,,,,,,,,
"8229723","PICEGLA",,4.00,,10.00,,10.00,,23.00,,,,,,,,,,,,,,,,,,,,,0,-1459691036,,,,,,,,,,,,
"8229723","PLATANT",,,,,,,,,,,,,,,,,,,,,,0.10,,,,,,,0,-1195340523,,,,,,,,,,,,
"8229723","PLEUSCH",,,,,,,,,,,,,,,,,,,,,,,,15.00,,,,,0,349809330,,,,,,,,,,,,
"8229723","PTILCRI",,,,,,,,,,,,,,,,,,,,,,,,3.00,,,,,0,-333517493,,,,,,,,,,,,
"8229723","PYROASA",,,,,,,,,,,,,,,,,,,,,,0.10,,,,,,,0,1717639216,,,,,,,,,,,,
"8229723","RANUNCU",,,,,,,,,,,,,,,,,,,,,,0.10,,,,,,,0,1456234609,,,,,,,,,,,,
"8229723","RIBELAC",,,,,,,,,,,,,,,,,,,,2.00,,,,,,,,,0,-2016249378,,,,,,,,,,,,
"8229723","RIBETRI",,,,,,,,,,,,,,,,,,,,1.00,,,,,,,,,0,-1694703609,,,,,,,,,,,,
"8229723","ROSAACI",,,,,,,,,,,,,,,,,,,,0.10,,,,,,,,,0,-1904628932,,,,,,,,,,,,
"8229723","RUBUPUB",,,,,,,,,,,,,,,,,,,,,,0.50,,,,,,,0,-29687411,,,,,,,,,,,,
"8229723","SALIBEB",,,,,,,,,,,,,,,,,,,,2.00,,,,,,,,,0,369357770,,,,,,,,,,,,
"8229723","SALIX",,,,,,,,,,,,,,,,,,,,0.50,,,,,,,,,0,-331786621,,,,,,,,,,,,
"8229723","SPHACAI",,,,,,,,,,,,,,,,,,,,,,,,0.10,,,,,0,1536026376,,,,,,,,,,,,
"8229723","TOMENIT",,,,,,,,,,,,,,,,,,,,,,,,0.50,,,,,0,797101161,,,,,,,,,,,,
"8229723","VACCMEM",,,,,,,,,,,,,,,,,,,,0.10,,,,,,,,,0,-1427880842,,,,,,,,,,,,
"8229723","VIBUEDU",,,,,,,,,,,,,,,,,,,,0.10,,,,,,,,,0,1864502463,,,,,,,,,,,,
"8428935","ABIELAS",,90.00,,,,,,90.00,,10.00,,,,,,,,,,15.00,,,,,,,,,0,-718284908,,,,,,,,,,,,
"8428935","ABIEMAG1",,30.00,,,,,,30.00,,,,,,,,,,,,,,,,,,,,,0,1981275397,,,,,,,,,,,,
"8428935","ACTARUB",,,,,,,,,,,,,,,,,,,,,,1.00,,,,,,,0,453269474,,,,,,,,,,,,
"8428935","ARNICOR",,,,,,,,,,,,,,,,,,,,,,0.50,,,,,,,0,-1254588741,,,,,,,,,,,,
"8428935","ASTRAME",,,,,,,,,,,,,,,,,,,,,,0.50,,,,,,,0,-460699424,,,,,,,,,,,,
"8428935","BRACHYT",,,,,,,,,,,,,,,,,,,,,,,,5.00,,,,,0,1103630177,,,,,,,,,,,,
"8428935","CHAMANG",,,,,,,,,,,,,,,,,,,,,,0.50,,,,,,,0,20699662,,,,,,,,,,,,
"8428935","CORNCAN",,,,,,,,,,,,,,,,,,,,,,5.00,,,,,,,0,-1158813577,,,,,,,,,,,,
"8428935","DELPGLA",,,,,,,,,,,,,,,,,,,,,,1.00,,,,,,,0,-1519597844,,,,,,,,,,,,
"8428935","EQUIARV",,,,,,,,,,,,,,,,,,,,,,65.00,,,,,,,0,-304676995,,,,,,,,,,,,
"8428935","EQUIPRA",,,,,,,,,,,,,,,,,,,,,,1.00,,,,,,,0,647313146,,,,,,,,,,,,
"8428935","EQUISCI",,,,,,,,,,,,,,,,,,,,,,0.50,,,,,,,0,874464755,,,,,,,,,,,,
"8428935","EURYCON",,,,,,,,,,,,,,,,,,,,,,1.00,,,,,,,0,1075289528,,,,,,,,,,,,
"8428935","FRAGVIR",,,,,,,,,,,,,,,,,,,,,,2.00,,,,,,,0,1373243737,,,,,,,,,,,,
"8428935","GALITRF",,,,,,,,,,,,,,,,,,,,,,0.10,,,,,,,0,-1594254682,,,,,,,,,,,,
"8428935","HYLOSPL",,,,,,,,,,,,,,,,,,,,,,,,10.00,,,,,0,2018595631,,,,,,,,,,,,
"8428935","LATHOCH",,,,,,,,,,,,,,,,,,,,,,0.50,,,,,,,0,1472715076,,,,,,,,,,,,
"8428935","LEYMINN",,,,,,,,,,,,,,,,,,,,,,3.00,,,,,,,0,-128694027,,,,,,,,,,,,
"8428935","LINNBOR",,,,,,,,,,,,,,,,,,,,,,1.00,,,,,,,0,-1801653998,,,,,,,,,,,,
"8428935","MERTPAN",,,,,,,,,,,,,,,,,,,,,,5.00,,,,,,,0,-1968403413,,,,,,,,,,,,
"8428935","MITENUD",,,,,,,,,,,,,,,,,,,,,,3.00,,,,,,,0,-637319792,,,,,,,,,,,,
"8428935","MNIUM",,,,,,,,,,,,,,,,,,,,,,,,5.00,,,,,0,-686646703,,,,,,,,,,,,
"8428935","MONEUNI",,,,,,,,,,,,,,,,,,,,,,0.50,,,,,,,0,1143596606,,,,,,,,,,,,
"8428935","ORTHSEC",,,,,,,,,,,,,,,,,,,,,,1.00,,,,,,,0,2042178791,,,,,,,,,,,,
"8428935","OSMOBER",,,,,,,,,,,,,,,,,,,,,,1.00,,,,,,,0,-1163628900,,,,,,,,,,,,
"8428935","PETAFRI3",,,,,,,,,,,,,,,,,,,,,,5.00,,,,,,,0,625449325,,,,,,,,,,,,
"8428935","PICEENE",,3.00,,20.00,,1.00,,24.00,,3.00,,,,,,,,,,6.00,,,,,,,,,0,-609360342,,,,,,,,,,,,
"8428935","PINUCON",,,,,,1.00,,1.00,,5.00,,,,,,,,,,,,,,,,,,,0,316354915,,,,,,,,,,,,
"8428935","PLATOBT",,,,,,,,,,,,,,,,,,,,,,0.10,,,,,,,0,-391733144,,,,,,,,,,,,
"8428935","POPUBAL",,,,5.00,,,,5.00,,,,,,,,,,,,,,,,,,,,,0,-1419271607,,,,,,,,,,,,
"8428935","PTILCRI",,,,,,,,,,,,,,,,,,,,,,,,15.00,,,,,0,574954710,,,,,,,,,,,,
"8428935","RIBELAC",,,,,,,,,,,,,,,,,,,,3.00,,,,,,,,,0,-1517398625,,,,,,,,,,,,
"8428935","RIBETRI",,,,,,,,,,,,,,,,,,,,10.00,,,,,,,,,0,-2018384140,,,,,,,,,,,,
"8428935","ROSAACI",,,,,,,,,,,,,,,,,,,,2.00,,,,,,,,,0,-1463496475,,,,,,,,,,,,
"8428935","RUBUARC",,,,,,,,,,,,,,,,,,,,,,0.10,,,,,,,0,-24742334,,,,,,,,,,,,
"8428935","SALIX",,,,,,,,,,,,,,,,,,,,0.50,,,,,,,,,0,1382159771,,,,,,,,,,,,
"8428935","VIBUEDU",,,,,,,,,,,,,,,,,,,,1.00,,,,,,,,,0,979832384,,,,,,,,,,,,
"8428942","ABIELAS",,,,,,,,,,3.00,,,,,,,,,,11.00,,,,,,,,,0,720044353,,,,,,,,,,,,
"8428942","ACHIMIL",,,,,,,,,,,,,,,,,,,,,,1.00,,,,,,,0,2041552494,,,,,,,,,,,,
"8428942","ACONDEL",,,,,,,,,,,,,,,,,,,,,,0.50,,,,,,,0,565554519,,,,,,,,,,,,
"8428942","ARNICOR",,,,,,,,,,,,,,,,,,,,,,1.00,,,,,,,0,158048844,,,,,,,,,,,,
"8428942","BETUNAN",,,,,,,,,,,,,,,,,,,,1.00,,,,,,,,,0,1924910941,,,,,,,,,,,,
"8428942","CALACAN",,,,,,,,,,,,,,,,,,,,,,6.00,,,,,,,0,-1383005862,,,,,,,,,,,,
"8428942","CHAMANG",,,,,,,,,,,,,,,,,,,,,,0.50,,,,,,,0,-567011117,,,,,,,,,,,,
"8428942","CORNCAN",,,,,,,,,,,,,,,,,,,,,,2.00,,,,,,,0,859172632,,,,,,,,,,,,
"8428942","DELPGLA",,,,,,,,,,,,,,,,,,,,,,0.50,,,,,,,0,-1018521799,,,,,,,,,,,,
"8428942","EQUIARV",,,,,,,,,,,,,,,,,,,,,,35.00,,,,,,,0,-918959354,,,,,,,,,,,,
"8428942","EQUISCI",,,,,,,,,,,,,,,,,,,,,,1.00,,,,,,,0,1863324687,,,,,,,,,,,,
"8428942","HERAMAX",,,,,,,,,,,,,,,,,,,,,,1.00,,,,,,,0,-258408284,,,,,,,,,,,,
"8428942","LEYMINN",,,,,,,,,,,,,,,,,,,,,,4.00,,,,,,,0,-1233619755,,,,,,,,,,,,
"8428942","LINNBOR",,,,,,,,,,,,,,,,,,,,,,0.10,,,,,,,0,409200498,,,,,,,,,,,,
"8428942","MERTPAN",,,,,,,,,,,,,,,,,,,,,,10.00,,,,,,,0,771758859,,,,,,,,,,,,
"8428942","MITENUD",,,,,,,,,,,,,,,,,,,,,,2.00,,,,,,,0,-99573008,,,,,,,,,,,,
"8428942","MONEUNI",,,,,,,,,,,,,,,,,,,,,,0.10,,,,,,,0,-212843471,,,,,,,,,,,,
"8428942","OSMODEP",,,,,,,,,,,,,,,,,,,,,,0.10,,,,,,,0,-1180695906,,,,,,,,,,,,
"8428942","PELTAPH",,,,,,,,,,,,,,,,,,,,,,,,0.50,,,,,0,1962568135,,,,,,,,,,,,
"8428942","PELTCIN",,,,,,,,,,,,,,,,,,,,,,,,0.50,,,,,0,1506632188,,,,,,,,,,,,
"8428942","PETAFRI3",,,,,,,,,,,,,,,,,,,,,,1.00,,,,,,,0,-501046963,,,,,,,,,,,,
"8428942","PICEENE",,,,20.00,,3.00,,23.00,,1.00,,,,,,,,,,1.00,,,,,,,,,0,1866565770,,,,,,,,,,,,
"8428942","PLEUSCH",,,,,,,,,,,,,,,,,,,,,,,,80.00,,,,,0,1605434435,,,,,,,,,,,,
"8428942","POA_PAL",,,,,,,,,,,,,,,,,,,,,,1.00,,,,,,,0,-696219192,,,,,,,,,,,,
"8428942","POLEACU",,,,,,,,,,,,,,,,,,,,,,1.00,,,,,,,0,-1167988695,,,,,,,,,,,,
"8428942","PTILCRI",,,,,,,,,,,,,,,,,,,,,,,,15.00,,,,,0,-1224039114,,,,,,,,,,,,
"8428942","RIBELAC",,,,,,,,,,,,,,,,,,,,2.00,,,,,,,,,0,2093846143,,,,,,,,,,,,
"8428942","RIBES",,,,,,,,,,,,,,,,,,,,1.00,,,,,,,,,0,48768596,,,,,,,,,,,,
"8428942","RIBETRI",,,,,,,,,,,,,,,,,,,,5.00,,,,,,,,,0,104740037,,,,,,,,,,,,
"8428942","RUBUARC",,,,,,,,,,,,,,,,,,,,,,0.10,,,,,,,0,345523362,,,,,,,,,,,,
"8428942","RUBUPUB",,,,,,,,,,,,,,,,,,,,,,0.50,,,,,,,0,-353526661,,,,,,,,,,,,
"8428942","SALIBAC",,,,,,,,,,,,,,,,,,,,8.00,,,,,,,,,0,-1105525856,,,,,,,,,,,,
"8428942","SENETRI",,,,,,,,,,,,,,,,,,,,,,1.00,,,,,,,0,2013356833,,,,,,,,,,,,
"8428942","THALOCC",,,,,,,,,,,,,,,,,,,,,,0.50,,,,,,,0,982389454,,,,,,,,,,,,
"8428942","VACCMEM",,,,,,,,,,,,,,,,,,,,1.00,,,,,,,,,0,492724791,,,,,,,,,,,,
"8428963","ABIELAS",,,,,,,,,,0.50,,,,,,,,,,0.50,,,,,,,,,0,-1332433492,,,,,,,,,,,,
"8428963","ACONDEL",,,,,,,,,,,,,,,,,,,,,,0.10,,,,,,,0,-1389686979,,,,,,,,,,,,
"8428963","ARNICOR",,,,,,,,,,,,,,,,,,,,,,0.50,,,,,,,0,2122480570,,,,,,,,,,,,
"8428963","ARNILAT",,,,,,,,,,,,,,,,,,,,,,0.10,,,,,,,0,1150868403,,,,,,,,,,,,
"8428963","CHAMANG",,,,,,,,,,,,,,,,,,,,,,5.00,,,,,,,0,302084216,,,,,,,,,,,,
"8428963","CORNCAN",,,,,,,,,,,,,,,,,,,,,,15.00,,,,,,,0,994874649,,,,,,,,,,,,
"8428963","DELPGLA",,,,,,,,,,,,,,,,,,,,,,1.00,,,,,,,0,-1012225178,,,,,,,,,,,,
"8428963","EPILOBI",,,,,,,,,,,,,,,,,,,,,,0.10,,,,,,,0,377341167,,,,,,,,,,,,
"8428963","EQUIARV",,,,,,,,,,,,,,,,,,,,,,20.00,,,,,,,0,-1010149372,,,,,,,,,,,,
"8428963","EQUISCI",,,,,,,,,,,,,,,,,,,,,,20.00,,,,,,,0,581243061,,,,,,,,,,,,
"8428963","FRAGVIR",,,,,,,,,,,,,,,,,,,,,,6.00,,,,,,,0,-934900270,,,,,,,,,,,,
"8428963","GALIBOR",,,,,,,,,,,,,,,,,,,,,,0.10,,,,,,,0,1917950443,,,,,,,,,,,,
"8428963","GALITRD",,,,,,,,,,,,,,,,,,,,,,0.10,,,,,,,0,-1939787696,,,,,,,,,,,,
"8428963","HYLOSPL",,,,,,,,,,,,,,,,,,,,,,,,15.00,,,,,0,-2105713135,,,,,,,,,,,,
"8428963","JUNICOM",,,,,,,,,,,,,,,,,,,,1.00,,,,,,,,,0,-2117284098,,,,,,,,,,,,
"8428963","LATHOCH",,,,,,,,,,,,,,,,,,,,,,1.00,,,,,,,0,477664935,,,,,,,,,,,,
"8428963","LEYMINN",,,,,,,,,,,,,,,,,,,,,,20.00,,,,,,,0,-11762340,,,,,,,,,,,,
"8428963","LINNBOR",,,,,,,,,,,,,,,,,,,,,,4.00,,,,,,,0,725883181,,,,,,,,,,,,
"8428963","MERTPAN",,,,,,,,,,,,,,,,,,,,,,25.00,,,,,,,0,-204023062,,,,,,,,,,,,
"8428963","MITENUD",,,,,,,,,,,,,,,,,,,,,,2.00,,,,,,,0,-1913473245,,,,,,,,,,,,
"8428963","ORTHSEC",,,,,,,,,,,,,,,,,,,,,,0.10,,,,,,,0,1576248104,,,,,,,,,,,,
"8428963","OSMOBER",,,,,,,,,,,,,,,,,,,,,,0.10,,,,,,,0,1785306633,,,,,,,,,,,,
"8428963","PETAFRI3",,,,,,,,,,,,,,,,,,,,,,2.00,,,,,,,0,-1379082858,,,,,,,,,,,,
"8428963","PICEGLA",,,,14.00,,8.00,,22.00,,5.00,,,,,,,,,,5.00,,,,,,,,,0,-1818773665,,,,,,,,,,,,
"8428963","PLEUSCH",,,,,,,,,,,,,,,,,,,,,,,,80.00,,,,,0,2099942836,,,,,,,,,,,,
"8428963","PTILCRI",,,,,,,,,,,,,,,,,,,,,,,,5.00,,,,,0,737937573,,,,,,,,,,,,
"8428963","PYROCHL",,,,,,,,,,,,,,,,,,,,,,0.10,,,,,,,0,-615398654,,,,,,,,,,,,
"8428963","RIBELAC",,,,,,,,,,,,,,,,,,,,1.00,,,,,,,,,0,957551451,,,,,,,,,,,,
"8428963","RIBETRI",,,,,,,,,,,,,,,,,,,,1.00,,,,,,,,,0,2071865600,,,,,,,,,,,,
"8428963","ROSAACI",,,,,,,,,,,,,,,,,,,,3.00,,,,,,,,,0,1308833025,,,,,,,,,,,,
"8428963","RUBUARC",,,,,,,,,,,,,,,,,,,,,,0.50,,,,,,,0,-1821427922,,,,,,,,,,,,
"8428963","SALIMYR",,,,,,,,,,,,,,,,,,,,4.00,,,,,,,,,0,1000343319,,,,,,,,,,,,
"8428963","SHEPCAN",,,,,,,,,,,,,,,,,,,,2.00,,,,,,,,,0,-734009076,,,,,,,,,,,,
"8428963","SYMPCII",,,,,,,,,,,,,,,,,,,,,,0.10,,,,,,,0,-1046692067,,,,,,,,,,,,
"8428963","THALOCC",,,,,,,,,,,,,,,,,,,,,,0.50,,,,,,,0,-763255270,,,,,,,,,,,,
"8428970","ABIELAS",,,,0.10,,5.00,,5.00,,5.00,,,,,,,,,,10.00,,,,,,,,,0,8752787,,,,,,,,,,,,
"8428970","ARNICOR",,,,,,,,,,,,,,,,,,,,,,0.50,,,,,,,0,458367448,,,,,,,,,,,,
"8428970","ASTRAME",,,,,,,,,,,,,,,,,,,,,,0.50,,,,,,,0,-707263751,,,,,,,,,,,,
"8428970","CHAMANG",,,,,,,,,,,,,,,,,,,,,,0.50,,,,,,,0,1256471494,,,,,,,,,,,,
"8428970","CORNCAN",,,,,,,,,,,,,,,,,,,,,,10.00,,,,,,,0,-883792433,,,,,,,,,,,,
"8428970","DELPGLA",,,,,,,,,,,,,,,,,,,,,,0.50,,,,,,,0,1840504676,,,,,,,,,,,,
"8428970","EQUIARV",,,,,,,,,,,,,,,,,,,,,,15.00,,,,,,,0,-934142827,,,,,,,,,,,,
"8428970","EQUISCI",,,,,,,,,,,,,,,,,,,,,,10.00,,,,,,,0,-128129998,,,,,,,,,,,,
"8428970","GENTPRS",,,,,,,,,,,,,,,,,,,,,,0.50,,,,,,,0,-1344730933,,,,,,,,,,,,
"8428970","GOODREP",,,,,,,,,,,,,,,,,,,,,,0.50,,,,,,,0,1657597360,,,,,,,,,,,,
"8428970","HYLOSPL",,,,,,,,,,,,,,,,,,,,,,,,10.00,,,,,0,2006050801,,,,,,,,,,,,
"8428970","LEYMINN",,,,,,,,,,,,,,,,,,,,,,10.00,,,,,,,0,575163230,,,,,,,,,,,,
"8428970","LINNBOR",,,,,,,,,,,,,,,,,,,,,,5.00,,,,,,,0,2079044487,,,,,,,,,,,,
"8428970","MERTPAN",,,,,,,,,,,,,,,,,,,,,,5.00,,,,,,,0,175757500,,,,,,,,,,,,
"8428970","MITENUD",,,,,,,,,,,,,,,,,,,,,,5.00,,,,,,,0,-752615155,,,,,,,,,,,,
"8428970","MONEUNI",,,,,,,,,,,,,,,,,,,,,,0.50,,,,,,,0,948297034,,,,,,,,,,,,
"8428970","NEOTBAN",,,,,,,,,,,,,,,,,,,,,,0.50,,,,,,,0,-1797758461,,,,,,,,,,,,
"8428970","ORTHSEC",,,,,,,,,,,,,,,,,,,,,,0.50,,,,,,,0,1138224264,,,,,,,,,,,,
"8428970","OSMODEP",,,,,,,,,,,,,,,,,,,,,,0.50,,,,,,,0,1702282217,,,,,,,,,,,,
"8428970","PELTIGE",,,,,,,,,,,,,,,,,,,,,,,,0.50,,,,,0,-1222392330,,,,,,,,,,,,
"8428970","PETAFRI3",,,,,,,,,,,,,,,,,,,,,,5.00,,,,,,,0,-2069573569,,,,,,,,,,,,
"8428970","PICEENG",,,,30.00,,16.00,,46.00,,,,,,,,,,,,1.00,,,,,,,,,0,2026976532,,,,,,,,,,,,
"8428970","PINUCON",,0.10,,0.10,,,,0.10,,5.00,,,,,,,,,,,,,,,,,,,0,326519941,,,,,,,,,,,,
"8428970","PLAGMED",,,,,,,,,,,,,,,,,,,,,,,,0.50,,,,,0,-53808798,,,,,,,,,,,,
"8428970","PLEUSCH",,,,,,,,,,,,,,,,,,,,,,,,0.50,,,,,0,-1291158981,,,,,,,,,,,,
"8428970","PTILCRI",,,,,,,,,,,,,,,,,,,,,,,,50.00,,,,,0,-1972863392,,,,,,,,,,,,
"8428970","RIBELAC",,,,,,,,,,,,,,,,,,,,2.00,,,,,,,,,0,-303532319,,,,,,,,,,,,
"8428970","RIBETRI",,,,,,,,,,,,,,,,,,,,5.00,,,,,,,,,0,-1075115122,,,,,,,,,,,,
"8428970","ROSAACI",,,,,,,,,,,,,,,,,,,,3.00,,,,,,,,,0,-2043503625,,,,,,,,,,,,
"8428970","RUBUIDA",,,,,,,,,,,,,,,,,,,,0.50,,,,,,,,,0,2042975340,,,,,,,,,,,,
"8428970","RUBUPUB",,,,,,,,,,,,,,,,,,,,,,1.00,,,,,,,0,-1333207299,,,,,,,,,,,,
"8428970","SALIARB",,,,,,,,,,,,,,,,,,,,1.00,,,,,,,,,0,-1901690758,,,,,,,,,,,,
"8428970","SALIBAC",,,,,,,,,,,,,,,,,,,,1.00,,,,,,,,,0,-416140941,,,,,,,,,,,,
"8428970","SHEPCAN",,,,,,,,,,,,,,,,,,,,1.00,,,,,,,,,0,436208440,,,,,,,,,,,,
"8428970","TIMMAUS",,,,,,,,,,,,,,,,,,,,,,,,20.00,,,,,0,1256513753,,,,,,,,,,,,
"8428970","VIBUEDU",,,,,,,,,,,,,,,,,,,,3.00,,,,,,,,,0,-2055308250,,,,,,,,,,,,
"8428975","ABIELAS",,,,,,5.00,,5.00,,5.00,,,,,,,,,,10.00,,,,,,,,,0,-431622481,,,,,,,,,,,,
"8428975","ACONDEL",,,,,,,,,,,,,,,,,,,,,,0.50,,,,,,,0,-693266748,,,,,,,,,,,,
"8428975","BARBLYC",,,,,,,,,,,,,,,,,,,,,,,,1.00,,,,,0,-1896376203,,,,,,,,,,,,
"8428975","BISTVIV",,,,,,,,,,,,,,,,,,,,,,0.50,,,,,,,0,683600530,,,,,,,,,,,,
"8428975","CALAMAG",,,,,,,,,,,,,,,,,,,,,,1.00,,,,,,,0,-87136341,,,,,,,,,,,,
"8428975","CHAMANG",,,,,,,,,,,,,,,,,,,,,,0.50,,,,,,,0,1529600784,,,,,,,,,,,,
"8428975","COPTLAP",,,,,,,,,,,,,,,,,,,,,,1.00,,,,,,,0,-511319599,,,,,,,,,,,,
"8428975","CORNCAN",,,,,,,,,,,,,,,,,,,,,,1.00,,,,,,,0,212498366,,,,,,,,,,,,
"8428975","DELPGLA",,,,,,,,,,,,,,,,,,,,,,0.50,,,,,,,0,453754983,,,,,,,,,,,,
"8428975","EQUIARV",,,,,,,,,,,,,,,,,,,,,,15.00,,,,,,,0,-1498588132,,,,,,,,,,,,
"8428975","EQUISCI",,,,,,,,,,,,,,,,,,,,,,15.00,,,,,,,0,-2009442067,,,,,,,,,,,,
"8428975","FRAGVIR",,,,,,,,,,,,,,,,,,,,,,0.50,,,,,,,0,-1201238102,,,,,,,,,,,,
"8428975","GENTPRS",,,,,,,,,,,,,,,,,,,,,,0.50,,,,,,,0,-1483080477,,,,,,,,,,,,
"8428975","HYLOSPL",,,,,,,,,,,,,,,,,,,,,,,,25.00,,,,,0,-653957656,,,,,,,,,,,,
"8428975","LEYMINN",,,,,,,,,,,,,,,,,,,,,,1.00,,,,,,,0,-243181111,,,,,,,,,,,,
"8428975","LINNBOR",,,,,,,,,,,,,,,,,,,,,,5.00,,,,,,,0,-274244010,,,,,,,,,,,,
"8428975","MERTPAN",,,,,,,,,,,,,,,,,,,,,,10.00,,,,,,,0,-424879841,,,,,,,,,,,,
"8428975","MITENUD",,,,,,,,,,,,,,,,,,,,,,5.00,,,,,,,0,-1003223948,,,,,,,,,,,,
"8428975","MONEUNI",,,,,,,,,,,,,,,,,,,,,,2.00,,,,,,,0,304414821,,,,,,,,,,,,
"8428975","ORTHSEC",,,,,,,,,,,,,,,,,,,,,,5.00,,,,,,,0,1327222722,,,,,,,,,,,,
"8428975","PELTAPH",,,,,,,,,,,,,,,,,,,,,,,,0.50,,,,,0,-1962159845,,,,,,,,,,,,
"8428975","PELTIGE",,,,,,,,,,,,,,,,,,,,,,,,0.50,,,,,0,246547392,,,,,,,,,,,,
"8428975","PETAFRI3",,,,,,,,,,,,,,,,,,,,,,0.50,,,,,,,0,-1263982399,,,,,,,,,,,,
"8428975","PICEENE",,,,20.00,,10.00,,30.00,,5.00,,,,,,,,,,15.00,,,,,,,,,0,-409366546,,,,,,,,,,,,
"8428975","PLAGMED",,,,,,,,,,,,,,,,,,,,,,,,0.50,,,,,0,-2100420393,,,,,,,,,,,,
"8428975","PLEUSCH",,,,,,,,,,,,,,,,,,,,,,,,25.00,,,,,0,1920790476,,,,,,,,,,,,
"8428975","PTILCRI",,,,,,,,,,,,,,,,,,,,,,,,40.00,,,,,0,1449619165,,,,,,,,,,,,
"8428975","PYROASA",,,,,,,,,,,,,,,,,,,,,,0.50,,,,,,,0,1141443290,,,,,,,,,,,,
"8428975","RIBELAC",,,,,,,,,,,,,,,,,,,,0.50,,,,,,,,,0,165069907,,,,,,,,,,,,
"8428975","RIBETRI",,,,,,,,,,,,,,,,,,,,5.00,,,,,,,,,0,1692603544,,,,,,,,,,,,
"8428975","RUBUPUB",,,,,,,,,,,,,,,,,,,,,,2.00,,,,,,,0,-294965575,,,,,,,,,,,,
"8428975","SALIARB",,,,,,,,,,,,,,,,,,,,0.50,,,,,,,,,0,101805190,,,,,,,,,,,,
"8428975","SALIGLA",,,,,,,,,,,,,,,,,,,,0.50,,,,,,,,,0,-1139771505,,,,,,,,,,,,
"8428975","SHEPCAN",,,,,,,,,,,,,,,,,,,,0.50,,,,,,,,,0,856653348,,,,,,,,,,,,
"8428975","THALOCC",,,,,,,,,,,,,,,,,,,,,,0.50,,,,,,,0,-1173519275,,,,,,,,,,,,
"8428975","TIMMAUS",,,,,,,,,,,,,,,,,,,,,,,,5.00,,,,,0,92578034,,,,,,,,,,,,
"8529415","ALNUALN2",,,,,,,,,,,,,,,,,,,,3.00,,,,,,,,,0,594130571,,,,,,,,,,,,
"8529415","ALNUINC",,,,,,,,,,25.00,,,,,,,,,,27.00,,,,,,,,,0,1599469680,,,,,,,,,,,,
"8529415","AULAPAL",,,,,,,,,,,,,,,,,,,,,,,,15.00,,,,,0,-346993743,,,,,,,,,,,,
"8529415","CALAMAG",,,,,,,,,,,,,,,,,,,,,,12.00,,,,,,,0,-1635036130,,,,,,,,,,,,
"8529415","CARECOI",,,,,,,,,,,,,,,,,,,,,,4.00,,,,,,,0,-40846009,,,,,,,,,,,,
"8529415","CORNCAN",,,,,,,,,,,,,,,,,,,,,,20.00,,,,,,,0,-885059716,,,,,,,,,,,,
"8529415","DICRPOL",,,,,,,,,,,,,,,,,,,,,,,,0.50,,,,,0,-721477427,,,,,,,,,,,,
"8529415","DRYOEXP",,,,,,,,,,,,,,,,,,,,,,0.10,,,,,,,0,-1701776886,,,,,,,,,,,,
"8529415","EQUIARV",,,,,,,,,,,,,,,,,,,,,,30.00,,,,,,,0,896501699,,,,,,,,,,,,
"8529415","EQUIPRA",,,,,,,,,,,,,,,,,,,,,,3.00,,,,,,,0,-95154360,,,,,,,,,,,,
"8529415","EQUISCI",,,,,,,,,,,,,,,,,,,,,,5.00,,,,,,,0,-259956823,,,,,,,,,,,,
"8529415","HYLOSPL",,,,,,,,,,,,,,,,,,,,,,,,30.00,,,,,0,-537942346,,,,,,,,,,,,
"8529415","LONIINV",,,,,,,,,,,,,,,,,,,,1.00,,,,,,,,,0,1281872383,,,,,,,,,,,,
"8529415","MERTPAN",,,,,,,,,,,,,,,,,,,,,,0.50,,,,,,,0,2041250772,,,,,,,,,,,,
"8529415","MITENUD",,,,,,,,,,,,,,,,,,,,,,0.50,,,,,,,0,-645913531,,,,,,,,,,,,
"8529415","PETAFRI3",,,,,,,,,,,,,,,,,,,,,,1.00,,,,,,,0,-732144094,,,,,,,,,,,,
"8529415","PICEGLA",,3.00,,15.00,,,,18.00,,2.00,,,,,,,,,,4.00,,,,,,,,,0,-1353771013,,,,,,,,,,,,
"8529415","PICEMAR",,,,,,4.00,,4.00,,,,,,,,,,,,,,,,,,,,,0,942848288,,,,,,,,,,,,
"8529415","PINUCON",,,,,,3.00,,3.00,,,,,,,,,,,,,,,,,,,,,0,457001633,,,,,,,,,,,,
"8529415","PLATOBT",,,,,,,,,,,,,,,,,,,,,,0.10,,,,,,,0,504546382,,,,,,,,,,,,
"8529415","PLEUSCH",,,,,,,,,,,,,,,,,,,,,,,,5.00,,,,,0,858428855,,,,,,,,,,,,
"8529415","PTILCRI",,,,,,,,,,,,,,,,,,,,,,,,5.00,,,,,0,1539226412,,,,,,,,,,,,
"8529415","RHIZPUN",,,,,,,,,,,,,,,,,,,,,,,,22.00,,,,,0,1806724797,,,,,,,,,,,,
"8529415","RHODGRO",,,,,,,,,,,,,,,,,,,,3.00,,,,,,,,,0,801195322,,,,,,,,,,,,
"8529415","RIBEHUD",,,,,,,,,,,,,,,,,,,,0.50,,,,,,,,,0,-1247066317,,,,,,,,,,,,
"8529415","RIBETRI",,,,,,,,,,,,,,,,,,,,0.50,,,,,,,,,0,-556575240,,,,,,,,,,,,
"8529415","ROSAACI",,,,,,,,,,,,,,,,,,,,2.00,,,,,,,,,0,-1335694183,,,,,,,,,,,,
"8529415","RUBUPUB",,,,,,,,,,,,,,,,,,,,,,7.00,,,,,,,0,-885715738,,,,,,,,,,,,
"8529415","SALIPYR",,,,,,,,,,2.00,,,,,,,,,,2.00,,,,,,,,,0,-1654003601,,,,,,,,,,,,
"9611965","CANAMOD",,,,,,,,,,,,,,,,,,,,,,2.00,,,,,,,0,1632914781,,,,,,,,,,,,
"9611965","CINNLAT",,,,,,,,,,,,,,,,,,,,,,5.00,,,,,,,0,529737562,,,,,,,,,,,,
"9611965","CIRCALP",,,,,,,,,,,,,,,,,,,,,,2.00,,,,,,,0,1454950099,,,,,,,,,,,,
"9611965","CORNSER",,,,,,,,,,,,,,,,,,,,1.00,,,,,,,,,0,383550744,,,,,,,,,,,,
"9611965","DELPGLA",,,,,,,,,,,,,,,,,,,,,,0.10,,,,,,,0,-229182151,,,,,,,,,,,,
"9611965","EQUIARV",,,,,,,,,,,,,,,,,,,,,,10.00,,,,,,,0,-1428532986,,,,,,,,,,,,
"9611965","GALITRF",,,,,,,,,,,,,,,,,,,,,,2.00,,,,,,,0,-794058225,,,,,,,,,,,,
"9611965","GYMNDRY",,,,,,,,,,,,,,,,,,,,,,3.00,,,,,,,0,1518663332,,,,,,,,,,,,
"9611965","LONIINV",,,,,,,,,,,,,,,,,,,,15.00,,,,,,,,,0,-738807083,,,,,,,,,,,,
"9611965","MAIARAC",,,,,,,,,,,,,,,,,,,,,,2.00,,,,,,,0,860409202,,,,,,,,,,,,
"9611965","MAIASTE",,,,,,,,,,,,,,,,,,,,,,10.00,,,,,,,0,249596171,,,,,,,,,,,,
"9611965","MITENUD",,,,,,,,,,,,,,,,,,,,,,1.00,,,,,,,0,-1537738512,,,,,,,,,,,,
"9611965","MNIUM",,,,,,,,,,,,,,,,,,,,,,,,0.10,,,,,0,2032034353,,,,,,,,,,,,
"9611965","OPLOHOR",,,,,,,,,,,,,,,,,,,,5.00,,,,,,,,,0,-305182562,,,,,,,,,,,,
"9611965","OSMORHI",,,,,,,,,,,,,,,,,,,,,,0.10,,,,,,,0,-1708279865,,,,,,,,,,,,
"9611965","PETAFRI3",,,,,,,,,,,,,,,,,,,,,,3.00,,,,,,,0,2078676988,,,,,,,,,,,,
"9611965","PICEGLA",,3.00,,,,1.00,,4.00,,1.00,,,,,,,,,,1.00,,,,,,,,,0,-1812029619,,,,,,,,,,,,
"9611965","PLATDIL",,,,,,,,,,,,,,,,,,,,,,0.10,,,,,,,0,-652136822,,,,,,,,,,,,
"9611965","POPUBAL",,5.00,,,,,,5.00,,,,,,,,,,,,,,,,,,,,,0,1797597763,,,,,,,,,,,,
"9611965","POPUTRE",,,,5.00,,,,5.00,,,,,,,,,,,,,,,,,,,,,0,-1153392696,,,,,,,,,,,,
"9611965","PYROASA",,,,,,,,,,,,,,,,,,,,,,1.00,,,,,,,0,65652265,,,,,,,,,,,,
"9611965","ROSAACI",,,,,,,,,,,,,,,,,,,,1.00,,,,,,,,,0,895527734,,,,,,,,,,,,
"9611965","RUBUIDA",,,,,,,,,,,,,,,,,,,,1.00,,,,,,,,,0,2068880511,,,,,,,,,,,,
"9611965","RUBUPUB",,,,,,,,,,,,,,,,,,,,,,5.00,,,,,,,0,-24798124,,,,,,,,,,,,
"9611965","SANGSTI",,,,,,,,,,,,,,,,,,,,,,1.00,,,,,,,0,955249349,,,,,,,,,,,,
"9611965","THALOCC",,,,,,,,,,,,,,,,,,,,,,0.10,,,,,,,0,780839586,,,,,,,,,,,,
"9611965","TRIEEUR1",,,,,,,,,,,,,,,,,,,,,,0.10,,,,,,,0,-1037202821,,,,,,,,,,,,
"9611965","VIBUEDU",,,,,,,,,,,,,,,,,,,,2.00,,,,,,,,,0,-2077501024,,,,,,,,,,,,
"9611967","ALNUINC",,,,,,,,,,20.00,,,,,,,,,,20.00,,,,,,,,,0,-382009055,,,,,,,,,,,,
"9611967","AMELALN",,,,,,,,,,,,,,,,,,,,0.10,,,,,,,,,0,1705171150,,,,,,,,,,,,
"9611967","ARALNUD",,,,,,,,,,,,,,,,,,,,,,5.00,,,,,,,0,-639029193,,,,,,,,,,,,
"9611967","ATHYFIL",,,,,,,,,,,,,,,,,,,,,,0.10,,,,,,,0,168747948,,,,,,,,,,,,
"9611967","AULAPAL",,,,,,,,,,,,,,,,,,,,,,,,1.00,,,,,0,-1272279747,,,,,,,,,,,,
"9611967","BETUPAP",,,,3.00,,2.00,,5.00,,,,,,,,,,,,,,,,,,,,,0,-996171334,,,,,,,,,,,,
"9611967","BRACHYT",,,,,,,,,,,,,,,,,,,,,,,,5.00,,,,,0,1205635507,,,,,,,,,,,,
"9611967","CANAMOD",,,,,,,,,,,,,,,,,,,,,,0.10,,,,,,,0,-214235528,,,,,,,,,,,,
"9611967","CAREDIS",,,,,,,,,,,,,,,,,,,,,,0.10,,,,,,,0,254800665,,,,,,,,,,,,
"9611967","CINNLAT",,,,,,,,,,,,,,,,,,,,,,0.10,,,,,,,0,-921292442,,,,,,,,,,,,
"9611967","CIRCALP",,,,,,,,,,,,,,,,,,,,,,0.10,,,,,,,0,617108207,,,,,,,,,,,,
"9611967","CORNCAN",,,,,,,,,,,,,,,,,,,,,,2.00,,,,,,,0,-1032237564,,,,,,,,,,,,
"9611967","CORNSER",,,,,,,,,,0.10,,,,,,,,,,0.20,,,,,,,,,0,-1737863499,,,,,,,,,,,,
"9611967","DICRBRE",,,,,,,,,,,,,,,,,,,,,,,,0.10,,,,,0,832992210,,,,,,,,,,,,
"9611967","DRYOEXP",,,,,,,,,,,,,,,,,,,,,,0.10,,,,,,,0,-1596913685,,,,,,,,,,,,
"9611967","EPILMIN",,,,,,,,,,,,,,,,,,,,,,0.10,,,,,,,0,-1248098736,,,,,,,,,,,,
"9611967","EQUIARV",,,,,,,,,,,,,,,,,,,,,,25.00,,,,,,,0,-1425900527,,,,,,,,,,,,
"9611967","GALITRF",,,,,,,,,,,,,,,,,,,,,,1.00,,,,,,,0,-1171843842,,,,,,,,,,,,
"R3039","ALNUINC",,,,,,,,,,,,,,,,,,,,10.00,,,,,,,,,0,-535466204,,,,,,,,,,,,
"R3039","ARTETIL",,,,,,,,,,,,,,,,,,,,,,1.00,,,,,,,0,-1163992747,,,,,,,,,,,,
"R3039","BRACHYT",,,,,,,,,,,,,,,,,,,,,,,,5.00,,,,,0,-123733518,,,,,,,,,,,,
"R3039","CALACAN",,,,,,,,,,,,,,,,,,,,,,1.00,,,,,,,0,-1322361973,,,,,,,,,,,,
"R3039","CHAMANG",,,,,,,,,,,,,,,,,,,,,,1.00,,,,,,,0,925170032,,,,,,,,,,,,
"R3039","CORNCAN",,,,,,,,,,,,,,,,,,,,,,8.00,,,,,,,0,362444977,,,,,,,,,,,,
"R3039","EQUIPRA",,,,,,,,,,,,,,,,,,,,,,50.00,,,,,,,0,198589726,,,,,,,,,,,,
"R3039","GALIBOR",,,,,,,,,,,,,,,,,,,,,,1.00,,,,,,,0,-1055804857,,,,,,,,,,,,
"R3039","HYLOSPL",,,,,,,,,,,,,,,,,,,,,,,,40.00,,,,,0,1158160508,,,,,,,,,,,,
"R3039","LINNBOR",,,,,,,,,,,,,,,,,,,,,,4.00,,,,,,,0,580722125,,,,,,,,,,,,
"R3039","LYCOANN",,,,,,,,,,,,,,,,,,,,,,1.00,,,,,,,0,1889823498,,,,,,,,,,,,
"R3039","MERTPAN",,,,,,,,,,,,,,,,,,,,,,5.00,,,,,,,0,-1785606973,,,,,,,,,,,,
"R3039","MITENUD",,,,,,,,,,,,,,,,,,,,,,2.00,,,,,,,0,-363319224,,,,,,,,,,,,
"R3039","MNIUM",,,,,,,,,,,,,,,,,,,,,,,,5.00,,,,,0,383855785,,,,,,,,,,,,
"R3039","PICEGLA",,,,40.00,,,,40.00,,,,,,,,,,,,5.00,,,,,,,,,0,-252399690,,,,,,,,,,,,
"R3039","PLEUSCH",,,,,,,,,,,,,,,,,,,,,,,,35.00,,,,,0,274753279,,,,,,,,,,,,
"R3039","PTILCRI",,,,,,,,,,,,,,,,,,,,,,,,15.00,,,,,0,-2110049068,,,,,,,,,,,,
"R3039","RIBELAC",,,,,,,,,,,,,,,,,,,,4.00,,,,,,,,,0,652132677,,,,,,,,,,,,
"R3039","RIBETRI",,,,,,,,,,,,,,,,,,,,0.10,,,,,,,,,0,-1358170334,,,,,,,,,,,,
"R3039","ROSAACI",,,,,,,,,,,,,,,,,,,,15.00,,,,,,,,,0,597884155,,,,,,,,,,,,
"R3039","RUBUPUB",,,,,,,,,,,,,,,,,,,,,,2.00,,,,,,,0,1253046816,,,,,,,,,,,,
"R3039","VACCVIT",,,,,,,,,,,,,,,,,,,,,,1.00,,,,,,,0,598194081,,,,,,,,,,,,
"R3039","VIBUEDU",,,,,,,,,,,,,,,,,,,,3.00,,,,,,,,,0,1991634254,,,,,,,,,,,,
