"id","line_end","line_start","name","path","target_type"
"r_function::inst/app/modules/mod_admin_audit.R::mod_admin_audit_server",171,35,"mod_admin_audit_server","inst/app/modules/mod_admin_audit.R","r_function"
"r_function::inst/app/modules/mod_admin_audit.R::mod_admin_audit_ui",33,5,"mod_admin_audit_ui","inst/app/modules/mod_admin_audit.R","r_function"
"r_function::inst/app/modules/mod_admin_codes.R::mod_admin_codes_server",144,27,"mod_admin_codes_server","inst/app/modules/mod_admin_codes.R","r_function"
"r_function::inst/app/modules/mod_admin_codes.R::mod_admin_codes_ui",25,5,"mod_admin_codes_ui","inst/app/modules/mod_admin_codes.R","r_function"
"r_function::inst/app/modules/mod_admin_master.R::mod_admin_master_server",382,61,"mod_admin_master_server","inst/app/modules/mod_admin_master.R","r_function"
"r_function::inst/app/modules/mod_admin_master.R::mod_admin_master_ui",59,5,"mod_admin_master_ui","inst/app/modules/mod_admin_master.R","r_function"
"r_function::inst/app/modules/mod_admin_merge.R::mod_admin_merge_server",508,49,"mod_admin_merge_server","inst/app/modules/mod_admin_merge.R","r_function"
"r_function::inst/app/modules/mod_admin_merge.R::mod_admin_merge_ui",47,6,"mod_admin_merge_ui","inst/app/modules/mod_admin_merge.R","r_function"
"r_function::inst/app/modules/mod_admin_projects.R::mod_admin_projects_server",172,33,"mod_admin_projects_server","inst/app/modules/mod_admin_projects.R","r_function"
"r_function::inst/app/modules/mod_admin_projects.R::mod_admin_projects_ui",31,5,"mod_admin_projects_ui","inst/app/modules/mod_admin_projects.R","r_function"
"r_function::inst/app/modules/mod_admin_publishing.R::download_panel_ui",52,32,"download_panel_ui","inst/app/modules/mod_admin_publishing.R","r_function"
"r_function::inst/app/modules/mod_admin_publishing.R::mod_admin_publishing_server",259,62,"mod_admin_publishing_server","inst/app/modules/mod_admin_publishing.R","r_function"
"r_function::inst/app/modules/mod_admin_publishing.R::mod_admin_publishing_ui",60,54,"mod_admin_publishing_ui","inst/app/modules/mod_admin_publishing.R","r_function"
"r_function::inst/app/modules/mod_admin_publishing.R::publish_panel_ui",30,6,"publish_panel_ui","inst/app/modules/mod_admin_publishing.R","r_function"
"r_function::inst/app/modules/mod_admin.R::mod_admin_server",33,24,"mod_admin_server","inst/app/modules/mod_admin.R","r_function"
"r_function::inst/app/modules/mod_admin.R::mod_admin_ui",22,7,"mod_admin_ui","inst/app/modules/mod_admin.R","r_function"
"r_function::inst/app/modules/mod_auth_status.R::.auth_role_palette",28,12,".auth_role_palette","inst/app/modules/mod_auth_status.R","r_function"
"r_function::inst/app/modules/mod_auth_status.R::auth_logout_icon_ui",72,61,"auth_logout_icon_ui","inst/app/modules/mod_auth_status.R","r_function"
"r_function::inst/app/modules/mod_auth_status.R::auth_role_badge_ui",59,30,"auth_role_badge_ui","inst/app/modules/mod_auth_status.R","r_function"
"r_function::inst/app/modules/mod_auth_status.R::mod_auth_status_server",138,78,"mod_auth_status_server","inst/app/modules/mod_auth_status.R","r_function"
"r_function::inst/app/modules/mod_auth_status.R::mod_auth_status_ui",10,7,"mod_auth_status_ui","inst/app/modules/mod_auth_status.R","r_function"
"r_function::inst/app/modules/mod_auth.R::mod_auth_server",385,8,"mod_auth_server","inst/app/modules/mod_auth.R","r_function"
"r_function::inst/app/modules/mod_auth.R::mod_auth_ui",4,1,"mod_auth_ui","inst/app/modules/mod_auth.R","r_function"
"r_function::inst/app/modules/mod_becweb_map.R::mod_becweb_map_server",599,129,"mod_becweb_map_server","inst/app/modules/mod_becweb_map.R","r_function"
"r_function::inst/app/modules/mod_becweb_map.R::mod_becweb_map_ui",117,31,"mod_becweb_map_ui","inst/app/modules/mod_becweb_map.R","r_function"
"r_function::inst/app/modules/mod_colour_theme.R::mod_colour_theme_server",134,37,"mod_colour_theme_server","inst/app/modules/mod_colour_theme.R","r_function"
"r_function::inst/app/modules/mod_colour_theme.R::mod_colour_theme_ui",35,9,"mod_colour_theme_ui","inst/app/modules/mod_colour_theme.R","r_function"
"r_function::inst/app/modules/mod_combine_species.R::combine_species_list_lump_tables",13,1,"combine_species_list_lump_tables","inst/app/modules/mod_combine_species.R","r_function"
"r_function::inst/app/modules/mod_combine_species.R::combine_species_lump_column_map",65,37,"combine_species_lump_column_map","inst/app/modules/mod_combine_species.R","r_function"
"r_function::inst/app/modules/mod_combine_species.R::combine_species_resolve_lump_table",35,15,"combine_species_resolve_lump_table","inst/app/modules/mod_combine_species.R","r_function"
"r_function::inst/app/modules/mod_combine_species.R::combine_species_species_fields",73,67,"combine_species_species_fields","inst/app/modules/mod_combine_species.R","r_function"
"r_function::inst/app/modules/mod_combine_species.R::mod_combine_species_server",992,261,"mod_combine_species_server","inst/app/modules/mod_combine_species.R","r_function"
"r_function::inst/app/modules/mod_combine_species.R::mod_combine_species_ui",259,75,"mod_combine_species_ui","inst/app/modules/mod_combine_species.R","r_function"
"r_function::inst/app/modules/mod_data_entry_context.R::mod_data_entry_context_server",16,1,"mod_data_entry_context_server","inst/app/modules/mod_data_entry_context.R","r_function"
"r_function::inst/app/modules/mod_export.R::build_venus_xml_doc",561,1,"build_venus_xml_doc","inst/app/modules/mod_export.R","r_function"
"r_function::inst/app/modules/mod_export.R::mod_export_server",970,637,"mod_export_server","inst/app/modules/mod_export.R","r_function"
"r_function::inst/app/modules/mod_export.R::mod_export_ui",635,563,"mod_export_ui","inst/app/modules/mod_export.R","r_function"
"r_function::inst/app/modules/mod_fs1333.R::fs1333_option_to_plot_type",9,6,"fs1333_option_to_plot_type","inst/app/modules/mod_fs1333.R","r_function"
"r_function::inst/app/modules/mod_fs1333.R::fs1333_option_to_species_complete",33,24,"fs1333_option_to_species_complete","inst/app/modules/mod_fs1333.R","r_function"
"r_function::inst/app/modules/mod_fs1333.R::fs1333_plot_type_to_option",4,1,"fs1333_plot_type_to_option","inst/app/modules/mod_fs1333.R","r_function"
"r_function::inst/app/modules/mod_fs1333.R::fs1333_species_complete_to_option",22,11,"fs1333_species_complete_to_option","inst/app/modules/mod_fs1333.R","r_function"
"r_function::inst/app/modules/mod_fs1333.R::mod_fs1333_server",489,94,"mod_fs1333_server","inst/app/modules/mod_fs1333.R","r_function"
"r_function::inst/app/modules/mod_fs1333.R::mod_fs1333_ui",92,35,"mod_fs1333_ui","inst/app/modules/mod_fs1333.R","r_function"
"r_function::inst/app/modules/mod_fs882_6x4.R::admin_tb",150,146,"admin_tb","inst/app/modules/mod_fs882_6x4.R","r_function"
"r_function::inst/app/modules/mod_fs882_6x4.R::as_chr",106,100,"as_chr","inst/app/modules/mod_fs882_6x4.R","r_function"
"r_function::inst/app/modules/mod_fs882_6x4.R::as_num",98,89,"as_num","inst/app/modules/mod_fs882_6x4.R","r_function"
"r_function::inst/app/modules/mod_fs882_6x4.R::as_text",87,82,"as_text","inst/app/modules/mod_fs882_6x4.R","r_function"
"r_function::inst/app/modules/mod_fs882_6x4.R::audit_tb",136,134,"audit_tb","inst/app/modules/mod_fs882_6x4.R","r_function"
"r_function::inst/app/modules/mod_fs882_6x4.R::coord_dm",26,18,"coord_dm","inst/app/modules/mod_fs882_6x4.R","r_function"
"r_function::inst/app/modules/mod_fs882_6x4.R::coord_dms",16,6,"coord_dms","inst/app/modules/mod_fs882_6x4.R","r_function"
"r_function::inst/app/modules/mod_fs882_6x4.R::dm_to_dd",45,38,"dm_to_dd","inst/app/modules/mod_fs882_6x4.R","r_function"
"r_function::inst/app/modules/mod_fs882_6x4.R::dms_to_dd",36,28,"dms_to_dd","inst/app/modules/mod_fs882_6x4.R","r_function"
"r_function::inst/app/modules/mod_fs882_6x4.R::env_tb",120,118,"env_tb","inst/app/modules/mod_fs882_6x4.R","r_function"
"r_function::inst/app/modules/mod_fs882_6x4.R::humus_tb",128,126,"humus_tb","inst/app/modules/mod_fs882_6x4.R","r_function"
"r_function::inst/app/modules/mod_fs882_6x4.R::inline_label",163,154,"inline_label","inst/app/modules/mod_fs882_6x4.R","r_function"
"r_function::inst/app/modules/mod_fs882_6x4.R::list_choices",78,49,"list_choices","inst/app/modules/mod_fs882_6x4.R","r_function"
"r_function::inst/app/modules/mod_fs882_6x4.R::mineral_tb",132,130,"mineral_tb","inst/app/modules/mod_fs882_6x4.R","r_function"
"r_function::inst/app/modules/mod_fs882_6x4.R::mod_fs882_6x4_server",2295,737,"mod_fs882_6x4_server","inst/app/modules/mod_fs882_6x4.R","r_function"
"r_function::inst/app/modules/mod_fs882_6x4.R::mod_fs882_6x4_ui",731,169,"mod_fs882_6x4_ui","inst/app/modules/mod_fs882_6x4.R","r_function"
"r_function::inst/app/modules/mod_fs882_6x4.R::num_display",114,108,"num_display","inst/app/modules/mod_fs882_6x4.R","r_function"
"r_function::inst/app/modules/mod_fs882_6x4.R::other_tb",140,138,"other_tb","inst/app/modules/mod_fs882_6x4.R","r_function"
"r_function::inst/app/modules/mod_fs882_6x4.R::veg_other_tb",144,142,"veg_other_tb","inst/app/modules/mod_fs882_6x4.R","r_function"
"r_function::inst/app/modules/mod_fs882_6x4.R::veg_tb",124,122,"veg_tb","inst/app/modules/mod_fs882_6x4.R","r_function"
"r_function::inst/app/modules/mod_fs882_8x6xl.R::admin_tb",151,147,"admin_tb","inst/app/modules/mod_fs882_8x6xl.R","r_function"
"r_function::inst/app/modules/mod_fs882_8x6xl.R::as_chr",107,101,"as_chr","inst/app/modules/mod_fs882_8x6xl.R","r_function"
"r_function::inst/app/modules/mod_fs882_8x6xl.R::as_num",99,90,"as_num","inst/app/modules/mod_fs882_8x6xl.R","r_function"
"r_function::inst/app/modules/mod_fs882_8x6xl.R::as_text",88,83,"as_text","inst/app/modules/mod_fs882_8x6xl.R","r_function"
"r_function::inst/app/modules/mod_fs882_8x6xl.R::audit_tb",137,135,"audit_tb","inst/app/modules/mod_fs882_8x6xl.R","r_function"
"r_function::inst/app/modules/mod_fs882_8x6xl.R::coord_dm",27,19,"coord_dm","inst/app/modules/mod_fs882_8x6xl.R","r_function"
"r_function::inst/app/modules/mod_fs882_8x6xl.R::coord_dms",17,7,"coord_dms","inst/app/modules/mod_fs882_8x6xl.R","r_function"
"r_function::inst/app/modules/mod_fs882_8x6xl.R::dm_to_dd",46,39,"dm_to_dd","inst/app/modules/mod_fs882_8x6xl.R","r_function"
"r_function::inst/app/modules/mod_fs882_8x6xl.R::dms_to_dd",37,29,"dms_to_dd","inst/app/modules/mod_fs882_8x6xl.R","r_function"
"r_function::inst/app/modules/mod_fs882_8x6xl.R::env_tb",121,119,"env_tb","inst/app/modules/mod_fs882_8x6xl.R","r_function"
"r_function::inst/app/modules/mod_fs882_8x6xl.R::humus_tb",129,127,"humus_tb","inst/app/modules/mod_fs882_8x6xl.R","r_function"
"r_function::inst/app/modules/mod_fs882_8x6xl.R::list_choices",79,50,"list_choices","inst/app/modules/mod_fs882_8x6xl.R","r_function"
"r_function::inst/app/modules/mod_fs882_8x6xl.R::mineral_tb",133,131,"mineral_tb","inst/app/modules/mod_fs882_8x6xl.R","r_function"
"r_function::inst/app/modules/mod_fs882_8x6xl.R::mod_fs882_8x6xl_server",2176,632,"mod_fs882_8x6xl_server","inst/app/modules/mod_fs882_8x6xl.R","r_function"
"r_function::inst/app/modules/mod_fs882_8x6xl.R::mod_fs882_8x6xl_ui",626,157,"mod_fs882_8x6xl_ui","inst/app/modules/mod_fs882_8x6xl.R","r_function"
"r_function::inst/app/modules/mod_fs882_8x6xl.R::num_display",115,109,"num_display","inst/app/modules/mod_fs882_8x6xl.R","r_function"
"r_function::inst/app/modules/mod_fs882_8x6xl.R::other_tb",141,139,"other_tb","inst/app/modules/mod_fs882_8x6xl.R","r_function"
"r_function::inst/app/modules/mod_fs882_8x6xl.R::veg_other_tb",145,143,"veg_other_tb","inst/app/modules/mod_fs882_8x6xl.R","r_function"
"r_function::inst/app/modules/mod_fs882_8x6xl.R::veg_tb",125,123,"veg_tb","inst/app/modules/mod_fs882_8x6xl.R","r_function"
"r_function::inst/app/modules/mod_herbarium.R::herbarium_attach_source_db",92,68,"herbarium_attach_source_db","inst/app/modules/mod_herbarium.R","r_function"
"r_function::inst/app/modules/mod_herbarium.R::herbarium_existing_bases",52,48,"herbarium_existing_bases","inst/app/modules/mod_herbarium.R","r_function"
"r_function::inst/app/modules/mod_herbarium.R::herbarium_import_table",176,113,"herbarium_import_table","inst/app/modules/mod_herbarium.R","r_function"
"r_function::inst/app/modules/mod_herbarium.R::herbarium_list_tables",38,32,"herbarium_list_tables","inst/app/modules/mod_herbarium.R","r_function"
"r_function::inst/app/modules/mod_herbarium.R::herbarium_read_records",242,193,"herbarium_read_records","inst/app/modules/mod_herbarium.R","r_function"
"r_function::inst/app/modules/mod_herbarium.R::herbarium_resolve_table",66,54,"herbarium_resolve_table","inst/app/modules/mod_herbarium.R","r_function"
"r_function::inst/app/modules/mod_herbarium.R::herbarium_source_table",111,94,"herbarium_source_table","inst/app/modules/mod_herbarium.R","r_function"
"r_function::inst/app/modules/mod_herbarium.R::herbarium_species_lookup",367,244,"herbarium_species_lookup","inst/app/modules/mod_herbarium.R","r_function"
"r_function::inst/app/modules/mod_herbarium.R::herbarium_table_exists",30,9,"herbarium_table_exists","inst/app/modules/mod_herbarium.R","r_function"
"r_function::inst/app/modules/mod_herbarium.R::herbarium_table_id",7,5,"herbarium_table_id","inst/app/modules/mod_herbarium.R","r_function"
"r_function::inst/app/modules/mod_herbarium.R::herbarium_table_to_base",46,40,"herbarium_table_to_base","inst/app/modules/mod_herbarium.R","r_function"
"r_function::inst/app/modules/mod_herbarium.R::herbarium_target_table",3,1,"herbarium_target_table","inst/app/modules/mod_herbarium.R","r_function"
"r_function::inst/app/modules/mod_herbarium.R::herbarium_unattach_table",191,178,"herbarium_unattach_table","inst/app/modules/mod_herbarium.R","r_function"
"r_function::inst/app/modules/mod_herbarium.R::mod_herbarium_server",982,457,"mod_herbarium_server","inst/app/modules/mod_herbarium.R","r_function"
"r_function::inst/app/modules/mod_herbarium.R::mod_herbarium_ui",455,369,"mod_herbarium_ui","inst/app/modules/mod_herbarium.R","r_function"
"r_function::inst/app/modules/mod_hierarchy.R::build_hierarchy_tree",57,27,"build_hierarchy_tree","inst/app/modules/mod_hierarchy.R","r_function"
"r_function::inst/app/modules/mod_hierarchy.R::build_su_from_env",531,489,"build_su_from_env","inst/app/modules/mod_hierarchy.R","r_function"
"r_function::inst/app/modules/mod_hierarchy.R::build_su_from_env_filter",580,533,"build_su_from_env_filter","inst/app/modules/mod_hierarchy.R","r_function"
"r_function::inst/app/modules/mod_hierarchy.R::clip_hierarchy_ids",240,221,"clip_hierarchy_ids","inst/app/modules/mod_hierarchy.R","r_function"
"r_function::inst/app/modules/mod_hierarchy.R::compute_subtree_levels",690,666,"compute_subtree_levels","inst/app/modules/mod_hierarchy.R","r_function"
"r_function::inst/app/modules/mod_hierarchy.R::copy_bec_to_su",348,332,"copy_bec_to_su","inst/app/modules/mod_hierarchy.R","r_function"
"r_function::inst/app/modules/mod_hierarchy.R::create_lowest_breakpoints_table",298,259,"create_lowest_breakpoints_table","inst/app/modules/mod_hierarchy.R","r_function"
"r_function::inst/app/modules/mod_hierarchy.R::filter_duplicate_names",610,597,"filter_duplicate_names","inst/app/modules/mod_hierarchy.R","r_function"
"r_function::inst/app/modules/mod_hierarchy.R::filter_duplicate_subtrees",627,612,"filter_duplicate_subtrees","inst/app/modules/mod_hierarchy.R","r_function"
"r_function::inst/app/modules/mod_hierarchy.R::find_orphan_nodes",165,155,"find_orphan_nodes","inst/app/modules/mod_hierarchy.R","r_function"
"r_function::inst/app/modules/mod_hierarchy.R::fix_orphan_nodes",181,167,"fix_orphan_nodes","inst/app/modules/mod_hierarchy.R","r_function"
"r_function::inst/app/modules/mod_hierarchy.R::get_descendants",111,101,"get_descendants","inst/app/modules/mod_hierarchy.R","r_function"
"r_function::inst/app/modules/mod_hierarchy.R::get_env_distinct_values",381,363,"get_env_distinct_values","inst/app/modules/mod_hierarchy.R","r_function"
"r_function::inst/app/modules/mod_hierarchy.R::get_env_filter_columns",390,383,"get_env_filter_columns","inst/app/modules/mod_hierarchy.R","r_function"
"r_function::inst/app/modules/mod_hierarchy.R::get_env_su_column",361,350,"get_env_su_column","inst/app/modules/mod_hierarchy.R","r_function"
"r_function::inst/app/modules/mod_hierarchy.R::get_lists_master_table",407,392,"get_lists_master_table","inst/app/modules/mod_hierarchy.R","r_function"
"r_function::inst/app/modules/mod_hierarchy.R::get_lowest_tilde_ids",219,196,"get_lowest_tilde_ids","inst/app/modules/mod_hierarchy.R","r_function"
"r_function::inst/app/modules/mod_hierarchy.R::get_master_site_units",437,409,"get_master_site_units","inst/app/modules/mod_hierarchy.R","r_function"
"r_function::inst/app/modules/mod_hierarchy.R::get_node_path",132,113,"get_node_path","inst/app/modules/mod_hierarchy.R","r_function"
"r_function::inst/app/modules/mod_hierarchy.R::get_node_path_ids",153,134,"get_node_path_ids","inst/app/modules/mod_hierarchy.R","r_function"
"r_function::inst/app/modules/mod_hierarchy.R::get_plots_for_site_unit",595,582,"get_plots_for_site_unit","inst/app/modules/mod_hierarchy.R","r_function"
"r_function::inst/app/modules/mod_hierarchy.R::get_sibling_order",99,81,"get_sibling_order","inst/app/modules/mod_hierarchy.R","r_function"
"r_function::inst/app/modules/mod_hierarchy.R::get_subtree",186,183,"get_subtree","inst/app/modules/mod_hierarchy.R","r_function"
"r_function::inst/app/modules/mod_hierarchy.R::get_subtree_names",194,188,"get_subtree_names","inst/app/modules/mod_hierarchy.R","r_function"
"r_function::inst/app/modules/mod_hierarchy.R::get_user_site_unit_table",461,439,"get_user_site_unit_table","inst/app/modules/mod_hierarchy.R","r_function"
"r_function::inst/app/modules/mod_hierarchy.R::get_user_site_units",487,463,"get_user_site_units","inst/app/modules/mod_hierarchy.R","r_function"
"r_function::inst/app/modules/mod_hierarchy.R::hierarchy_has_column",64,59,"hierarchy_has_column","inst/app/modules/mod_hierarchy.R","r_function"
"r_function::inst/app/modules/mod_hierarchy.R::hierarchy_label",3,1,"hierarchy_label","inst/app/modules/mod_hierarchy.R","r_function"
"r_function::inst/app/modules/mod_hierarchy.R::hierarchy_table_has_column",71,66,"hierarchy_table_has_column","inst/app/modules/mod_hierarchy.R","r_function"
"r_function::inst/app/modules/mod_hierarchy.R::insert_rekeyed_hierarchy",867,778,"insert_rekeyed_hierarchy","inst/app/modules/mod_hierarchy.R","r_function"
"r_function::inst/app/modules/mod_hierarchy.R::insert_subtree",776,692,"insert_subtree","inst/app/modules/mod_hierarchy.R","r_function"
"r_function::inst/app/modules/mod_hierarchy.R::mod_hierarchy_server",2617,990,"mod_hierarchy_server","inst/app/modules/mod_hierarchy.R","r_function"
"r_function::inst/app/modules/mod_hierarchy.R::mod_hierarchy_ui",988,869,"mod_hierarchy_ui","inst/app/modules/mod_hierarchy.R","r_function"
"r_function::inst/app/modules/mod_hierarchy.R::order_hierarchy_rows",25,16,"order_hierarchy_rows","inst/app/modules/mod_hierarchy.R","r_function"
"r_function::inst/app/modules/mod_hierarchy.R::parse_hierarchy_id",14,5,"parse_hierarchy_id","inst/app/modules/mod_hierarchy.R","r_function"
"r_function::inst/app/modules/mod_hierarchy.R::resolve_duplicate_names",664,629,"resolve_duplicate_names","inst/app/modules/mod_hierarchy.R","r_function"
"r_function::inst/app/modules/mod_hierarchy.R::set_lowest_tilde_levels",257,242,"set_lowest_tilde_levels","inst/app/modules/mod_hierarchy.R","r_function"
"r_function::inst/app/modules/mod_hierarchy.R::sync_env_to_su",314,300,"sync_env_to_su","inst/app/modules/mod_hierarchy.R","r_function"
"r_function::inst/app/modules/mod_hierarchy.R::sync_su_to_env",330,316,"sync_su_to_env","inst/app/modules/mod_hierarchy.R","r_function"
"r_function::inst/app/modules/mod_hierarchy.R::table_has_columns",79,73,"table_has_columns","inst/app/modules/mod_hierarchy.R","r_function"
"r_function::inst/app/modules/mod_home.R::mod_home_server",877,507,"mod_home_server","inst/app/modules/mod_home.R","r_function"
"r_function::inst/app/modules/mod_home.R::mod_home_ui",505,1,"mod_home_ui","inst/app/modules/mod_home.R","r_function"
"r_function::inst/app/modules/mod_images.R::mod_images_server",145,33,"mod_images_server","inst/app/modules/mod_images.R","r_function"
"r_function::inst/app/modules/mod_images.R::mod_images_ui",31,4,"mod_images_ui","inst/app/modules/mod_images.R","r_function"
"r_function::inst/app/modules/mod_import.R::access_suffix_map",75,62,"access_suffix_map","inst/app/modules/mod_import.R","r_function"
"r_function::inst/app/modules/mod_import.R::align_import_columns",188,158,"align_import_columns","inst/app/modules/mod_import.R","r_function"
"r_function::inst/app/modules/mod_import.R::apply_project_override",215,190,"apply_project_override","inst/app/modules/mod_import.R","r_function"
"r_function::inst/app/modules/mod_import.R::delete_project_rows",242,217,"delete_project_rows","inst/app/modules/mod_import.R","r_function"
"r_function::inst/app/modules/mod_import.R::import_append_table",93,91,"import_append_table","inst/app/modules/mod_import.R","r_function"
"r_function::inst/app/modules/mod_import.R::import_get_table_fields",89,87,"import_get_table_fields","inst/app/modules/mod_import.R","r_function"
"r_function::inst/app/modules/mod_import.R::import_suffix_map",60,46,"import_suffix_map","inst/app/modules/mod_import.R","r_function"
"r_function::inst/app/modules/mod_import.R::import_table_id",85,77,"import_table_id","inst/app/modules/mod_import.R","r_function"
"r_function::inst/app/modules/mod_import.R::list_import_tables",118,95,"list_import_tables","inst/app/modules/mod_import.R","r_function"
"r_function::inst/app/modules/mod_import.R::mod_import_server",1198,244,"mod_import_server","inst/app/modules/mod_import.R","r_function"
"r_function::inst/app/modules/mod_import.R::mod_import_ui",44,1,"mod_import_ui","inst/app/modules/mod_import.R","r_function"
"r_function::inst/app/modules/mod_import.R::resolve_import_target",156,120,"resolve_import_target","inst/app/modules/mod_import.R","r_function"
"r_function::inst/app/modules/mod_merge.R::mod_merge_server",512,43,"mod_merge_server","inst/app/modules/mod_merge.R","r_function"
"r_function::inst/app/modules/mod_merge.R::mod_merge_ui",41,1,"mod_merge_ui","inst/app/modules/mod_merge.R","r_function"
"r_function::inst/app/modules/mod_nav_launcher.R::mod_nav_launcher_server",83,36,"mod_nav_launcher_server","inst/app/modules/mod_nav_launcher.R","r_function"
"r_function::inst/app/modules/mod_nav_launcher.R::mod_nav_launcher_ui",34,1,"mod_nav_launcher_ui","inst/app/modules/mod_nav_launcher.R","r_function"
"r_function::inst/app/modules/mod_plot_profiling.R::mod_plot_profiling_server",264,45,"mod_plot_profiling_server","inst/app/modules/mod_plot_profiling.R","r_function"
"r_function::inst/app/modules/mod_plot_profiling.R::mod_plot_profiling_ui",43,8,"mod_plot_profiling_ui","inst/app/modules/mod_plot_profiling.R","r_function"
"r_function::inst/app/modules/mod_plot_profiling.R::profile_env_step",374,313,"profile_env_step","inst/app/modules/mod_plot_profiling.R","r_function"
"r_function::inst/app/modules/mod_plot_profiling.R::profile_veg_step",310,267,"profile_veg_step","inst/app/modules/mod_plot_profiling.R","r_function"
"r_function::inst/app/modules/mod_project_metadata.R::mod_project_metadata_server",777,300,"mod_project_metadata_server","inst/app/modules/mod_project_metadata.R","r_function"
"r_function::inst/app/modules/mod_project_metadata.R::mod_project_metadata_ui",298,94,"mod_project_metadata_ui","inst/app/modules/mod_project_metadata.R","r_function"
"r_function::inst/app/modules/mod_project_metadata.R::project_metadata_default_all_specs",92,84,"project_metadata_default_all_specs","inst/app/modules/mod_project_metadata.R","r_function"
"r_function::inst/app/modules/mod_project_metadata.R::project_metadata_default_table_of_lists",82,74,"project_metadata_default_table_of_lists","inst/app/modules/mod_project_metadata.R","r_function"
"r_function::inst/app/modules/mod_project_metadata.R::project_metadata_detect_table",36,1,"project_metadata_detect_table","inst/app/modules/mod_project_metadata.R","r_function"
"r_function::inst/app/modules/mod_project_metadata.R::project_metadata_list_choices",72,38,"project_metadata_list_choices","inst/app/modules/mod_project_metadata.R","r_function"
"r_function::inst/app/modules/mod_project.R::.default_db_path",7,5,".default_db_path","inst/app/modules/mod_project.R","r_function"
"r_function::inst/app/modules/mod_project.R::mod_project_server",369,23,"mod_project_server","inst/app/modules/mod_project.R","r_function"
"r_function::inst/app/modules/mod_project.R::mod_project_ui",21,9,"mod_project_ui","inst/app/modules/mod_project.R","r_function"
"r_function::inst/app/modules/mod_reporting.R::mod_reporting_server",1096,53,"mod_reporting_server","inst/app/modules/mod_reporting.R","r_function"
"r_function::inst/app/modules/mod_reporting.R::mod_reporting_ui",51,1,"mod_reporting_ui","inst/app/modules/mod_reporting.R","r_function"
"r_function::inst/app/modules/mod_sidebar.R::mod_sidebar_server",159,26,"mod_sidebar_server","inst/app/modules/mod_sidebar.R","r_function"
"r_function::inst/app/modules/mod_sidebar.R::mod_sidebar_ui",24,1,"mod_sidebar_ui","inst/app/modules/mod_sidebar.R","r_function"
"r_function::inst/app/modules/mod_site_env.R::coerce_soil_value",140,131,"coerce_soil_value","inst/app/modules/mod_site_env.R","r_function"
"r_function::inst/app/modules/mod_site_env.R::format_dms_value",119,108,"format_dms_value","inst/app/modules/mod_site_env.R","r_function"
"r_function::inst/app/modules/mod_site_env.R::get_hot_selected_row",163,149,"get_hot_selected_row","inst/app/modules/mod_site_env.R","r_function"
"r_function::inst/app/modules/mod_site_env.R::mod_site_env_server",1196,285,"mod_site_env_server","inst/app/modules/mod_site_env.R","r_function"
"r_function::inst/app/modules/mod_site_env.R::mod_site_env_ui",283,165,"mod_site_env_ui","inst/app/modules/mod_site_env.R","r_function"
"r_function::inst/app/modules/mod_site_env.R::parse_dms_value",124,121,"parse_dms_value","inst/app/modules/mod_site_env.R","r_function"
"r_function::inst/app/modules/mod_site_env.R::save_site_env_header",105,1,"save_site_env_header","inst/app/modules/mod_site_env.R","r_function"
"r_function::inst/app/modules/mod_site_env.R::save_soil_cell",147,142,"save_soil_cell","inst/app/modules/mod_site_env.R","r_function"
"r_function::inst/app/modules/mod_su_table.R::mod_su_table_server",145,23,"mod_su_table_server","inst/app/modules/mod_su_table.R","r_function"
"r_function::inst/app/modules/mod_su_table.R::mod_su_table_ui",21,1,"mod_su_table_ui","inst/app/modules/mod_su_table.R","r_function"
"r_function::inst/app/modules/mod_sync.R::mod_sync_server",1750,263,"mod_sync_server","inst/app/modules/mod_sync.R","r_function"
"r_function::inst/app/modules/mod_sync.R::mod_sync_ui",258,9,"mod_sync_ui","inst/app/modules/mod_sync.R","r_function"
"r_function::inst/app/modules/mod_upload.R::mod_upload_server",338,35,"mod_upload_server","inst/app/modules/mod_upload.R","r_function"
"r_function::inst/app/modules/mod_upload.R::mod_upload_ui",33,1,"mod_upload_ui","inst/app/modules/mod_upload.R","r_function"
"r_function::inst/app/modules/mod_user_log.R::mod_user_log_server",84,36,"mod_user_log_server","inst/app/modules/mod_user_log.R","r_function"
"r_function::inst/app/modules/mod_user_log.R::mod_user_log_ui",34,7,"mod_user_log_ui","inst/app/modules/mod_user_log.R","r_function"
"r_function::inst/app/modules/mod_user_setup.R::mod_user_setup_server",140,75,"mod_user_setup_server","inst/app/modules/mod_user_setup.R","r_function"
"r_function::inst/app/modules/mod_user_setup.R::mod_user_setup_ui",73,9,"mod_user_setup_ui","inst/app/modules/mod_user_setup.R","r_function"
"r_function::inst/app/modules/mod_veg_sample.R::coerce_veg_value",22,14,"coerce_veg_value","inst/app/modules/mod_veg_sample.R","r_function"
"r_function::inst/app/modules/mod_veg_sample.R::detect_hot_changes",61,30,"detect_hot_changes","inst/app/modules/mod_veg_sample.R","r_function"
"r_function::inst/app/modules/mod_veg_sample.R::get_hot_selected_row",86,72,"get_hot_selected_row","inst/app/modules/mod_veg_sample.R","r_function"
"r_function::inst/app/modules/mod_veg_sample.R::mod_veg_sample_server",504,125,"mod_veg_sample_server","inst/app/modules/mod_veg_sample.R","r_function"
"r_function::inst/app/modules/mod_veg_sample.R::mod_veg_sample_ui",123,88,"mod_veg_sample_ui","inst/app/modules/mod_veg_sample.R","r_function"
"r_function::inst/app/modules/mod_veg_sample.R::save_veg_cell",28,24,"save_veg_cell","inst/app/modules/mod_veg_sample.R","r_function"
"r_function::inst/app/modules/mod_veg_sample.R::sum_numeric_or_na",70,63,"sum_numeric_or_na","inst/app/modules/mod_veg_sample.R","r_function"
"r_function::inst/app/modules/mod_whatsnew.R::mod_whatsnew_server",166,1,"mod_whatsnew_server","inst/app/modules/mod_whatsnew.R","r_function"
"r_function::inst/app/reports/_vpro_report_utils.R::cell_spec",98,90,"cell_spec","inst/app/reports/_vpro_report_utils.R","r_function"
"r_function::inst/app/reports/_vpro_report_utils.R::kable_styling",82,77,"kable_styling","inst/app/reports/_vpro_report_utils.R","r_function"
"r_function::inst/app/reports/_vpro_report_utils.R::kbl",69,27,"kbl","inst/app/reports/_vpro_report_utils.R","r_function"
"r_function::inst/app/reports/_vpro_report_utils.R::vpro_duckdb_connect",262,215,"vpro_duckdb_connect","inst/app/reports/_vpro_report_utils.R","r_function"
"r_function::inst/app/reports/_vpro_report_utils.R::vpro_ensure_col",288,276,"vpro_ensure_col","inst/app/reports/_vpro_report_utils.R","r_function"
"r_function::inst/app/reports/_vpro_report_utils.R::vpro_first_existing_col",274,264,"vpro_first_existing_col","inst/app/reports/_vpro_report_utils.R","r_function"
"r_function::inst/app/reports/_vpro_report_utils.R::vpro_is_nonempty_string",102,100,"vpro_is_nonempty_string","inst/app/reports/_vpro_report_utils.R","r_function"
"r_function::inst/app/reports/_vpro_report_utils.R::vpro_project_root",168,137,"vpro_project_root","inst/app/reports/_vpro_report_utils.R","r_function"
"r_function::inst/app/reports/_vpro_report_utils.R::vpro_report_dir",135,104,"vpro_report_dir","inst/app/reports/_vpro_report_utils.R","r_function"
"r_function::inst/app/reports/_vpro_report_utils.R::vpro_resolve_existing_path",213,180,"vpro_resolve_existing_path","inst/app/reports/_vpro_report_utils.R","r_function"
"r_function::inst/app/reports/_vpro_report_utils.R::vpro_resolve_path",178,170,"vpro_resolve_path","inst/app/reports/_vpro_report_utils.R","r_function"
"r_function::inst/app/reports/_vpro_report_utils.R::vpro_sql_in_list",300,290,"vpro_sql_in_list","inst/app/reports/_vpro_report_utils.R","r_function"
"r_function::inst/app/server.R::server",1786,3,"server","inst/app/server.R","r_function"
"r_function::inst/app/ui.R::nlt",41,19,"nlt","inst/app/ui.R","r_function"
"r_function::inst/app/ui.R::npt",17,3,"npt","inst/app/ui.R","r_function"
"r_function::R/00.db.R::.pg_database",134,134,".pg_database","R/00.db.R","r_function"
"r_function::R/00.db.R::.pg_host",132,132,".pg_host","R/00.db.R","r_function"
"r_function::R/00.db.R::.pg_port",133,133,".pg_port","R/00.db.R","r_function"
"r_function::R/00.db.R::AllSpecsVersion",397,395,"AllSpecsVersion","R/00.db.R","r_function"
"r_function::R/00.db.R::attach_cloud",203,196,"attach_cloud","R/00.db.R","r_function"
"r_function::R/00.db.R::attach_cloud_db",194,148,"attach_cloud_db","R/00.db.R","r_function"
"r_function::R/00.db.R::AttachProject",458,411,"AttachProject","R/00.db.R","r_function"
"r_function::R/00.db.R::AttachProjectTables",500,462,"AttachProjectTables","R/00.db.R","r_function"
"r_function::R/00.db.R::BuildProjectPickList",553,545,"BuildProjectPickList","R/00.db.R","r_function"
"r_function::R/00.db.R::db_attach",96,71,"db_attach","R/00.db.R","r_function"
"r_function::R/00.db.R::db_close",40,38,"db_close","R/00.db.R","r_function"
"r_function::R/00.db.R::db_con",36,27,"db_con","R/00.db.R","r_function"
"r_function::R/00.db.R::db_convert_access_to_sqlite",216,207,"db_convert_access_to_sqlite","R/00.db.R","r_function"
"r_function::R/00.db.R::db_detach",100,98,"db_detach","R/00.db.R","r_function"
"r_function::R/00.db.R::db_fields",128,126,"db_fields","R/00.db.R","r_function"
"r_function::R/00.db.R::db_hash",65,58,"db_hash","R/00.db.R","r_function"
"r_function::R/00.db.R::db_id",47,42,"db_id","R/00.db.R","r_function"
"r_function::R/00.db.R::db_insert",112,110,"db_insert","R/00.db.R","r_function"
"r_function::R/00.db.R::db_list_attached",69,67,"db_list_attached","R/00.db.R","r_function"
"r_function::R/00.db.R::db_log_in",248,238,"db_log_in","R/00.db.R","r_function"
"r_function::R/00.db.R::db_log_project",345,265,"db_log_project","R/00.db.R","r_function"
"r_function::R/00.db.R::db_log_vpro",263,250,"db_log_vpro","R/00.db.R","r_function"
"r_function::R/00.db.R::db_masterunitlist_views",236,225,"db_masterunitlist_views","R/00.db.R","r_function"
"r_function::R/00.db.R::db_path",55,53,"db_path","R/00.db.R","r_function"
"r_function::R/00.db.R::db_query",104,102,"db_query","R/00.db.R","r_function"
"r_function::R/00.db.R::db_rename",124,114,"db_rename","R/00.db.R","r_function"
"r_function::R/00.db.R::db_rename_fix01",223,218,"db_rename_fix01","R/00.db.R","r_function"
"r_function::R/00.db.R::db_run",108,106,"db_run","R/00.db.R","r_function"
"r_function::R/00.db.R::db_tb",51,49,"db_tb","R/00.db.R","r_function"
"r_function::R/00.db.R::from_audit_Version",370,347,"from_audit_Version","R/00.db.R","r_function"
"r_function::R/00.db.R::from_metadata_Version",389,372,"from_metadata_Version","R/00.db.R","r_function"
"r_function::R/00.db.R::GetFileName",543,502,"GetFileName","R/00.db.R","r_function"
"r_function::R/00.db.R::GetVProTableVersion",409,407,"GetVProTableVersion","R/00.db.R","r_function"
"r_function::R/00.db.R::is_cloud_connected",146,136,"is_cloud_connected","R/00.db.R","r_function"
"r_function::R/00.db.R::LogProjectIn",649,646,"LogProjectIn","R/00.db.R","r_function"
"r_function::R/00.db.R::LogProjectOut",644,641,"LogProjectOut","R/00.db.R","r_function"
"r_function::R/00.db.R::PickProjects",639,637,"PickProjects","R/00.db.R","r_function"
"r_function::R/00.db.R::ProjectVersion",393,391,"ProjectVersion","R/00.db.R","r_function"
"r_function::R/00.db.R::ProjectVersionTableOfLists",401,399,"ProjectVersionTableOfLists","R/00.db.R","r_function"
"r_function::R/00.db.R::TableOfListsVersion",405,403,"TableOfListsVersion","R/00.db.R","r_function"
"r_function::R/00.db.R::TestForTableInVPro",558,555,"TestForTableInVPro","R/00.db.R","r_function"
"r_function::R/00.db.R::USysPickTable",635,560,"USysPickTable","R/00.db.R","r_function"
"r_function::R/01.state.R::init_state",121,2,"init_state","R/01.state.R","r_function"
"r_function::R/app.R::run_vpro",14,11,"run_vpro","R/app.R","r_function"
"r_function::R/config.R::config",125,113,"config","R/config.R","r_function"
"r_function::R/config.R::config_init",86,52,"config_init","R/config.R","r_function"
"r_function::R/config.R::vpro_bundled_file",39,33,"vpro_bundled_file","R/config.R","r_function"
"r_function::R/config.R::vpro_config_accessor",110,102,"vpro_config_accessor","R/config.R","r_function"
"r_function::R/config.R::vpro_config_dir",15,9,"vpro_config_dir","R/config.R","r_function"
"r_function::R/config.R::vpro_config_file",31,29,"vpro_config_file","R/config.R","r_function"
"r_function::R/config.R::vpro_config_get",139,134,"vpro_config_get","R/config.R","r_function"
"r_function::R/config.R::vpro_config_set",151,149,"vpro_config_set","R/config.R","r_function"
"r_function::R/config.R::vpro_data_dir",27,21,"vpro_data_dir","R/config.R","r_function"
"r_function::R/config.R::vpro_write_yaml",100,88,"vpro_write_yaml","R/config.R","r_function"
"r_function::R/db-connection.R::vpro_db_alias",81,79,"vpro_db_alias","R/db-connection.R","r_function"
"r_function::R/db-connection.R::vpro_db_attach",119,90,"vpro_db_attach","R/db-connection.R","r_function"
"r_function::R/db-connection.R::vpro_db_connect",53,41,"vpro_db_connect","R/db-connection.R","r_function"
"r_function::R/db-connection.R::vpro_db_detach",134,128,"vpro_db_detach","R/db-connection.R","r_function"
"r_function::R/db-connection.R::vpro_db_disconnect",67,61,"vpro_db_disconnect","R/db-connection.R","r_function"
"r_function::R/db-connection.R::vpro_db_list",77,75,"vpro_db_list","R/db-connection.R","r_function"
"r_function::R/db-connection.R::vpro_db_path",147,145,"vpro_db_path","R/db-connection.R","r_function"
"r_function::R/db-connection.R::vpro_sqlite_extension",29,3,"vpro_sqlite_extension","R/db-connection.R","r_function"
"r_function::R/install.R::vpro_config_install",21,10,"vpro_config_install","R/install.R","r_function"
"r_function::R/install.R::vpro_data_install",50,33,"vpro_data_install","R/install.R","r_function"
"r_function::R/install.R::vpro_install",65,59,"vpro_install","R/install.R","r_function"
"r_function::R/project-context.R::vpro_database_acquire",168,132,"vpro_database_acquire","R/project-context.R","r_function"
"r_function::R/project-context.R::vpro_database_attached",130,123,"vpro_database_attached","R/project-context.R","r_function"
"r_function::R/project-context.R::vpro_database_release",186,170,"vpro_database_release","R/project-context.R","r_function"
"r_function::R/project-context.R::vpro_project_activate",400,366,"vpro_project_activate","R/project-context.R","r_function"
"r_function::R/project-context.R::vpro_project_alias",121,119,"vpro_project_alias","R/project-context.R","r_function"
"r_function::R/project-context.R::vpro_project_assert_context",117,109,"vpro_project_assert_context","R/project-context.R","r_function"
"r_function::R/project-context.R::vpro_project_attach",250,200,"vpro_project_attach","R/project-context.R","r_function"
"r_function::R/project-context.R::vpro_project_close",536,530,"vpro_project_close","R/project-context.R","r_function"
"r_function::R/project-context.R::vpro_project_context",107,80,"vpro_project_context","R/project-context.R","r_function"
"r_function::R/project-context.R::vpro_project_create_view",297,287,"vpro_project_create_view","R/project-context.R","r_function"
"r_function::R/project-context.R::vpro_project_detach",522,504,"vpro_project_detach","R/project-context.R","r_function"
"r_function::R/project-context.R::vpro_project_drop_views",285,263,"vpro_project_drop_views","R/project-context.R","r_function"
"r_function::R/project-context.R::vpro_project_inspect",64,48,"vpro_project_inspect","R/project-context.R","r_function"
"r_function::R/project-context.R::vpro_project_metadata",35,17,"vpro_project_metadata","R/project-context.R","r_function"
"r_function::R/project-context.R::vpro_project_name",11,3,"vpro_project_name","R/project-context.R","r_function"
"r_function::R/project-context.R::vpro_project_recover",492,418,"vpro_project_recover","R/project-context.R","r_function"
"r_function::R/project-context.R::vpro_project_relation",261,252,"vpro_project_relation","R/project-context.R","r_function"
"r_function::R/project-context.R::vpro_project_rewrite_schema",548,538,"vpro_project_rewrite_schema","R/project-context.R","r_function"
"r_function::R/project-context.R::vpro_project_save_as",670,563,"vpro_project_save_as","R/project-context.R","r_function"
"r_function::R/project-context.R::vpro_project_table",15,13,"vpro_project_table","R/project-context.R","r_function"
"r_function::R/project-context.R::vpro_project_veg_sql",353,299,"vpro_project_veg_sql","R/project-context.R","r_function"
"r_function::R/project.R::vpro_project_discover",74,49,"vpro_project_discover","R/project.R","r_function"
"r_function::R/project.R::vpro_project_validate",91,83,"vpro_project_validate","R/project.R","r_function"
"r_function::R/project.R::vpro_sqlite_tables",38,23,"vpro_sqlite_tables","R/project.R","r_function"
"r_function::R/su-context.R::vpro_su_activate",264,226,"vpro_su_activate","R/su-context.R","r_function"
"r_function::R/su-context.R::vpro_su_alias",96,94,"vpro_su_alias","R/su-context.R","r_function"
"r_function::R/su-context.R::vpro_su_attach",145,110,"vpro_su_attach","R/su-context.R","r_function"
"r_function::R/su-context.R::vpro_su_deactivate",279,272,"vpro_su_deactivate","R/su-context.R","r_function"
"r_function::R/su-context.R::vpro_su_detach",305,291,"vpro_su_detach","R/su-context.R","r_function"
"r_function::R/su-context.R::vpro_su_diagnostics",214,155,"vpro_su_diagnostics","R/su-context.R","r_function"
"r_function::R/su-context.R::vpro_su_inspect",92,42,"vpro_su_inspect","R/su-context.R","r_function"
"r_function::R/su-context.R::vpro_su_metadata",24,11,"vpro_su_metadata","R/su-context.R","r_function"
"r_function::R/su-context.R::vpro_su_name",5,3,"vpro_su_name","R/su-context.R","r_function"
"r_function::R/su-context.R::vpro_su_recover",450,418,"vpro_su_recover","R/su-context.R","r_function"
"r_function::R/su-context.R::vpro_su_relation",153,147,"vpro_su_relation","R/su-context.R","r_function"
"r_function::R/su-context.R::vpro_su_save_as",405,319,"vpro_su_save_as","R/su-context.R","r_function"
"r_function::R/su-context.R::vpro_su_table",9,7,"vpro_su_table","R/su-context.R","r_function"
"r_function::R/su-context.R::vpro_su_text_type",28,26,"vpro_su_text_type","R/su-context.R","r_function"
"r_function::R/zzz.R::.onLoad",5,3,".onLoad","R/zzz.R","r_function"
"r_function::tests/testthat/helpers.R::clear_core_tables",524,520,"clear_core_tables","tests/testthat/helpers.R","r_function"
"r_function::tests/testthat/helpers.R::clear_staging_tables",538,532,"clear_staging_tables","tests/testthat/helpers.R","r_function"
"r_function::tests/testthat/helpers.R::expect_query_result",512,504,"expect_query_result","tests/testthat/helpers.R","r_function"
"r_function::tests/testthat/helpers.R::get_test_pg_connection",410,400,"get_test_pg_connection","tests/testthat/helpers.R","r_function"
"r_function::tests/testthat/helpers.R::initialize_test_schema",318,28,"initialize_test_schema","tests/testthat/helpers.R","r_function"
"r_function::tests/testthat/helpers.R::insert_test_plot",493,463,"insert_test_plot","tests/testthat/helpers.R","r_function"
"r_function::tests/testthat/helpers.R::pg_available",391,373,"pg_available","tests/testthat/helpers.R","r_function"
"r_function::tests/testthat/helpers.R::reset_test_db",450,437,"reset_test_db","tests/testthat/helpers.R","r_function"
"r_function::tests/testthat/helpers.R::seed_test_reference_data",365,326,"seed_test_reference_data","tests/testthat/helpers.R","r_function"
"r_function::tests/testthat/helpers.R::test_connect_duckdb",20,10,"test_connect_duckdb","tests/testthat/helpers.R","r_function"
"r_function::tests/testthat/helpers.R::test_connect_postgres",429,421,"test_connect_postgres","tests/testthat/helpers.R","r_function"
"r_function::tests/testthat/test_sync_push.R::.make_env",36,20,".make_env","tests/testthat/test_sync_push.R","r_function"
"r_function::tests/testthat/test_sync_push.R::.teardown_env",42,38,".teardown_env","tests/testthat/test_sync_push.R","r_function"
"r_function::tests/testthat/test-compliance-edge-cases.R::seed_reference_data",205,127,"seed_reference_data","tests/testthat/test-compliance-edge-cases.R","r_function"
"r_function::tests/testthat/test-compliance-edge-cases.R::setup_full_compliance_schema",125,10,"setup_full_compliance_schema","tests/testthat/test-compliance-edge-cases.R","r_function"
"r_function::tests/testthat/test-db-foundation.R::create_project_fixture",14,1,"create_project_fixture","tests/testthat/test-db-foundation.R","r_function"
"r_function::tests/testthat/test-logic_audit.R::setup_audit_env",31,5,"setup_audit_env","tests/testthat/test-logic_audit.R","r_function"
"r_function::tests/testthat/test-logic_auth.R::get_auth_test_con",35,31,"get_auth_test_con","tests/testthat/test-logic_auth.R","r_function"
"r_function::tests/testthat/test-logic_auth.R::get_auth_test_con_admin",42,38,"get_auth_test_con_admin","tests/testthat/test-logic_auth.R","r_function"
"r_function::tests/testthat/test-logic_compliance.R::setup_compliance_tables",89,5,"setup_compliance_tables","tests/testthat/test-logic_compliance.R","r_function"
"r_function::tests/testthat/test-logic_excel_export.R::connect_vpro_duckdb_for_tests",14,3,"connect_vpro_duckdb_for_tests","tests/testthat/test-logic_excel_export.R","r_function"
"r_function::tests/testthat/test-logic_project.R::make_project_file",82,30,"make_project_file","tests/testthat/test-logic_project.R","r_function"
"r_function::tests/testthat/test-logic_project.R::make_runtime_root",28,9,"make_runtime_root","tests/testthat/test-logic_project.R","r_function"
"r_function::tests/testthat/test-logic_reports_hierarchy.R::setup_hierarchy_db",51,13,"setup_hierarchy_db","tests/testthat/test-logic_reports_hierarchy.R","r_function"
"r_function::tests/testthat/test-logic_reports_qc.R::setup_test_db",93,13,"setup_test_db","tests/testthat/test-logic_reports_qc.R","r_function"
"r_function::tests/testthat/test-logic_reports_validation.R::setup_validation_db",169,12,"setup_validation_db","tests/testthat/test-logic_reports_validation.R","r_function"
"r_function::tests/testthat/test-logic_soil_grid.R::setup_soil_tables",50,5,"setup_soil_tables","tests/testthat/test-logic_soil_grid.R","r_function"
"r_function::tests/testthat/test-logic_staging_compliance.R::setup_staging_compliance_db",50,6,"setup_staging_compliance_db","tests/testthat/test-logic_staging_compliance.R","r_function"
"r_function::tests/testthat/test-logic_state.R::setup_test_metadata",21,5,"setup_test_metadata","tests/testthat/test-logic_state.R","r_function"
"r_function::tests/testthat/test-logic_sync.R::.attach_master",238,232,".attach_master","tests/testthat/test-logic_sync.R","r_function"
"r_function::tests/testthat/test-logic_sync.R::.make_local",229,193,".make_local","tests/testthat/test-logic_sync.R","r_function"
"r_function::tests/testthat/test-logic_sync.R::.make_master",190,20,".make_master","tests/testthat/test-logic_sync.R","r_function"
"r_function::tests/testthat/test-logic_veg_data.R::setup_veg_tables",85,7,"setup_veg_tables","tests/testthat/test-logic_veg_data.R","r_function"
"r_function::tests/testthat/test-logic_venus_export.R::create_test_db",160,9,"create_test_db","tests/testthat/test-logic_venus_export.R","r_function"
"r_function::tests/testthat/test-logic_venus_export.R::seed_test_data",268,163,"seed_test_data","tests/testthat/test-logic_venus_export.R","r_function"
"r_function::tests/testthat/test-mod_admin_merge.R::setup_merge_db_admin",19,10,"setup_merge_db_admin","tests/testthat/test-mod_admin_merge.R","r_function"
"r_function::tests/testthat/test-mod_admin_projects.R::setup_projects_db",24,8,"setup_projects_db","tests/testthat/test-mod_admin_projects.R","r_function"
"r_function::tests/testthat/test-mod_admin_publishing.R::make_minimal_db",54,21,"make_minimal_db","tests/testthat/test-mod_admin_publishing.R","r_function"
"r_function::tests/testthat/test-mod_admin_publishing.R::make_state",19,11,"make_state","tests/testthat/test-mod_admin_publishing.R","r_function"
"r_function::tests/testthat/test-mod_export.R::setup_export_tables",22,5,"setup_export_tables","tests/testthat/test-mod_export.R","r_function"
"r_function::tests/testthat/test-mod_import.R::setup_import_auth",84,80,"setup_import_auth","tests/testthat/test-mod_import.R","r_function"
"r_function::tests/testthat/test-mod_import.R::setup_import_env_table",29,12,"setup_import_env_table","tests/testthat/test-mod_import.R","r_function"
"r_function::tests/testthat/test-mod_import.R::setup_import_lists_table",72,66,"setup_import_lists_table","tests/testthat/test-mod_import.R","r_function"
"r_function::tests/testthat/test-mod_import.R::setup_import_tables",10,8,"setup_import_tables","tests/testthat/test-mod_import.R","r_function"
"r_function::tests/testthat/test-mod_import.R::setup_import_veg_table",64,31,"setup_import_veg_table","tests/testthat/test-mod_import.R","r_function"
"r_function::tests/testthat/test-mod_import.R::write_csv_named",78,74,"write_csv_named","tests/testthat/test-mod_import.R","r_function"
"r_function::tests/testthat/test-mod_merge.R::setup_merge_db",256,6,"setup_merge_db","tests/testthat/test-mod_merge.R","r_function"
"r_function::tests/testthat/test-mod_site_env.R::setup_site_env_tables",84,7,"setup_site_env_tables","tests/testthat/test-mod_site_env.R","r_function"
"r_function::tests/testthat/test-mod_sync.R::.mk_local_con",64,16,".mk_local_con","tests/testthat/test-mod_sync.R","r_function"
"r_function::tests/testthat/test-mod_sync.R::.mk_master_con",127,66,".mk_master_con","tests/testthat/test-mod_sync.R","r_function"
"r_function::tests/testthat/test-mod_veg_sample.R::setup_veg_sample_tables",41,6,"setup_veg_sample_tables","tests/testthat/test-mod_veg_sample.R","r_function"
"r_function::tests/testthat/test-project-context.R::create_lifecycle_fixture",72,1,"create_lifecycle_fixture","tests/testthat/test-project-context.R","r_function"
"r_function::tests/testthat/test-project-context.R::local_project_context",82,74,"local_project_context","tests/testthat/test-project-context.R","r_function"
"r_function::tests/testthat/test-reports-parity.R::cleanup_reports_parity_artifacts",70,38,"cleanup_reports_parity_artifacts","tests/testthat/test-reports-parity.R","r_function"
"r_function::tests/testthat/test-reports-parity.R::extract_table_data",313,291,"extract_table_data","tests/testthat/test-reports-parity.R","r_function"
"r_function::tests/testthat/test-reports-parity.R::parse_html_report",280,256,"parse_html_report","tests/testthat/test-reports-parity.R","r_function"
"r_function::tests/testthat/test-reports-parity.R::render_test_report",246,95,"render_test_report","tests/testthat/test-reports-parity.R","r_function"
"r_function::tests/testthat/test-reports-parity.R::validate_sections_present",330,324,"validate_sections_present","tests/testthat/test-reports-parity.R","r_function"
"r_function::tests/testthat/test-schema_deployment.R::connect_pg",19,9,"connect_pg","tests/testthat/test-schema_deployment.R","r_function"
"r_function::tests/testthat/test-schema-validation.R::compare_schemas",127,83,"compare_schemas","tests/testthat/test-schema-validation.R","r_function"
"r_function::tests/testthat/test-schema-validation.R::format_comparison_error",145,130,"format_comparison_error","tests/testthat/test-schema-validation.R","r_function"
"r_function::tests/testthat/test-schema-validation.R::get_table_schema",80,44,"get_table_schema","tests/testthat/test-schema-validation.R","r_function"
"r_function::tests/testthat/test-schema-validation.R::normalize_column_type",41,26,"normalize_column_type","tests/testthat/test-schema-validation.R","r_function"
"r_function::tests/testthat/test-schema-validation.R::run_schema_test",160,148,"run_schema_test","tests/testthat/test-schema-validation.R","r_function"
"r_function::tests/testthat/test-su-context.R::create_su_fixture",41,1,"create_su_fixture","tests/testthat/test-su-context.R","r_function"
"r_function::tests/testthat/test-su-context.R::create_su_project_fixture",74,43,"create_su_project_fixture","tests/testthat/test-su-context.R","r_function"
"r_function::tests/testthat/test-su-context.R::local_su_context",84,76,"local_su_context","tests/testthat/test-su-context.R","r_function"
"test::tests/testthat/test_sync_push.R::130",130,130,"merge_request_refresh_conflicts detects rowVersion conflicts","tests/testthat/test_sync_push.R","test_that"
"test::tests/testthat/test_sync_push.R::174",174,174,"keep_staged resolution allows row to be applied to core","tests/testthat/test_sync_push.R","test_that"
"test::tests/testthat/test_sync_push.R::214",214,214,"keep_core resolution excludes staged row from approval","tests/testthat/test_sync_push.R","test_that"
"test::tests/testthat/test_sync_push.R::49",49,49,"sync_push creates a pending_review MR and inserts staging rows","tests/testthat/test_sync_push.R","test_that"
"test::tests/testthat/test_sync_push.R::90",90,90,"merge_approve_request moves staging rows to core and sets status merged","tests/testthat/test_sync_push.R","test_that"
"test::tests/testthat/test-compliance-edge-cases.R::1014",1014,1014,"Duplicate veg: same species in different layers is OK","tests/testthat/test-compliance-edge-cases.R","test_that"
"test::tests/testthat/test-compliance-edge-cases.R::1042",1042,1042,"Cascading: one record with multiple violations","tests/testthat/test-compliance-edge-cases.R","test_that"
"test::tests/testthat/test-compliance-edge-cases.R::1078",1078,1078,"Cascading: all rules violated in one dataset","tests/testthat/test-compliance-edge-cases.R","test_that"
"test::tests/testthat/test-compliance-edge-cases.R::1216",1216,1216,"Compliance summary: aggregates by rule type","tests/testthat/test-compliance-edge-cases.R","test_that"
"test::tests/testthat/test-compliance-edge-cases.R::1251",1251,1251,"Compliance summary: empty when no violations","tests/testthat/test-compliance-edge-cases.R","test_that"
"test::tests/testthat/test-compliance-edge-cases.R::1280",1280,1280,"Compliance detail: includes plot numbers","tests/testthat/test-compliance-edge-cases.R","test_that"
"test::tests/testthat/test-compliance-edge-cases.R::1302",1302,1302,"Performance: 1000 records with mixed violations","tests/testthat/test-compliance-edge-cases.R","test_that"
"test::tests/testthat/test-compliance-edge-cases.R::1344",1344,1344,"Performance: correctly filters by project_id","tests/testthat/test-compliance-edge-cases.R","test_that"
"test::tests/testthat/test-compliance-edge-cases.R::1379",1379,1379,"Integration: BC forestry plot passes all checks","tests/testthat/test-compliance-edge-cases.R","test_that"
"test::tests/testthat/test-compliance-edge-cases.R::1441",1441,1441,"Integration: edge of BC boundary coordinates","tests/testthat/test-compliance-edge-cases.R","test_that"
"test::tests/testthat/test-compliance-edge-cases.R::1479",1479,1479,"Integration: cover codes in realistic context","tests/testthat/test-compliance-edge-cases.R","test_that"
"test::tests/testthat/test-compliance-edge-cases.R::1531",1531,1531,"Cover sum: total >100% per layer flagged as warning","tests/testthat/test-compliance-edge-cases.R","test_that"
"test::tests/testthat/test-compliance-edge-cases.R::1558",1558,1558,"Date validation: future survey dates flagged","tests/testthat/test-compliance-edge-cases.R","test_that"
"test::tests/testthat/test-compliance-edge-cases.R::1588",1588,1588,"Date validation: NULL survey date allowed (unknown date)","tests/testthat/test-compliance-edge-cases.R","test_that"
"test::tests/testthat/test-compliance-edge-cases.R::1613",1613,1613,"Hierarchical consistency: parent-child plot relationships","tests/testthat/test-compliance-edge-cases.R","test_that"
"test::tests/testthat/test-compliance-edge-cases.R::1624",1624,1624,"Coordinate consistency: DMS vs DD format detection","tests/testthat/test-compliance-edge-cases.R","test_that"
"test::tests/testthat/test-compliance-edge-cases.R::1646",1646,1646,"Stress: Maximum string lengths (255 chars)","tests/testthat/test-compliance-edge-cases.R","test_that"
"test::tests/testthat/test-compliance-edge-cases.R::1669",1669,1669,"Stress: Unicode and special characters in text fields","tests/testthat/test-compliance-edge-cases.R","test_that"
"test::tests/testthat/test-compliance-edge-cases.R::1703",1703,1703,"Stress: Whitespace variations (tabs, newlines, mixed)","tests/testthat/test-compliance-edge-cases.R","test_that"
"test::tests/testthat/test-compliance-edge-cases.R::1725",1725,1725,"Stress: All fields at NULL (minimal record)","tests/testthat/test-compliance-edge-cases.R","test_that"
"test::tests/testthat/test-compliance-edge-cases.R::1757",1757,1757,"Stress: 10000 vegetation entries validate in <3 seconds","tests/testthat/test-compliance-edge-cases.R","test_that"
"test::tests/testthat/test-compliance-edge-cases.R::1807",1807,1807,"Stress: Mixed valid and invalid across all rules","tests/testthat/test-compliance-edge-cases.R","test_that"
"test::tests/testthat/test-compliance-edge-cases.R::211",211,211,"Required fields: null values are flagged","tests/testthat/test-compliance-edge-cases.R","test_that"
"test::tests/testthat/test-compliance-edge-cases.R::230",230,230,"Required fields: empty strings are flagged","tests/testthat/test-compliance-edge-cases.R","test_that"
"test::tests/testthat/test-compliance-edge-cases.R::257",257,257,"Required fields: all four required fields","tests/testthat/test-compliance-edge-cases.R","test_that"
"test::tests/testthat/test-compliance-edge-cases.R::276",276,276,"Required fields: whitespace-only strings treated as empty","tests/testthat/test-compliance-edge-cases.R","test_that"
"test::tests/testthat/test-compliance-edge-cases.R::300",300,300,"Species FK: invalid species code flagged","tests/testthat/test-compliance-edge-cases.R","test_that"
"test::tests/testthat/test-compliance-edge-cases.R::318",318,318,"Species FK: case sensitivity","tests/testthat/test-compliance-edge-cases.R","test_that"
"test::tests/testthat/test-compliance-edge-cases.R::337",337,337,"Species FK: NULL species is skipped (not an FK violation)","tests/testthat/test-compliance-edge-cases.R","test_that"
"test::tests/testthat/test-compliance-edge-cases.R::355",355,355,"Zone FK: invalid zone code","tests/testthat/test-compliance-edge-cases.R","test_that"
"test::tests/testthat/test-compliance-edge-cases.R::373",373,373,"Zone FK: invalid subzone code","tests/testthat/test-compliance-edge-cases.R","test_that"
"test::tests/testthat/test-compliance-edge-cases.R::391",391,391,"Zone FK: valid zone but invalid zone/subzone combination","tests/testthat/test-compliance-edge-cases.R","test_that"
"test::tests/testthat/test-compliance-edge-cases.R::410",410,410,"List FK: invalid value for table-driven list","tests/testthat/test-compliance-edge-cases.R","test_that"
"test::tests/testthat/test-compliance-edge-cases.R::432",432,432,"Latitude: exact boundaries are valid","tests/testthat/test-compliance-edge-cases.R","test_that"
"test::tests/testthat/test-compliance-edge-cases.R::457",457,457,"Latitude: just outside boundaries are invalid","tests/testthat/test-compliance-edge-cases.R","test_that"
"test::tests/testthat/test-compliance-edge-cases.R::483",483,483,"Longitude: exact boundaries are valid","tests/testthat/test-compliance-edge-cases.R","test_that"
"test::tests/testthat/test-compliance-edge-cases.R::508",508,508,"Longitude: outside boundaries are invalid","tests/testthat/test-compliance-edge-cases.R","test_that"
"test::tests/testthat/test-compliance-edge-cases.R::533",533,533,"Elevation: boundaries 0-4000","tests/testthat/test-compliance-edge-cases.R","test_that"
"test::tests/testthat/test-compliance-edge-cases.R::578",578,578,"Slope: boundaries 0-100","tests/testthat/test-compliance-edge-cases.R","test_that"
"test::tests/testthat/test-compliance-edge-cases.R::623",623,623,"Aspect: boundaries 0-360","tests/testthat/test-compliance-edge-cases.R","test_that"
"test::tests/testthat/test-compliance-edge-cases.R::668",668,668,"Cover: boundaries 0-100","tests/testthat/test-compliance-edge-cases.R","test_that"
"test::tests/testthat/test-compliance-edge-cases.R::717",717,717,"Cover codes: valid text codes (+, r, P) are allowed","tests/testthat/test-compliance-edge-cases.R","test_that"
"test::tests/testthat/test-compliance-edge-cases.R::748",748,748,"Cover codes: case-insensitive text codes","tests/testthat/test-compliance-edge-cases.R","test_that"
"test::tests/testthat/test-compliance-edge-cases.R::774",774,774,"Cover codes: invalid codes flagged","tests/testthat/test-compliance-edge-cases.R","test_that"
"test::tests/testthat/test-compliance-edge-cases.R::799",799,799,"Cover codes: numeric strings are not cover codes (parsed as numbers)","tests/testthat/test-compliance-edge-cases.R","test_that"
"test::tests/testthat/test-compliance-edge-cases.R::817",817,817,"Cover codes: whitespace handling","tests/testthat/test-compliance-edge-cases.R","test_that"
"test::tests/testthat/test-compliance-edge-cases.R::847",847,847,"Non-negative: all depth fields at boundary (0)","tests/testthat/test-compliance-edge-cases.R","test_that"
"test::tests/testthat/test-compliance-edge-cases.R::865",865,865,"Non-negative: negative values flagged","tests/testthat/test-compliance-edge-cases.R","test_that"
"test::tests/testthat/test-compliance-edge-cases.R::884",884,884,"Non-negative: NULL values are allowed (not a non-negative violation)","tests/testthat/test-compliance-edge-cases.R","test_that"
"test::tests/testthat/test-compliance-edge-cases.R::906",906,906,"Duplicate plots: same PlotNumber in same project","tests/testthat/test-compliance-edge-cases.R","test_that"
"test::tests/testthat/test-compliance-edge-cases.R::931",931,931,"Duplicate plots: same PlotNumber in different projects is OK","tests/testthat/test-compliance-edge-cases.R","test_that"
"test::tests/testthat/test-compliance-edge-cases.R::958",958,958,"Duplicate plots: triple duplicates","tests/testthat/test-compliance-edge-cases.R","test_that"
"test::tests/testthat/test-compliance-edge-cases.R::989",989,989,"Duplicate veg: same PlotNumber+Species+Layer","tests/testthat/test-compliance-edge-cases.R","test_that"
"test::tests/testthat/test-config.R::1",1,1,"configuration installs and persists values","tests/testthat/test-config.R","test_that"
"test::tests/testthat/test-config.R::14",14,14,"configuration refuses unknown keys","tests/testthat/test-config.R","test_that"
"test::tests/testthat/test-db_connections.R::124",124,124,"reference data is seeded into test database","tests/testthat/test-db_connections.R","test_that"
"test::tests/testthat/test-db_connections.R::142",142,142,"insert_test_plot() creates valid plot records","tests/testthat/test-db_connections.R","test_that"
"test::tests/testthat/test-db_connections.R::159",159,159,"Data validation constraints are enforced","tests/testthat/test-db_connections.R","test_that"
"test::tests/testthat/test-db_connections.R::189",189,189,"db_query() executes SELECT statements and returns results","tests/testthat/test-db_connections.R","test_that"
"test::tests/testthat/test-db_connections.R::201",201,201,"db_run() handles non-SELECT statements","tests/testthat/test-db_connections.R","test_that"
"test::tests/testthat/test-db_connections.R::215",215,215,"is_cloud_connected() returns FALSE for non-attached alias","tests/testthat/test-db_connections.R","test_that"
"test::tests/testthat/test-db_connections.R::225",225,225,"PostgreSQL extension can be installed and loaded","tests/testthat/test-db_connections.R","test_that"
"test::tests/testthat/test-db_connections.R::245",245,245,"attach_cloud_db() successfully attaches to docker-compose PostgreSQL","tests/testthat/test-db_connections.R","test_that"
"test::tests/testthat/test-db_connections.R::26",26,26,"db_con() creates valid DuckDB connection in test environment","tests/testthat/test-db_connections.R","test_that"
"test::tests/testthat/test-db_connections.R::278",278,278,"Queries can reference attached PostgreSQL tables","tests/testthat/test-db_connections.R","test_that"
"test::tests/testthat/test-db_connections.R::309",309,309,"DuckDB can write to PostgreSQL staging tables via ATTACH","tests/testthat/test-db_connections.R","test_that"
"test::tests/testthat/test-db_connections.R::36",36,36,"test_connect_duckdb() initializes local schemas","tests/testthat/test-db_connections.R","test_that"
"test::tests/testthat/test-db_connections.R::46",46,46,"db_list_attached() returns attached database aliases","tests/testthat/test-db_connections.R","test_that"
"test::tests/testthat/test-db_connections.R::56",56,56,"db_detach() successfully detaches an auxiliary database","tests/testthat/test-db_connections.R","test_that"
"test::tests/testthat/test-db_connections.R::82",82,82,"db_close() properly disconnects without error","tests/testthat/test-db_connections.R","test_that"
"test::tests/testthat/test-db_connections.R::93",93,93,"test schema initializes with required tables","tests/testthat/test-db_connections.R","test_that"
"test::tests/testthat/test-db-foundation.R::16",16,16,"project discovery reports complete table families","tests/testthat/test-db-foundation.R","test_that"
"test::tests/testthat/test-db-foundation.R::26",26,26,"project validation identifies missing core tables","tests/testthat/test-db-foundation.R","test_that"
"test::tests/testthat/test-db-foundation.R::34",34,34,"database paths use the user data root","tests/testthat/test-db-foundation.R","test_that"
"test::tests/testthat/test-install.R::1",1,1,"bundled data installs without overwriting user files","tests/testthat/test-install.R","test_that"
"test::tests/testthat/test-install.R::14",14,14,"vpro_install initializes both storage roots","tests/testthat/test-install.R","test_that"
"test::tests/testthat/test-logic_audit.R::100",100,100,"log_master_audit writes master audit entries","tests/testthat/test-logic_audit.R","test_that"
"test::tests/testthat/test-logic_audit.R::114",114,114,"fetch_master_audit_entries filters entries","tests/testthat/test-logic_audit.R","test_that"
"test::tests/testthat/test-logic_audit.R::128",128,128,"resolve_project_id_for_plot finds project","tests/testthat/test-logic_audit.R","test_that"
"test::tests/testthat/test-logic_audit.R::139",139,139,"resolve_project_id_for_plot falls back when missing","tests/testthat/test-logic_audit.R","test_that"
"test::tests/testthat/test-logic_audit.R::33",33,33,"log_audit_change writes entries","tests/testthat/test-logic_audit.R","test_that"
"test::tests/testthat/test-logic_audit.R::49",49,49,"log_audit_diff logs multiple field changes","tests/testthat/test-logic_audit.R","test_that"
"test::tests/testthat/test-logic_audit.R::65",65,65,"log_audit_rows logs insert values","tests/testthat/test-logic_audit.R","test_that"
"test::tests/testthat/test-logic_audit.R::85",85,85,"log_audit_change resolves project from plot","tests/testthat/test-logic_audit.R","test_that"
"test::tests/testthat/test-logic_auth.R::110",110,110,"auth_guest_login creates new guest on first visit","tests/testthat/test-logic_auth.R","test_that"
"test::tests/testthat/test-logic_auth.R::122",122,122,"auth_guest_login succeeds with email only (no name)","tests/testthat/test-logic_auth.R","test_that"
"test::tests/testthat/test-logic_auth.R::136",136,136,"auth_guest_login with email + name stores name","tests/testthat/test-logic_auth.R","test_that"
"test::tests/testthat/test-logic_auth.R::148",148,148,"auth_guest_login finds and logs in existing guest","tests/testthat/test-logic_auth.R","test_that"
"test::tests/testthat/test-logic_auth.R::166",166,166,"auth_guest_login rejects invalid email","tests/testthat/test-logic_auth.R","test_that"
"test::tests/testthat/test-logic_auth.R::175",175,175,"auth_guest_login treats whitespace-only name as no name","tests/testthat/test-logic_auth.R","test_that"
"test::tests/testthat/test-logic_auth.R::185",185,185,"auth_guest_login redirects admin email to admin sign-in","tests/testthat/test-logic_auth.R","test_that"
"test::tests/testthat/test-logic_auth.R::206",206,206,"auth_change_password updates password for admin","tests/testthat/test-logic_auth.R","test_that"
"test::tests/testthat/test-logic_auth.R::225",225,225,"auth_change_password fails with wrong current password","tests/testthat/test-logic_auth.R","test_that"
"test::tests/testthat/test-logic_auth.R::242",242,242,"auth_change_password rejects short new password","tests/testthat/test-logic_auth.R","test_that"
"test::tests/testthat/test-logic_auth.R::259",259,259,"auth_change_password fails for non-admin","tests/testthat/test-logic_auth.R","test_that"
"test::tests/testthat/test-logic_auth.R::278",278,278,"auth_grant_admin promotes guest to admin","tests/testthat/test-logic_auth.R","test_that"
"test::tests/testthat/test-logic_auth.R::303",303,303,"auth_grant_admin fails for non-admin caller","tests/testthat/test-logic_auth.R","test_that"
"test::tests/testthat/test-logic_auth.R::320",320,320,"auth_grant_admin fails if target not found","tests/testthat/test-logic_auth.R","test_that"
"test::tests/testthat/test-logic_auth.R::338",338,338,"auth_grant_admin fails if target is already admin","tests/testthat/test-logic_auth.R","test_that"
"test::tests/testthat/test-logic_auth.R::364",364,364,"auth_logout clears all state","tests/testthat/test-logic_auth.R","test_that"
"test::tests/testthat/test-logic_auth.R::382",382,382,"auth_user_has_permission respects wildcard for admin","tests/testthat/test-logic_auth.R","test_that"
"test::tests/testthat/test-logic_auth.R::392",392,392,"auth_user_has_permission restricts guest to scoped permissions","tests/testthat/test-logic_auth.R","test_that"
"test::tests/testthat/test-logic_auth.R::405",405,405,"auth_user_has_permission returns FALSE when not authenticated","tests/testthat/test-logic_auth.R","test_that"
"test::tests/testthat/test-logic_auth.R::414",414,414,"auth_init_state initialises SyncVersion to 0L","tests/testthat/test-logic_auth.R","test_that"
"test::tests/testthat/test-logic_auth.R::420",420,420,"auth_init_state does not overwrite existing SyncVersion","tests/testthat/test-logic_auth.R","test_that"
"test::tests/testthat/test-logic_auth.R::46",46,46,"auth_login authenticates admin by email and password","tests/testthat/test-logic_auth.R","test_that"
"test::tests/testthat/test-logic_auth.R::70",70,70,"auth_login rejects wrong password","tests/testthat/test-logic_auth.R","test_that"
"test::tests/testthat/test-logic_auth.R::90",90,90,"auth_login rejects guest accounts","tests/testthat/test-logic_auth.R","test_that"
"test::tests/testthat/test-logic_climr.R::102",102,102,"climate data caching works","tests/testthat/test-logic_climr.R","test_that"
"test::tests/testthat/test-logic_climr.R::129",129,129,"cache clearing works","tests/testthat/test-logic_climr.R","test_that"
"test::tests/testthat/test-logic_climr.R::144",144,144,"BEC prediction handles invalid inputs","tests/testthat/test-logic_climr.R","test_that"
"test::tests/testthat/test-logic_climr.R::153",153,153,"BEC prediction returns proper structure (if climr available)","tests/testthat/test-logic_climr.R","test_that"
"test::tests/testthat/test-logic_climr.R::178",178,178,"elevation fetch handles invalid inputs","tests/testthat/test-logic_climr.R","test_that"
"test::tests/testthat/test-logic_climr.R::18",18,18,"coordinate cache key generation works","tests/testthat/test-logic_climr.R","test_that"
"test::tests/testthat/test-logic_climr.R::187",187,187,"elevation fetch returns numeric (if climr available)","tests/testthat/test-logic_climr.R","test_that"
"test::tests/testthat/test-logic_climr.R::201",201,201,"batch climate fetch handles invalid inputs","tests/testthat/test-logic_climr.R","test_that"
"test::tests/testthat/test-logic_climr.R::221",221,221,"batch climate fetch filters invalid coordinates","tests/testthat/test-logic_climr.R","test_that"
"test::tests/testthat/test-logic_climr.R::248",248,248,"batch climate fetch returns proper structure (if climr available)","tests/testthat/test-logic_climr.R","test_that"
"test::tests/testthat/test-logic_climr.R::273",273,273,"save climate to db handles missing data","tests/testthat/test-logic_climr.R","test_that"
"test::tests/testthat/test-logic_climr.R::303",303,303,"save climate to db creates columns and saves data","tests/testthat/test-logic_climr.R","test_that"
"test::tests/testthat/test-logic_climr.R::33",33,33,"climate data fetch handles invalid inputs","tests/testthat/test-logic_climr.R","test_that"
"test::tests/testthat/test-logic_climr.R::378",378,378,"save climate to db respects overwrite parameter","tests/testthat/test-logic_climr.R","test_that"
"test::tests/testthat/test-logic_climr.R::443",443,443,"climate data sensibility checks (if actual data available)","tests/testthat/test-logic_climr.R","test_that"
"test::tests/testthat/test-logic_climr.R::53",53,53,"climate data fetch returns proper structure (if climr available)","tests/testthat/test-logic_climr.R","test_that"
"test::tests/testthat/test-logic_climr.R::6",6,6,"climr availability check works","tests/testthat/test-logic_climr.R","test_that"
"test::tests/testthat/test-logic_compliance.R::115",115,115,"required fields flag missing values","tests/testthat/test-logic_compliance.R","test_that"
"test::tests/testthat/test-logic_compliance.R::91",91,91,"run_compliance_checks returns rule summaries","tests/testthat/test-logic_compliance.R","test_that"
"test::tests/testthat/test-logic_coord_tools.R::10",10,10,"dms_to_dd converts valid coordinates correctly","tests/testthat/test-logic_coord_tools.R","test_that"
"test::tests/testthat/test-logic_coord_tools.R::117",117,117,"latlon_to_utm converts BC coordinates correctly","tests/testthat/test-logic_coord_tools.R","test_that"
"test::tests/testthat/test-logic_coord_tools.R::131",131,131,"utm_to_latlon converts BC coordinates correctly","tests/testthat/test-logic_coord_tools.R","test_that"
"test::tests/testthat/test-logic_coord_tools.R::140",140,140,"UTM conversions handle NULL/NA inputs","tests/testthat/test-logic_coord_tools.R","test_that"
"test::tests/testthat/test-logic_coord_tools.R::150",150,150,"UTM round-trip conversion preserves approximate location","tests/testthat/test-logic_coord_tools.R","test_that"
"test::tests/testthat/test-logic_coord_tools.R::172",172,172,"detect_coord_format identifies formats correctly","tests/testthat/test-logic_coord_tools.R","test_that"
"test::tests/testthat/test-logic_coord_tools.R::184",184,184,"parse_coordinate handles various DMS formats","tests/testthat/test-logic_coord_tools.R","test_that"
"test::tests/testthat/test-logic_coord_tools.R::207",207,207,"validate_latitude rejects out-of-range values","tests/testthat/test-logic_coord_tools.R","test_that"
"test::tests/testthat/test-logic_coord_tools.R::233",233,233,"validate_latitude enforces BC-specific bounds when strict=TRUE","tests/testthat/test-logic_coord_tools.R","test_that"
"test::tests/testthat/test-logic_coord_tools.R::25",25,25,"dms_to_dd handles NULL/NA inputs correctly (Access Nz() pattern)","tests/testthat/test-logic_coord_tools.R","test_that"
"test::tests/testthat/test-logic_coord_tools.R::250",250,250,"validate_longitude rejects out-of-range values","tests/testthat/test-logic_coord_tools.R","test_that"
"test::tests/testthat/test-logic_coord_tools.R::272",272,272,"validate_longitude enforces BC-specific bounds when strict=TRUE","tests/testthat/test-logic_coord_tools.R","test_that"
"test::tests/testthat/test-logic_coord_tools.R::293",293,293,"format_dms_display creates readable output","tests/testthat/test-logic_coord_tools.R","test_that"
"test::tests/testthat/test-logic_coord_tools.R::305",305,305,"normalize_bearing constrains to 0-360","tests/testthat/test-logic_coord_tools.R","test_that"
"test::tests/testthat/test-logic_coord_tools.R::317",317,317,"calculate_distance computes Haversine distance","tests/testthat/test-logic_coord_tools.R","test_that"
"test::tests/testthat/test-logic_coord_tools.R::339",339,339,"NULL handling prevents arithmetic errors in coordinate calculations","tests/testthat/test-logic_coord_tools.R","test_that"
"test::tests/testthat/test-logic_coord_tools.R::361",361,361,"Edge cases for BC forestry coordinates","tests/testthat/test-logic_coord_tools.R","test_that"
"test::tests/testthat/test-logic_coord_tools.R::40",40,40,"dd_to_dms converts valid coordinates correctly","tests/testthat/test-logic_coord_tools.R","test_that"
"test::tests/testthat/test-logic_coord_tools.R::70",70,70,"dd_to_dms handles NULL/NA inputs correctly","tests/testthat/test-logic_coord_tools.R","test_that"
"test::tests/testthat/test-logic_coord_tools.R::82",82,82,"DMS component extraction functions work correctly","tests/testthat/test-logic_coord_tools.R","test_that"
"test::tests/testthat/test-logic_coord_tools.R::99",99,99,"DMS round-trip conversion preserves values","tests/testthat/test-logic_coord_tools.R","test_that"
"test::tests/testthat/test-logic_diagnostic.R::15",15,15,"compute_diagnostic_flags finds differential and constant","tests/testthat/test-logic_diagnostic.R","test_that"
"test::tests/testthat/test-logic_diagnostic.R::23",23,23,"compute_diagnostic_row returns dd","tests/testthat/test-logic_diagnostic.R","test_that"
"test::tests/testthat/test-logic_diagnostic.R::37",37,37,"diagnostic_from_matrix returns table","tests/testthat/test-logic_diagnostic.R","test_that"
"test::tests/testthat/test-logic_diagnostic.R::5",5,5,"parse_presence_significance parses codes","tests/testthat/test-logic_diagnostic.R","test_that"
"test::tests/testthat/test-logic_diagnostic.R::51",51,51,"build_diagnostic_matrix returns matrix","tests/testthat/test-logic_diagnostic.R","test_that"
"test::tests/testthat/test-logic_diagnostic.R::70",70,70,"build_diagnostic_matrix filters by project via Env","tests/testthat/test-logic_diagnostic.R","test_that"
"test::tests/testthat/test-logic_excel_export.R::123",123,123,"export_combined_excel creates multi-sheet workbook","tests/testthat/test-logic_excel_export.R","test_that"
"test::tests/testthat/test-logic_excel_export.R::155",155,155,"workbook has proper styling applied","tests/testthat/test-logic_excel_export.R","test_that"
"test::tests/testthat/test-logic_excel_export.R::16",16,16,"openxlsx package is available","tests/testthat/test-logic_excel_export.R","test_that"
"test::tests/testthat/test-logic_excel_export.R::190",190,190,"excel export handles empty data gracefully","tests/testthat/test-logic_excel_export.R","test_that"
"test::tests/testthat/test-logic_excel_export.R::21",21,21,"export_vegetation_excel creates valid workbook with correct structure","tests/testthat/test-logic_excel_export.R","test_that"
"test::tests/testthat/test-logic_excel_export.R::217",217,217,"project filtering works correctly","tests/testthat/test-logic_excel_export.R","test_that"
"test::tests/testthat/test-logic_excel_export.R::262",262,262,"data type formatting is correct for numeric columns","tests/testthat/test-logic_excel_export.R","test_that"
"test::tests/testthat/test-logic_excel_export.R::294",294,294,"performance - large dataset exports in reasonable time","tests/testthat/test-logic_excel_export.R","test_that"
"test::tests/testthat/test-logic_excel_export.R::329",329,329,"instructions sheet is created with proper content","tests/testthat/test-logic_excel_export.R","test_that"
"test::tests/testthat/test-logic_excel_export.R::363",363,363,"conditional formatting can be disabled","tests/testthat/test-logic_excel_export.R","test_that"
"test::tests/testthat/test-logic_excel_export.R::391",391,391,"column widths are set appropriately","tests/testthat/test-logic_excel_export.R","test_that"
"test::tests/testthat/test-logic_excel_export.R::421",421,421,"layer names are correctly mapped to sheet names","tests/testthat/test-logic_excel_export.R","test_that"
"test::tests/testthat/test-logic_excel_export.R::452",452,452,"exported data matches database query results","tests/testthat/test-logic_excel_export.R","test_that"
"test::tests/testthat/test-logic_excel_export.R::60",60,60,"export_vegetation_excel with lumping applies species consolidation","tests/testthat/test-logic_excel_export.R","test_that"
"test::tests/testthat/test-logic_excel_export.R::92",92,92,"export_environment_excel creates environment and soil sheets","tests/testthat/test-logic_excel_export.R","test_that"
"test::tests/testthat/test-logic_lumping.R::25",25,25,"apply_lumping replaces and aggregates lumped species","tests/testthat/test-logic_lumping.R","test_that"
"test::tests/testthat/test-logic_lumping.R::7",7,7,"apply_lumping returns input when Lump missing","tests/testthat/test-logic_lumping.R","test_that"
"test::tests/testthat/test-logic_prefs.R::14",14,14,"set_current_setting stores and normalizes current values","tests/testthat/test-logic_prefs.R","test_that"
"test::tests/testthat/test-logic_prefs.R::28",28,28,"get_pref returns defaults when missing for non-current settings","tests/testthat/test-logic_prefs.R","test_that"
"test::tests/testthat/test-logic_prefs.R::37",37,37,"set_pref stores and get_pref retrieves non-current values","tests/testthat/test-logic_prefs.R","test_that"
"test::tests/testthat/test-logic_prefs.R::47",47,47,"get_pref coerces values to requested type","tests/testthat/test-logic_prefs.R","test_that"
"test::tests/testthat/test-logic_prefs.R::6",6,6,"get_current_setting returns defaults when missing","tests/testthat/test-logic_prefs.R","test_that"
"test::tests/testthat/test-logic_project.R::100",100,100,"list_projects_in_file discovers project prefixes from sqlite files","tests/testthat/test-logic_project.R","test_that"
"test::tests/testthat/test-logic_project.R::107",107,107,"open_project attaches project sqlite database","tests/testthat/test-logic_project.R","test_that"
"test::tests/testthat/test-logic_project.R::122",122,122,"save_project copies the canonical project database","tests/testthat/test-logic_project.R","test_that"
"test::tests/testthat/test-logic_project.R::140",140,140,"close_project detaches the project database","tests/testthat/test-logic_project.R","test_that"
"test::tests/testthat/test-logic_project.R::155",155,155,"new_project creates a canonical project sqlite db and metadata row","tests/testthat/test-logic_project.R","test_that"
"test::tests/testthat/test-logic_project.R::176",176,176,"project_capture_baseline stores a canonical .db baseline copy","tests/testthat/test-logic_project.R","test_that"
"test::tests/testthat/test-logic_project.R::195",195,195,"project_read_baseline_rows reads prefixed tables from .db baselines","tests/testthat/test-logic_project.R","test_that"
"test::tests/testthat/test-logic_project.R::213",213,213,"project_replace_baseline_from_file accepts canonical .db backups","tests/testthat/test-logic_project.R","test_that"
"test::tests/testthat/test-logic_project.R::227",227,227,"set_project updates config-backed current project and refreshes context views","tests/testthat/test-logic_project.R","test_that"
"test::tests/testthat/test-logic_project.R::84",84,84,"list_open_projects returns attached project aliases","tests/testthat/test-logic_project.R","test_that"
"test::tests/testthat/test-logic_publish.R::1",1,1,"build_download_log_query handles empty filters","tests/testthat/test-logic_publish.R","test_that"
"test::tests/testthat/test-logic_publish.R::114",114,114,"validate_for_publishing flags missing/zero coordinates","tests/testthat/test-logic_publish.R","test_that"
"test::tests/testthat/test-logic_publish.R::133",133,133,"publish_project_dataset can write XLSX via existing exporter (optional)","tests/testthat/test-logic_publish.R","test_that"
"test::tests/testthat/test-logic_publish.R::40",40,40,"publish_project_dataset writes BEC Map contract files (RDS/CSV) and registry","tests/testthat/test-logic_publish.R","test_that"
"test::tests/testthat/test-logic_publish.R::8",8,8,"build_download_log_query builds parameter order","tests/testthat/test-logic_publish.R","test_that"
"test::tests/testthat/test-logic_reports_env.R::12",12,12,"summarize_env_numeric calculates correct statistics","tests/testthat/test-logic_reports_env.R","test_that"
"test::tests/testthat/test-logic_reports_env.R::124",124,124,"add_env_section_headers inserts headers correctly","tests/testthat/test-logic_reports_env.R","test_that"
"test::tests/testthat/test-logic_reports_env.R::144",144,144,"calculate_env_completeness returns correct percentages","tests/testthat/test-logic_reports_env.R","test_that"
"test::tests/testthat/test-logic_reports_env.R::170",170,170,"calculate_env_completeness handles specific required_fields","tests/testthat/test-logic_reports_env.R","test_that"
"test::tests/testthat/test-logic_reports_env.R::192",192,192,"format_env_var_names converts database names to labels","tests/testthat/test-logic_reports_env.R","test_that"
"test::tests/testthat/test-logic_reports_env.R::212",212,212,"build_env_summary_by_su returns complete summary","tests/testthat/test-logic_reports_env.R","test_that"
"test::tests/testthat/test-logic_reports_env.R::277",277,277,"transpose_env_for_report handles empty data","tests/testthat/test-logic_reports_env.R","test_that"
"test::tests/testthat/test-logic_reports_env.R::289",289,289,"summarize_env_numeric handles all NA column","tests/testthat/test-logic_reports_env.R","test_that"
"test::tests/testthat/test-logic_reports_env.R::40",40,40,"summarize_env_numeric auto-detects numeric columns","tests/testthat/test-logic_reports_env.R","test_that"
"test::tests/testthat/test-logic_reports_env.R::57",57,57,"summarize_env_categorical calculates correct frequencies","tests/testthat/test-logic_reports_env.R","test_that"
"test::tests/testthat/test-logic_reports_env.R::80",80,80,"summarize_env_categorical handles NA values","tests/testthat/test-logic_reports_env.R","test_that"
"test::tests/testthat/test-logic_reports_env.R::94",94,94,"transpose_env_for_report creates correct format","tests/testthat/test-logic_reports_env.R","test_that"
"test::tests/testthat/test-logic_reports_hierarchy.R::104",104,104,"format_hierarchy_indented adds correct indentation","tests/testthat/test-logic_reports_hierarchy.R","test_that"
"test::tests/testthat/test-logic_reports_hierarchy.R::122",122,122,"format_hierarchy_indented with level prefix","tests/testthat/test-logic_reports_hierarchy.R","test_that"
"test::tests/testthat/test-logic_reports_hierarchy.R::137",137,137,"order_hierarchy_tree returns tree order","tests/testthat/test-logic_reports_hierarchy.R","test_that"
"test::tests/testthat/test-logic_reports_hierarchy.R::162",162,162,"order_hierarchy_tree respects cutoff_level","tests/testthat/test-logic_reports_hierarchy.R","test_that"
"test::tests/testthat/test-logic_reports_hierarchy.R::174",174,174,"add_hierarchy_order_columns sets correct min/max","tests/testthat/test-logic_reports_hierarchy.R","test_that"
"test::tests/testthat/test-logic_reports_hierarchy.R::194",194,194,"get_hierarchy_level_stats returns correct counts","tests/testthat/test-logic_reports_hierarchy.R","test_that"
"test::tests/testthat/test-logic_reports_hierarchy.R::206",206,206,"build_flat_hierarchy creates complete flat list","tests/testthat/test-logic_reports_hierarchy.R","test_that"
"test::tests/testthat/test-logic_reports_hierarchy.R::244",244,244,"check_hierarchy_circular_refs detects cycles","tests/testthat/test-logic_reports_hierarchy.R","test_that"
"test::tests/testthat/test-logic_reports_hierarchy.R::277",277,277,"check_hierarchy_circular_refs handles valid hierarchy","tests/testthat/test-logic_reports_hierarchy.R","test_that"
"test::tests/testthat/test-logic_reports_hierarchy.R::53",53,53,"build_hierarchy_path constructs correct paths","tests/testthat/test-logic_reports_hierarchy.R","test_that"
"test::tests/testthat/test-logic_reports_hierarchy.R::76",76,76,"walk_hierarchy_down returns all descendants","tests/testthat/test-logic_reports_hierarchy.R","test_that"
"test::tests/testthat/test-logic_reports_hierarchy.R::93",93,93,"walk_hierarchy_down respects max_level","tests/testthat/test-logic_reports_hierarchy.R","test_that"
"test::tests/testthat/test-logic_reports_qc.R::109",109,109,"filter_plots_by_quality filters correctly with all criteria","tests/testthat/test-logic_reports_qc.R","test_that"
"test::tests/testthat/test-logic_reports_qc.R::136",136,136,"filter_plots_by_quality respects null handling","tests/testthat/test-logic_reports_qc.R","test_that"
"test::tests/testthat/test-logic_reports_qc.R::156",156,156,"filter_plots_by_quality with enforce_filter=FALSE returns all plots","tests/testthat/test-logic_reports_qc.R","test_that"
"test::tests/testthat/test-logic_reports_qc.R::173",173,173,"identify_removed_plots correctly identifies removal reasons","tests/testthat/test-logic_reports_qc.R","test_that"
"test::tests/testthat/test-logic_reports_qc.R::207",207,207,"get_quality_summary returns correct counts","tests/testthat/test-logic_reports_qc.R","test_that"
"test::tests/testthat/test-logic_reports_qc.R::218",218,218,"filter_plots_by_quality handles site_unit filter","tests/testthat/test-logic_reports_qc.R","test_that"
"test::tests/testthat/test-logic_reports_qc.R::237",237,237,"filter_plots_by_quality handles plot_list parameter","tests/testthat/test-logic_reports_qc.R","test_that"
"test::tests/testthat/test-logic_reports_qc.R::257",257,257,"build_quality_filter constructs correct SQL fragments","tests/testthat/test-logic_reports_qc.R","test_that"
"test::tests/testthat/test-logic_reports_qc.R::95",95,95,"quality_to_order maps quality text correctly","tests/testthat/test-logic_reports_qc.R","test_that"
"test::tests/testthat/test-logic_reports_validation.R::171",171,171,"validate_env_data detects invalid codes","tests/testthat/test-logic_reports_validation.R","test_that"
"test::tests/testthat/test-logic_reports_validation.R::193",193,193,"validate_env_data handles looped fields (Exposure1, Exposure2)","tests/testthat/test-logic_reports_validation.R","test_that"
"test::tests/testthat/test-logic_reports_validation.R::208",208,208,"validate_env_data ignores NULL values","tests/testthat/test-logic_reports_validation.R","test_that"
"test::tests/testthat/test-logic_reports_validation.R::220",220,220,"validate_veg_codes detects invalid species codes","tests/testthat/test-logic_reports_validation.R","test_that"
"test::tests/testthat/test-logic_reports_validation.R::240",240,240,"validate_veg_codes excludes synonym codes (CodeType = ","tests/testthat/test-logic_reports_validation.R","test_that"
"test::tests/testthat/test-logic_reports_validation.R::257",257,257,"check_orphaned_veg_records finds orphans","tests/testthat/test-logic_reports_validation.R","test_that"
"test::tests/testthat/test-logic_reports_validation.R::276",276,276,"check_orphaned_env_records finds orphans","tests/testthat/test-logic_reports_validation.R","test_that"
"test::tests/testthat/test-logic_reports_validation.R::295",295,295,"generate_validation_report returns comprehensive results","tests/testthat/test-logic_reports_validation.R","test_that"
"test::tests/testthat/test-logic_reports_validation.R::317",317,317,"check_duplicate_plots finds duplicates","tests/testthat/test-logic_reports_validation.R","test_that"
"test::tests/testthat/test-logic_reports_validation.R::337",337,337,"validate_plot_number_format detects issues","tests/testthat/test-logic_reports_validation.R","test_that"
"test::tests/testthat/test-logic_reports_validation.R::358",358,358,"validate_plot_number_format accepts valid formats","tests/testthat/test-logic_reports_validation.R","test_that"
"test::tests/testthat/test-logic_reports_validation.R::369",369,369,"validate_env_data handles empty data","tests/testthat/test-logic_reports_validation.R","test_that"
"test::tests/testthat/test-logic_reports_validation.R::384",384,384,"validate_veg_codes handles missing columns gracefully","tests/testthat/test-logic_reports_validation.R","test_that"
"test::tests/testthat/test-logic_reports_validation.R::402",402,402,"generate_validation_report filters by site_unit","tests/testthat/test-logic_reports_validation.R","test_that"
"test::tests/testthat/test-logic_reports_veg.R::112",112,112,"signif_class handles NA values","tests/testthat/test-logic_reports_veg.R","test_that"
"test::tests/testthat/test-logic_reports_veg.R::121",121,121,"round_up2 rounds to 2 decimal places with minimum value","tests/testthat/test-logic_reports_veg.R","test_that"
"test::tests/testthat/test-logic_reports_veg.R::144",144,144,"prominence_class calculates correct ecological index","tests/testthat/test-logic_reports_veg.R","test_that"
"test::tests/testthat/test-logic_reports_veg.R::195",195,195,"prominence_class handles NA values","tests/testthat/test-logic_reports_veg.R","test_that"
"test::tests/testthat/test-logic_reports_veg.R::206",206,206,"goldstream_class calculates correct index","tests/testthat/test-logic_reports_veg.R","test_that"
"test::tests/testthat/test-logic_reports_veg.R::23",23,23,"presence_to_class returns correct Roman numeral classes","tests/testthat/test-logic_reports_veg.R","test_that"
"test::tests/testthat/test-logic_reports_veg.R::267",267,267,"goldstream_class handles NA values","tests/testthat/test-logic_reports_veg.R","test_that"
"test::tests/testthat/test-logic_reports_veg.R::278",278,278,"parse_plot_numbers handles various input formats","tests/testthat/test-logic_reports_veg.R","test_that"
"test::tests/testthat/test-logic_reports_veg.R::338",338,338,"normalize_veg_cols handles Access field name variations","tests/testthat/test-logic_reports_veg.R","test_that"
"test::tests/testthat/test-logic_reports_veg.R::395",395,395,"normalize_veg_cols handles empty dataframes","tests/testthat/test-logic_reports_veg.R","test_that"
"test::tests/testthat/test-logic_reports_veg.R::406",406,406,"label_veg_records generates correct labels for grouping","tests/testthat/test-logic_reports_veg.R","test_that"
"test::tests/testthat/test-logic_reports_veg.R::426",426,426,"label_veg_records handles empty dataframe","tests/testthat/test-logic_reports_veg.R","test_that"
"test::tests/testthat/test-logic_reports_veg.R::443",443,443,"calculation functions chain correctly for report generation","tests/testthat/test-logic_reports_veg.R","test_that"
"test::tests/testthat/test-logic_reports_veg.R::482",482,482,"boundary conditions match Access behavior exactly","tests/testthat/test-logic_reports_veg.R","test_that"
"test::tests/testthat/test-logic_reports_veg.R::54",54,54,"presence_to_class handles invalid inputs","tests/testthat/test-logic_reports_veg.R","test_that"
"test::tests/testthat/test-logic_reports_veg.R::69",69,69,"signif_class returns correct Braun-Blanquet codes","tests/testthat/test-logic_reports_veg.R","test_that"
"test::tests/testthat/test-logic_soil_grid.R::52",52,52,"save_soil_cell updates numeric and text values","tests/testthat/test-logic_soil_grid.R","test_that"
"test::tests/testthat/test-logic_soil_grid.R::65",65,65,"coerce_soil_value casts numeric columns","tests/testthat/test-logic_soil_grid.R","test_that"
"test::tests/testthat/test-logic_staging_compliance.R::52",52,52,"staging compliance passes for valid data","tests/testthat/test-logic_staging_compliance.R","test_that"
"test::tests/testthat/test-logic_staging_compliance.R::80",80,80,"staging compliance flags invalid species","tests/testthat/test-logic_staging_compliance.R","test_that"
"test::tests/testthat/test-logic_state.R::119",119,119,"create_prefixed_table_from_template clones a single suffixed table","tests/testthat/test-logic_state.R","test_that"
"test::tests/testthat/test-logic_state.R::131",131,131,"attach_prefixed_table and unattach_prefixed_table manage a single table","tests/testthat/test-logic_state.R","test_that"
"test::tests/testthat/test-logic_state.R::23",23,23,"init_sys_state includes VBA globals and aliases","tests/testthat/test-logic_state.R","test_that"
"test::tests/testthat/test-logic_state.R::40",40,40,"set_project sets project and metadata with aliases","tests/testthat/test-logic_state.R","test_that"
"test::tests/testthat/test-logic_state.R::58",58,58,"set_su updates plot number and aliases","tests/testthat/test-logic_state.R","test_that"
"test::tests/testthat/test-logic_state.R::70",70,70,"create_project_table_set clones Sample_* schema","tests/testthat/test-logic_state.R","test_that"
"test::tests/testthat/test-logic_state.R::86",86,86,"unattach_project_table_set drops non-protected project tables","tests/testthat/test-logic_state.R","test_that"
"test::tests/testthat/test-logic_state.R::99",99,99,"attach_project_table_set copies prefixed tables from source duckdb","tests/testthat/test-logic_state.R","test_that"
"test::tests/testthat/test-logic_sync.R::245",245,245,"sync_cloud_connected returns FALSE when master not attached","tests/testthat/test-logic_sync.R","test_that"
"test::tests/testthat/test-logic_sync.R::251",251,251,"sync_cloud_connected returns TRUE when master is attached","tests/testthat/test-logic_sync.R","test_that"
"test::tests/testthat/test-logic_sync.R::267",267,267,"sync_require_cloud stops when master not attached","tests/testthat/test-logic_sync.R","test_that"
"test::tests/testthat/test-logic_sync.R::273",273,273,"sync_ensure_local_tables adds local_modified_utc to Env and Veg","tests/testthat/test-logic_sync.R","test_that"
"test::tests/testthat/test-logic_sync.R::289",289,289,".get_shared_columns returns intersection excluding metadata","tests/testthat/test-logic_sync.R","test_that"
"test::tests/testthat/test-logic_sync.R::315",315,315,"sync_get_change_detail: returns empty list when table has no dirty rows","tests/testthat/test-logic_sync.R","test_that"
"test::tests/testthat/test-logic_sync.R::324",324,324,"sync_get_change_detail: returns empty list when table does not exist","tests/testthat/test-logic_sync.R","test_that"
"test::tests/testthat/test-logic_sync.R::333",333,333,"sync_get_change_detail: dirty Env row without cloud → insert record","tests/testthat/test-logic_sync.R","test_that"
"test::tests/testthat/test-logic_sync.R::355",355,355,"sync_get_change_detail: dirty Env with matching core row → update record","tests/testthat/test-logic_sync.R","test_that"
"test::tests/testthat/test-logic_sync.R::392",392,392,"sync_get_change_detail: project_id filter excludes other projects","tests/testthat/test-logic_sync.R","test_that"
"test::tests/testthat/test-logic_sync.R::410",410,410,"sync_get_change_detail: max_rows cap is respected","tests/testthat/test-logic_sync.R","test_that"
"test::tests/testthat/test-logic_sync.R::430",430,430,"sync_get_change_detail: Veg row (via_env scope) classified as insert without cloud","tests/testthat/test-logic_sync.R","test_that"
"test::tests/testthat/test-logic_sync.R::445",445,445,"sync_get_change_detail: returns empty list when local_modified_utc column absent","tests/testthat/test-logic_sync.R","test_that"
"test::tests/testthat/test-logic_validation.R::107",107,107,"validate_veg_row rejects unknown layer_code","tests/testthat/test-logic_validation.R","test_that"
"test::tests/testthat/test-logic_validation.R::129",129,129,"validate_veg_row rejects empty plot_number","tests/testthat/test-logic_validation.R","test_that"
"test::tests/testthat/test-logic_validation.R::151",151,151,"validate_veg_row rejects invalid project_id","tests/testthat/test-logic_validation.R","test_that"
"test::tests/testthat/test-logic_validation.R::173",173,173,"validate_veg_row validates all cover fields (cover2-10, totala, totalb, cover5a/b/c)","tests/testthat/test-logic_validation.R","test_that"
"test::tests/testthat/test-logic_validation.R::19",19,19,"validate_veg_row accepts valid vegetation row","tests/testthat/test-logic_validation.R","test_that"
"test::tests/testthat/test-logic_validation.R::210",210,210,"validate_veg_row validates all height fields","tests/testthat/test-logic_validation.R","test_that"
"test::tests/testthat/test-logic_validation.R::240",240,240,"validate_veg_row validates metric fields as non-negative integers","tests/testthat/test-logic_validation.R","test_that"
"test::tests/testthat/test-logic_validation.R::276",276,276,"validate_veg_row validates collected as text","tests/testthat/test-logic_validation.R","test_that"
"test::tests/testthat/test-logic_validation.R::297",297,297,"validate_veg_row validates flag as boolean","tests/testthat/test-logic_validation.R","test_that"
"test::tests/testthat/test-logic_validation.R::328",328,328,"validate_env_row accepts valid environment row","tests/testthat/test-logic_validation.R","test_that"
"test::tests/testthat/test-logic_validation.R::345",345,345,"validate_env_row rejects invalid latitude","tests/testthat/test-logic_validation.R","test_that"
"test::tests/testthat/test-logic_validation.R::361",361,361,"validate_env_row rejects invalid longitude","tests/testthat/test-logic_validation.R","test_that"
"test::tests/testthat/test-logic_validation.R::377",377,377,"validate_env_row rejects invalid elevation_m","tests/testthat/test-logic_validation.R","test_that"
"test::tests/testthat/test-logic_validation.R::393",393,393,"validate_env_row accepts NULL optional fields","tests/testthat/test-logic_validation.R","test_that"
"test::tests/testthat/test-logic_validation.R::41",41,41,"validate_veg_row rejects invalid cover1","tests/testthat/test-logic_validation.R","test_that"
"test::tests/testthat/test-logic_validation.R::410",410,410,"validate_env_row validates surveyor_name as text","tests/testthat/test-logic_validation.R","test_that"
"test::tests/testthat/test-logic_validation.R::425",425,425,"validate_env_row validates plot_notes as text","tests/testthat/test-logic_validation.R","test_that"
"test::tests/testthat/test-logic_validation.R::440",440,440,"validate_env_row rejects invalid survey_date format","tests/testthat/test-logic_validation.R","test_that"
"test::tests/testthat/test-logic_validation.R::459",459,459,"validate_su_row accepts valid site unit row","tests/testthat/test-logic_validation.R","test_that"
"test::tests/testthat/test-logic_validation.R::480",480,480,"validate_su_row rejects unknown bec_zone","tests/testthat/test-logic_validation.R","test_that"
"test::tests/testthat/test-logic_validation.R::500",500,500,"validate_su_row rejects invalid zone/subzone combo","tests/testthat/test-logic_validation.R","test_that"
"test::tests/testthat/test-logic_validation.R::520",520,520,"validate_su_row accepts NULL zone/subzone","tests/testthat/test-logic_validation.R","test_that"
"test::tests/testthat/test-logic_validation.R::540",540,540,"validate_su_row validates su_number as text","tests/testthat/test-logic_validation.R","test_that"
"test::tests/testthat/test-logic_validation.R::560",560,560,"validate_su_row validates site_series as text","tests/testthat/test-logic_validation.R","test_that"
"test::tests/testthat/test-logic_validation.R::580",580,580,"validate_su_row rejects orphaned subzone (no zone)","tests/testthat/test-logic_validation.R","test_that"
"test::tests/testthat/test-logic_validation.R::602",602,602,"validate_submission validates multiple tables correctly","tests/testthat/test-logic_validation.R","test_that"
"test::tests/testthat/test-logic_validation.R::63",63,63,"validate_veg_row rejects negative height1","tests/testthat/test-logic_validation.R","test_that"
"test::tests/testthat/test-logic_validation.R::642",642,642,"validate_submission detects errors across multiple tables","tests/testthat/test-logic_validation.R","test_that"
"test::tests/testthat/test-logic_validation.R::678",678,678,"validate_submission returns proper summary structure","tests/testthat/test-logic_validation.R","test_that"
"test::tests/testthat/test-logic_validation.R::85",85,85,"validate_veg_row rejects unknown species_code","tests/testthat/test-logic_validation.R","test_that"
"test::tests/testthat/test-logic_validation.R::9",9,9,"Test database connection available","tests/testthat/test-logic_validation.R","test_that"
"test::tests/testthat/test-logic_veg_data.R::87",87,87,"get_vegetation_data returns empty data frame for blank site unit","tests/testthat/test-logic_veg_data.R","test_that"
"test::tests/testthat/test-logic_veg_data.R::95",95,95,"get_vegetation_data joins lookup tables and coalesces names","tests/testthat/test-logic_veg_data.R","test_that"
"test::tests/testthat/test-logic_venus_export.R::272",272,272,"export_venus_xml creates valid XML file","tests/testthat/test-logic_venus_export.R","test_that"
"test::tests/testthat/test-logic_venus_export.R::298",298,298,"VENUS XML contains correct header information","tests/testthat/test-logic_venus_export.R","test_that"
"test::tests/testthat/test-logic_venus_export.R::329",329,329,"VENUS XML contains correct plot structure","tests/testthat/test-logic_venus_export.R","test_that"
"test::tests/testthat/test-logic_venus_export.R::360",360,360,"VENUS XML includes location data","tests/testthat/test-logic_venus_export.R","test_that"
"test::tests/testthat/test-logic_venus_export.R::395",395,395,"VENUS XML includes site classification","tests/testthat/test-logic_venus_export.R","test_that"
"test::tests/testthat/test-logic_venus_export.R::426",426,426,"VENUS XML includes vegetation data","tests/testthat/test-logic_venus_export.R","test_that"
"test::tests/testthat/test-logic_venus_export.R::476",476,476,"VENUS XML includes environment data","tests/testthat/test-logic_venus_export.R","test_that"
"test::tests/testthat/test-logic_venus_export.R::508",508,508,"VENUS XML includes soil horizon data","tests/testthat/test-logic_venus_export.R","test_that"
"test::tests/testthat/test-logic_venus_export.R::555",555,555,"coords_required option filters plots correctly","tests/testthat/test-logic_venus_export.R","test_that"
"test::tests/testthat/test-logic_venus_export.R::578",578,578,"include_draft option filters plots correctly","tests/testthat/test-logic_venus_export.R","test_that"
"test::tests/testthat/test-logic_venus_export.R::612",612,612,"apply_lumping option consolidates species","tests/testthat/test-logic_venus_export.R","test_that"
"test::tests/testthat/test-logic_venus_export.R::660",660,660,"date range filtering works correctly","tests/testthat/test-logic_venus_export.R","test_that"
"test::tests/testthat/test-logic_venus_export.R::708",708,708,"export handles missing project gracefully","tests/testthat/test-logic_venus_export.R","test_that"
"test::tests/testthat/test-logic_venus_export.R::723",723,723,"export handles NULL project ID","tests/testthat/test-logic_venus_export.R","test_that"
"test::tests/testthat/test-logic_venus_export.R::738",738,738,"validate_venus_schema detects missing plots","tests/testthat/test-logic_venus_export.R","test_that"
"test::tests/testthat/test-logic_venus_export.R::748",748,748,"validate_venus_schema detects missing required elements","tests/testthat/test-logic_venus_export.R","test_that"
"test::tests/testthat/test-logic_venus_export.R::762",762,762,"export returns error on failure","tests/testthat/test-logic_venus_export.R","test_that"
"test::tests/testthat/test-mod_admin_merge.R::129",129,129,"unresolved count increments and decrements correctly after resolve","tests/testthat/test-mod_admin_merge.R","test_that"
"test::tests/testthat/test-mod_admin_merge.R::25",25,25,"merge_ensure_tables creates all required tables","tests/testthat/test-mod_admin_merge.R","test_that"
"test::tests/testthat/test-mod_admin_merge.R::66",66,66,"merge_ensure_tables is idempotent (call twice, no error)","tests/testthat/test-mod_admin_merge.R","test_that"
"test::tests/testthat/test-mod_admin_merge.R::77",77,77,"merge_request_unresolved_conflict_count returns 0 for fresh request","tests/testthat/test-mod_admin_merge.R","test_that"
"test::tests/testthat/test-mod_admin_merge.R::96",96,96,"merge_request_resolve_conflict sets resolution correctly","tests/testthat/test-mod_admin_merge.R","test_that"
"test::tests/testthat/test-mod_admin_projects.R::26",26,26,"insert new project - row exists","tests/testthat/test-mod_admin_projects.R","test_that"
"test::tests/testthat/test-mod_admin_projects.R::42",42,42,"update project title - reflected in query","tests/testthat/test-mod_admin_projects.R","test_that"
"test::tests/testthat/test-mod_admin_projects.R::58",58,58,"delete project - row gone","tests/testthat/test-mod_admin_projects.R","test_that"
"test::tests/testthat/test-mod_admin_projects.R::77",77,77,"duplicate project ID - error handled gracefully","tests/testthat/test-mod_admin_projects.R","test_that"
"test::tests/testthat/test-mod_admin_publishing.R::134",134,134,"registry CSV is created and readable after publish","tests/testthat/test-mod_admin_publishing.R","test_that"
"test::tests/testthat/test-mod_admin_publishing.R::179",179,179,"auth_user_has_permission returns FALSE for unauthenticated state","tests/testthat/test-mod_admin_publishing.R","test_that"
"test::tests/testthat/test-mod_admin_publishing.R::190",190,190,"auth_user_has_permission returns TRUE when permission present","tests/testthat/test-mod_admin_publishing.R","test_that"
"test::tests/testthat/test-mod_admin_publishing.R::204",204,204,"auth_user_has_permission returns TRUE for wildcard admin","tests/testthat/test-mod_admin_publishing.R","test_that"
"test::tests/testthat/test-mod_admin_publishing.R::221",221,221,"build_download_log_query returns sql + params list","tests/testthat/test-mod_admin_publishing.R","test_that"
"test::tests/testthat/test-mod_admin_publishing.R::60",60,60,"publish_rds creates output files for a project","tests/testthat/test-mod_admin_publishing.R","test_that"
"test::tests/testthat/test-mod_admin_publishing.R::99",99,99,"publish_project_dataset errors when no formats requested","tests/testthat/test-mod_admin_publishing.R","test_that"
"test::tests/testthat/test-mod_auth_status.R::16",16,16,".format_time_ago returns ","tests/testthat/test-mod_auth_status.R","test_that"
"test::tests/testthat/test-mod_auth_status.R::20",20,20,".format_time_ago returns ","tests/testthat/test-mod_auth_status.R","test_that"
"test::tests/testthat/test-mod_auth_status.R::24",24,24,".format_time_ago returns ","tests/testthat/test-mod_auth_status.R","test_that"
"test::tests/testthat/test-mod_auth_status.R::29",29,29,".format_time_ago returns ","tests/testthat/test-mod_auth_status.R","test_that"
"test::tests/testthat/test-mod_auth_status.R::34",34,34,".format_time_ago returns minutes for timestamps 1-59 minutes ago","tests/testthat/test-mod_auth_status.R","test_that"
"test::tests/testthat/test-mod_auth_status.R::39",39,39,".format_time_ago returns hours for timestamps 1-23 hours ago","tests/testthat/test-mod_auth_status.R","test_that"
"test::tests/testthat/test-mod_auth_status.R::44",44,44,".format_time_ago returns days for timestamps 1+ days ago","tests/testthat/test-mod_auth_status.R","test_that"
"test::tests/testthat/test-mod_auth_status.R::49",49,49,".format_time_ago floors partial units","tests/testthat/test-mod_auth_status.R","test_that"
"test::tests/testthat/test-mod_becweb_map.R::119",119,119,"BEC zone filter logic works","tests/testthat/test-mod_becweb_map.R","test_that"
"test::tests/testthat/test-mod_becweb_map.R::141",141,141,"date range filter logic works","tests/testthat/test-mod_becweb_map.R","test_that"
"test::tests/testthat/test-mod_becweb_map.R::159",159,159,"species search filter logic works","tests/testthat/test-mod_becweb_map.R","test_that"
"test::tests/testthat/test-mod_becweb_map.R::183",183,183,"quality filter logic works","tests/testthat/test-mod_becweb_map.R","test_that"
"test::tests/testthat/test-mod_becweb_map.R::201",201,201,"popup HTML generation is correct","tests/testthat/test-mod_becweb_map.R","test_that"
"test::tests/testthat/test-mod_becweb_map.R::250",250,250,"invalid coordinates are filtered out","tests/testthat/test-mod_becweb_map.R","test_that"
"test::tests/testthat/test-mod_becweb_map.R::271",271,271,"BEC zone color assignment works","tests/testthat/test-mod_becweb_map.R","test_that"
"test::tests/testthat/test-mod_becweb_map.R::301",301,301,"CSV export data structure is correct","tests/testthat/test-mod_becweb_map.R","test_that"
"test::tests/testthat/test-mod_becweb_map.R::344",344,344,"empty published directory returns empty data.frame","tests/testthat/test-mod_becweb_map.R","test_that"
"test::tests/testthat/test-mod_becweb_map.R::370",370,370,"non-public datasets are filtered in public mode","tests/testthat/test-mod_becweb_map.R","test_that"
"test::tests/testthat/test-mod_becweb_map.R::404",404,404,"marker clustering threshold is correct","tests/testthat/test-mod_becweb_map.R","test_that"
"test::tests/testthat/test-mod_becweb_map.R::417",417,417,"5000 plot limit is enforced","tests/testthat/test-mod_becweb_map.R","test_that"
"test::tests/testthat/test-mod_becweb_map.R::60",60,60,"load_all_plots reads and combines datasets","tests/testthat/test-mod_becweb_map.R","test_that"
"test::tests/testthat/test-mod_becweb_map.R::7",7,7,"discover_datasets finds valid RDS files","tests/testthat/test-mod_becweb_map.R","test_that"
"test::tests/testthat/test-mod_export.R::117",117,117,"build_venus_xml_doc exports all when project_ids empty","tests/testthat/test-mod_export.R","test_that"
"test::tests/testthat/test-mod_export.R::139",139,139,"build_venus_xml_doc uses optional table prefix","tests/testthat/test-mod_export.R","test_that"
"test::tests/testthat/test-mod_export.R::155",155,155,"build_venus_xml_doc prefixes per project when exporting multiple","tests/testthat/test-mod_export.R","test_that"
"test::tests/testthat/test-mod_export.R::178",178,178,"build_venus_xml_doc uses project ids when no prefix provided","tests/testthat/test-mod_export.R","test_that"
"test::tests/testthat/test-mod_export.R::24",24,24,"build_venus_xml_doc filters by project","tests/testthat/test-mod_export.R","test_that"
"test::tests/testthat/test-mod_hierarchy.R::11",11,11,"build_hierarchy_tree nests children","tests/testthat/test-mod_hierarchy.R","test_that"
"test::tests/testthat/test-mod_hierarchy.R::111",111,111,"get_sibling_order respects MyOrder","tests/testthat/test-mod_hierarchy.R","test_that"
"test::tests/testthat/test-mod_hierarchy.R::123",123,123,"get_node_path returns breadcrumb","tests/testthat/test-mod_hierarchy.R","test_that"
"test::tests/testthat/test-mod_hierarchy.R::134",134,134,"get_node_path_ids returns id breadcrumb","tests/testthat/test-mod_hierarchy.R","test_that"
"test::tests/testthat/test-mod_hierarchy.R::145",145,145,"get_subtree_names returns unique names","tests/testthat/test-mod_hierarchy.R","test_that"
"test::tests/testthat/test-mod_hierarchy.R::156",156,156,"get_plots_for_site_unit returns plots","tests/testthat/test-mod_hierarchy.R","test_that"
"test::tests/testthat/test-mod_hierarchy.R::168",168,168,"filter_duplicate_names drops existing names","tests/testthat/test-mod_hierarchy.R","test_that"
"test::tests/testthat/test-mod_hierarchy.R::180",180,180,"resolve_duplicate_names can prefix duplicates","tests/testthat/test-mod_hierarchy.R","test_that"
"test::tests/testthat/test-mod_hierarchy.R::193",193,193,"filter_duplicate_subtrees drops duplicate parents and descendants","tests/testthat/test-mod_hierarchy.R","test_that"
"test::tests/testthat/test-mod_hierarchy.R::206",206,206,"insert_rekeyed_hierarchy remaps parents","tests/testthat/test-mod_hierarchy.R","test_that"
"test::tests/testthat/test-mod_hierarchy.R::229",229,229,"insert_rekeyed_hierarchy preserves tag when available","tests/testthat/test-mod_hierarchy.R","test_that"
"test::tests/testthat/test-mod_hierarchy.R::24",24,24,"build_hierarchy_tree respects MyOrder","tests/testthat/test-mod_hierarchy.R","test_that"
"test::tests/testthat/test-mod_hierarchy.R::248",248,248,"clip_hierarchy_ids removes non-tilde branches","tests/testthat/test-mod_hierarchy.R","test_that"
"test::tests/testthat/test-mod_hierarchy.R::262",262,262,"get_lowest_tilde_ids identifies lowest tilde nodes","tests/testthat/test-mod_hierarchy.R","test_that"
"test::tests/testthat/test-mod_hierarchy.R::275",275,275,"set_lowest_tilde_levels sets level to 11","tests/testthat/test-mod_hierarchy.R","test_that"
"test::tests/testthat/test-mod_hierarchy.R::290",290,290,"create_lowest_breakpoints_table builds lowest tilde subtrees","tests/testthat/test-mod_hierarchy.R","test_that"
"test::tests/testthat/test-mod_hierarchy.R::3",3,3,"hierarchy label helpers work","tests/testthat/test-mod_hierarchy.R","test_that"
"test::tests/testthat/test-mod_hierarchy.R::311",311,311,"sync helpers copy values between env and su","tests/testthat/test-mod_hierarchy.R","test_that"
"test::tests/testthat/test-mod_hierarchy.R::339",339,339,"build_su_from_env builds filtered rows","tests/testthat/test-mod_hierarchy.R","test_that"
"test::tests/testthat/test-mod_hierarchy.R::36",36,36,"descendants and subtree selection","tests/testthat/test-mod_hierarchy.R","test_that"
"test::tests/testthat/test-mod_hierarchy.R::361",361,361,"build_su_from_env_filter respects column filters","tests/testthat/test-mod_hierarchy.R","test_that"
"test::tests/testthat/test-mod_hierarchy.R::377",377,377,"get_master_site_units filters by level","tests/testthat/test-mod_hierarchy.R","test_that"
"test::tests/testthat/test-mod_hierarchy.R::393",393,393,"get_user_site_units returns user list rows","tests/testthat/test-mod_hierarchy.R","test_that"
"test::tests/testthat/test-mod_hierarchy.R::413",413,413,"find_orphan_nodes identifies missing parents","tests/testthat/test-mod_hierarchy.R","test_that"
"test::tests/testthat/test-mod_hierarchy.R::424",424,424,"fix_orphan_nodes resets missing parents","tests/testthat/test-mod_hierarchy.R","test_that"
"test::tests/testthat/test-mod_hierarchy.R::48",48,48,"insert_subtree remaps ids and parents","tests/testthat/test-mod_hierarchy.R","test_that"
"test::tests/testthat/test-mod_hierarchy.R::79",79,79,"insert_subtree preserves tag when available","tests/testthat/test-mod_hierarchy.R","test_that"
"test::tests/testthat/test-mod_hierarchy.R::98",98,98,"compute_subtree_levels assigns depth","tests/testthat/test-mod_hierarchy.R","test_that"
"test::tests/testthat/test-mod_import.R::121",121,121,"mod_import maps project-suffixed CSV and fills projectid","tests/testthat/test-mod_import.R","test_that"
"test::tests/testthat/test-mod_import.R::164",164,164,"mod_import can replace existing project data","tests/testthat/test-mod_import.R","test_that"
"test::tests/testthat/test-mod_import.R::208",208,208,"mod_import handles ZIP files and imports selected tables","tests/testthat/test-mod_import.R","test_that"
"test::tests/testthat/test-mod_import.R::246",246,246,"mod_import supports ZIP imports with multiple project IDs","tests/testthat/test-mod_import.R","test_that"
"test::tests/testthat/test-mod_import.R::307",307,307,"mod_import blocks CSV import when compliance fails","tests/testthat/test-mod_import.R","test_that"
"test::tests/testthat/test-mod_import.R::351",351,351,"mod_import blocks CSV import when validation fails","tests/testthat/test-mod_import.R","test_that"
"test::tests/testthat/test-mod_import.R::379",379,379,"mod_import updates validation when target table changes","tests/testthat/test-mod_import.R","test_that"
"test::tests/testthat/test-mod_import.R::407",407,407,"mod_import imports CSV into schema-qualified list table","tests/testthat/test-mod_import.R","test_that"
"test::tests/testthat/test-mod_import.R::441",441,441,"mod_import resolves list table names in ZIP imports","tests/testthat/test-mod_import.R","test_that"
"test::tests/testthat/test-mod_import.R::481",481,481,"mod_import rolls back ZIP imports on compliance failure","tests/testthat/test-mod_import.R","test_that"
"test::tests/testthat/test-mod_import.R::529",529,529,"mod_import blocks ZIP import when validation fails","tests/testthat/test-mod_import.R","test_that"
"test::tests/testthat/test-mod_import.R::562",562,562,"mod_import rolls back ZIP imports on veg compliance failure","tests/testthat/test-mod_import.R","test_that"
"test::tests/testthat/test-mod_import.R::86",86,86,"mod_import imports CSV into target table","tests/testthat/test-mod_import.R","test_that"
"test::tests/testthat/test-mod_merge.R::258",258,258,"merge is blocked when compliance fails","tests/testthat/test-mod_merge.R","test_that"
"test::tests/testthat/test-mod_merge.R::291",291,291,"merge succeeds when compliance passes","tests/testthat/test-mod_merge.R","test_that"
"test::tests/testthat/test-mod_site_env.R::122",122,122,"mod_site_env DMS apply and fill update inputs","tests/testthat/test-mod_site_env.R","test_that"
"test::tests/testthat/test-mod_site_env.R::86",86,86,"mod_site_env loads inputs and saves header","tests/testthat/test-mod_site_env.R","test_that"
"test::tests/testthat/test-mod_sync.R::134",134,134,"sync_get_local_changes: empty tables → zero-row data.frames","tests/testthat/test-mod_sync.R","test_that"
"test::tests/testthat/test-mod_sync.R::146",146,146,"sync_get_local_changes: insert rows appear with change_type = ","tests/testthat/test-mod_sync.R","test_that"
"test::tests/testthat/test-mod_sync.R::162",162,162,"sync_get_local_changes: update rows appear with change_type = ","tests/testthat/test-mod_sync.R","test_that"
"test::tests/testthat/test-mod_sync.R::178",178,178,"sync_get_local_changes: rows with no dirty flag are excluded","tests/testthat/test-mod_sync.R","test_that"
"test::tests/testthat/test-mod_sync.R::193",193,193,"sync_get_local_changes: project_id filter works","tests/testthat/test-mod_sync.R","test_that"
"test::tests/testthat/test-mod_sync.R::210",210,210,"sync_get_local_changes: SU and Veg dirty rows appear","tests/testthat/test-mod_sync.R","test_that"
"test::tests/testthat/test-mod_sync.R::227",227,227,"sync_count_incoming: no cloud → available = FALSE, all counts 0","tests/testthat/test-mod_sync.R","test_that"
"test::tests/testthat/test-mod_sync.R::238",238,238,"sync_count_incoming: with mock master → counts rows since watermark","tests/testthat/test-mod_sync.R","test_that"
"test::tests/testthat/test-mod_sync.R::263",263,263,"sync_count_incoming: watermark skips already-pulled rows","tests/testthat/test-mod_sync.R","test_that"
"test::tests/testthat/test-mod_sync.R::297",297,297,"sync_get_user_merge_requests: no cloud → empty data.frame","tests/testthat/test-mod_sync.R","test_that"
"test::tests/testthat/test-mod_sync.R::306",306,306,"sync_get_user_merge_requests: filters by submitter_name","tests/testthat/test-mod_sync.R","test_that"
"test::tests/testthat/test-mod_sync.R::331",331,331,"sync_get_user_merge_requests: show_approved = FALSE hides merged rows","tests/testthat/test-mod_sync.R","test_that"
"test::tests/testthat/test-mod_sync.R::355",355,355,"sync_get_user_merge_requests: show_rejected = FALSE hides rejected rows","tests/testthat/test-mod_sync.R","test_that"
"test::tests/testthat/test-mod_sync.R::379",379,379,"sync_get_user_merge_requests: both filters false → only pending returned","tests/testthat/test-mod_sync.R","test_that"
"test::tests/testthat/test-mod_veg_sample.R::43",43,43,"mod_veg_sample preserves cover codes as text","tests/testthat/test-mod_veg_sample.R","test_that"
"test::tests/testthat/test-mod_veg_sample.R::56",56,56,"sum_numeric_or_na handles mixed cover inputs","tests/testthat/test-mod_veg_sample.R","test_that"
"test::tests/testthat/test-mod_veg_sample.R::62",62,62,"detect_hot_changes returns changed cells","tests/testthat/test-mod_veg_sample.R","test_that"
"test::tests/testthat/test-parity-parser.R::15",15,15,"VBA declarations include ranges, visibility and simple flags","tests/testthat/test-parity-parser.R","test_that"
"test::tests/testthat/test-parity-parser.R::27",27,27,"Access SQL fragments and octal newlines are decoded","tests/testthat/test-parity-parser.R","test_that"
"test::tests/testthat/test-parity-parser.R::32",32,32,"event procedures and macros yield stable expected handlers","tests/testthat/test-parity-parser.R","test_that"
"test::tests/testthat/test-parity-parser.R::40",40,40,"top-level R function assignments are inventoried","tests/testthat/test-parity-parser.R","test_that"
"test::tests/testthat/test-parity-parser.R::50",50,50,"reviewed overrides replace matching parity rows","tests/testthat/test-parity-parser.R","test_that"
"test::tests/testthat/test-project-context.R::104",104,104,"activation creates scoped views and persists current state","tests/testthat/test-project-context.R","test_that"
"test::tests/testthat/test-project-context.R::124",124,124,"bundled Sample is a complete VP08 project","tests/testthat/test-project-context.R","test_that"
"test::tests/testthat/test-project-context.R::133",133,133,"bundled Sample creates active compatibility views","tests/testthat/test-project-context.R","test_that"
"test::tests/testthat/test-project-context.R::164",164,164,"startup recovery activates persisted projects","tests/testthat/test-project-context.R","test_that"
"test::tests/testthat/test-project-context.R::186",186,186,"startup recovery falls back to Sample and persists recovery","tests/testthat/test-project-context.R","test_that"
"test::tests/testthat/test-project-context.R::207",207,207,"activation selects succession vegetation columns","tests/testthat/test-project-context.R","test_that"
"test::tests/testthat/test-project-context.R::219",219,219,"save-as clones the core family and rejects collisions","tests/testthat/test-project-context.R","test_that"
"test::tests/testthat/test-project-context.R::241",241,241,"detaching a non-current project preserves its database","tests/testthat/test-project-context.R","test_that"
"test::tests/testthat/test-project-context.R::84",84,84,"project inspection reads VP08 table metadata","tests/testthat/test-project-context.R","test_that"
"test::tests/testthat/test-project-context.R::93",93,93,"attachment enforces version and complete-family gates","tests/testthat/test-project-context.R","test_that"
"test::tests/testthat/test-report_excel_export.R::6",6,6,"Excel export writes workbook for short veg report","tests/testthat/test-report_excel_export.R","test_that"
"test::tests/testthat/test-report_excel_export.R::68",68,68,"Excel export splits long environment by site unit","tests/testthat/test-report_excel_export.R","test_that"
"test::tests/testthat/test-report-options.R::1",1,1,"report templates include theme params","tests/testthat/test-report-options.R","test_that"
"test::tests/testthat/test-report-options.R::31",31,31,"report templates include report_title params","tests/testthat/test-report-options.R","test_that"
"test::tests/testthat/test-reports-parity.R::1023",1023,1023,"reports clean up temporary files","tests/testthat/test-reports-parity.R","test_that"
"test::tests/testthat/test-reports-parity.R::337",337,337,"all report templates exist and are valid files","tests/testthat/test-reports-parity.R","test_that"
"test::tests/testthat/test-reports-parity.R::372",372,372,"short_veg.qmd renders without errors","tests/testthat/test-reports-parity.R","test_that"
"test::tests/testthat/test-reports-parity.R::397",397,397,"long_veg.qmd renders without errors","tests/testthat/test-reports-parity.R","test_that"
"test::tests/testthat/test-reports-parity.R::415",415,415,"site_summary.qmd renders without errors","tests/testthat/test-reports-parity.R","test_that"
"test::tests/testthat/test-reports-parity.R::432",432,432,"hierarchy.qmd renders without errors","tests/testthat/test-reports-parity.R","test_that"
"test::tests/testthat/test-reports-parity.R::448",448,448,"flat_hierarchy.qmd renders without errors","tests/testthat/test-reports-parity.R","test_that"
"test::tests/testthat/test-reports-parity.R::463",463,463,"env_summary.qmd renders without errors","tests/testthat/test-reports-parity.R","test_that"
"test::tests/testthat/test-reports-parity.R::478",478,478,"bec_labels.qmd renders without errors","tests/testthat/test-reports-parity.R","test_that"
"test::tests/testthat/test-reports-parity.R::493",493,493,"lifeform.qmd renders without errors","tests/testthat/test-reports-parity.R","test_that"
"test::tests/testthat/test-reports-parity.R::508",508,508,"quality_control.qmd renders without errors","tests/testthat/test-reports-parity.R","test_that"
"test::tests/testthat/test-reports-parity.R::523",523,523,"field_checklist.qmd renders without errors","tests/testthat/test-reports-parity.R","test_that"
"test::tests/testthat/test-reports-parity.R::543",543,543,"short_veg report contains species data table","tests/testthat/test-reports-parity.R","test_that"
"test::tests/testthat/test-reports-parity.R::581",581,581,"site_summary report includes plot metadata sections","tests/testthat/test-reports-parity.R","test_that"
"test::tests/testthat/test-reports-parity.R::617",617,617,"hierarchy report contains tree structure elements","tests/testthat/test-reports-parity.R","test_that"
"test::tests/testthat/test-reports-parity.R::658",658,658,"env_summary report includes environmental variables","tests/testthat/test-reports-parity.R","test_that"
"test::tests/testthat/test-reports-parity.R::711",711,711,"reports handle empty plot selection without errors","tests/testthat/test-reports-parity.R","test_that"
"test::tests/testthat/test-reports-parity.R::732",732,732,"veg reports handle missing layers appropriately","tests/testthat/test-reports-parity.R","test_that"
"test::tests/testthat/test-reports-parity.R::752",752,752,"quality_control report identifies validation issues","tests/testthat/test-reports-parity.R","test_that"
"test::tests/testthat/test-reports-parity.R::795",795,795,"reports use correct cover value formats","tests/testthat/test-reports-parity.R","test_that"
"test::tests/testthat/test-reports-parity.R::851",851,851,"reports apply species lumping when requested","tests/testthat/test-reports-parity.R","test_that"
"test::tests/testthat/test-reports-parity.R::911",911,911,"veg layer reports are consistent subsets of full veg report","tests/testthat/test-reports-parity.R","test_that"
"test::tests/testthat/test-reports-parity.R::951",951,951,"short and long veg reports use same underlying data","tests/testthat/test-reports-parity.R","test_that"
"test::tests/testthat/test-reports-parity.R::996",996,996,"reports render within reasonable time limits","tests/testthat/test-reports-parity.R","test_that"
"test::tests/testthat/test-reports-render-smoke.R::12",12,12,"All Quarto reports render without error using demo data","tests/testthat/test-reports-render-smoke.R","test_that"
"test::tests/testthat/test-schema_deployment.R::109",109,109,"Core schema has all expected tables","tests/testthat/test-schema_deployment.R","test_that"
"test::tests/testthat/test-schema_deployment.R::125",125,125,"Lists schema has all reference tables","tests/testthat/test-schema_deployment.R","test_that"
"test::tests/testthat/test-schema_deployment.R::141",141,141,"Staging schema has all workflow tables","tests/testthat/test-schema_deployment.R","test_that"
"test::tests/testthat/test-schema_deployment.R::157",157,157,"Seed data was inserted correctly","tests/testthat/test-schema_deployment.R","test_that"
"test::tests/testthat/test-schema_deployment.R::186",186,186,"Row version trigger works on INSERT","tests/testthat/test-schema_deployment.R","test_that"
"test::tests/testthat/test-schema_deployment.R::21",21,21,"Docker PostgreSQL is accessible","tests/testthat/test-schema_deployment.R","test_that"
"test::tests/testthat/test-schema_deployment.R::220",220,220,"Row version trigger increments on UPDATE","tests/testthat/test-schema_deployment.R","test_that"
"test::tests/testthat/test-schema_deployment.R::277",277,277,"Audit trigger captures INSERT","tests/testthat/test-schema_deployment.R","test_that"
"test::tests/testthat/test-schema_deployment.R::324",324,324,"Audit trigger captures UPDATE with old and new data","tests/testthat/test-schema_deployment.R","test_that"
"test::tests/testthat/test-schema_deployment.R::36",36,36,"Schema file can be deployed to PostgreSQL","tests/testthat/test-schema_deployment.R","test_that"
"test::tests/testthat/test-schema_deployment.R::381",381,381,"Audit trigger captures DELETE","tests/testthat/test-schema_deployment.R","test_that"
"test::tests/testthat/test-schema_deployment.R::431",431,431,"All core and lists tables have audit triggers attached","tests/testthat/test-schema_deployment.R","test_that"
"test::tests/testthat/test-schema_deployment.R::460",460,460,"Check constraints work correctly","tests/testthat/test-schema_deployment.R","test_that"
"test::tests/testthat/test-schema_deployment.R::62",62,62,"All schemas were created","tests/testthat/test-schema_deployment.R","test_that"
"test::tests/testthat/test-schema_deployment.R::84",84,84,"Audit schema has logged_actions table and trigger function","tests/testthat/test-schema_deployment.R","test_that"
"test::tests/testthat/test-schema-validation.R::163",163,163,"core.admin table schema matches","tests/testthat/test-schema-validation.R","test_that"
"test::tests/testthat/test-schema-validation.R::166",166,166,"core.metadata table schema matches","tests/testthat/test-schema-validation.R","test_that"
"test::tests/testthat/test-schema-validation.R::169",169,169,"core.hierarchy table schema matches","tests/testthat/test-schema-validation.R","test_that"
"test::tests/testthat/test-schema-validation.R::172",172,172,"core.env table schema matches","tests/testthat/test-schema-validation.R","test_that"
"test::tests/testthat/test-schema-validation.R::175",175,175,"core.humus table schema matches","tests/testthat/test-schema-validation.R","test_that"
"test::tests/testthat/test-schema-validation.R::178",178,178,"core.mineral table schema matches","tests/testthat/test-schema-validation.R","test_that"
"test::tests/testthat/test-schema-validation.R::181",181,181,"core.other table schema matches","tests/testthat/test-schema-validation.R","test_that"
"test::tests/testthat/test-schema-validation.R::184",184,184,"core.veg table schema matches","tests/testthat/test-schema-validation.R","test_that"
"test::tests/testthat/test-schema-validation.R::187",187,187,"core.herbarium table schema matches","tests/testthat/test-schema-validation.R","test_that"
"test::tests/testthat/test-schema-validation.R::190",190,190,"core.su table schema matches","tests/testthat/test-schema-validation.R","test_that"
"test::tests/testthat/test-schema-validation.R::193",193,193,"core.profile table schema matches","tests/testthat/test-schema-validation.R","test_that"
"test::tests/testthat/test-schema-validation.R::196",196,196,"core.veg_profile table schema matches","tests/testthat/test-schema-validation.R","test_that"
"test::tests/testthat/test-schema-validation.R::199",199,199,"core.lump table schema matches","tests/testthat/test-schema-validation.R","test_that"
"test::tests/testthat/test-schema-validation.R::202",202,202,"core.theme table schema matches","tests/testthat/test-schema-validation.R","test_that"
"test::tests/testthat/test-schema-validation.R::205",205,205,"core.audit table schema matches","tests/testthat/test-schema-validation.R","test_that"
"test::tests/testthat/test-schema-validation.R::210",210,210,"staging.admin table schema matches","tests/testthat/test-schema-validation.R","test_that"
"test::tests/testthat/test-schema-validation.R::213",213,213,"staging.metadata table schema matches","tests/testthat/test-schema-validation.R","test_that"
"test::tests/testthat/test-schema-validation.R::216",216,216,"staging.hierarchy table schema matches","tests/testthat/test-schema-validation.R","test_that"
"test::tests/testthat/test-schema-validation.R::219",219,219,"staging.env table schema matches","tests/testthat/test-schema-validation.R","test_that"
"test::tests/testthat/test-schema-validation.R::222",222,222,"staging.humus table schema matches","tests/testthat/test-schema-validation.R","test_that"
"test::tests/testthat/test-schema-validation.R::225",225,225,"staging.mineral table schema matches","tests/testthat/test-schema-validation.R","test_that"
"test::tests/testthat/test-schema-validation.R::228",228,228,"staging.other table schema matches","tests/testthat/test-schema-validation.R","test_that"
"test::tests/testthat/test-schema-validation.R::231",231,231,"staging.veg table schema matches","tests/testthat/test-schema-validation.R","test_that"
"test::tests/testthat/test-schema-validation.R::234",234,234,"staging.herbarium table schema matches","tests/testthat/test-schema-validation.R","test_that"
"test::tests/testthat/test-schema-validation.R::237",237,237,"staging.su table schema matches","tests/testthat/test-schema-validation.R","test_that"
"test::tests/testthat/test-schema-validation.R::240",240,240,"staging.profile table schema matches","tests/testthat/test-schema-validation.R","test_that"
"test::tests/testthat/test-schema-validation.R::243",243,243,"staging.veg_profile table schema matches","tests/testthat/test-schema-validation.R","test_that"
"test::tests/testthat/test-schema-validation.R::246",246,246,"staging.lump table schema matches","tests/testthat/test-schema-validation.R","test_that"
"test::tests/testthat/test-schema-validation.R::249",249,249,"staging.theme table schema matches","tests/testthat/test-schema-validation.R","test_that"
"test::tests/testthat/test-schema-validation.R::252",252,252,"staging.audit table schema matches","tests/testthat/test-schema-validation.R","test_that"
"test::tests/testthat/test-schema-validation.R::257",257,257,"lists.spplist table schema matches","tests/testthat/test-schema-validation.R","test_that"
"test::tests/testthat/test-schema-validation.R::260",260,260,"lists.layercode table schema matches","tests/testthat/test-schema-validation.R","test_that"
"test::tests/testthat/test-schema-validation.R::263",263,263,"lists.usyszonelist table schema matches","tests/testthat/test-schema-validation.R","test_that"
"test::tests/testthat/test-schema-validation.R::266",266,266,"lists.usyssubzonelist table schema matches","tests/testthat/test-schema-validation.R","test_that"
"test::tests/testthat/test-schema-validation.R::269",269,269,"lists.usystableoflists table schema matches","tests/testthat/test-schema-validation.R","test_that"
"test::tests/testthat/test-schema-validation.R::272",272,272,"lists.usyssppattributes table schema matches","tests/testthat/test-schema-validation.R","test_that"
"test::tests/testthat/test-schema-validation.R::277",277,277,"All core, staging, and list tables have matching schemas","tests/testthat/test-schema-validation.R","test_that"
"test::tests/testthat/test-su-context.R::105",105,105,"SU activation filters the project and returns diagnostics","tests/testthat/test-su-context.R","test_that"
"test::tests/testthat/test-su-context.R::134",134,134,"SU deactivation restores project views and shared detach is safe","tests/testthat/test-su-context.R","test_that"
"test::tests/testthat/test-su-context.R::152",152,152,"SU save-as preserves rows, indexes, and metadata without changing state","tests/testthat/test-su-context.R","test_that"
"test::tests/testthat/test-su-context.R::177",177,177,"bundled Sample SU activates the canonical subset","tests/testthat/test-su-context.R","test_that"
"test::tests/testthat/test-su-context.R::194",194,194,"SU recovery restores valid state after project recovery","tests/testthat/test-su-context.R","test_that"
"test::tests/testthat/test-su-context.R::215",215,215,"failed SU recovery keeps the recovered project unfiltered","tests/testthat/test-su-context.R","test_that"
"test::tests/testthat/test-su-context.R::86",86,86,"SU inspection validates fields, metadata, and indexes","tests/testthat/test-su-context.R","test_that"
"test::tests/testthat/test-views.R::6",6,6,"core views exist and are queryable","tests/testthat/test-views.R","test_that"
