"ID","SiteSeries","SiteSeriesLongName","SiteSeriesScientificName","Level"
-2145930365,"IDF dk 5 /111","Sxw – Dogwood – Horsetail","Picea engelmannii x glauca – Cornus sericea – Equisetum arvense",11
-2141767852,"CWH vh 3 /Wf51","Sitka sedge – Peat moss","Carex sitchensis – Sphagnum spp.",11
-2139273003,"MH  mm 1 /03","BaHm – Oak fern","Abies amabilis – Tsuga mertensiana – Gymnocarpium dryopteris",11
-2137191826,"ESSFdc 2 /05","Bl – Huckleberry – Feathermoss","Abies lasiocarpa – Vaccinium membranaceum – Pleurozium schreberi",11
-2136098127,"BG  xh 3 /Gs05","Rocky Mountain juniper – Big sagebrush – Bluebunch wheatgrass","Juniperus scopulorum – Artemisia tridentata ssp. tridentata – Pseudoroegneria spicata",11
-2135231925,"CWH vh 1 /15","Ss – Kindbergia","Picea sitchensis – Eurhynchium oreganum",11
-2135095738,"CWH xm 2 /05","Cw – Sword fern","Thuja plicata – Polystichum munitum",11
-2134489677,"ESSFwh 2 /Rt07","Aspen – Juniper – Rocktripe","Populus tremuloides – Juniperus communis –  Umbilicaria sp.",11
-2133906258,"MS  dm 2 /Wf11","Tufted clubrush – Star moss","Trichophorum cespitosum – Campylium stellatum",11
-2133627238,"ESSFwcw  /Vh02.1","Valerian – Hellebore – Fireweed","Valeriana sitchensis – Veratrum viride – Chamerion angustifolium",11
-2133585462,"ICH mw 5 /Ws04","Drummond's willow – Beaked sedge","Salix drummondiana – Carex utriculata",11
-2132993125,"ICH vk 2 /07","Sb – Sphagnum","Picea mariana – Sphagnum spp.",11
-2132024003,"ICH wk 1 /Wm09","Inflated sedge","Carex exsiccata",11
-2131859866,"ICH mw 2 /103","Fd – Douglas maple – Falsebox","Pseudotsuga menziesii – Acer glabrum – Paxistima myrsinites",11
-2131523364,"CWH ms 1 /10","Pl – Sphagnum","Pinus contorta – Sphagnum spp.",11
-2130385276,"CWH ws 2 /Wb13","Shore sedge – Buckbean – Peat moss","Carex limosa – Menyanthes trifoliata – Sphagnum spp.",11
-2130268950,"ESSFwh 2 /Vs03","Sitka alder – Hellebore","Alnus viridis ssp. sinuata – Veratrum viride",11
-2128752644,"ICH wk 1 /02","PlHw – Velvet-leaved blueberry","Pinus contorta – Tsuga heterophylla – Vaccinium myrtilloides",11
-2126385455,"CWH wh 1 /Wb53.2","Shore pine – Yellow-cedar – Tufted clubrush; tall shrub variation","Pinus contorta var. contorta – Chamaecyparis nootkatensis – Trichophorum cespitosum",11
-2125668292,"SBS vk   /Ws06","Sitka willow – Sitka sedge","Salix sitchensis – Carex sitchensis",11
-2125462686,"ESSFwh 3 /Vh01","Cow-parsnip – Fireweed – Nettle","Heracleum maximum – Chamerion angustifolium – Urtica dioica",11
-2121300639,"ICH vc   /04","Sx – Devil's club – Dogwood","Picea sp. x Picea sp. – Oplopanax horridus – Cornus sericea",11
-2119100041,"ESSFwm 2 /Vs03","Sitka alder – Hellebore","Alnus viridis ssp. sinuata – Veratrum viride",11
-2118786685,"MS  dv   /05","Pl – Soopolallie – Heron's-bill","Pinus contorta – Shepherdia canadensis – Dicranum spp.",11
-2118245300,"ESSFwh 1 /Vs04","Sitka alder – Devil's club – Oak fern","Alnus viridis ssp. sinuata – Oplopanax horridus – Gymnocarpium dryopteris",11
-2118036352,"CWH ms 2 /11","CwSs – Skunk cabbage","Thuja plicata – Picea sitchensis – Lysichiton americanus",11
-2116723713,"ESSFwm 1 /Ro10","Huckleberry – Rock moss – Haircap moss","Vaccinium membranaceum – Racomitrium spp. – Polytrichum sp.",11
-2115914926,"ESSFdkw  /Ro10","Huckleberry – Rock moss – Haircap moss","Vaccinium membranaceum – Racomitrium spp. – Polytrichum sp.",11
-2115021283,"ICH mw 2 /Vh01.1","Cow-parsnip – Fireweed – Nettle","Heracleum maximum – Chamerion angustifolium – Urtica dioica",11
-2114153921,"SBS mc 2 /09","Sxw – Devil's club","Picea engelmannii x glauca – Oplopanax horridus",11
-2113540728,"CWH wh 1 /111a","CwSs – Foamflower; Colluvial/morainal phase","Thuja plicata – Picea sitchensis – Tiarella trifoliata",11
-2113259864,"IDF dk 3 /Wf05","Slender sedge – Common hook moss","Carex lasiocarpa – Drepanocladus aduncus",11
-2112111024,"ICH wk 2 /07","CwHw – Devil's club – Lady fern","Thuja plicata – Tsuga heterophylla – Oplopanax horridus",11
-2111686915,"ICH dw 4 /Wm15","Bluejoint – Water sedge","Calamagrostis canadensis – Carex aquatilis",11
-2111501728,"ESSFdk 1 /Wf11","Tufted clubrush – Star-moss","Trichophorum cespitosum – Campylium stellatum",11
-2110557748,"ESSFwk 1 /Wf01","Water sedge – Beaked sedge","Carex aquatilis – Carex utriculata",11
-2108558483,"ESSFwh 1 /Rt07.1","Aspen – Juniper – Rocktripe","Populus tremuloides – Juniperus communis –  Umbilicaria sp.",11
-2107491210,"ESSFxv 2 /10","Se – Willow – Glow moss","Picea engelmannii – Salix spp. – Aulacomnium palustre",11
-2103702221,"IDF dk 2 /06","Sxw – Horsetail","Picea engelmannii x glauca – Equisetum arvense",11
-2102264031,"ESSFdcw  /Vh11","Fireweed – Yarrow – Strawberry","Chamerion angustifolium – Achillea millefolium – Fragaria virginiana",11
-2101676897,"ICH mk 4 /Vs10","Willow – Cow-parsnip – Fireweed","Salix sp. – Heracleum maximum – Chamerion angustifolium",11
-2101265309,"MS  dw   /Ro01.1","Selaginella – Bluebunch wheatgrass – Sidewalk moss","Selaginella densa – Pseudoroegneria spicata – Tortula ruralis",11
-2098744512,"SBS wk 3 /02","Pl – Huckleberry – Cladina","Pinus contorta – Vaccinium membranaceum – Cladina spp.",11
-2098725576,"SBS mc 2 /Wf02","Scrub birch – Water sedge","Betula nana – Carex aquatilis",11
-2098443402,"MS  dv   /08","Sxw – Soopolallie – Scouring-rush","Picea engelmannii x glauca – Shepherdia canadensis – Equisetum hyemale",11
-2095581906,"ICH wk 3 /11","Sb – Buckbean – Peat moss","Picea mariana – Menyanthes trifoliata – Sphagnum spp.",11
-2094664371,"MH  mm 1 /Wf51","Sitka sedge – Peat moss","Carex sitchensis – Sphagnum spp.",11
-2090786613,"ICH dw 4 /Fm02","Cottonwood – Spruce – Dogwood","Populus balsamifera – Picea sp. – Alnus incana – Cornus sericea",11
-2089553380,"CWH dm   /14","Cw – Black twinberry","Thuja plicata – Lonicera involucrata",11
-2086795331,"ESSFxc   /Wf09","Few-flowered spike-rush – Hook moss","Eleocharis quinqueflora – Drepanocladus spp.",11
-2086692919,"CWH ds 1 /03","FdHw – Falsebox","Pseudotsuga menziesii – Tsuga heterophylla – Paxistima myrsinites",11
-2085204415,"CWH vh 3 /105","HwSs – Lanky moss  ","Tsuga heterophylla – Picea sitchensis – Rhytidiadelphus loreus",11
-2084170824,"BWBSdk   /Ws15","SwSb – Labrador tea – Glow moss","Picea glauca – Picea mariana – Rhododendron groenlandicum – Aulacomnium palustre",11
-2083466738,"ICH dh   /103","Pl(Lw) – Pinegrass – Grouseberry","Pinus contorta – Larix occidentalis – Calamagrostis rubescens – Vaccinium scoparium",11
-2082918204,"SBS mc 2 /Wf09","Few-flowered spike-rush – Hook moss","Eleocharis quinqueflora – Drepanocladus spp.",11
-2082427812,"ESSFmv 3 /04","Bl – Oak fern – Knight's plume","Abies lasiocarpa – Gymnocarpium dryopteris – Ptilium crista-castrensis",11
-2081504025,"ICH dh   /Rt01","Rocktripe – Green map","Umbilicaria sp. – Rhizocarpon geographicum",11
-2081262586,"CWH vh 3 /110b","CwSs – Foamflower; Alluvial fan phase","Thuja plicata – Picea sitchensis – Tiarella trifoliata",11
-2079893573,"SBS wk 1 /11","SbSxw – Scrub birch – Sedge","Picea mariana – Picea engelmannii x glauca – Betula nana – Carex spp.",11
-2073384228,"ICH mc 2 /56","Drummond's willow – Bluejoint","Salix drummondiana – Calamagrostis canadensis",11
-2071757111,"IDF xh 4 /52","Snowberry – Bluebunch wheatgrass","Symphoricarpos albus – Pseudoroegneria spicata",11
-2070400423,"ESSFwm 2 /Wf01","Water sedge – Beaked sedge","Carex aquatilis – Carex utriculata",11
-2069912684,"ESSFdc 1 /102","BlPl – Huckleberry","Abies lasiocarpa – Pinus contorta – Vaccinium membranaceum",11
-2069614786,"CWH vh 2 /17","Ss – Sword fern","Picea sitchensis – Polystichum munitum",11
-2069115720,"MS  dw   /112","Sxw – Trapper's tea – Peat moss","Picea engelmannii x glauca – Rhododendron neoglandulosum – Sphagnum spp.",11
-2067052173,"ICH dw 4 /Ws02","Mountain alder – Pink spirea – Sitka sedge","Alnus incana – Spiraea douglasii ssp. menziesii – Carex sitchensis",11
-2063405909,"CWH wh 1 /Wb53","Shore pine – Yellow-cedar – Tufted clubrush","Pinus contorta var. contorta – Chamaecyparis nootkatensis – Trichophorum cespitosum",11
-2062977195,"PP  xh 2 /Wm12","Woolly sedge","Carex pellita",11
-2061906780,"ESSFdc 3 /Wf02","Scrub birch – Water sedge","Betula nana – Carex aquatilis",11
-2060678973,"ESSFxc   /04","Pinegrass – Meadowrue","Calamagrostis rubescens – Thalictrum occidentale",11
-2060638356,"ICH mw 3 /04","CwFd – Soopolallie – Twinflower","Thuja plicata – Pseudotsuga menziesii – Shepherdia canadensis",11
-2055365413,"CWH ms 2 /10","Pl – Sphagnum","Pinus contorta – Sphagnum spp.",11
-2054433384,"CWH wm   /08","Hw – Sphagnum","Tsuga heterophylla – Sphagnum spp.",11
-2051954031,"IDF xm   /02b","Fd – Bluebunch wheatgrass – Penstemon; Shallow","Pseudotsuga menziesii – Pseudoroegneria spicata – Penstemon procerus",11
-2051336289,"SBS dk   /07b","Sxw – Horsetail; Poorly drained","Picea engelmannii x glauca – Equisetum arvense",11
-2050979098,"IDF dk 2 /Wf06","Slender sedge – Buckbean","Carex lasiocarpa – Menyanthes trifoliata",11
-2048815605,"ESSFmk   /02","BlPa – Cladonia","Abies lasiocarpa – Pinus albicaulis – Cladonia spp.",11
-2048032649,"ICH dh   /110","CwHw – Oak fern","Thuja plicata – Tsuga heterophylla – Gymnocarpium dryopteris",11
-2047610763,"ICH mc 1 /01b","Hw – Step moss; Submesic","Tsuga heterophylla – Hylocomium splendens",11
-2045884521,"IDF xm   /Gg21b","Spreading needlegrass – Rocky Mountain fescue; Forest Edge phase","Achnatherum richardsonii – Festuca saximontana",11
-2044798736,"BWBSmw   /102$6B.1","$At – Soopolallie – Kinnikinnick","Populus tremuloides – Shepherdia canadensis – Arctostaphylos uva-ursi",11
-2044735476,"ESSFmw   /07","BlBa – Oak fern – Lady fern","Abies lasiocarpa – Abies amabilis – Gymnocarpium dryopteris",11
-2044455527,"ESSFxc   /Wf14","Tea-leaved willow – Water sedge – Glow moss","Salix planifolia – Carex aquatilis – Aulacomnium palustre",11
-2044152471,"ESSFwm 2 /Vh01.2","Cow-parsnip – Fireweed – Bluejoint","Heracleum maximum – Chamerion angustifolium – Calamagrostis canadensis",11
-2043522035,"MS  xk 3 /Wf12","Narrow-leaved cotton-grass – Marsh-marigold","Eriophorum angustifolium – Caltha leptosepala",11
-2042807392,"ICH dw 1 /104","FdCw – Douglas maple – Prince's pine","Pseudotsuga menziesii – Thuja plicata – Acer glabrum – Chimaphila umbellata",11
-2042686391,"SBS dk   /07a$Atha","$At – Hardhack","Populus tremuloides – Spiraea douglasii ssp. douglasii",11
-2040791993,"ICH mw 4 /Vs01.2","Sitka alder – Spiny wood fern","Alnus viridis ssp. sinuata – Dryopteris expansa",11
-2040004433,"ESSFwh 3 /Vs03","Sitka alder – Hellebore","Alnus viridis ssp. sinuata – Veratrum viride",11
-2037719137,"ESSFwh 1 /Vh02.1","Valerian – Hellebore – Fireweed","Valeriana sitchensis – Veratrum viride – Chamerion angustifolium",11
-2037241705,"CWH vh 1 /03","CwYc – Salal","Thuja plicata – Chamaecyparis nootkatensis – Gaultheria shallon",11
-2037078004,"MS  xk   /Wf12","Narrow-leaved cotton-grass – Marsh-marigold","Eriophorum angustifolium – Caltha leptosepala",11
-2036622263,"ESSFwh 1 /Vh01.2","Cow-parsnip – Fireweed – Bluejoint","Heracleum maximum – Chamerion angustifolium – Calamagrostis canadensis",11
-2036398402,"ESSFwc 3 /Wf02","Scrub birch – Water sedge","Betula nana – Carex aquatilis",11
-2033115068,"ESSFmh   /Rt01","Rocktripe – Green map","Umbilicaria sp. – Rhizocarpon geographicum",11
-2031831808,"ESSFdk 1 /Ro07","Juniper – Soopolallie – Shrubby cinquefoil","Juniperus communis – Shepherdia canadensis – Dasiphora fruticosa",11
-2027054725,"IDF dm 2 /Fm01","Cottonwood – Snowberry – Rose","Populus trichocarpa – Symphoricarpos albus – Rosa acicularis",11
-2026882014,"IDF dk 1 /Wf05","Slender sedge – Common hook moss","Carex lasiocarpa – Drepanocladus aduncus",11
-2026670594,"MS  mw 2 /Wf01","Water sedge – Beaked sedge","Carex aquatilis – Carex utriculata",11
-2025738067,"ICH mc 2 /Fl02","Mountain alder – Red-osier dogwood – Horsetail","Alnus incana – Cornus sericea – Athyrium filix-femina",11
-2024623443,"ESSFwm 1 /Vs10.2","Barclay's willow – Cow-parsnip – Fireweed","Salix barclayi – Heracleum maximum – Chamerion angustifolium",11
-2024368362,"ICH mc 2 /Wm01","Beaked sedge – Water sedge","Carex utriculata – Carex aquatilis",11
-2023947525,"SBPSdc   /Wm01","Beaked sedge – Water sedge","Carex utriculata – Carex aquatilis",11
-2023104439,"BWBSmk   /Fl05","Drummond's willow – Bluejoint","Salix drummondiana – Calamagrostis canadensis",11
-2022755381,"MS  xk 2 /Wf01","Water sedge – Beaked sedge","Carex aquatilis – Carex utriculata",11
-2022370901,"ESSFwh 3 /Vs10.2","Barclay's willow – Cow-parsnip – Fireweed","Salix barclayi – Heracleum maximum – Chamerion angustifolium",11
-2021631179,"ESSFwcp  /Wa01.1","Alpine sedge – Marsh-marigold – Glowmoss","Carex nigricans – Caltha leptosepala –  Aulacomnium palustre",11
-2021572754,"IDF dk 5 /Ws03","Bebb's willow – Bluejoint","Salix bebbiana – Calamagrostis canadensis",11
-2020991022,"ESSFwh 2 /Vh02.1","Valerian – Hellebore – Fireweed","Valeriana sitchensis – Veratrum viride – Chamerion angustifolium",11
-2020143217,"ICH mc 2 /01a$Atss","$At – Saskatoon – Snowberry","Populus tremuloides – Amelanchier alnifolia – Symphoricarpos albus",11
-2018811518,"ESSFxc 2 /Ws07","Sxw – Common horsetail – Leafy moss","Picea engelmannii x glauca – Equisetum arvense – Carex disperma – Rhizomnium sp.",11
-2018029360,"BG  xw 2 /115","At – Prairie rose – Western snowberry","Populus tremuloides – Rosa woodsii – Symphoricarpos occidentalis",11
-2017130686,"IDF dk 5 /Wm06","Great bulrush","Schoenoplectus acutus",11
-2016978022,"ESSFmc   /01b","Bl – Huckleberry – Leafy liverwort; Fine-textured","Abies lasiocarpa – Vaccinium membranaceum – Barbilophozia lycopodioides",11
-2014574870,"ESSFdk 1 /111b","Se – Horsetail – Bluejoint; Swamp phase","Picea engelmannii – Equisetum arvense – Calamagrostis canadensis",11
-2014233006,"SBPSmk   /02","Pl – Cladonia – Haircap moss","Pinus contorta – Cladonia spp. – Polytrichum sp.",11
-2012015232,"ESSFwcw  /Rt01","Rocktripe – Green map","Umbilicaria sp. – Rhizocarpon geographicum",11
-2011635805,"IDF xm   /08","Sxw – Snowberry – Prickly rose","Picea engelmannii x glauca – Symphoricarpos albus – Rosa acicularis",11
-2009942050,"ICH mw 5 /Wm06","Great bulrush","Schoenoplectus acutus",11
-2009833587,"BWBSdk   /112","AcbSw – Mountain alder – Dogwood","Populus balsamifera – Picea glauca – Alnus incana – Cornus sericea",11
-2007088811,"CWH wm   /Wf52","Sweet gale – Sitka sedge","Myrica gale – Carex sitchensis",11
-2006691627,"ESSFdc 3 /Wf04","Barclay's willow – Water sedge – Glow moss","Salix barclayi – Carex aquatilis – Aulacomnium palustre",11
-2002333586,"ESSFwh 1 /Vs02","Sitka alder – Solomon's-seal","Alnus viridis ssp. sinuata – Maianthemum racemosum",11
-2001404493,"SBS dw 2 /03","Pl – Kinnikinnick – Wavy-leaved moss","Pinus contorta – Arctostaphylos uva-ursi – Dicranum polysetum",11
-1997916125,"ESSFwm 4 /Ro11","Grouseberry – Clad lichen","Vaccinium scoparium – Cladonia spp.",11
-1992340820,"ESSFwm 3 /Ws13","Barclay’s willow – Common horsetail – Arrow-leaved groundsel","Salix barclayi – Equisetum arvense – Senecio triangularis",11
-1990197110,"ICH dk   /04","CwSxw – Falsebox – Feathermoss","Thuja plicata – Picea engelmannii x glauca – Paxistima myrsinites",11
-1990083304,"ICH wc   /04","HwBl – Devil's club","Tsuga heterophylla – Abies lasiocarpa – Oplopanax horridus",11
-1988420679,"CWH wm   /09","Ss – Skunk cabbage","Picea sitchensis – Lysichiton americanus",11
-1988375193,"IDF xh 4 /01","FdPy – Pinegrass","Pseudotsuga menziesii – Pinus ponderosa – Calamagrostis rubescens",11
-1988262076,"ICH vc   /Ws02","Mountain alder – Pink spirea – Sitka sedge","Alnus incana – Spiraea douglasii ssp. menziesii – Carex sitchensis",11
-1987803796,"CWH wh 1 /Bb01","American Searocket","Cakile edentula",11
-1987638881,"IDF xx 2 /Ro01.2","Selaginella – Sidewalk moss","Selaginella densa – Tortula ruralis",11
-1982598603,"SBS mm   /Wf02","Scrub birch – Water sedge","Betula nana – Carex aquatilis",11
-1982298664,"MS  dc 1 /Wm01","Beaked sedge – Water sedge","Carex utriculata – Carex aquatilis",11
-1981442878,"ESSFwmw  /Wa02","Alpine sedge – Bog-laurel – Peat moss","Carex nigricans –  Kalmia microphylla – Sphagnum spp.",11
-1980883500,"SBS mk 2 /Fl04","Sitka willow – Red-osier dogwood – Horsetail","Salix sitchensis – Cornus sericea – Equisetum arvense",11
-1980830305,"ICH dh   /Vh11","Fireweed – Yarrow – Strawberry","Chamerion angustifolium – Achillea millefolium – Fragaria virginiana",11
-1980104948,"BWBSwk 3 /101","SwBl – Huckleberry – Feathermoss","Picea glauca – Abies lasiocarpa – Vaccinium membranaceum – Pleurozium schreberi",11
-1979228644,"ESSFwh 3 /Wf04","Barclay's willow – Water sedge – Glow moss","Salix barclayi – Carex aquatilis – Aulacomnium palustre",11
-1979010925,"SBS mc 1 /04","Sxw – Huckleberry – Labrador tea","Picea engelmannii x glauca – Vaccinium membranaceum – Rhododendron groenlandicum",11
-1978048180,"MS  dw   /Rt08","Aspen – Douglas maple – Saskatoon","Populus tremuloides – Acer glabrum – Amelanchier alnifolia",11
-1977840149,"MH  wh 1 /03","SsHm – Reedgrass","Picea sitchensis – Tsuga mertensiana – Picea sitchensis – Gaultheria shallon – Calamagrostis nutkaensis",11
-1976424997,"BG  xw 2 /Rt04","Saskatoon – Bluebunch wheatgrass [Big sagebrush]","Amelanchier alnifolia – Pseudoroegneria spicata",11
-1975215188,"ICH wk 1 /Wm06","Great bulrush","Schoenoplectus acutus",11
-1973010573,"CWH dm   /01","Hw – Flat moss","Tsuga heterophylla – Buckiella undulata",11
-1970233344,"ESSFmw   /03","Fd – Falsebox – Pinegrass","Pseudotsuga menziesii – Paxistima myrsinites – Calamagrostis rubescens",11
-1969435703,"SBS mc 3 /09","SbSxw – Scrub birch – Sedge","Picea mariana – Picea engelmannii x glauca – Betula nana – Carex spp.",11
-1968876787,"SBS mc 2 /03","SbPl – Feathermoss","Picea mariana – Pinus contorta – Pleurozium schreberi",11
-1967728791,"ESSFmh   /102","FdPl – Juniper – Falsebox","Pseudotsuga menziesii – Pinus contorta – Juniperus communis – Paxistima myrsinites",11
-1967109998,"ICH xw   /Wm02","Swamp horsetail – Beaked sedge","Equisetum fluviatile – Carex utriculata",11
-1966484966,"ESSFdk 1 /Rt07.2","Juniper – Rocktripe","Juniperus communis –  Umbilicaria sp.",11
-1965633072,"ESSFdkw  /Rt01","Rocktripe – Green map","Umbilicaria sp. – Rhizocarpon geographicum",11
-1963194874,"ICH mk 4 /Wm15","Bluejoint – Water sedge","Calamagrostis canadensis – Carex aquatilis",11
-1963155998,"BWBSdk   /Wf01","Water sedge – Beaked sedge","Carex aquatilis – Carex utriculata",11
-1962478983,"ICH mk 2 /03","Fd – Falsebox – Pinegrass","Pseudotsuga menziesii – Paxistima myrsinites – Calamagrostis rubescens",11
-1961621369,"CWH wh 1 /105b","CwSs – Sword fern; Limestone phase","Thuja plicata – Picea sitchensis – Polystichum munitum",11
-1958966075,"ICH dw 1 /101","CwFd – Prince's pine – Twinflower","Thuja plicata – Pseudotsuga menziesii – Chimaphila umbellata – Linnaea borealis",11
-1956710778,"SBS mk 1 /08","Sxw – Devil's club","Picea engelmannii x glauca – Oplopanax horridus",11
-1956099548,"ESSFdk 2 /Vs10.2","Barclay's willow – Cow-parsnip – Fireweed","Salix barclayi – Heracleum maximum – Chamerion angustifolium",11
-1956079796,"SBS wk 3 /06","Sxw – Twinberry – Coltsfoot","Picea engelmannii x glauca – Lonicera involucrata – Petasites frigidus",11
-1953092200,"IDF xk   /Ff01a","Water birch – Red-osier dogwood – Rose","Betula occidentalis – Cornus sericea – Rosa acicularis",11
-1952999084,"ICH mm   /06","CwSxw – Devil's club – Horsetail","Thuja plicata – Picea engelmannii x glauca – Oplopanax horridus",11
-1951307481,"ICH mw 5 /Fm02","Cottonwood – Spruce – Dogwood","Populus balsamifera – Picea sp. – Alnus incana – Cornus sericea",11
-1950892047,"ICH dw 4 /Ro05","Juniper – Kinnikinnick – Penstemon","Juniperus communis – Arctostaphylos uva-ursi – Penstemon fruticosa",11
-1950283446,"ESSFdk 1 /Vs10.2","Barclay's willow – Cow-parsnip – Fireweed","Salix barclayi – Heracleum maximum – Chamerion angustifolium",11
-1949617848,"ESSFwm 1 /Gg14","Idaho fescue – Sulphur buckwheat – Sandwort","Festuca idahoensis – Eriogonum umbellatum – Eremigone capillaris",11
-1946254459,"ICH mw 2 /Ws01","Mountain alder – Skunk cabbage – Lady fern","Alnus incana – Lysichiton americanus – Athyrium filix-femina",11
-1945663814,"ICH mw 1 /Wf05","Slender sedge – Common hook moss","Carex lasiocarpa – Drepanocladus aduncus",11
-1945341774,"BWBSdk   /103$6B.1","$At – Kinnikinnick – Fuzzy-spiked wildrye","Populus tremuloides – Arctostaphylos uva-ursi – Leymus innovatus",11
-1943766431,"ESSFmh   /112b","SeBl – Horsetail – Canby's lovage; Swamp phase","Picea engelmannii – Abies lasiocarpa – Equisetum arvense – Ligusticum canbyi ",11
-1942779502,"ESSFwc 3 /01","Bl – Rhododendron – Oak fern","Abies lasiocarpa – Rhododendron albiflorum – Gymnocarpium dryopteris",11
-1942225597,"ESSFwm 3 /Vs10","Willow – Cow-parsnip – Fireweed","Salix sp. – Heracleum maximum – Chamerion angustifolium",11
-1940702228,"SBS wk 1 /16","Sb – Buckbean – Peat moss","Picea mariana – Menyanthes trifoliata – Sphagnum spp.",11
-1940378220,"BWBSdk   /Wb09","Sb – Horsetail – Peat moss","Picea mariana – Equisetum arvense – Sphagnum spp.",11
-1938605310,"ICH dw 1 /Wm06","Great bulrush","Schoenoplectus acutus",11
-1936902061,"MS  dk   /Vs10.2","Barclay's willow – Cow-parsnip – Fireweed","Salix barclayi – Heracleum maximum – Chamerion angustifolium",11
-1936900272,"MS  mw 1 /Ws07","Sxw – Common horsetail – Leafy moss","Picea engelmannii x glauca – Equisetum arvense – Carex disperma – Rhizomnium sp.",11
-1936414533,"ESSFwh 1 /101","BlHw – Rhododendron – Foamflower","Abies lasiocarpa – Tsuga heterophylla – Rhododendron albiflorum – Tiarella trifoliata",11
-1935390060,"ICH mk 4 /111","CwSxw – Devil's club","Thuja plicata – Picea engelmannii x glauca –  Oplopanax horridus",11
-1933103230,"BG  xw 2 /Ro04","Big sagebrush – Selaginella – Bluebunch wheatgrass","Artemisia tridentata ssp. tridentata – Selaginella densa – Pseudoroegneria spicata",11
-1931360401,"ICH mw 5 /111.1","CwHw – Devil's club – Lady fern","Thuja plicata – Tsuga heterophylla – Oplopanax horridus – Athyrium filix-femina",11
-1929977517,"IDF xk   /Ff01","Water birch – Red-osier dogwood – Rose","Betula occidentalis – Cornus sericea – Rosa acicularis",11
-1927674485,"ICH mw 4 /Vh10","Fireweed – Grouseberry","Chamerion angustifolium – Vaccinium scoparium",11
-1927190448,"ICH dw 1 /Ro09.1","Saskatoon – Rock moss – Clad lichen","Amelanchier alnifolia – Racomitrium spp. – Cladonia spp.",11
-1925835646,"ICH mk 1 /01$YS","$CwSxw – Aspen","Thuja plicata – Picea engelmannii x glauca – Populus tremuloides",11
-1925824123,"IDF ww   /05","CwFd – Vine maple","Thuja plicata – Pseudotsuga menziesii – Acer circinatum",11
-1925598621,"ESSFwm 3 /110","Bl – Rhododendron – Foamflower – Arnica","Abies lasiocarpa – Rhododendron albiflorum – Tiarella trifoliata – Arnica spp.",11
-1925403308,"ESSFmm 1 /06","Bl – Devil's club – Lady fern","Abies lasiocarpa – Oplopanax horridus – Athyrium filix-femina",11
-1923207806,"IDF xm   /Gg01","Bluebunch wheatgrass – Prairie sagewort – Junegrass","Pseudoroegneria spicata – Artemisia frigida – Koeleria macrantha",11
-1919039356,"ICH mw 5 /111.2","CwHw – Lady fern – Oak fern","Thuja plicata – Tsuga heterophylla – Athyrium filix-femina – Gymnocarpium dryopteris",11
-1917783737,"MS  dk   /Wm01","Beaked sedge – Water sedge","Carex utriculata – Carex aquatilis",11
-1916550134,"ESSFwm 1 /Fl05","Drummond's willow – Bluejoint","Salix drummondiana – Calamagrostis canadensis",11
-1914327306,"CWH wh 1 /111c","CwSs – Foamflower; Limestone phase","Thuja plicata – Picea sitchensis – Tiarella trifoliata",11
-1912702544,"ESSFdk 1 /Vh11","Fireweed – Yarrow – Strawberry","Chamerion angustifolium – Achillea millefolium – Fragaria virginiana",11
-1911479742,"ESSFdc 2 /01","Bl – Rhododendron – Grouseberry","Abies lasiocarpa – Rhododendron albiflorum – Vaccinium scoparium",11
-1910900915,"ICH wk 1 /02","Rhacomitrium – Cladonia","Racomitrium spp. – Cladonia spp.",11
-1908130072,"IDF xh 4 /06","Act – Snowberry – Rose","Populus trichocarpa – Symphoricarpos albus – Rosa acicularis",11
-1906157967,"ICH mw 5 /Wm05","Cattail","Typha latifolia",11
-1905435780,"ESSFdk 2 /Wf11","Tufted clubrush – Star-moss","Trichophorum cespitosum – Campylium stellatum",11
-1904799849,"CWH xm 1 /Wm09","Inflated sedge","Carex exsiccata",11
-1904231944,"MS  dm 1 /07","Sxw – Trapper's tea – Horsetail","Picea engelmannii x glauca – Rhododendron neoglandulosum – Equisetum arvense",11
-1902685197,"BWBSdk   /Ws05","MacCalla's willow – Beaked sedge","Salix maccalliana – Carex utriculata",11
-1901186676,"BG  xw 2 /Wm07","Baltic rush","Juncus balticus",11
-1900845263,"MS  dw   /Vs12","Huckleberry – Rhododendron – Fireweed","Vaccinium membranaceum – Rhododendron albiflorum – Chamerion angustifolium",11
-1900438669,"ESSFwh 3 /Vs01","Sitka alder – Lady fern","Alnus viridis ssp. sinuata – Athyrium filix-femina",11
-1899276894,"IDF dm 2 /Fl06","Sandbar willow – Scouring-rush","Salix interior – Equisetum hyemale",11
-1898794106,"PP  xh 2 /Wm06","Great bulrush","Schoenoplectus acutus",11
-1896202019,"SBS mk 1 /03","Pl – Feathermoss – Cladina","Pinus contorta – Pleurozium schreberi – Cladina spp.",11
-1893390655,"CWH ds 1 /11","Pl – Sphagnum","Pinus contorta – Sphagnum spp.",11
-1891250848,"MS  xv   /08","Sxw – Horsetail – Crowberry","Picea engelmannii x glauca – Equisetum arvense – Empetrum nigrum",11
-1890352639,"CWH vm 2 /09","CwYc – Goldthread","Thuja plicata – Chamaecyparis nootkatensis – Coptis aspleniifolia",11
-1888859991,"ESSFxc   /06","Bl – Rhododendron – Grouseberry","Abies lasiocarpa – Rhododendron albiflorum – Vaccinium scoparium",11
-1887561126,"CWH vh 3 /106b","CwSs – Sword fern; Lithic phase","Thuja plicata – Picea sitchensis – Polystichum munitum",11
-1886534505,"ESSFwm 2 /101","Bl – Rhododendron – Azalea – Foamflower","Abies lasiocarpa – Rhododendron albiflorum – Menziesia ferrunginea – Tiarella trifoliata",11
-1883680004,"CWH vh 3 /117b","CwSs – Skunk cabbage; Organic phase","Thuja plicata – Picea sitchensis – Lysichiton americanus",11
-1882627592,"ESSFdkw  /Gg14","Idaho fescue – Sulphur buckwheat – Sandwort","Festuca idahoensis – Eriogonum umbellatum – Eremigone capillaris",11
-1881581418,"ICH mw 2 /Gb03","Ninebark – Oceanspray – Bluebunch wheatgrass","Physocarpus malvaceus – Holodiscus discolor – Pseudoroegneria spicata",11
-1880743870,"SBS dk   /07b$Atlf","$At – Lady fern","Populus tremuloides – Athyrium filix-femina",11
-1879839230,"ICH mw 2 /Ro09.1","Saskatoon – Rock moss – Clad lichen","Amelanchier alnifolia – Racomitrium spp. – Cladonia spp.",11
-1878346377,"IDF dk 5 /Fm07","Aspen – Dogwood – Sarsaparilla","Populus tremuloides – Cornus sericea – Aralia nudicaulis",11
-1877412358,"ESSFmh   /Ro06.2","Juniper – Kinnikinnick – Stonecrop – Sandwort","Juniperus communis – Arctostaphylos uva-ursi – Sedum sp. – Eremogone capillaris",11
-1874237377,"ICH dw 4 /Wf01","Water sedge – Beaked sedge","Carex aquatilis – Carex utriculata",11
-1872140809,"ESSFwh 3 /Vh02.2","Valerian – Showy Sedge – Fireweed","Valeriana sitchensis – Carex spectabilis – Chamerion angustifolium",11
-1870785528,"ESSFwm 2 /Vh01.1","Cow-parsnip – Fireweed – Nettle","Heracleum maximum – Chamerion angustifolium – Urtica dioica",11
-1866236997,"IDF dk 5 /Fl05","Drummond's willow – Bluejoint","Salix drummondiana – Calamagrostis canadensis",11
-1866112949,"ESSFmc   /10","Bl – Horsetail – Leafy moss","Abies lasiocarpa – Equisetum arvense – Rhizomnium spp.",11
-1865909730,"CWH mm 1 /04","CwHw – Sword fern","Thuja plicata – Tsuga heterophylla – Polystichum munitum",11
-1863862489,"IDF xm   /04","Fd – Bluebunch wheatgrass – Pasture sage","Pseudotsuga menziesii – Pseudoroegneria spicata – Artemisia frigida",11
-1862684860,"BWBSmk   /102","Pl – Kinnikinnick – Lingonberry","Pinus contorta – Arctostaphylos uva-ursi – Vaccinium vitis-idaea",11
-1861917241,"ESSFdcp  /Ro08","Whitebark pine – Juniper – Kinnikinnick","Pinus albicaulis – Juniperus communis – Arctostaphylos uva-ursi",11
-1860532342,"ESSFmk   /07","Bl – Lady fern – Horsetail","Abies lasiocarpa – Athyrium filix-femina – Equisetum arvense",11
-1859787854,"CWH vh 1 /14","Ss – Salal","Picea sitchensis – Gaultheria shallon",11
-1858747046,"IDF xx 2 /Wm06","Great bulrush","Schoenoplectus acutus",11
-1857918453,"ICH mk 4 /Ws07.2","Spruce – Common horsetail – Soft-leaved sedge – Leafy moss","Picea engelmannii x glauca – Equisetum arvense – Carex disperma – Rhizomnium sp.",11
-1856787512,"ESSFwh 2 /110","BlSe – Azalea – Oak fern","Abies lasiocarpa – Picea engelmannii – Menziesia ferrunginea – Gymnocarpium dryopteris",11
-1852812650,"ESSFwm 4 /Rt02","Rock moss – Clad lichen","Racomitrium spp. – Cladonia spp.",11
-1851485898,"ESSFdcw  /Ro06.2","Juniper – Kinnikinnick – Stonecrop – Sandwort","Juniperus communis – Arctostaphylos uva-ursi – Sedum sp. – Eremogone capillaris",11
-1850771006,"SBS mh   /05","SxwFd – Feathermoss","Picea engelmannii x glauca – Pseudotsuga menziesii – Pleurozium schreberi",11
-1850387309,"ICH wk 4 /02","HwCw – Cladonia","Tsuga heterophylla – Thuja plicata – Cladonia spp.",11
-1850046482,"ICH mc 2 /01$Atss","$At – Saskatoon – Snowberry","Populus tremuloides – Amelanchier alnifolia – Symphoricarpos albus",11
-1847123371,"CWH ds 2 /11","Pl – Sphagnum","Pinus contorta – Sphagnum spp.",11
-1845573658,"ICH mw 5 /111","CwHw – Devil's club – Lady fern","Thuja plicata – Tsuga heterophylla – Oplopanax horridus – Athyrium filix-femina",11
-1844198336,"BWBSmk   /Wb12","Scheuchzeria – Peat moss","Scheuchzeria palustris – Sphagnum spp.",11
-1842226129,"SBS wk 1 /Wf07","Scrub birch – Buckbean – Shore sedge","Betula nana – Menyanthes trifoliata – Carex limosa",11
-1841555046,"SBS vk   /09","Pl – Huckleberry – Cladina","Pinus contorta – Vaccinium membranaceum – Cladina spp.",11
-1841155477,"IDF xm   /02","Fd – Bluebunch wheatgrass – Penstemon","Pseudotsuga menziesii – Pseudoroegneria spicata – Penstemon procerus",11
-1840756515,"ESSFwk 1 /Wf11","Tufted clubrush – Star moss","Trichophorum cespitosum – Campylium stellatum",11
-1839376302,"IDF xm   /01b","Fd – Pinegrass – Feathermoss; Cold","Pseudotsuga menziesii – Calamagrostis rubescens – Pleurozium schreberi",11
-1836788635,"MS  dk   /Rt08","Aspen – Douglas maple – Saskatoon","Populus tremuloides – Acer glabrum – Amelanchier alnifolia",11
-1836645729,"IDF dk 5 /Wm02","Swamp horsetail – Beaked sedge","Equisetum fluviatile – Carex utriculata",11
-1836477753,"SWB mk   /04","Sw – Arctic lupine – Step moss","Picea glauca – Lupinus arcticus – Hylocomium splendens",11
-1836273357,"ESSFwm 1 /Vh02","Valerian – Hellebore – Fireweed","Valeriana sitchensis – Veratrum viride – Chamerion angustifolium",11
-1836102435,"CWH ds 2 /03","FdHw – Falsebox","Pseudotsuga menziesii – Tsuga heterophylla – Paxistima myrsinites",11
-1835880569,"ESSFdk 1 /Vs03","Sitka alder – Hellebore","Alnus viridis ssp. sinuata – Veratrum viride",11
-1834071355,"ICH wk 1 /08","CwSxw – Skunk cabbage","Thuja plicata – Picea engelmannii x glauca – Lysichiton americanus",11
-1833792639,"BG  xw 2 /Wm04","Common spike-rush","Eleocharis palustris",11
-1829953557,"ICH wk 2 /06","Sxw – Twinberry – Oak fern","Picea engelmannii x glauca – Lonicera involucrata – Gymnocarpium dryopteris",11
-1829769662,"ICH dh   /Vs01.2","Sitka alder – Spiny wood fern","Alnus viridis ssp. sinuata – Dryopteris expansa",11
-1829108270,"ICH dw 1 /Ro05","Juniper – Kinnikinnick – Penstemon","Juniperus communis – Arctostaphylos uva-ursi – Penstemon fruticosa",11
-1828937359,"SBS vk   /Wf07","Scrub birch – Buckbean – Shore sedge","Betula nana – Menyanthes trifoliata – Carex limosa",11
-1828168205,"ICH dh   /Fl02","Mountain alder – Red-osier dogwood – Lady fern","Alnus incana – Cornus sericea – Athyrium filix-femina",11
-1827829991,"SBS dw 2 /05","SxwFd – Cat's-tail moss","Picea engelmannii x glauca – Pseudotsuga menziesii – Rhytidiadelphus triquetrus",11
-1827780970,"CWH vm 2 /02","HwPl – Cladina","Tsuga heterophylla – Pinus contorta – Cladina spp.",11
-1827699727,"ESSFdk 1 /Vh12","Idaho fescue – Sulphur buckwheat – Fireweed","Festuca idahoensis – Eriogonum umbellatum – Chamerion angustifolium",11
-1826009752,"ESSFwm 3 /111","Bl – Arrow-leaved groundsel – Canby's lovage","Abies lasiocarpa – Senecio triangularis – Ligusticum canbyi",11
-1824452673,"ESSFmh   /104","BlPl – Falsebox – Grouseberry","Abies lasiocarpa – Pinus contorta – Paxistima myrsinites – Vaccinium scoparium",11
-1824101480,"ESSFwc 4 /Rt01","Rocktripe – Green map","Umbilicaria sp. – Rhizocarpon geographicum",11
-1824057217,"ESSFwh 2 /112a","SeBl – Horsetail – Canby's lovage; Riparian phase","Picea engelmannii – Abies lasiocarpa – Equisetum arvense – Ligusticum canbyi",11
-1823920735,"SBPSdc   /Wm03","Awned sedge","Carex atherodes",11
-1823162608,"MS  dk   /Ro01.1","Selaginella – Bluebunch wheatgrass – Sidewalk moss","Selaginella densa – Pseudoroegneria spicata – Tortula ruralis",11
-1822521371,"ICH mk 4 /Vs10.2","Barclay's willow – Cow-parsnip – Fireweed","Salix barclayi – Heracleum maximum – Chamerion angustifolium",11
-1820306034,"SBS mc 2 /12","SbSxw – Scrub birch – Sedge","Picea mariana – Picea engelmannii x glauca – Betula nana – Carex spp.",11
-1816812483,"IDF dm 2 /Ga02","Nuttall's alkaligrass – Foxtail barley","Puccinellia nuttalliana – Hordeum jubatum",11
-1815439910,"ICH mw 4 /Ro09.2","Saskatoon – Poverty oatgrass – Rock moss – Clad lichen","Amelanchier alnifolia – Danthonia spicata – Racomitrium spp. – Cladonia spp.",11
-1815202334,"ICH vc   /03","Sx – Devil's club","Picea sp. x Picea sp. – Oplopanax horridus",11
-1814253287,"ESSFdcw  /Wf13","Narrow-leaved cotton-grass – Shore sedge","Eriophorum angustifolium – Carex limosa",11
-1810659352,"ESSFwh 3 /Wm01","Beaked sedge – Water sedge","Carex utriculata – Carex aquatilis",11
-1806079753,"IDF xh 1 /04","FdPy – Snowbrush – Pinegrass","Pseudotsuga menziesii – Pinus ponderosa – Ceanothus velutinus – Calamagrostis rubescens",11
-1805433333,"MS  dw   /Vs10.2","Barclay's willow – Cow-parsnip – Fireweed","Salix barclayi – Heracleum maximum – Chamerion angustifolium",11
-1805260937,"ICH mk 4 /Fm02","Cottonwood – Spruce – Dogwood","Populus balsamifera – Picea sp. – Alnus incana – Cornus sericea",11
-1804262360,"CWH vm 2 /01a","HwBa – Blueberry; Mineral","Tsuga heterophylla – Abies amabilis – Vaccinium alaskense",11
-1803545426,"ESSFdkw  /Wm16","Bluejoint – Arrow-leaved groundsel","Calamagrostis canadensis – Senecio triangularis",11
-1803244981,"IDF dk 4 /Wm06","Great bulrush","Schoenoplectus acutus",11
-1801441400,"ICH mw 2 /Wm04","Common spike-rush","Eleocharis palustris",11
-1801439179,"ICH mc 2 /11","Sb – Buckbean – Peat moss","Picea mariana – Menyanthes trifoliata – Sphagnum spp.",11
-1800392422,"ICH mw 2 /Vh01.2","Cow-parsnip – Fireweed – Bluejoint","Heracleum maximum – Chamerion angustifolium – Calamagrostis canadensis",11
-1799667840,"CWH xm 1 /Wf53","Slender sedge – White beak-rush","Carex lasiocarpa – Rhynchospora alba",11
-1798062571,"SBS vk   /Fl04","Sitka willow – Red-osier dogwood – Horsetail","Salix sitchensis – Cornus sericea – Equisetum arvense",11
-1797914792,"ICH mk 2 /02","Fd – Juniper – Pinegrass","Pseudotsuga menziesii – Juniperus communis – Calamagrostis rubescens",11
-1797176444,"IDF dk 3 /01","FdPl – Pinegrass – Feathermoss","Pseudotsuga menziesii – Pinus contorta – Calamagrostis rubescens – Pleurozium schreberi",11
-1796530008,"ICH mc 2 /Wf05","Slender sedge – Common hook moss","Carex lasiocarpa – Drepanocladus aduncus",11
-1794936723,"ICH mk 4 /Vh11","Fireweed – Yarrow – Strawberry","Chamerion angustifolium – Achillea millefolium – Fragaria virginiana",11
-1793780464,"SBS mc 2 /Ws04","Drummond's willow – Beaked sedge","Salix drummondiana – Carex utriculata",11
-1793646113,"BG  xw 2 /Gg24","Short-awned pocupinegrass – Junegrass – Clad lichen","Hesperostipa curtiseta – Koeleria macrantha – Cladonia spp.",11
-1789531797,"MS  dm 1 /Wf05","Slender sedge – Common hook moss","Carex lasiocarpa – Drepanocladus aduncus",11
-1788356418,"IDF xh 2 /Wm06","Great bulrush","Schoenoplectus acutus",11
-1783414164,"ICH xw   /Ro09.1","Saskatoon – Rock moss – Clad lichen","Amelanchier alnifolia – Racomitrium spp. – Cladonia spp.",11
-1782863852,"ICH mw 2 /Wm15","Bluejoint – Water sedge","Calamagrostis canadensis – Carex aquatilis",11
-1781855998,"BWBSwk 2 /104","Sb – Huckleberry – Lingonberry","Picea mariana – Vaccinium membranaceum – Vaccinium vitis-idaea",11
-1780672345,"SBS dw 3 /03","Pl – Feathermoss – Cladina","Pinus contorta – Pleurozium schreberi – Cladina spp.",11
-1780402462,"ESSFmh   /111","BlSe – Lady fern – Oak fern","Abies lasiocarpa – Picea engelmannii – Athyrium filix-femina – Gymnocarpium dryopteris",11
-1778985553,"ICH mw 3 /10","Sb – Buckbean – Peat moss","Picea mariana – Menyanthes trifoliata – Sphagnum spp.",11
-1777871582,"SBPSdc   /Wf08","Shore sedge – Buckbean – Hook moss","Carex limosa – Menyanthes trifoliata – Drepanocladus spp.",11
-1777573243,"ICH xw   /Fm01","Cottonwood – Snowberry – Rose","Populus trichocarpa – Symphoricarpos albus – Rosa acicularis",11
-1775253687,"IDF dk 5 /Wf05","Slender sedge – Common hook moss","Carex lasiocarpa – Drepanocladus aduncus",11
-1773430888,"ICH mw 4 /Rt01","Rocktripe – Green map","Umbilicaria sp. – Rhizocarpon geographicum",11
-1770456626,"MS  dw   /Wm15","Bluejoint – Water sedge","Calamagrostis canadensis – Carex aquatilis",11
-1768743323,"CWH ds 1 /07","Cw – Devil's club","Thuja plicata – Oplopanax horridus",11
-1768553068,"ICH vc   /02.1","Hw – Step moss; Hw Variation","Tsuga heterophylla – Hylocomium splendens – Tsuga heterophylla",11
-1768189482,"ESSFwm 3 /112a","SeBl – Horsetail – Canby's lovage; Riparian phase","Picea engelmannii – Abies lasiocarpa – Equisetum arvense – Ligusticum canbyi",11
-1767023747,"ESSFdc 1 /Ro06.1","Juniper – Stonecrop – Sandwort","Juniperus communis – Sedum spp. – Eremogone capillaris",11
-1765811306,"ICH wk 3 /03","CwSxw – Prince's pine – Cat's-tail moss","Thuja plicata – Picea engelmannii x glauca – Chimaphila umbellata – Rhytidiadelphus triquetrus",11
-1765636562,"ESSFmw   /05","BlBa – Azalea – Pipecleaner moss","Abies lasiocarpa – Abies amabilis – Menziesia ferrunginea",11
-1762518166,"SBPSmk   /08","SbSxw – Scrub birch – Sedge","Picea mariana – Picea engelmannii x glauca – Betula nana – Carex spp.",11
-1760121540,"ESSFwcw  /Wf01","Water sedge – Beaked sedge","Carex aquatilis – Carex utriculata",11
-1759379891,"CWH vh 3 /Bb01","American Searocket","Cakile edentula",11
-1759248701,"BG  xh 3 /Wm05","Cattail","Typha latifolia",11
-1756961617,"CWH dm   /05","Cw – Sword fern","Thuja plicata – Polystichum munitum",11
-1754685055,"IDF xm   /Gg21","Spreading needlegrass – Rocky Mountain fescue","Achnatherum richardsonii – Festuca saximontana",11
-1754370178,"ESSFwcw  /103","Bl – Rhododendron – Wood-rush","Abies lasiocarpa – Rhododendron albiflorum – Luzula parviflora",11
-1753787844,"ESSFmc   /Wf09","Few-flowered spike-rush – Hook moss","Eleocharis quinqueflora – Drepanocladus spp.",11
-1752311704,"ICH dh   /Rt08","Aspen – Douglas maple – Saskatoon","Populus tremuloides – Acer glabrum – Amelanchier alnifolia",11
-1751892084,"IDF xm   /Gg21b$2.1","$Kentucky bluegrass – Baltic rush","Achnatherum richardsonii – Festuca saximontana",11
-1751486308,"ESSFwh 1 /Rt07","Aspen – Juniper – Rocktripe","Populus tremuloides – Juniperus communis –  Umbilicaria sp.",11
-1751211938,"ESSFwm 4 /Wf03","Water sedge – Peat moss","Carex aquatilis – Sphagnum spp.",11
-1746814812,"ICH dh   /Wm06","Great bulrush","Schoenoplectus acutus",11
-1745649658,"ESSFwm 3 /Vh01","Cow-parsnip – Fireweed – Nettle","Heracleum maximum – Chamerion angustifolium – Urtica dioica",11
-1745114151,"ESSFwc 2 /09","Pl – Dwarf blueberry – Sphagnum","Pinus contorta – Vaccinium caespitosum – Sphagnum spp.",11
-1743725549,"SBS vk   /10","Sxw – Skunk cabbage","Picea engelmannii x glauca – Lysichiton americanus",11
-1742375406,"ESSFwm 2 /Wf13","Narrow-leaved cotton-grass – Shore sedge","Eriophorum angustifolium – Carex limosa",11
-1739692335,"IDF xh 2 /08","Sxw – Horsetail","Picea engelmannii x glauca – Equisetum arvense",11
-1737644916,"IDF dk 4 /05","Fd – Bluebunch wheatgrass – Pinegrass","Pseudotsuga menziesii – Pseudoroegneria spicata – Calamagrostis rubescens",11
-1735538673,"MH  mm 1 /01","HmBa – Blueberry","Tsuga mertensiana – Abies amabilis – Vaccinium alaskense",11
-1735203506,"IDF xk   /Wm05","Cattail","Typha latifolia",11
-1734558731,"MS  dw   /Fl04","Sitka willow – Red-osier dogwood – Horsetail","Salix sitchensis – Cornus sericea – Equisetum arvense",11
-1733613550,"MS  dw   /Fl05","Drummond's willow – Bluejoint","Salix drummondiana – Calamagrostis canadensis",11
-1732375959,"BWBSdk   /Gg51","Slender wheatgrass – Pasture sage","Elymus trachycaulus – Artemisia frigida",11
-1728495109,"ESSFwm 1 /Rt07","Aspen – Juniper – Rocktripe","Populus tremuloides – Juniperus communis –  Umbilicaria sp.",11
-1727371860,"ICH dw 1 /113","CwSxw – Skunk cabbage","Thuja plicata – Picea engelmannii x glauca – Lysichiton americanus",11
-1726788855,"CWH vm 2 /01b","HwBa – Blueberry; Lithic","Tsuga heterophylla – Abies amabilis – Vaccinium alaskense",11
-1725957997,"ESSFwh 3 /102","BlFd – Bear-grass – Rock moss","Abies lasiocarpa – Pseudotsuga menziesii – Xerophyllum tenax – Racomitrium spp.",11
-1723611572,"IDF xx 2 /Wm04","Common spike-rush","Eleocharis palustris",11
-1723363473,"BG  xw 2 /110","Fd – Rocky Mountain juniper – Bluebunch wheatgrass","Pseudotsuga menziesii – Juniperus scopulorum – Pseudoroegneria spicata",11
-1722755846,"ICH vc   /52","$Mountain alder – Lady fern","Alnus incana – Athyrium filix-femina",11
-1719729964,"ESSFxc   /09","Bluejoint – Sedge","Calamagrostis canadensis – Carex spp.",11
-1719504179,"SBS mk 2 /02","Pl – Feathermoss – Cladina","Pinus contorta – Pleurozium schreberi – Cladina spp.",11
-1717885229,"BWBSmk   /Wf18","Lt – Buckbean – Shore sedge","Larix laricina – Menyanthes trifoliata – Carex limosa",11
-1712831706,"MS  xv   /Wm01","Beaked sedge – Water sedge","Carex utriculata – Carex aquatilis",11
-1712617497,"MS  dw   /Gg12","Rough fescue – Yarrow – Old man's whiskers","Festuca campestris – Achillea millefolium – Geum triflorum",11
-1710778853,"CWH wm   /01","HwSs – Blueberry","Tsuga heterophylla – Picea sitchensis – Vaccinium alaskense",11
-1709637356,"ESSFdk 1 /Wf01","Water sedge – Beaked sedge","Carex aquatilis – Carex utriculata",11
-1707463456,"IDF xx 2 /112","Sxw – Dogwood – Horsetail","Picea engelmannii x glauca – Cornus sericea – Equisetum arvense",11
-1706870018,"ESSFdk 1 /104","BlPl – Azalea – Grouseberry","Abies lasiocarpa – Pinus contorta – Menziesia ferruginea – Vaccinium scoparium",11
-1706214156,"BWBSmk   /Wb03","Sb – Lingonberry – Peat moss","Picea mariana – Vaccinium vitis-idaea – Sphagnum spp.",11
-1705182703,"ESSFdk 1 /103","BlPl – Grouseberry","Abies lasiocarpa – Pinus contorta – Vaccinium scoparium",11
-1703124221,"ESSFwm 4 /Wm01","Beaked sedge – Water sedge","Carex utriculata – Carex aquatilis",11
-1702535031,"ESSFwcw  /Gg16","Rough fescue – Sulfur buckwheat – Sandwort","Festuca campestris – Eriogonum umbellatum –– Eremigone capillaris",11
-1701243876,"ICH mc 1 /07","Pl – Bog rosemary – Peat moss","Pinus contorta – Andromeda polifolia – Sphagnum spp.",11
-1699952766,"ICH mw 5 /Vh01","Cow-parsnip – Fireweed – Nettle","Heracleum maximum – Chamerion angustifolium – Urtica dioica",11
-1697866306,"CWH dm   /12","CwSs – Skunk cabbage","Thuja plicata – Picea sitchensis – Lysichiton americanus",11
-1695506029,"ESSFmw   /Wf03","Water sedge – Peat moss","Carex aquatilis – Sphagnum spp.",11
-1694276908,"SBPSdc   /Wf05","Slender sedge – Common hook moss","Carex lasiocarpa – Drepanocladus aduncus",11
-1692557112,"ESSFmm 1 /02","Bl – Huckleberry – Feathermoss","Abies lasiocarpa – Vaccinium membranaceum – Pleurozium schreberi",11
-1691975621,"ICH xw   /Gb05","Sumac – Bluebunch wheatgrass","Rhus glabra – Pseudoroegneria spicata",11
-1691127005,"ESSFdk 1 /Ag01","Timber oatgrass – Grouseberry – Sandwort","Danthonia intermedia – Vaccinium scoparium – Eremogone capillaris",11
-1690678030,"ESSFdk 2 /Vs12","Huckleberry – Rhododendron – Fireweed","Vaccinium membranaceum – Rhododendron albiflorum – Chamerion angustifolium",11
-1689861664,"IDF dk 5 /Fl06","Sandbar willow – Scouring-rush","Salix interior – Equisetum hyemale",11
-1687320621,"ICH mk 4 /Wm04","Common spike-rush","Eleocharis palustris",11
-1684322792,"ESSFmh   /Wm01","Beaked sedge – Water sedge","Carex utriculata – Carex aquatilis",11
-1683761031,"CWH vh 1 /09","Ss – Trisetum","Picea sitchensis – Trisetum cernuum",11
-1681753395,"ESSFwm 1 /Fl01","Mountain alder – Common horsetail","Alnus incana – Equisetum arvense",11
-1680898980,"MS  mw 2 /Wm02","Swamp horsetail – Beaked sedge","Equisetum fluviatile – Carex utriculata",11
-1678705982,"ICH mw 4 /Fm01","Cottonwood – Snowberry – Rose","Populus trichocarpa – Symphoricarpos albus – Rosa acicularis",11
-1678682261,"SBS mw   /02","FdBl – Huckleberry","Pseudotsuga menziesii – Abies lasiocarpa – Vaccinium membranaceum",11
-1678583649,"ESSFmh   /Vs10","Willow – Cow-parsnip – Fireweed","Salix sp. – Heracleum maximum – Chamerion angustifolium",11
-1678158038,"IDF dk 5 /Rt08","Aspen – Douglas maple – Saskatoon","Populus tremuloides – Acer glabrum – Amelanchier alnifolia",11
-1676332428,"ICH xw  a/113","CwSxw – Skunk cabbage","Thuja plicata – Picea engelmannii x glauca – Lysichiton americanus",11
-1675439719,"IDF xk /Ga01.2","Alkali saltgrass – Spartina","Distichlis spicata var. stricta – Spartina gracilis",11
-1673622662,"ICH mw 3 /05","CwFd – Falsebox","Thuja plicata – Pseudotsuga menziesii – Paxistima myrsinites",11
-1673602691,"ESSFwh 1 /110.2","Se – Lady fern – Oak fern","Picea engelmannii – Athyrium filix-femina – Gymnocarpium dryopteris",11
-1673453454,"CWH vh 3 /113","Dr – Trisetum","Alnus rubra –  Trisetum cernuum",11
-1672266273,"ESSFwcw  /Ro06","Juniper – Stonecrop – Sandwort","Juniperus communis – Sedum sp. – Eremogone capillaris",11
-1670706824,"IDF dm 2 /Gb04","Choke cherry – Snowberry – Bluebunch wheatgrass","Prunus virginiana – Symphoricarpos albus – Pseudoroegneria spicata",11
-1670554709,"MS  dk   /Ro01","Selaginella – Bluebunch wheatgrass – Sidewalk moss","Selaginella densa – Pseudoroegneria spicata – Tortula ruralis",11
-1669536123,"ESSFwh 3 /Rt07.2","Juniper – Rocktripe","Juniperus communis –  Umbilicaria sp.",11
-1667727472,"SBS dk   /06","Sxw – Twinberry – Coltsfoot","Picea engelmannii x glauca – Lonicera involucrata – Petasites frigidus",11
-1666042899,"ESSFwc 3 /Wf08","Shore sedge – Buckbean – Hook moss","Carex limosa – Menyanthes trifoliata – Drepanocladus spp.",11
-1666021126,"ESSFwh 1 /111","SeBl – Horsetail – Canby's lovage","Picea engelmannii – Abies lasiocarpa – Equisetum arvense – Ligusticum canbyi",11
-1663460241,"MS  dm 1 /09","Willow – Sedge","Salix spp. – Carex spp.",11
-1662085119,"MS  xk   /Wf02","Scrub birch – Water sedge","Betula nana – Carex aquatilis",11
-1661348982,"ICH mk 5 /112","SxwBl(Cw) – Horsetail","Picea engelmannii x glauca – Abies lasiocarpa – (Thuja plicata) – Equisetum arvense",11
-1655816224,"ESSFmh   /112a","SeBl – Horsetail – Arrow–leaved groundsel; Riparian phase","Picea engelmannii – Abies lasiocarpa – Equisetum arvense – Senecio triangularis",11
-1654776783,"ICH dk   /01","CwSxw – Falsebox – Wintergreen","Thuja plicata – Picea engelmannii x glauca – Paxistima myrsinites",11
-1654640378,"BWBSmk   /Wm15","Bluejoint – Water sedge","Calamagrostis canadensis – Carex aquatilis",11
-1654010799,"SBS dk   /06$Atcv","$At – Canada violet","Populus tremuloides – Viola canadensis",11
-1652837951,"ESSFwmw  /Wf04","Barclay's willow – Water sedge – Glow moss","Salix barclayi – Carex aquatilis – Aulacomnium palustre",11
-1652044047,"ICH mw 2 /Vs11","Thimbleberry – Cow parsnip – Fireweed","Rubus parviflorus – Heracleum maximum – Chamerion angustifolium",11
-1649253695,"ESSFwk 1 /07","Bl – Lady fern – Horsetail","Abies lasiocarpa – Athyrium filix-femina – Equisetum arvense",11
-1649004224,"ICH mk 4 /Vs14","Saskatoon – Snowberry – Strawberry","Amelanchier alnifolia – Symphoricarpos albus – Fragaria sp.",11
-1647263553,"IDF xx 2 /102","Py – Mock-orange – Bluebunch wheatgrass","Pinus ponderosa – Philadelphus lewisii – Pseudoroegneria spicata",11
-1645774817,"ICH mw 4 /Fl01","Mountain alder – Common horsetail","Alnus incana – Equisetum arvense",11
-1643260954,"SBPSmc   /07","SbSxw – Scrub birch – Sedge","Picea mariana – Picea engelmannii x glauca – Betula nana  – Carex spp.",11
-1642886219,"ESSFmv 2 /04","Bl – Oak fern – Knight's plume","Abies lasiocarpa – Gymnocarpium dryopteris – Ptilium crista-castrensis",11
-1642146410,"ICH dw 1 /Wm01","Beaked sedge – Water sedge","Carex utriculata – Carex aquatilis",11
-1640758875,"ESSFwm 4 /Rt07.2","Juniper – Rocktripe","Juniperus communis –  Umbilicaria sp.",11
-1639573266,"CWH wm   /02","HwSs – Step moss","Tsuga heterophylla – Picea sitchensis – Hylocomium splendens",11
-1638515365,"ESSFwh 2 /Wf04","Barclay's willow – Water sedge – Glow moss","Salix barclayi – Carex aquatilis – Aulacomnium palustre",11
-1635519270,"SBS mk 1 /04","SxwFd – Knight's plume","Picea engelmannii x glauca – Pseudotsuga menziesii – Ptilium crista-castrensis",11
-1635248031,"ESSFwm 2 /Vs01.2","Sitka alder – Spiny wood fern","Alnus viridis ssp. sinuata – Dryopteris expansa",11
-1633194174,"CWH vh 3 /103.1","Ss – Salal ; typic variation","Picea sitchensis – Gaultheria shallon",11
-1630972401,"SBS dk   /82","Bluegrass – Slender wheatgrass","Poa spp. – Elymus trachycaulus",11
-1630869168,"IDF dm 2 /Ro01.2","Selaginella – Sidewalk moss","Selaginella densa – Tortula ruralis",11
-1630161944,"ICH xw  a/104","Fd(Py) – Douglas maple – Pinegrass","Pseudotsuga menziesii – Pinus ponderosa – Acer glabrum – Calamagrostis rubescens",11
-1630159424,"SBS mh   /07","SxwEp – Devil's club","Picea engelmannii x glauca – Betula papyrifera – Oplopanax horridus",11
-1628261685,"ESSFwh 3 /112a","SeBl – Horsetail – Canby's lovage; Riparian phase","Picea engelmannii – Abies lasiocarpa – Equisetum arvense – Ligusticum canbyi",11
-1628109300,"ESSFwm 4 /Vh02.2","Valerian – Showy Sedge – Fireweed","Valeriana sitchensis – Carex spectabilis – Chamerion angustifolium",11
-1628084910,"IDF dk 3 /03","Fd – Juniper – Peltigera","Pseudotsuga menziesii – Juniperus communis – Peltigera spp.",11
-1627258228,"ESSFmc   /01","Bl – Huckleberry – Leafy liverwort","Abies lasiocarpa – Vaccinium membranaceum – Barbilophozia lycopodioides",11
-1624623369,"MS  xv   /Fl01","Mountain alder – Common horsetail","Alnus incana – Equisetum arvense",11
-1624280564,"IDF dm 2 /Wm07","Baltic rush","Juncus balticus",11
-1624098903,"ICH mc 2 /02","HwPl – Kinnikinnick – Cladonia","Tsuga heterophylla – Pinus contorta – Arctostaphylos uva-ursi",11
-1624060113,"ESSFdc 1 /Vh02","Valerian – Hellebore – Fireweed","Valeriana sitchensis – Veratrum viride – Chamerion angustifolium",11
-1623059898,"ESSFxv 1 /06","Bl – Rhododendron – Crowberry","Abies lasiocarpa – Rhododendron albiflorum – Empetrum nigrum",11
-1622985045,"ICH mw 3 /Wm09","Inflated sedge","Carex exsiccata",11
-1622413970,"ESSFmh   /Wf02","Scrub birch – Water sedge","Betula nana – Carex aquatilis",11
-1621486141,"CWH mm 1 /09","Act – Red-osier dogwood","Populus trichocarpa – Cornus sericea",11
-1619321329,"ESSFwh 1 /Wf03","Water sedge – Peat moss","Carex aquatilis – Sphagnum spp.",11
-1619076557,"ESSFwc 4 /Wf13","Narrow-leaved cotton-grass – Shore sedge","Eriophorum angustifolium – Carex limosa",11
-1617407250,"BG  xh 3 /111","Fd – Rocky Mountain juniper – Bluebunch wheatgrass","Pseudotsuga menziesii – Juniperus scopulorum – Pseudoroegneria spicata",11
-1613027103,"SBS mc 2 /11","Sxw – Horsetail – Glow moss","Picea engelmannii x glauca – Equisetum arvense – Aulacomnium palustre",11
-1611054671,"ICH xw  a/Wm05","Cattail","Typha latifolia",11
-1610574476,"CWH wh 2 /112a","SsYc – Hellebore – Snake liverwort; Hygric phase","Picea sitchensis – Chamaecyparis nootkatensis – Veratrum viride",11
-1610257950,"ESSFwcw  /Ws13","Barclay's willow – Common horsetail – Arrow-leaved groundsel","Salix barclayi – Equisetum arvense – Senecio triangularis",11
-1608814365,"MS  dk   /Rt02","Rock moss – Clad lichen","Racomitrium spp. – Cladonia spp.",11
-1608705670,"CWH wh 1 /Bb02$1","European beachgrass ","Leymus mollis",11
-1608480784,"SWB mk   /01","Sw – Grey-leaved willow – Scrub birch","Picea glauca – Salix glauca – Betula nana",11
-1608459821,"ESSFwm 3 /Rt07.1","Aspen – Juniper – Rocktripe","Populus tremuloides – Juniperus communis –  Umbilicaria sp.",11
-1607961651,"SBPSdc   /04","PlSb – Feathermoss","Pinus contorta – Picea mariana – Pleurozium schreberi",11
-1606165960,"ESSFwc 2 /08","Bl – Horsetail – Sphagnum","Abies lasiocarpa – Equisetum arvense – Sphagnum spp.",11
-1605722989,"BWBSwk 3 /110","Sw – Currant – Horsetail","Picea glauca – Ribes triste – Equisetum arvense",11
-1604626782,"ESSFwh 2 /Ro06","Juniper – Stonecrop – Sandwort","Juniperus communis – Sedum sp. – Eremogone capillaris",11
-1604550545,"ICH mc 2 /09","Hw – Cloudberry – Peat moss","Tsuga heterophylla – Rubus chamaemorus – Sphagnum spp.",11
-1603486914,"ESSFwm 3 /101","Bl – Rhododendron – Azalea – Foamflower","Abies lasiocarpa – Rhododendron albiflorum – Menziesia ferrunginea – Tiarella trifoliata",11
-1601500921,"SBS vk   /Ws01","Mountain alder – Skunk cabbage – Lady fern","Alnus incana – Lysichiton americanus – Athyrium filix-femina",11
-1600351004,"ICH mk 2 /06","Sxw – Horsetail","Picea engelmannii x glauca – Equisetum arvense",11
-1597348738,"MS  dm 1 /Wm01","Beaked sedge – Water sedge","Carex utriculata – Carex aquatilis",11
-1594344908,"ESSFwcw  /Ro06.1","Juniper – Stonecrop – Sandwort","Juniperus communis – Sedum sp. – Eremogone capillaris",11
-1591310852,"MH  mm 1 /Wf50","Narrow-leaved cotton-grass – Peat moss","Eriophorum angustifolium – Sphagnum spp.",11
-1591274723,"MS  dc 1 /Wf01","Water sedge – Beaked sedge","Carex aquatilis – Carex utriculata",11
-1591128528,"BWBSdk   /104a","Sb – Labrador tea – Step moss; Freely drained phase","Picea mariana – Rhododendron groenlandicum – Hylocomium splendens",11
-1590864815,"ESSFwh 1 /Rt01","Rocktripe – Green map","Umbilicaria sp. – Rhizocarpon geographicum",11
-1590332115,"ESSFdk 1 /111a","Se – Horsetail – Bluejoint; Riparian phase","Picea engelmannii – Equisetum arvense – Calamagrostis canadensis",11
-1589973400,"ICH vk 1 /Ws06","Sitka willow – Sitka sedge","Salix sitchensis – Carex sitchensis",11
-1588438006,"SBS mk 2 /03","Sxw – Huckleberry – Soopolallie","Picea engelmannii x glauca – Vaccinium membranaceum – Shepherdia canadensis",11
-1587096254,"ESSFmh   /Vs11","Thimbleberry – Cow parsnip – Fireweed","Rubus parviflorus – Heracleum maximum – Chamerion angustifolium",11
-1586408753,"IDF mw 1 /01","FdCw – Falsebox – Prince's pine","Pseudotsuga menziesii – Thuja plicata – Paxistima myrsinites – Chimaphila umbellata",11
-1585724485,"CWH vh 2 /04b","HwSs – Lanky moss; Lithic","Tsuga heterophylla – Picea sitchensis – Rhytidiadelphus loreus",11
-1585089140,"SBPSxc   /05","Sxw – Horsetail – Glow moss","Picea engelmannii x glauca – Equisetum arvense – Aulacomnium palustre",11
-1582533219,"ICH mw 5 /Vs01.2","Sitka alder – Spiny wood fern","Alnus viridis ssp. sinuata – Dryopteris expansa",11
-1582384012,"ICH mc 1a/02","HwBa – Oak fern","Tsuga heterophylla – Abies amabilis – Gymnocarpium dryopteris",11
-1582146163,"CWH xm 2 /Wb50","Labrador tea – Bog-laurel – Peat moss","Rhododendron groenlandicum – Kalmia microphylla – Sphagnum spp.",11
-1579801434,"SBS dk   /04$Atki","$At – Kinnikinnick","Populus tremuloides – Arctostaphylos uva-ursi",11
-1579327417,"ESSFwc 4 /Vh02.2","Valerian – Showy Sedge – Fireweed","Valeriana sitchensis – Carex spectabilis – Chamerion angustifolium",11
-1577951012,"IDF dk 3 /09","Sxw – Horsetail – Glow moss","Picea engelmannii x glauca – Equisetum arvense – Aulacomnium palustre",11
-1577817160,"ICH vc   /Wb13","Shore sedge – Buckbean – Peat moss","Carex limosa – Menyanthes trifoliata – Sphagnum spp.",11
-1574900671,"ESSFmh   /Wf01","Water sedge – Beaked sedge","Carex aquatilis – Carex utriculata",11
-1573168470,"ICH mw 4 /110","CwHw – Oak fern","Thuja plicata – Tsuga heterophylla – Gymnocarpium dryopteris",11
-1572558192,"SBS wk 1 /Ws01","Mountain alder – Skunk cabbage – Lady fern","Alnus incana – Lysichiton americanus – Athyrium filix-femina",11
-1572500398,"ESSFxc 1 /Wf04","Barclay's willow – Water sedge – Glow moss","Salix barclayi – Carex aquatilis – Aulacomnium palustre",11
-1571855786,"MS  dk   /Rt07","Aspen – Juniper – Rocktripe","Populus tremuloides – Juniperus communis –  Umbilicaria sp.",11
-1571441988,"SBS mc 2 /02b","Pl – Huckleberry – Cladonia; Sand","Pinus contorta – Vaccinium membranaceum – Cladonia spp.",11
-1567988071,"ESSFwm 1 /Vh02.2","Valerian – Showy Sedge – Fireweed","Valeriana sitchensis – Carex spectabilis – Chamerion angustifolium",11
-1567941032,"ESSFwcw  /Vh10","Fireweed – Grouseberry","Chamerion angustifolium – Vaccinium scoparium",11
-1567778478,"ESSFwm 1 /Vs01.1","Sitka alder – Lady fern","Alnus viridis ssp. sinuata – Athyrium filix-femina – Dryopteris expansa",11
-1566335655,"IDF xx 2 /Fm01","Cottonwood – Snowberry – Rose","Populus trichocarpa – Symphoricarpos albus – Rosa acicularis",11
-1564183949,"ESSFwmw  /Ro07","Juniper – Soopolallie – Shrubby cinquefoil","Juniperus communis – Shepherdia canadensis – Dasiphora fruticosa",11
-1563622925,"ESSFdc 1 /Ro08","Whitebark pine – Juniper – Kinnikinnick","Pinus albicaulis – Juniperus communis – Arctostaphylos uva-ursi",11
-1563288397,"ESSFwm 4 /102a","BlPl – Low bilberry – Bear-grass; Xeric phase","Abies lasiocarpa – Pinus contorta – Vaccinium myrtillus – Xerophyllum tenax",11
-1562598402,"ESSFwm 4 /Ro06.1","Juniper – Stonecrop – Sandwort","Juniperus communis – Sedum sp. – Eremogone capillaris",11
-1561010793,"ESSFwcw  /Vh01.1","Cow-parsnip – Fireweed – Nettle","Heracleum maximum – Chamerion angustifolium – Urtica dioica",11
-1560981712,"ESSFmc   /11","Pl – Few-flowered sedge – Peat moss","Pinus contorta – Carex pauciflora – Sphagnum spp.",11
-1560811641,"MS  dc 2 /08","Sxw – Horsetail – Leafy moss","Picea engelmannii x glauca – Equisetum arvense – Rhizomnium spp.",11
-1560714436,"ESSFxv 2 /04","BlPa – Juniper – Kinnikinnick","Abies lasiocarpa – Pinus albicaulis – Juniperus communis",11
-1557545918,"BWBSmk   /Wb06","Lt – Water sedge – Fen moss","Larix laricina – Carex aquatilis – Tomenthypnum nitens",11
-1556748680,"BWBSwk 1 /102","Pl – Lingonberry – Reindeer lichen","Pinus contorta – Vaccinium vitis-idaea – Cladina spp.",11
-1555440539,"ESSFdk 2 /Vh01","Cow-parsnip – Fireweed – Nettle","Heracleum maximum – Chamerion angustifolium – Urtica dioica",11
-1554025809,"ESSFdk 2 /110","BlSe – Azalea – Oak fern","Abies lasiocarpa – Picea engelmannii – Menziesia ferrunginea – Gymnocarpium dryopteris",11
-1553845728,"IDF xk   /Wm02","Swamp horsetail – Beaked sedge","Equisetum fluviatile – Carex utriculata",11
-1551114883,"BWBSdk   /Wm01","Beaked sedge – Water sedge","Carex utriculata – Carex aquatilis",11
-1550362483,"ICH mk 3 /Wb12","Scheuchzeria – Peat moss","Scheuchzeria palustris – Sphagnum spp.",11
-1550072313,"ICH mw 5 /Wm09","Inflated sedge","Carex exsiccata",11
-1546668965,"ESSFwm 4 /Vh01","Cow-parsnip – Fireweed – Nettle","Heracleum maximum – Chamerion angustifolium – Urtica dioica",11
-1542661439,"SBS mh   /08","Sxw – Ostrich fern","Picea engelmannii x glauca – Matteuccia struthiopteris",11
-1542618764,"ESSFwmw  /Vs12","Huckleberry – Rhododendron – Fireweed","Vaccinium membranaceum – Rhododendron albiflorum – Chamerion angustifolium",11
-1542397546,"MH  wh 1 /09","YcHm – Skunk cabbage","Chamaecyparis nootkatensis – Tsuga mertensiana - Lysichiton americanus",11
-1541580019,"ESSFwh 3 /Ro09.1","Saskatoon – Rock moss – Clad lichen","Amelanchier alnifolia – Racomitrium spp. – Cladonia spp.",11
-1540999531,"ESSFwh 3 /111","Se – Devil's club – Lady fern","Picea engelmannii – Oplopanax horridus- Athyrium filix-femina ",11
-1539605677,"BG  xh 3 /Ff03","Water birch – Rose – Giant wildrye","Betula occidentalis – Rosa acicularis – Leymus cinereus",11
-1539298808,"ICH mk 4 /102a","Fd – Snowberry – Oregon-grape; Xeric phase","Pseudotsuga menziesii – Symphoricarpos albus – Berberis aquifolium",11
-1538499704,"MS  xv   /02","Pl – Fescue – Stereocaulon","Pinus contorta – Festuca spp. – Stereocaulon spp.",11
-1538029840,"MH  mm 1 /06","HmYc – Deer-cabbage","Tsuga mertensiana – Chamaecyparis nootkatensis – Nephrophyllidium crista-galli",11
-1537932355,"IDF xk   /Wm12","Woolly sedge","Carex pellita",11
-1536527008,"ESSFvv   /05","Mountain-heather – Alpine sedge","Cassiope mertensiana – Carex nigricans",11
-1533779364,"ESSFwm 4 /Ro09.1","Saskatoon – Rock moss – Clad lichen","Amelanchier alnifolia – Racomitrium spp. – Cladonia spp.",11
-1532986416,"CWH ms 1 /06","BaCw – Devil's club","Abies amabilis – Thuja plicata – Oplopanax horridus",11
-1532616169,"MS  xk   /Wf08","Shore sedge – Buckbean – Hook moss","Carex limosa – Menyanthes trifoliata – Drepanocladus spp.",11
-1532331157,"IDF dk 3 /04","Fd – Bluebunch wheatgrass – Needlegrass","Pseudotsuga menziesii – Pseudoroegneria spicata – Achnatherum sp.",11
-1530532921,"SBS dk   /Wf11","Tufted clubrush – Star moss","Trichophorum cespitosum – Campylium stellatum",11
-1529995149,"ICH mw 3 /06","CwHw – Oak fern","Thuja plicata – Tsuga heterophylla – Gymnocarpium dryopteris",11
-1529846399,"ESSFxc 3 /Wm01","Beaked sedge – Water sedge","Carex utriculata – Carex aquatilis",11
-1528390001,"BG  xh 3 /Gg25","Sand dropseed – Needle-and-thread grass","Sporobolus cryptandrus – Hesperostipa comata",11
-1526604104,"CWH vh 2 /09","Ss – Trisetum","Picea sitchensis – Trisetum cernuum",11
-1523899750,"BG  xw 2 /Wm12","Woolly sedge","Carex pellita",11
-1523358956,"ICH xw   /Fl06","Sandbar willow – Scouring-rush","Salix interior – Equisetum hyemale",11
-1522741338,"ESSFwm 2 /Wf03","Water sedge – Peat moss","Carex aquatilis – Sphagnum spp.",11
-1521724674,"MH  wh 1 /05","YcHm – Twistedstalk","Chamaecyparis nootkatensis – Tsuga mertensiana - Streptopus sp.",11
-1519497397,"SBPSxc   /Wm09","Inflated sedge","Carex exsiccata",11
-1518817588,"PP  xh 2 /03","Py – Bluebunch wheatgrass","Pinus ponderosa – Pseudoroegneria spicata",11
-1518688464,"MS  dm 3w/Wm02","Swamp horsetail – Beaked sedge","Equisetum fluviatile – Carex utriculata",11
-1518445042,"IDF xx 2 /112b","Sxw – Dogwood – Horsetail; Subxeric phase","Picea engelmannii x glauca – Cornus sericea – Equisetum arvense",11
-1516870104,"ICH mw 2 /Fm02","Cottonwood – Spruce – Dogwood","Populus balsamifera – Picea sp. – Alnus incana – Cornus sericea",11
-1515848627,"ESSFmk   /06","Bl – Horsetail – Leafy moss","Abies lasiocarpa – Equisetum arvense – Rhizomnium spp.",11
-1515544876,"BG  xw 1 /04","Big sage – Bluebunch wheatgrass","Artemisia tridentata ssp. tridentata – Pseudoroegneria spicata",11
-1514876072,"ESSFmc   /03","Bl – Huckleberry – Crowberry","Abies lasiocarpa – Vaccinium membranaceum – Empetrum nigrum",11
-1513687200,"IDF xh 1 /01","FdPy – Pinegrass","Pseudotsuga menziesii – Pinus ponderosa – Calamagrostis rubescens",11
-1513174981,"CDF mm   /Wm06","Great bulrush","Schoenoplectus acutus",11
-1512979546,"CWH vh 2 /11","CwYc – Goldthread","Thuja plicata – Chamaecyparis nootkatensis – Coptis aspleniifolia",11
-1512852307,"ESSFdkw  /Vh01.2","Cow-parsnip – Fireweed – Bluejoint","Heracleum maximum – Chamerion angustifolium – Calamagrostis canadensis",11
-1512308492,"SBS dk   /07b$Atcv","$At – Canada violet","Populus tremuloides – Viola canadensis",11
-1511898506,"ICH vc   /01.2","HwBl – Devil's club; Bl Variation","Tsuga heterophylla – Abies lasiocarpa – Oplopanax horridus – Tsuga heterophylla",11
-1511260664,"ESSFmh   /101","BlSe – Rhododendron – Foamflower","Abies lasiocarpa – Picea engelmannii – Rhododendron albiflorum – Tiarella trifoliata",11
-1510743897,"ESSFwh 2 /Vs01.1","Sitka alder – Lady fern","Alnus viridis ssp. sinuata – Athyrium filix-femina – Dryopteris expansa",11
-1509993070,"ICH mw 3 /Wm02","Swamp horsetail – Beaked sedge","Equisetum fluviatile – Carex utriculata",11
-1508810475,"IDF xm   /Wm08","Sharp bulrush","Schoenoplectus pungens",11
-1508136114,"SBPSmc   /01","Pl – Feathermoss – Cladina","Pinus contorta – Pleurozium schreberi – Cladina spp.",11
-1506567907,"ESSFwh 2 /Ws13","Barclay’s willow – Common horsetail – Arrow-leaved groundsel","Salix barclayi – Equisetum arvense – Senecio triangularis",11
-1505868601,"MS  dw   /Vs14","Saskatoon – Snowberry – Strawberry","Amelanchier alnifolia – Symphoricarpos albus – Fragaria sp.",11
-1505242407,"SBS mc 2 /Wf05","Slender sedge – Common hook moss","Carex lasiocarpa – Drepanocladus aduncus",11
-1504678242,"ESSFdcp  /Ro06.2","Juniper – Kinnikinnick – Stonecrop – Sandwort","Juniperus communis – Arctostaphylos uva-ursi – Sedum sp. – Eremogone capillaris",11
-1504435712,"IDF dm 2 /Wm03","Awned sedge","Carex atherodes",11
-1502437020,"ESSFwh 3 /110","Bl – Rhododendron – Oak fern","Abies lasiocarpa – Rhododendron albiflorum – Gymnocarpium dryopteris",11
-1501086953,"MS  dc 1 /04","Sxw – Gooseberry","Picea engelmannii x glauca – Ribes lacustre",11
-1498794541,"IDF dm 1 /02","Bluebunch wheatgrass – Junegrass","Pseudoroegneria spicata – Koeleria macrantha",11
-1498685109,"IDF xm   /Wm10","Northern mannagrass","Glyceria borealis",11
-1496448535,"CDF mm   /Em05","Lyngbye's sedge","Carex lyngbyei",11
-1496406736,"ESSFwm 2 /Ro12","Mountain-heather – Alaska saxifrage – Rock moss","Cassiope mertensiana – Micranthes ferruginea – Racomitrium spp.",11
-1494663111,"ESSFwm 3 /Rt21","Subalpine larch – Pink mountain-heather – Heron's-bill","Larix lyallii – Phyllodoce empetriformis –  Dicranum spp.",11
-1493635111,"BG  xh 1 /01","Big sage – Bluebunch wheatgrass","Artemisia tridentata ssp. tridentata – Pseudoroegneria spicata",11
-1492784275,"SBS dk   /07$Atha","$At – Hardhack","Populus tremuloides – Spiraea douglasii ssp. douglasii",11
-1488236653,"ESSFwm 4 /Vs01.1","Sitka alder – Lady fern","Alnus viridis ssp. sinuata – Athyrium filix-femina – Dryopteris expansa",11
-1487918315,"BWBSdk   /103","SwPl – Soopolallie – Toad-flax","Picea glauca – Pinus contorta – Shepherdia canadensis – Geocaulon lividum",11
-1487047496,"ESSFmh   /Ro09.1","Saskatoon – Rock moss – Clad lichen","Amelanchier alnifolia – Racomitrium spp. – Cladonia spp.",11
-1484116286,"ESSFwc 4 /112","Se – Horsetail – Valerian","Picea engelmannii – Equisetum arvense –  Valeriana sitchensis",11
-1482432786,"ESSFwc 4 /112b","Se – Valerian – Horsetail; Swamp phase","Picea engelmannii – Valeriana sitchensis – Equisetum arvense",11
-1480481198,"ESSFwcp  /Wa01.2","Alpine sedge – Leatherleaf saxifrage – Glowmoss","Carex nigricans – Leptarrhena pyrolifolia –  Aulacomnium palustre",11
-1477391947,"ESSFwm 4 /111","Bl – Arrow-leaved groundsel – Canby's lovage","Abies lasiocarpa – Senecio triangularis – Ligusticum canbyi",11
-1475472992,"ICH wk 1 /Fl02","Mountain alder – Red-osier dogwood – Horsetail","Alnus incana – Cornus sericea – Athyrium filix-femina",11
-1475260112,"IDF dk 4 /Wm1","Woolly sedge","Carex pellita",11
-1474978590,"ESSFwm 2 /Vh11","Fireweed – Yarrow – Strawberry","Chamerion angustifolium – Achillea millefolium – Fragaria virginiana",11
-1473944261,"MS  xv   /07","Sxw – Crowberry – Glow moss","Picea engelmannii x glauca – Empetrum nigrum – Aulacomnium palustre",11
-1473465215,"ICH mk 1 /03","FdPl – Pinegrass – Twinflower","Pseudotsuga menziesii – Pinus contorta – Calamagrostis rubescens – Linnaea borealis",11
-1472108460,"ESSFwh 2 /112b","SeBl – Horsetail – Canby's lovage; Swamp phase","Picea engelmannii – Abies lasiocarpa – Equisetum arvense – Ligusticum canbyi",11
-1471472945,"CWH wh 1 /101b","HwSs – Lanky moss; Moister phase","Tsuga heterophylla – Picea sitchensis – Rhytidiadelphus loreus",11
-1470840338,"ESSFwk 1 /31","Scrub birch – Sedge – Sphagnum","Betula nana – Carex spp. – Sphagnum spp.",11
-1469928553,"ESSFxv 1 /02","BlPa – Juniper – Cladonia","Abies lasiocarpa – Pinus albicaulis – Juniperus communis",11
-1468775221,"ESSFdk 1 /Vh10","Fireweed – Grouseberry","Chamerion angustifolium – Vaccinium scoparium",11
-1468421801,"ESSFdc 2 /06","Bl – Gooseberry – Oak fern","Abies lasiocarpa – Ribes lacustre – Gymnocarpium dryopteris",11
-1467916054,"BWBSwk 1 /Wf02","Scrub birch – Water sedge","Betula nana – Carex aquatilis",11
-1465632099,"ESSFmc   /01a","Bl – Huckleberry – Leafy liverwort; Medium-textured","Abies lasiocarpa – Vaccinium membranaceum – Barbilophozia lycopodioides",11
-1465009099,"ESSFdkw  /Ro07","Juniper – Soopolallie – Shrubby cinquefoil","Juniperus communis – Shepherdia canadensis – Dasiphora fruticosa",11
-1464435792,"ICH wk 4 /Fl02","Mountain alder – Red-osier dogwood – Horsetail","Alnus incana – Cornus sericea – Athyrium filix-femina",11
-1460884110,"BWBSmw   /101$6B.1","$At – Rose – Creamy peavine","Populus tremuloides – Rosa acicularis – Lathyrus ochroleucus",11
-1458208836,"ESSFmw 2 /Wf13","Narrow-leaved cotton-grass – Shore sedge","Eriophorum angustifolium – Carex limosa",11
-1457631383,"MS  dv   /07","Sxw – Dwarf blueberry – Crowberry","Picea engelmannii x glauca – Vaccinium caespitosum – Empetrum nigrum",11
-1456693384,"MS  dw   /Ws07","Spruce – Common horsetail – Leafy moss","Picea engelmannii x glauca – Equisetum arvense – Carex disperma – Rhizomnium sp.",11
-1456241552,"ESSFdk 2 /Wf01","Water sedge – Beaked sedge","Carex aquatilis – Carex utriculata",11
-1455865926,"MH  wh   /111","HmSs – Reedgrass – Deer-cabbage ","Tsuga mertensiana – Picea sitchensis – Calamagrostis nutkaensis – Nephrophyllidium crista-galli",11
-1455203862,"ESSFmv 3 /06","Sxw – Huckleberry – High bush-cranberry","Picea engelmannii x glauca – Vaccinium membranaceum – Viburnum edule",11
-1454614003,"ESSFwm 4 /Wf11","Tufted clubrush – Star moss","Trichophorum cespitosum – Campylium stellatum",11
-1453618872,"SBS mk 2 /05","Sxw – Oak fern","Picea engelmannii x glauca – Gymnocarpium dryopteris",11
-1452844219,"ICH mw 4 /Wf05","Slender sedge – Common hook moss","Carex lasiocarpa – Drepanocladus aduncus",11
-1452795906,"CWH vm 1 /15","YcHm – Skunk cabbage","Chamaecyparis nootkatensis – Tsuga mertensiana – Lysichiton americanus",11
-1452467364,"BWBSwk 1 /Wb09","Sb – Common horsetail – Peat moss","Picea mariana – Equisetum arvense – Sphagnum spp.",11
-1451037095,"IDF dk 5 /Gg12","Rough fescue – Yarrow – Old man's whiskers","Festuca campestris – Achillea millefolium – Geum triflorum",11
-1447820408,"ESSFvc   /03","BlHm – Rhododendron – Pipecleaner moss","Abies lasiocarpa – Tsuga mertensiana – Rhododendron albiflorum",11
-1444652349,"ESSFwc 4 /Vs01.2","Sitka alder – Spiny wood fern","Alnus viridis ssp. sinuata – Dryopteris expansa",11
-1443406830,"ICH mk 4 /Rt07.2","Juniper – Rocktripe","Juniperus communis –  Umbilicaria sp.",11
-1438630885,"PP  xh 1 /Wm05","Cattail","Typha latifolia",11
-1438600465,"BWBSwk 1 /103$6B.1","$At – Rose – Fuzzy-spiked wildrye","Populus tremuloides – Rosa acicularis – Leymus innovatus",11
-1435189759,"ESSFwm 4 /Vh01.2","Cow-parsnip – Fireweed – Bluejoint","Heracleum maximum – Chamerion angustifolium – Calamagrostis canadensis",11
-1433393450,"SBS dk   /07a$Atlf","$At – Lady fern","Populus tremuloides – Athyrium filix-femina",11
-1432794109,"ESSFwh 3 /Ro10","Huckleberry – Rock moss – Haircap moss","Vaccinium membranaceum – Racomitrium spp. – Polytrichum sp.",11
-1432146003,"ICH mw 5 /Ro09","Saskatoon – Rock moss – Clad lichen","Amelanchier alnifolia – Racomitrium spp. – Cladonia spp.",11
-1431623229,"SBS mk 2 /04","Sb – Huckleberry – Spirea","Picea mariana – Vaccinium membranaceum – Spiraea betulifolia",11
-1431489795,"MS  dk   /Ff01","Water birch – Red-osier dogwood – Rose","Betula occidentalis – Cornus sericea – Rosa acicularis",11
-1431127365,"ESSFdc 1 /110","BlSe – Rhododendron – Hellebore","Abies lasiocarpa – Picea engelmannii – Rhododendron albiflorum – Veratrum viride",11
-1430484660,"ESSFmh   /Wf04","Barclay's willow – Water sedge – Glow moss","Salix barclayi – Carex aquatilis – Aulacomnium palustre",11
-1428213291,"CWH vh 3 /112","Ss – Trisetum ","Picea sitchensis – Trisetum cernuum",11
-1427726935,"CWH mm 1 /11","Pl – Sphagnum","Pinus contorta – Sphagnum spp.",11
-1426282838,"PP  xh 1 /01","Py – Bluebunch wheatgrass – Idaho fescue","Pinus ponderosa – Pseudoroegneria spicata – Festuca idahoensis",11
-1425144537,"SBPSmk   /05","SxwFd – Step moss","Picea engelmannii x glauca – Pseudotsuga menziesii – Hylocomium splendens",11
-1419656442,"ICH dh   /Wm04","Common spike-rush","Eleocharis palustris",11
-1417357538,"BG  xh 3 /Ro04","Big sagebrush – Selaginella – Bluebunch wheatgrass","Artemisia tridentata ssp. tridentata – Selaginella densa – Pseudoroegneria spicata",11
-1416364320,"BWBSdk   /Wf05","Slender sedge – Common hook moss","Carex lasiocarpa – Drepanocladus aduncus",11
-1414080170,"ICH mw 4 /114","SxwCw – Horsetail – Lady fern","Picea engelmannii x glauca – Thuja plicata – Equisetum arvense – Athyrium filix-femina ",11
-1413440202,"ICH dk   /08","Sxw – Devil's club – Lady fern","Picea engelmannii x glauca – Oplopanax horridus – Athyrium filix-femina",11
-1413380804,"SBS dh 1 /02","Pl – Velvet-leaved blueberry – Cladonia","Pinus contorta – Vaccinium myrtilloides – Cladonia spp.",11
-1411807951,"SWB mk   /02","Sw – Scrub birch – Cladina","Picea glauca – Betula nana – Cladina spp.",11
-1411339136,"IDF dk 4 /01","FdPl – Pinegrass – Feathermoss","Pseudotsuga menziesii – Pinus contorta – Calamagrostis rubescens – Pleurozium schreberi",11
-1411013134,"ESSFwv   /07","Bl – Valerian – Sickle moss","Abies lasiocarpa – Valeriana sitchensis – Sanionia uncinata",11
-1409439115,"SBS mc 2 /Wf10","Hudson Bay clubrush – Red hook moss","Trichophorum alpinum – Scorpidium revolvens",11
-1409190350,"ESSFwh 3 /112","SeBl – Horsetail – Canby's lovage","Picea engelmannii – Abies lasiocarpa – Equisetum arvense – Ligusticum canbyi",11
-1407929350,"SBS wk 1 /Fl02","Mountain alder – Red-osier dogwood – Horsetail","Alnus incana – Cornus sericea – Athyrium filix-femina",11
-1407399502,"ESSFmc   /09","Bl – Horsetail – Glow moss","Abies lasiocarpa – Equisetum arvense – Aulacomnium palustre",11
-1407251933,"ESSFmv 3 /07","Bl – Horsetail – Feathermoss","Abies lasiocarpa – Equisetum arvense – Pleurozium schreberi",11
-1406607814,"CWH ws 2 /06","BaCw – Devil's club","Abies amabilis – Thuja plicata – Oplopanax horridus",11
-1403257200,"IDF dk 5 /Rt03","Raspberry – Feathermoss – Clad lichen","Rubus idaeus – Pleurozium schreberi – Cladonia spp.",11
-1402767252,"MS  dk   /112b","Sxw – Labrador tea – Peat moss; Bog phase","Picea engelmannii x glauca – Rhododendron groenlandicum – Sphagnum spp.",11
-1398790500,"ICH dh   /Rt02","Rock moss – Clad lichen","Racomitrium spp. – Cladonia spp.",11
-1397504831,"ESSFdk 2 /Vh02.1","Valerian – Hellebore – Fireweed","Valeriana sitchensis – Veratrum viride – Chamerion angustifolium",11
-1396270850,"SBS dw 3 /02","FdPl – Cladonia","Pseudotsuga menziesii – Pinus contorta – Cladonia spp.",11
-1395974862,"CWH wh 1 /103.1","Ss – Salal ; typic variation","Picea sitchensis – Gaultheria shallon",11
-1395123424,"ESSFwm 1 /Rt07.1","Aspen – Juniper – Rocktripe","Populus tremuloides – Juniperus communis –  Umbilicaria sp.",11
-1394543989,"ESSFdk 2 /Wb15","Spruce – Labrador tea – Peat moss","Picea engelmannii x glauca – Rhododendron groenlandicum – Sphagnum spp.",11
-1394391538,"ESSFdc 1 /112a","Se – Horsetail – Globeflower; Riparian phase","Picea engelmannii – Equisetum arvense – Trollius albiflorus",11
-1394125758,"ICH vk 2 /06","CwSxw – Skunk cabbage","Thuja plicata – Picea engelmannii x glauca – Lysichiton americanus",11
-1392557218,"ICH dw 4 /Ro09","Saskatoon – Rock moss – Clad lichen","Amelanchier alnifolia – Racomitrium spp. – Cladonia spp.",11
-1392195478,"MS  dm 2 /01","Sxw – Falsebox – Feathermoss","Picea engelmannii x glauca – Paxistima myrsinites",11
-1388778047,"IDF xk   /110","Fd – Feathermoss – Step moss","Pseudotsuga menziesii – Pleurozium schreberi – Hylocomium splendens",11
-1388022476,"ESSFwm 1 /Wf04","Barclay's willow – Water sedge – Glow moss","Salix barclayi – Carex aquatilis – Aulacomnium palustre",11
-1387342068,"ICH wk 4 /01","CwHw – Oak fern","Thuja plicata – Tsuga heterophylla – Gymnocarpium dryopteris",11
-1386729682,"ICH dw 1 /Ws02","Mountain alder – Pink spirea – Sitka sedge","Alnus incana – Spiraea douglasii ssp. menziesii – Carex sitchensis",11
-1385008015,"IDF xw   /01","Fd – Juniper – Bluebunch wheatgrass","Pseudotsuga menziesii – Juniperus communis – Pseudoroegneria spicata",11
-1380701453,"CWH vh 2 /08","Ss – Lily-of-the-valley","Picea sitchensis – Maianthemum dilatatum",11
-1379819986,"MS  xk   /Wf04","Barclay's willow – Water sedge – Glow moss","Salix barclayi – Carex aquatilis – Aulacomnium palustre",11
-1378712065,"MS  dk   /Ws03","Bebb's willow – Bluejoint","Salix bebbiana – Calamagrostis canadensis",11
-1377230155,"SBS dw 2 /09","Sxw – Devil's club – Knight's plume","Picea engelmannii x glauca – Oplopanax horridus – Ptilium crista-castrensis",11
-1377160721,"IDF dm 2 /Gg10","Rough fescue – Bluebunch wheatgrass","Festuca campestris – Pseudoroegneria spicata",11
-1376756182,"ICH dh   /Rt06","Mock-orange – Choke cherry – Saskatoon","Philadelphus lewisii – Prunus virginiana –  Amelanchier alnifolia ",11
-1375202118,"CWH vm 1 /06","HwBa – Deer fern","Tsuga heterophylla – Abies amabilis – Blechnum spicant",11
-1371928071,"ICH mw 2 /Vs01","Sitka alder – Lady fern","Alnus viridis ssp. sinuata – Athyrium filix-femina",11
-1371736920,"ESSFdkw  /Vh02.2","Valerian – Showy Sedge – Fireweed","Valeriana sitchensis – Carex spectabilis – Chamerion angustifolium",11
-1370815467,"ICH mk 3 /01","CwSxw – Falsebox – Knight's plume","Thuja plicata – Picea engelmannii x glauca – Paxistima myrsinites – Ptilium crista-castrensis",11
-1369844929,"ESSFvc   /06","Sedge – Sphagnum","Carex spp. – Sphagnum spp.",11
-1369784903,"BG  xh 3 /Gg03","Bluebunch wheatgrass – Selaginella","Pseudoroegneria spicata – Selaginella densa",11
-1369408263,"ESSFwh 3 /104","Bl – Rhododendron – Bear-grass – Pipecleaner moss","Abies lasiocarpa – Rhododendron albiflorum – Xerophyllum tenax – Rhytidiopsis robusta",11
-1368458699,"ESSFwm 1 /Vs01","Sitka alder – Lady fern","Alnus viridis ssp. sinuata – Athyrium filix-femina",11
-1368453685,"CWH wh 1 /103.2","Ss – Salal; reedgrass variation","Picea sitchensis – Gaultheria shallon – Calamagrostis nutkaensis",11
-1365754231,"ESSFxc 2 /Wf11","Tufted clubrush – Star moss","Trichophorum cespitosum – Campylium stellatum",11
-1365006794,"IDF dm 2 /Ff01b","Water birch – Red-osier dogwood – Rose","Betula occidentalis – Cornus sericea – Rosa acicularis",11
-1364011237,"ICH xw  a/Gb03","Ninebark – Oceanspray – Bluebunch wheatgrass","Physocarpus malvaceus – Holodiscus discolor – Pseudoroegneria spicata",11
-1363590786,"IDF xm   /03","Fd – Juniper – Cladonia","Pseudotsuga menziesii – Juniperus communis – Cladonia spp.",11
-1362432910,"ESSFwm 3 /Vh02.1","Valerian – Hellebore – Fireweed","Valeriana sitchensis – Veratrum viride – Chamerion angustifolium",11
-1359392115,"SBS wk 1 /01","Sxw – Oak fern","Picea engelmannii x glauca – Gymnocarpium dryopteris",11
-1358664915,"SBS dw 3 /05","PlSb – Feathermoss","Pinus contorta – Picea mariana – Pleurozium schreberi",11
-1358549358,"MS  dk   /Gg14","Idaho fescue – Sulphur buckwheat – Sandwort","Festuca idahoensis – Eriogonum umbellatum – Eremigone capillaris",11
-1357401356,"ESSFdc 1 /Ws08.2","Engelmann spruce – Subalpine fir – Horsetail – Canby's Lovage","Picea engelmannii x glauca – Abies lasiocarpa – Equisetum arvense – Ligusticum canbyii ",11
-1353624250,"ICH mk 2 /04","CwSxw – Douglas maple – Fairybells","Thuja plicata – Picea engelmannii x glauca – Acer glabrum – Prosartes hookeri",11
-1353549287,"IDF dm 2 /Gg01","Bluebunch wheatgrass – Prairie sagewort – Junegrass","Pseudoroegneria spicata – Artemisia frigida – Koeleria macrantha",11
-1350249965,"ICH mk 2 /01","CwSxw – Falsebox – Knight's plume","Thuja plicata – Picea engelmannii x glauca – Paxistima myrsinites – Ptilium crista-castrensis",11
-1349279421,"CWH vh 3 /Ed01","Tufted hairgrass – Meadow barley","Deschampsia cespitosa – Hordeum brachyantherum",11
-1348919414,"MS  dw   /Wf01","Water sedge – Beaked sedge","Carex aquatilis – Carex utriculata",11
-1348426986,"MS  dm 2 /04","Pl – Grouseberry – Pinegrass","Pinus contorta – Vaccinium scoparium – Calamagrostis rubescens",11
-1343392168,"SBPSxc   /Wf02","Scrub birch – Water sedge","Betula nana – Carex aquatilis",11
-1340909524,"ESSFxc   /Wf08","Shore sedge – Buckbean – Hook moss","Carex limosa – Menyanthes trifoliata – Drepanocladus spp.",11
-1340323514,"ESSFmc   /05","Bl – Huckleberry – Thimbleberry","Abies lasiocarpa – Vaccinium membranaceum – Rubus parviflorus",11
-1340131797,"ESSFwh 1 /Ro09.2","Saskatoon – Poverty oatgrass – Rock moss – Clad lichen","Amelanchier alnifolia – Danthonia spicata – Racomitrium spp. – Cladonia spp.",11
-1339881657,"ESSFwm 1 /111","Bl – Arrow-leaved groundsel – Canby's lovage","Abies lasiocarpa – Senecio triangularis – Ligusticum canbyi",11
-1339702563,"MS  dk   /Vs10","Willow – Cow-parsnip – Fireweed","Salix sp. – Heracleum maximum – Chamerion angustifolium",11
-1339320392,"SBS dk   /03$Epdh","$Ep – Douglas maple","Betula papyrifera – Acer glabrum",11
-1335645213,"ICH mw 4 /111","Sxw(Hw) – Huckleberry – Oak fern","Picea engelmannii x glauca – Tsuga heterophylla – Vaccinium membranaceum – Gymnocarpium dryopteris",11
-1332645359,"MH  wh 1 /04","HmYc – Goldthread","Tsuga mertensiana – Chamaecyparis nootkatensis – Coptis asplenifolia",11
-1330948221,"ESSFwm 2 /Vh01","Cow-parsnip – Fireweed – Nettle","Heracleum maximum – Chamerion angustifolium – Urtica dioica",11
-1329940026,"ICH wk 4 /05","HwCw – Step moss","Tsuga heterophylla – Thuja plicata – Hylocomium splendens",11
-1327494082,"BWBSmk   /104a","Sb – Labrador tea – Step moss; Freely drained phase","Picea mariana – Rhododendron groenlandicum – Hylocomium splendens",11
-1325596929,"IDF xk   /Rt01","Rocktripe – Green map","Umbilicaria sp. – Rhizocarpon geographicum",11
-1322166698,"ICH mc 1a/01a","HwBa – Bramble; Mesic","Tsuga heterophylla – Abies amabilis – Rubus pedatus",11
-1321600955,"MS  dk   /Ws06","Sitka willow – Sitka sedge","Salix sitchensis – Carex sitchensis",11
-1321545084,"ESSFxc   /Ws05","Maccalla's willow – Beaked sedge","Salix maccalliana – Carex utriculata",11
-1320787642,"MS  dm 3 /Wm01","Beaked sedge – Water sedge","Carex utriculata – Carex aquatilis",11
-1318848708,"CWH xm 2 /15","Cw – Slough sedge","Thuja plicata – Carex obnupta",11
-1318420511,"ESSFwmw  /110","Bl – Valerian – Hellebore – Globeflower","Abies lasiocarpa – Valeriana sitchensis – Veratrum viride – Trollius albiflorus",11
-1317449087,"IDF dk 4 /02","Fd – Juniper – Peltigera","Pseudotsuga menziesii – Juniperus communis – Peltigera spp.",11
-1316935040,"ESSFdkw  /Wf12","Narrow-leaved cotton-grass – Marsh-marigold","Eriophorum angustifolium – Caltha leptosepala",11
-1314996954,"IDF xh 2 /01","FdPy – Pinegrass – Feathermoss","Pseudotsuga menziesii – Pinus ponderosa – Calamagrostis rubescens – Pleurozium schreberi",11
-1312935085,"ICH mw 4 /Ro10","Huckleberry – Rock moss – Haircap moss","Vaccinium membranaceum – Racomitrium spp. – Polytrichum sp.",11
-1312624647,"CWH wh 1 /101","HwSs – Lanky moss ","Tsuga heterophylla – Picea sitchensis – Rhytidiadelphus loreus",11
-1311979811,"ICH mc 2 /01.1","Hw – Step moss; Hw (Cw) Variation","Tsuga heterophylla – Hylocomium splendens – Tsuga heterophylla – Thuja plicata",11
-1311501167,"BG  xw 2 /Ff01","Water birch – Red-osier dogwood – Rose","Betula occidentalis – Cornus sericea – Rosa acicularis",11
-1310736614,"CWH vm 2 /Wf51","Sitka sedge – Peat moss","Carex sitchensis – Sphagnum spp.",11
-1302625119,"ESSFwm 1 /Rt07.2","Juniper – Rocktripe","Juniperus communis –  Umbilicaria sp.",11
-1302178489,"ICH mc 2 /01b$Atpw.2","$At – Pink wintergreen","Populus tremuloides – Pyrola asarifolia",11
-1298965235,"ESSFdk 1 /Vs10.1","Sitka willow – Cow-parsnip – Fireweed","Salix sitchensis – Heracleum maximum – Chamerion angustifolium",11
-1298856527,"ESSFwm 1 /104","Bl – Rhododendron – Azalea","Abies lasiocarpa – Rhododendron albiflorum – Menziesia ferrunginea",11
-1297099261,"MS  dk   /101","SxwFd – Bunchberry – Feathermoss","Picea engelmannii x glauca – Pseudotsuga menziesii – Cornus canadensis – Pleurozium schreberi",11
-1295307181,"ESSFwk 2 /02","Bl – Oak fern – Sarsaparilla","Abies lasiocarpa – Gymnocarpium dryopteris – Aralia nudicaulis",11
-1294431087,"ICH mw 5 /Fl05","Drummond's willow – Bluejoint","Salix drummondiana – Calamagrostis canadensis",11
-1291296479,"BWBSmw   /Wb09","Sb – Common horsetail – Peat moss","Picea mariana – Equisetum arvense – Sphagnum spp.",11
-1288963595,"SBS wk 1 /Wf11","Tufted clubrush – Star moss","Trichophorum cespitosum – Campylium stellatum",11
-1288176442,"IDF dm 2 /Ws07.2","Spruce – Common horsetail – Soft-leaved sedge – Leafy moss","Picea engelmannii x glauca – Equisetum arvense – Carex disperma – Rhizomnium sp.",11
-1286139312,"ESSFwh 2 /Vh03","Ladyfern – Hellebore – Valerian","Athyrium filix-femina – Veratrum viride – Valeriana sitchensis",11
-1285512958,"ICH wk 3 /07","Hw – Wood horsetail – Sphagnum","Tsuga heterophylla – Equisetum sylvaticum",11
-1284482422,"ESSFwh 2 /103","Bl – Huckleberry – Falsebox","Abies lasiocarpa – Vaccinium membranaceum – Paxistima myrsinites",11
-1283975076,"ICH mw 2 /Fl02","Mountain alder – Red-osier dogwood – Lady fern","Alnus incana – Cornus sericea – Athyrium filix-femina",11
-1282791143,"MH  wh   /Wb54","Yellow-cedar  – Tufted clubrush – Tufted hairgrass","Chamaecyparis nootkatensis – Trichophorum cespitosum – Deschampsia cespitosa",11
-1282015853,"ICH mw 2 /Vh03","Ladyfern – Hellebore – Valerian","Athyrium filix-femina – Veratrum viride – Valeriana sitchensis",11
-1281324392,"CWH ds 2 /06","Hw – Queen's cup","Tsuga heterophylla – Clintonia uniflora",11
-1280309521,"SBS dw 2 /07","PlSb – Feathermoss","Pinus contorta – Picea mariana – Pleurozium schreberi",11
-1273632485,"ICH mc 2 /01$Atpw","$At – Pink wintergreen","Populus tremuloides – Pyrola asarifolia",11
-1273252707,"IDF dk 4 /06","Pl – Kinnikinnick – Cladonia","Pinus contorta – Arctostaphylos uva-ursi – Cladonia spp.",11
-1272709936,"ESSFwcw  /101","Bl – Rhododendron – Valerian","Abies lasiocarpa – Rhododendron albiflorum – Valeriana sitchensis",11
-1270443982,"ESSFdk 1 /Vh02.2","Valerian – Showy Sedge – Fireweed","Valeriana sitchensis – Carex spectabilis – Chamerion angustifolium",11
-1267602330,"IDF dm 2 /Gg02","Bluebunch wheatgrass – Balsamroot","Pseudoroegneria spicata – Balsamorhiza sagittata",11
-1266769374,"MS  dk   /Ws07","Spruce – Common horsetail – Leafy moss","Picea engelmannii x glauca – Equisetum arvense – Carex disperma – Rhizomnium sp.",11
-1266097833,"IDF xx 2 /Wm03","Awned sedge","Carex atherodes",11
-1263913351,"ESSFmc   /04","Bl – Huckleberry – Heron's-bill","Abies lasiocarpa – Vaccinium membranaceum – Dicranum spp.",11
-1263673688,"CWH ms 2 /03","FdHw – Falsebox","Pseudotsuga menziesii – Tsuga heterophylla – Paxistima myrsinites",11
-1262369175,"ESSFwcw  /Wm01","Beaked sedge – Water sedge","Carex utriculata – Carex aquatilis",11
-1257793527,"ESSFwh 2 /Vs10.1","Sitka willow – Cow-parsnip – Fireweed","Salix sitchensis – Heracleum maximum – Chamerion angustifolium",11
-1256924432,"ICH dh   /Ws10","Western redcedar – Spruce – Skunk cabbage","Thuja plicata – Picea engelmannii x glauca – Lysichiton americanus",11
-1253896033,"MS  dw   /Ro09.1","Saskatoon – Rock moss – Clad lichen","Amelanchier alnifolia – Racomitrium spp. – Cladonia spp.",11
-1253647732,"MS  dm 2 /Wm06","Great bulrush","Schoenoplectus acutus",11
-1251004383,"CWH vm 1 /01s","HwBa – Blueberry; Salal","Tsuga heterophylla – Abies amabilis – Vaccinium alaskense – Gaultheria shallon",11
-1249904145,"CWH vm 1 /08","BaSs – Devil's club","Abies amabilis – Picea sitchensis – Oplopanax horridus",11
-1248643832,"ICH vc   /01","HwBl – Devil's club","Tsuga heterophylla – Abies lasiocarpa – Oplopanax horridus",11
-1248287364,"CWH mm 1 /06","HwBa – Deer fern","Tsuga heterophylla – Abies amabilis – Blechnum spicant",11
-1247876610,"ICH mw 2 /114","CwSxw – Skunk cabbage","Thuja plicata – Picea engelmannii x glauca – Lysichiton americanus",11
-1247262999,"MS  xv   /03","Pl – Kinnikinnick – Cladonia","Pinus contorta – Arctostaphylos uva-ursi – Cladonia spp.",11
-1244722475,"ICH wc   /09","Hw – Cloudberry – Peat moss","Tsuga heterophylla – Rubus chamaemorus – Sphagnum spp.",11
-1242376280,"SBPSmk   /Wf05","Slender sedge – Common hook moss","Carex lasiocarpa – Drepanocladus aduncus",11
-1242260527,"ESSFwh 3 /Vs13","Huckleberry – Beargrass – Fireweed","Vaccinium membranaceum – Xerophyllum tenax – Chamerion angustifolium",11
-1242208632,"SBS mc 2 /06","Sxw – Oak fern","Picea engelmannii x glauca – Gymnocarpium dryopteris",11
-1241049481,"BWBSdk   /Wf11","Tufted clubrush – Star-moss","Trichophorum cespitosum – Campylium stellatum",11
-1240881864,"ESSFwh 3 /Vs01.1","Sitka alder – Lady fern","Alnus viridis ssp. sinuata – Athyrium filix-femina – Dryopteris expansa",11
-1240699261,"ESSFxv 2 /07","Bl – Lousewort – Glow moss","Abies lasiocarpa – Pedicularis bracteosa – Aulacomnium palustre",11
-1239133834,"SBS wk 1 /06","Sxw – Pink spirea – Oak fern","Picea engelmannii x glauca – Spiraea douglasii ssp. menziesii – Gymnocarpium dryopteris",11
-1238194149,"BG  xh 2 /Wm11","Seacoast bulrush","Bolboschoenus maritimus",11
-1234206321,"ESSFwk 2 /06","Bl – Horsetail – Sphagnum","Abies lasiocarpa – Equisetum arvense – Sphagnum spp.",11
-1233419201,"MS  dk   /105","FdPl – Pinegrass – Twinflower","Pseudotsuga menziesii – Pinus contorta – Calamagrostis rubescens – Linnaea borealis",11
-1230622263,"ICH mc 1a/01","HwBa – Bramble","Tsuga heterophylla – Abies amabilis – Rubus pedatus",11
-1230396996,"IDF mw 2 /01$YS","$EpAt – Thimbleberry – Falsebox","Betula papyrifera – Populus tremuloides – Rubus parviflorus – Paxistima myrsinites",11
-1229901055,"BWBSwk 2 /110$6B.1","$At – High bush-cranberry – Bluebells","Populus tremuloides – Viburnum edule – Mertensia paniculata",11
-1229723938,"SBS vk   /Wm01","Beaked sedge – Water sedge","Carex utriculata – Carex aquatilis",11
-1229281354,"IDF xk   /Ro05","Juniper – Kinnikinnick – Penstemon","Juniperus communis – Arctostaphylos uva-ursi – Penstemon fruticosa",11
-1226639673,"IDF dm 2 /110","FdLwSxw – Pinegrass","Pseudotsuga menziesii – Larix occidentalis – Picea engelmannii x glauca – Calamagrostis rubescens",11
-1225566813,"ESSFwcw  /110","Bl – Valerian – Hellebore – Globeflower","Abies lasiocarpa – Valeriana sitchensis – Veratrum viride – Trollius albiflorus",11
-1224072200,"IDF dk 2 /07","CwSxw – Twinberry – Soft-leaved sedge","Thuja plicata – Picea engelmannii x glauca – Lonicera involucrata",11
-1223353501,"ESSFwh 1 /Vh01","Cow-parsnip – Fireweed – Nettle","Heracleum maximum – Chamerion angustifolium – Urtica dioica",11
-1221970517,"CWH dm   /09","Act – Red-osier dogwood","Populus trichocarpa – Cornus sericea",11
-1221743301,"ESSFvv   /04","Bl – Valerian – Groundsel","Abies lasiocarpa – Valeriana sitchensis – Senecio vulgaris",11
-1220805653,"SBS dw 2 /11","Sb – Soft-leaved sedge – Sphagnum","Picea mariana – Carex disperma – Sphagnum spp.",11
-1217711374,"ESSFwm 1 /101","Bl – Rhododendron – Azalea – Foamflower","Abies lasiocarpa – Rhododendron albiflorum – Menziesia ferrunginea – Tiarella trifoliata",11
-1216685380,"ESSFwh 3 /Ro09","Saskatoon – Rock moss – Clad lichen","Amelanchier alnifolia – Racomitrium spp. – Cladonia spp.",11
-1216585541,"SBS dk   /01a","Sxw – Spirea – Purple peavine; Fine-textured","Picea engelmannii x glauca – Spiraea betulifolia – Lathyrus nevadensis",11
-1214913485,"IDF xk /Ga01","Alkali saltgrass","Distichlis spicata var. stricta",11
-1213331854,"ESSFmk   /01","BlHm – Twistedstalk","Abies lasiocarpa – Tsuga mertensiana – Streptopus spp.",11
-1213270024,"ESSFwm 1 /Vh02.1","Valerian – Hellebore – Fireweed","Valeriana sitchensis – Veratrum viride – Chamerion angustifolium",11
-1210973871,"ICH mk 4 /Vh01","Cow-parsnip – Fireweed – Nettle","Heracleum maximum – Chamerion angustifolium – Urtica dioica",11
-1209827481,"ICH mw 4 /104","FdCw – Falsebox – Prince's pine","Pseudotsuga menziesii – Thuja plicata – Paxistima myrsinites – Chimaphila umbellata",11
-1208964482,"SBS mw   /05","Sxw – Pink spirea","Picea engelmannii x glauca – Spiraea douglasii ssp. menziesii",11
-1208487014,"MS  dm 2 /Ws04","Drummond's willow – Beaked sedge","Salix drummondiana – Carex utriculata",11
-1206548613,"MS  dw   /Wm04","Common spike-rush","Eleocharis palustris",11
-1205398102,"CWH dm   /Wm05","Cattail","Typha latifolia",11
-1205357331,"ESSFdk 2 /Ro10","Huckleberry – Rock moss – Haircap moss","Vaccinium membranaceum – Racomitrium spp. – Polytrichum sp.",11
-1204116432,"CWH xm 2 /11","Pl – Sphagnum","Pinus contorta – Sphagnum spp.",11
-1202011818,"BG  xh 2 /08","Woolly sedge – Arctic rush","Carex pellita – Juncus arcticus",11
-1197692618,"MH  mm 2 /05","BaHm – Twistedstalk","Abies amabilis – Tsuga mertensiana – Streptopus spp.",11
-1195752509,"ESSFdk 2 /Wm01","Beaked sedge – Water sedge","Carex utriculata – Carex aquatilis",11
-1195736157,"ESSFxc 2 /Wf08","Shore sedge – Buckbean – Hook moss","Carex limosa – Menyanthes trifoliata – Drepanocladus spp.",11
-1195059334,"MS  xv   /Wf02","Scrub birch – Water sedge","Betula nana – Carex aquatilis",11
-1192568879,"ICH xw   /Wm06","Great bulrush","Schoenoplectus acutus",11
-1192359525,"IDF xx 2 /Rt04","Saskatoon – Bluebunch wheatgrass","Amelanchier alnifolia – Pseudoroegneria spicata",11
-1191808418,"MS  xk 2 /Wm01","Beaked sedge – Water sedge","Carex utriculata – Carex aquatilis",11
-1191142747,"SBS dw 3 /Fl05","Drummond's willow – Bluejoint","Salix drummondiana – Calamagrostis canadensis",11
-1189384136,"ESSFwmw  /Ro10","Huckleberry – Rock moss – Haircap moss","Vaccinium membranaceum – Racomitrium spp. – Polytrichum sp.",11
-1187668456,"MS  dw   /Vh01.2","Cow-parsnip – Fireweed – Bluejoint","Heracleum maximum – Chamerion angustifolium – Calamagrostis canadensis",11
-1186154599,"ESSFwc 4 /Wm16","Bluejoint – Arrow-leaved groundsel","Calamagrostis canadensis – Senecio triangularis",11
-1185221123,"ICH mw 3 /04","CwFd – Soopolallie – Twinflower","Thuja plicata – Pseudotsuga menziesii – Shepherdia canadensis – Linnaea borealis",11
-1184951082,"ICH dh   /Vh10","Fireweed – Grouseberry","Chamerion angustifolium – Vaccinium scoparium",11
-1184332324,"ICH mw 5 /Ro05","Juniper – Kinnikinnick – Penstemon","Juniperus communis – Arctostaphylos uva-ursi – Penstemon fruticosa",11
-1183579633,"BWBSmk   /Ws14","Mountain alder – Willow – Bluejoint","Alnus incana – Salix sp. – Calamagrostis canadensis",11
-1182998276,"MS  dw   /Wb15","Spruce – Labrador tea – Peat moss","Picea engelmannii x glauca – Rhododendron groenlandicum – Sphagnum spp.",11
-1182742473,"ICH wk 1 /Wm01","Beaked sedge – Water sedge","Carex utriculata – Carex aquatilis",11
-1181172865,"IDF dm 2 /Fl01","Mountain alder – Common horsetail","Alnus incana – Equisetum arvense",11
-1178988174,"SBS dk   /Wf02","Scrub birch – Water sedge","Betula nana – Carex aquatilis",11
-1177987881,"MS  dk   /Vh11","Fireweed – Yarrow – Strawberry","Chamerion angustifolium – Achillea millefolium – Fragaria virginiana",11
-1177672012,"CWH vm 2 /04","CwHw – Sword fern","Thuja plicata – Tsuga heterophylla – Polystichum munitum",11
-1176483679,"CWH mm 2 /03","HwCw – Salal","Tsuga heterophylla – Thuja plicata – Gaultheria shallon",11
-1176425977,"ESSFwcw  /Wa03","Marsh-marigold – Globeflower – Springmoss","Caltha leptosepala – Trollius albiflorus – Philonotis fontana",11
-1175963247,"MS  dm 1 /Wf13","Narrow-leaved cotton-grass – Shore sedge","Eriophorum angustifolium – Carex limosa",11
-1174824664,"BWBSwk 2 /101","SwBl – Huckleberry – Feathermoss","Picea glauca – Abies lasiocarpa – Vaccinium membranaceum – Pleurozium schreberi",11
-1174152720,"ESSFmk   /02a","BlPa – Cladonia; Lithic","Abies lasiocarpa – Pinus albicaulis – Cladonia spp.",11
-1173915235,"ESSFwcw  /Vh02","Valerian – Hellebore – Fireweed","Valeriana sitchensis – Veratrum viride – Chamerion angustifolium",11
-1171886178,"SWB mk   /03","Sw – Juniper – Wildrye","Picea glauca – Juniperus communis – Leymus innovatus",11
-1170104718,"MS  dw   /Vs10.1","Sitka willow – Cow-parsnip – Fireweed","Salix sitchensis – Heracleum maximum – Chamerion angustifolium",11
-1169493818,"ESSFwm 4 /Vs03","Sitka alder – Hellebore","Alnus viridis ssp. sinuata – Veratrum viride",11
-1169208182,"MH  mm 2 /01","HmBa – Blueberry","Tsuga mertensiana – Abies amabilis – Vaccinium alaskense",11
-1168520620,"MH  mm 2 /07","YcHm – Hellebore","Chamaecyparis nootkatensis – Tsuga mertensiana – Veratrum viride",11
-1168170823,"SBS mk 1 /07","Sxw – Oak fern","Picea engelmannii x glauca – Gymnocarpium dryopteris",11
-1167489661,"ICH mk 4 /102","Fd – Snowberry – Oregon-grape","Pseudotsuga menziesii – Symphoricarpos albus – Berberis aquifolium",11
-1164314035,"ESSFwm 3 /Vs02","Sitka alder – Solomon's-seal","Alnus viridis ssp. sinuata – Maianthemum racemosum",11
-1162705580,"MS  dw   /Wf11","Tufted clubrush – Star-moss","Trichophorum cespitosum – Campylium stellatum",11
-1160826661,"SBS vk   /02","Pl – Huckleberry – Velvet-leaved blueberry","Pinus contorta – Vaccinium membranaceum – Vaccinium myrtilloides",11
-1160584438,"IDF xk   /Ro01.1","Selaginella – Bluebunch wheatgrass – Sidewalk moss","Selaginella densa – Pseudoroegneria spicata – Tortula ruralis",11
-1156147273,"SBS mm   /01","Sxw – Falsebox – Knight's plume","Picea engelmannii x glauca – Paxistima myrsinites – Ptilium crista-castrensis",11
-1153203367,"ESSFwh 1 /Fl01","Mountain alder – Common horsetail","Alnus incana – Equisetum arvense",11
-1151545118,"CWH vh 2 /04a","HwSs – Lanky moss; Mineral","Tsuga heterophylla – Picea sitchensis – Rhytidiadelphus loreus",11
-1149745548,"ESSFwk 1 /02","Bl – Huckleberry – Feathermoss","Abies lasiocarpa – Vaccinium membranaceum – Pleurozium schreberi",11
-1148610600,"BWBSwk 3 /111","Sb – Horsetail – Step moss","Picea mariana – Equisetum arvense – Hylocomium splendens",11
-1147016235,"ICH mk 4 /Ws06","Sitka willow – Sitka sedge","Salix sitchensis – Carex sitchensis",11
-1143264201,"ESSFwh 2 /Ro10","Huckleberry – Rock moss – Haircap moss","Vaccinium membranaceum – Racomitrium spp. – Polytrichum sp.",11
-1142826265,"BWBSmk   /104b","Sb – Labrador tea – Step moss; Imperfectly/poorly drained phase","Picea mariana – Rhododendron groenlandicum – Hylocomium splendens",11
-1141255597,"CWH ds 2 /05","Cw – Solomon's-seal","Thuja plicata – Maianthemum racemosum",11
-1139934274,"MS  dk   /Ro05","Juniper – Kinnikinnick – Penstemon","Juniperus communis – Arctostaphylos uva-ursi – Penstemon fruticosa",11
-1139751617,"CWH wh 1 /112","Ss – Lily-of-the-valley ","Picea sitchensis – Maianthemum dilatatum",11
-1139702150,"CMA wh   /Am34","Tufted hairgrass – Calder's lovage","Deschampsia cespitosa – Ligusticum calderi",11
-1135362018,"ESSFdk 2 /Wf03","Water sedge – Peat moss","Carex aquatilis – Sphagnum spp.",11
-1133871923,"ESSFdk 2 /Wf12","Narrow-leaved cotton-grass – Marsh-marigold","Eriophorum angustifolium – Caltha leptosepala",11
-1132975293,"ICH mm   /01","HwCw – Spruce – Step moss","Tsuga heterophylla – Thuja plicata – Picea sp.",11
-1130081257,"IDF dm 2 /Wm06","Great bulrush","Schoenoplectus acutus",11
-1129753177,"ICH mw 2 /Fl01","Mountain alder – Common horsetail","Alnus incana – Equisetum arvense",11
-1129448916,"SBPSmc   /01b","Pl – Feathermoss – Cladina; Submesic","Pinus contorta – Pleurozium schreberi – Cladina spp.",11
-1124143059,"ICH mw 2 /Fl04","Sitka willow – Red-osier dogwood – Horsetail","Salix sitchensis – Cornus sericea – Equisetum arvense",11
-1124108485,"IDF ww   /07","CwSx – Skunk cabbage","Thuja plicata – Picea sp. x Picea sp. – Lysichiton americanus",11
-1122492918,"ESSFdk 2 /Wf13","Narrow-leaved cotton-grass – Shore sedge","Eriophorum angustifolium – Carex limosa",11
-1122420088,"ICH xw   /110","CwHw – Foamflower","Thuja plicata – Tsuga heterophylla – Tiarella trifoliata",11
-1121584724,"ESSFdcw  /Vs10.1","Sitka willow – Cow-parsnip – Fireweed","Salix sitchensis – Heracleum maximum – Chamerion angustifolium",11
-1121011198,"MS  xk   /09","Sxw – Horsetail – Leafy moss","Picea engelmannii x glauca – Equisetum arvense – Rhizomnium spp.",11
-1120632608,"ICH dh   /101","HwCw – Queen's cup – Pipecleaner moss","Tsuga heterophylla – Thuja plicata – Clintonia uniflora – Rhytidiopsis robusta",11
-1119356181,"ESSFwm 4 /Gg14","Idaho fescue – Sulphur buckwheat – Sandwort","Festuca idahoensis – Eriogonum umbellatum – Eremigone capillaris",11
-1118843570,"CWH ws 2 /02","Pl – Kinnikinnick","Pinus contorta – Arctostaphylos uva-ursi",11
-1117994133,"CWH ms 1 /05","HwBa – Queen's cup","Tsuga heterophylla – Abies amabilis – Clintonia uniflora",11
-1115332186,"MS  dw   /Ff01a","Water birch – Red-osier dogwood – Rose","Betula occidentalis – Cornus sericea – Rosa acicularis",11
-1114821286,"ESSFdc 2 /09","Sedge – Sphagnum","Carex spp. – Sphagnum spp.",11
-1113560496,"SBS dw 2 /12","Sb – Buckbean – Peat moss","Picea mariana – Menyanthes trifoliata – Sphagnum spp.",11
-1113092218,"BG  xh 3 /Gg04","Bluebunch wheatgrass – Junegrass – Pussytoes","Pseudoroegneria spicata – Koeleria macrantha – Antennaria sp.",11
-1111096767,"SBS wk 3 /03","SxwFd – Purple peavine","Picea engelmannii x glauca – Pseudotsuga menziesii – Lathyrus nevadensis",11
-1108091875,"CWH vm 2 /12","YcHm – Skunk cabbage","Chamaecyparis nootkatensis – Tsuga mertensiana – Lysichiton americanus",11
-1106947904,"ESSFwmw  /Wf03","Water sedge – Peat moss","Carex aquatilis – Sphagnum spp.",11
-1106855675,"ESSFdc 1 /103","BlPl – Falsebox – Grouseberry","Abies lasiocarpa – Pinus contorta – Paxistima myrsinites – Vaccinium scoparium",11
-1103679851,"SBS mc 2 /01a","Sxw – Huckleberry; Mesic; fine-textured","Picea engelmannii x glauca – Vaccinium membranaceum",11
-1103080412,"CWH ds 2 /10","Act – Willow","Populus trichocarpa – Salix spp.",11
-1099457994,"ESSFwm 3 /Vs13","Huckleberry – Beargrass – Fireweed","Vaccinium membranaceum – Xerophyllum tenax – Chamerion angustifolium",11
-1098237668,"ESSFwmw  /Vh10","Fireweed – Grouseberry","Chamerion angustifolium – Vaccinium scoparium",11
-1096682675,"SBS dk   /Wm02","Swamp horsetail – Beaked sedge","Equisetum fluviatile – Carex utriculata",11
-1095764050,"ESSFwcw  /Vh01","Cow-parsnip – Fireweed – Nettle","Heracleum maximum – Chamerion angustifolium – Urtica dioica",11
-1095551340,"MS  dw   /101","Sxw – Arnica – Pinegrass","Picea engelmannii x glauca – Arnica spp. – Calamagrostis rubescens",11
-1092635490,"ESSFwh 1 /Wm16","Bluejoint – Arrow-leaved groundsel","Calamagrostis canadensis – Senecio triangularis",11
-1089942253,"ESSFwcw  /Vh02.2","Valerian – Showy Sedge – Fireweed","Valeriana sitchensis – Carex spectabilis – Chamerion angustifolium",11
-1089176981,"CWH xm 1 /02","FdPl – Cladina","Pseudotsuga menziesii – Pinus contorta – Cladina spp.",11
-1089171132,"ICH dh   /Gb03","Ninebark – Oceanspray – Bluebunch wheatgrass","Physocarpus malvaceus – Holodiscus discolor – Pseudoroegneria spicata",11
-1087890819,"ESSFmh   /Ro06.1","Juniper – Stonecrop – Sandwort","Juniperus communis – Sedum sp. – Eremogone capillaris",11
-1087360245,"ICH dh   /Ws06","Sitka willow – Sitka sedge","Salix sitchensis – Carex sitchensis",11
-1086950641,"ICH mk 4 /Ws02","Mountain alder – Pink spirea – Sitka sedge","Alnus incana – Spiraea douglasii ssp. menziesii – Carex sitchensis",11
-1084533491,"MS  dc 2 /Wm01","Beaked sedge – Water sedge","Carex utriculata – Carex aquatilis",11
-1084195483,"CWH wh 2 /112b","SsYc – Hellebore – Snake liverwort ; Subhydric phase","Picea sitchensis – Chamaecyparis nootkatensis – Veratrum viride",11
-1082246364,"ESSFwv   /05","Bl – Oak fern – Heron's-bill","Abies lasiocarpa – Gymnocarpium dryopteris – Dicranum spp.",11
-1080972782,"CWH vh 2 /13b","CwSs – Skunk cabbage; Peaty","Thuja plicata – Picea sitchensis – Lysichiton americanus",11
-1080128714,"BWBSmw   /112","AcbSw – Mountain alder – Dogwood","Populus balsamifera – Picea glauca – Alnus incana – Cornus sericea",11
-1080073105,"ESSFdkw  /Gg33","Pinegrass – Yellow penstemon","Calamagrostis canadensis – Penstemon confertus ",11
-1078819344,"ICH mk 5 /101","CwSxw – Falsebox","Thuja Plicata – Picea engelmannii x glauca – Cornus canadensis – Pleurozium schreberi",11
-1078711981,"CWH wm   /07","Act – Willow","Populus trichocarpa – Salix spp.",11
-1078007528,"SBS dk   /53","Mountain alder – Mitrewort","Alnus incana – Mitella nuda",11
-1076984050,"SBS wk 1 /14","Pl – Bog rosemary – Peat moss","Pinus contorta – Andromeda polifolia – Sphagnum spp.",11
-1076503396,"ICH vk 1 /06","CwSxw – Skunk cabbage","Thuja plicata – Picea engelmannii x glauca – Lysichiton americanus",11
-1075288264,"MS  dk   /Fl02","Mountain alder – Red-osier dogwood – Lady fern","Alnus incana – Cornus sericea – Athyrium filix-femina",11
-1074321023,"CWH xm 1 /Wm05","Cattail","Typha latifolia",11
-1072378585,"ESSFwcw  /104","Bl – Mountain-heather","Abies lasiocarpa – Cassiope mertensiana",11
-1070683874,"ESSFwv   /Wf04","Barclay's willow – Water sedge – Glow moss","Salix barclayi – Carex aquatilis – Aulacomnium palustre",11
-1069936982,"ESSFwc 3 /Wf11","Tufted clubrush – Star moss","Trichophorum cespitosum – Campylium stellatum",11
-1068762902,"ICH wk 2 /Wf05","Slender sedge – Common hook moss","Carex lasiocarpa – Drepanocladus aduncus",11
-1068128560,"CWH xm 1 /03","FdHw – Salal","Pseudotsuga menziesii – Tsuga heterophylla – Gaultheria shallon",11
-1067889496,"MS  dm 2 /02","Juniper – Bluebunch wheatgrass","Juniperus communis – Pseudoroegneria spicata",11
-1067824797,"ICH dh   /Rt07.1","Aspen – Juniper – Rocktripe","Populus tremuloides – Juniperus communis –  Umbilicaria sp.",11
-1067687680,"ICH dw 1 /Wm15","Bluejoint – Water sedge","Calamagrostis canadensis – Carex aquatilis",11
-1067413841,"ICH mc 1 /01","Hw – Step moss","Tsuga heterophylla – Hylocomium splendens",11
-1065951133,"ICH mk 4 /Vs01.1","Sitka alder – Lady fern","Alnus viridis ssp. sinuata – Athyrium filix-femina – Dryopteris expansa",11
-1065717272,"ESSFdk 2 /Rt07","Aspen – Juniper – Rocktripe","Populus tremuloides – Juniperus communis –  Umbilicaria sp.",11
-1064886714,"IDF xm   /Wm04","Common spike-rush","Eleocharis palustris",11
-1064518804,"ESSFwc 2 /04","Bl – Rhododendron – Heron's-bill","Abies lasiocarpa – Rhododendron albiflorum – Dicranum spp.",11
-1064440515,"BWBSmw   /Ws15","SwSb – Labrador tea – Glow moss","Picea glauca – Picea mariana – Rhododendron groenlandicum – Aulacomnium palustre",11
-1064308089,"ICH mw 2 /Vs14","Saskatoon – Snowberry – Strawberry","Amelanchier alnifolia – Symphoricarpos albus – Fragaria sp.",11
-1063372364,"MH  whp  /Am33","Arrow-leaved groundsel – Hellebore – Large-awned sedge","Senecio triangularis – Veratrum viride – Carex macrochaeta",11
-1063216250,"ESSFwc 4 /Rt07","Aspen – Juniper – Rocktripe","Populus tremuloides – Juniperus communis –  Umbilicaria sp.",11
-1062246770,"ICH mw 3 /02","Fd – Juniper – Cladina","Pseudotsuga menziesii – Juniperus communis – Cladina spp.",11
-1061676038,"ESSFwm 2 /Vs10.2","Barclay's willow – Cow-parsnip – Fireweed","Salix barclayi – Heracleum maximum – Chamerion angustifolium",11
-1061425951,"ICH xw   /Gg11","Idaho fescue – Bluebunch wheatgrass – Junegrass","Festuca idahoensis – Pseudoroegneria spicata  – Koeleria macrantha",11
-1061156550,"MS  dm 1 /05","Sxw – Trapper's tea – Grouseberry","Picea engelmannii x glauca – Rhododendron neoglandulosum – Vaccinium scoparium",11
-1057987185,"CWH ds 2 /09","Act – Red-osier dogwood","Populus trichocarpa – Cornus sericea",11
-1056207306,"CWH vh 3 /Wb53.2","Shore pine – Yellow-cedar – Tufted clubrush; tall shrub variation","Pinus contorta var. contorta – Chamaecyparis nootkatensis – Trichophorum cespitosum",11
-1055848695,"ESSFwm 4 /Rt01","Rocktripe – Green map","Umbilicaria sp. – Rhizocarpon geographicum",11
-1055497721,"SBS dh 1 /01","SxwFd – Ricegrass","Picea engelmannii x glauca – Pseudotsuga menziesii – Oryzopsis asperifolia",11
-1054767401,"ICH xw  a/Ro05","Juniper – Kinnikinnick – Penstemon","Juniperus communis – Arctostaphylos uva-ursi – Penstemon fruticosa",11
-1054593674,"CWH vh 2 /03","CwYc – Salal","Thuja plicata – Chamaecyparis nootkatensis – Gaultheria shallon – Coptis aspleniifolia",11
-1052349316,"ESSFxc   /01","Bl – Grouseberry – Valerian","Abies lasiocarpa – Vaccinium scoparium – Valeriana sitchensis",11
-1047583823,"ICH mc 2 /01b$Atpw","$At – Pink wintergreen","Populus tremuloides – Pyrola asarifolia",11
-1047180615,"ESSFdk 2 /Vs03","Sitka alder – Hellebore","Alnus viridis ssp. sinuata – Veratrum viride",11
-1047164216,"CWH vh 3 /Wb53","Shore pine – Yellow-cedar – Tufted clubrush","Pinus contorta var. contorta – Chamaecyparis nootkatensis – Trichophorum cespitosum",11
-1046203895,"MH  wh 1 /08","HmYc – Sphagnum","Tsuga mertensiana – Chamaecyparis nootkatensis – Sphagnum spp.",11
-1042497550,"ESSFwc 4 /Vh01","Cow-parsnip – Fireweed – Nettle","Heracleum maximum – Chamerion angustifolium – Urtica dioica",11
-1042149810,"SBS mk 2 /Wm06","Great bulrush","Schoenoplectus acutus",11
-1040012140,"SBS wk 1 /08","Sxw – Devil's club","Picea engelmannii x glauca – Oplopanax horridus",11
-1039474135,"ESSFwh 2 /111","Se – Devil's club – Lady fern","Picea engelmannii – Oplopanax horridus- Athyrium filix-femina ",11
-1035753945,"ESSFdkw  /Vh01","Cow-parsnip – Fireweed – Nettle","Heracleum maximum – Chamerion angustifolium – Urtica dioica",11
-1033888066,"PP  dh 1 /04","FdPy – Ninebark","Pseudotsuga menziesii – Pinus ponderosa – Physocarpus capitatus",11
-1033885314,"CWH xm 1 /05","Cw – Sword fern","Thuja plicata – Polystichum munitum",11
-1033768187,"ICH vc   /02.2","Hw – Step moss; Bl Variation","Tsuga heterophylla – Hylocomium splendens – Abies lasiocarpa",11
-1032752862,"BG  xw 1 /06","Rough fescue – Bluebunch wheatgrass","Festuca campestris – Pseudoroegneria spicata",11
-1032383958,"ESSFdc 1 /Wf01","Water sedge – Beaked sedge","Carex aquatilis – Carex utriculata",11
-1031451131,"SBS wk 1 /09","Sxw – Horsetail","Picea engelmannii x glauca – Equisetum arvense",11
-1030518047,"MS  dk   /111a","SxwBl – Horsetail; Riparian phase","Picea engelmannii x glauca – Abies lasiocarpa –  Equisetum arvense",11
-1030517795,"CWH wm   /05","Ss – Salmonberry","Picea sitchensis – Rubus spectabilis",11
-1027460552,"MS  xv   /Wf09","Few-flowered spike-rush – Hook moss","Eleocharis quinqueflora – Drepanocladus spp.",11
-1027127133,"IDF dk 3 /Wf02","Scrub birch – Water sedge","Betula nana – Carex aquatilis",11
-1026627056,"PP  dh 1 /02","Selaginella – Bluebunch wheatgrass – Blue-eyed Mary","Selaginella densa – Pseudoroegneria spicata – Collinsia parviflora",11
-1026382524,"ESSFdc 1 /Vh02.1","Valerian – Hellebore – Fireweed","Valeriana sitchensis – Veratrum viride – Chamerion angustifolium",11
-1026288546,"CWH wh 1 /105a","CwSs – Sword fern; Colluvial/morainal phase","Thuja plicata – Picea sitchensis – Polystichum munitum",11
-1024185675,"ESSFwh 2 /Vh02","Valerian – Hellebore – Fireweed","Valeriana sitchensis – Veratrum viride – Chamerion angustifolium",11
-1023368762,"CDF mm   /02","FdPl – Arbutus","Pseudotsuga menziesii – Pinus contorta – Arbutus menziesii",11
-1021505018,"MS  dw   /Vh11","Fireweed – Yarrow – Strawberry","Chamerion angustifolium – Achillea millefolium – Fragaria virginiana",11
-1020580929,"ICH mk 4 /110","CwSxw – Oak fern","Thuja plicata – Picea engelmannii x glauca –  Gymnocarpium dryopteris",11
-1006228008,"ESSFdk 1 /Rt21","Subalpine larch – Pink mountain-heather – Heron's-bill","Larix lyallii – Phyllodoce empetriformis –  Dicranum spp.",11
-1005466311,"ICH wc   /05","Sx – Devil's club","Picea sp. x Picea sp. – Oplopanax horridus",11
-1005229180,"CWH ms 1 /02","FdPl – Kinnikinnick","Pseudotsuga menziesii – Pinus contorta – Arctostaphylos uva-ursi",11
-1002434920,"SBS mk 1 /06","Sb – Huckleberry – Spirea","Picea mariana – Vaccinium membranaceum – Spiraea betulifolia",11
-1002287342,"ICH vk 1 /01","CwHw – Devil's club – Lady fern","Thuja plicata – Tsuga heterophylla – Oplopanax horridus",11
-1001624885,"SBS mc 2 /01b","Sxw – Huckleberry; Mesic; coarse-textured","Picea engelmannii x glauca – Vaccinium membranaceum",11
-1001185529,"ICH mk 3 /07","CwSxw – Devil's club – Horsetail","Thuja plicata – Picea engelmannii x glauca – Oplopanax horridus",11
-998083866,"CWH mm 2 /Wf53","Slender sedge – White beak-rush","Carex lasiocarpa – Rhynchospora alba",11
-993912815,"ESSFwh 2 /Vh11","Fireweed – Yarrow – Strawberry","Chamerion angustifolium – Achillea millefolium – Fragaria virginiana",11
-992677484,"SBS dk   /01","Sxw – Spirea – Purple peavine","Picea engelmannii x glauca – Spiraea betulifolia – Lathyrus nevadensis",11
-992081089,"MS  xv   /03b","Pl – Kinnikinnick – Cladonia; Shallow","Pinus contorta – Arctostaphylos uva-ursi – Cladonia spp.",11
-991309358,"MH  wh 1 /03","SsHm – Reedgrass","Picea sitchensis – Tsuga mertensiana - Picea sitchensis – Gaultheria shallon – Calamagrostis nutkaensis",11
-990459233,"CWH vh 3 /101c","CwHw – Salal  – Deer fern; Peaty phase","Thuja plicata – Tsuga heterophylla – Gaultheria shallon",11
-989773928,"BG  xh 3 /Fl06","Sandbar willow – Scouring-rush","Salix interior – Equisetum hyemale",11
-987412337,"ESSFwv   /04","BlHm – Heron's-bill","Abies lasiocarpa – Tsuga mertensiana – Dicranum spp.",11
-982682023,"CWH vh 2 /10","Dr – Lily-of-the-valley","Alnus rubra – Maianthemum dilatatum",11
-977767244,"MS  xk   /07","Sxw – Trapper's tea – Grouseberry","Picea engelmannii x glauca – Rhododendron neoglandulosum – Vaccinium scoparium",11
-974581447,"ESSFwh 1 /Vs12","Huckleberry – Rhododendron – Fireweed","Vaccinium membranaceum – Rhododendron albiflorum – Chamerion angustifolium",11
-973267945,"CWH vm 2 /11","CwSs – Skunk cabbage","Thuja plicata – Picea sitchensis – Lysichiton americanus",11
-972360372,"ICH mk 4 /Wf11","Tufted clubrush – Star-moss","Trichophorum cespitosum – Campylium stellatum",11
-970876352,"ESSFdc 2 /03","PlSe – Falsebox – Pinegrass","Pinus contorta – Picea engelmannii – Paxistima myrsinites",11
-968627593,"SBS dk   /01b$Atpw","$At – Pink wintergreen","Populus tremuloides – Pyrola asarifolia",11
-967538832,"SBPSdc   /02a","Pl – Kinnikinnick – Cladonia; Typic","Pinus contorta – Arctostaphylos uva-ursi – Cladonia spp.",11
-965754536,"SBS vk   /12","ActBl – Devil's club","Populus trichocarpa – Abies lasiocarpa – Oplopanax horridus",11
-965449094,"SBS mc 2 /16","Sb – Buckbean – Peat moss","Picea mariana – Menyanthes trifoliata – Sphagnum spp.",11
-965376685,"ESSFwmw  /Ws13","Barclay’s willow – Common horsetail – Arrow-leaved groundsel","Salix barclayi – Equisetum arvense – Senecio triangularis",11
-964618637,"CWH wh 1 /Bb03","Large-headed sedge – Dune bluegrass","Carex macrocephala – Poa macrantha",11
-963800997,"IDF dm 2 /Wm02","Swamp horsetail – Beaked sedge","Equisetum fluviatile – Carex utriculata",11
-963426174,"ESSFdkw  /Wf03","Water sedge – Peat moss","Carex aquatilis – Sphagnum spp.",11
-963234005,"MS  dw   /Fm01","Cottonwood – Snowberry – Rose","Populus trichocarpa – Symphoricarpos albus – Rosa acicularis",11
-960713542,"IDF dm 2 /Ga03","Field sedge","Carex praegracilis",11
-959797616,"CWH vh 2 /15","Ss – Kindbergia","Picea sitchensis – Eurhynchium oreganum",11
-958324911,"IDF dk 5 /Rt04","Saskatoon – Bluebunch wheatgrass","Amelanchier alnifolia – Pseudoroegneria spicata",11
-958218199,"ICH dk   /07","Sxw – Twinberry – Oak fern","Picea engelmannii x glauca – Lonicera involucrata – Gymnocarpium dryopteris",11
-956260148,"CWH wm   /04","SsHw – Devil's club","Picea sitchensis – Tsuga heterophylla – Oplopanax horridus",11
-955385207,"IDF xm   /10","At – Prairie rose – Pinegrass","Populus tremuloides – Rosa woodsii – Calamagrostis rubescens",11
-954887650,"ICH xw  a/Wm06","Great bulrush","Schoenoplectus acutus",11
-954352220,"ESSFwm 3 /Vh01.2","Cow-parsnip – Fireweed – Bluejoint","Heracleum maximum – Chamerion angustifolium – Calamagrostis canadensis",11
-953776081,"CWH vh 2 /12","PlYc – Sphagnum","Pinus contorta – Chamaecyparis nootkatensis – Sphagnum spp.",11
-948661833,"ESSFdkw  /102","BlLa – Grouseberry","Abies lasiocarpa – Larix lyallii – Vaccinium scoparium",11
-947584288,"SBS dk   /01a$Atpw","$At – Pink wintergreen","Populus tremuloides – Pyrola asarifolia",11
-947523329,"ICH mw 4 /Vs14","Saskatoon – Snowberry – Strawberry","Amelanchier alnifolia – Symphoricarpos albus – Fragaria sp.",11
-947354873,"ESSFmc   /Wf04","Barclay's willow – Water sedge – Glow moss","Salix barclayi – Carex aquatilis – Aulacomnium palustre",11
-944638629,"SBS dw 3 /Wm01","Beaked sedge – Water sedge","Carex utriculata – Carex aquatilis",11
-943620402,"ESSFdcw  /Vs03","Sitka alder – Hellebore","Alnus viridis ssp. sinuata – Veratrum viride",11
-943059144,"ESSFdk 2 /102","PlFd – Juniper – Douglas maple","Pinus contorta – Pseudotsuga menziesii – Juniperus communis – Acer glabrum",11
-941079084,"ESSFwm 1 /Ro11","Grouseberry – Clad lichen","Vaccinium scoparium – Cladonia spp.",11
-940922580,"IDF dk 2 /03","FdPy – Pinegrass","Pseudotsuga menziesii – Pinus ponderosa – Calamagrostis rubescens",11
-937993444,"PP  dh 1 /06","AtAct – Snowberry – Horsetail","Populus tremuloides – Populus trichocarpa – Symphoricarpos albus",11
-937902033,"IDF dk 5 /Ro01.1","Selaginella – Bluebunch wheatgrass – Sidewalk moss","Selaginella densa – Pseudoroegneria spicata – Tortula ruralis",11
-937654081,"ESSFdc 1 /101","BlSe – Rhododendron – Valerian","Abies lasiocarpa – Picea engelmannii – Rhododendron albiflorum – Valeriana sitchensis",11
-935670075,"ESSFwh 2 /Fl01","Mountain alder – Common horsetail","Alnus incana – Equisetum arvense",11
-934905849,"ESSFxv 2 /03","BlPa – Kinnikinnick","Abies lasiocarpa – Pinus albicaulis – Arctostaphylos uva-ursi",11
-932118400,"ESSFwm 1 /Wm01","Beaked sedge – Water sedge","Carex utriculata – Carex aquatilis",11
-931767751,"MS  dw   /Vh10","Fireweed – Grouseberry","Chamerion angustifolium – Vaccinium scoparium",11
-929863296,"BG  xw 2 /Wm03","Awned sedge","Carex atherodes",11
-928799833,"IDF dm 2 /Rt01","Rocktripe – Green map","Umbilicaria sp. – Rhizocarpon geographicum",11
-926428550,"ESSFwh 3 /Vh11","Fireweed – Yarrow – Strawberry","Chamerion angustifolium – Achillea millefolium – Fragaria virginiana",11
-925771685,"CWH vm 2 /07","BaCw – Salmonberry","Abies amabilis – Thuja plicata – Rubus spectabilis",11
-919034709,"IDF xh 2 /06","Fd – Feathermoss","Pseudotsuga menziesii – Pleurozium schreberi",11
-918262462,"MS  dw   /Rt02","Rock moss – Clad lichen","Racomitrium spp. – Cladonia spp.",11
-913109099,"MS  xk 1 /Ws04","Drummond's willow – Beaked sedge","Salix drummondiana – Carex utriculata",11
-912223195,"ESSFdkw  /Vs13","Huckleberry – Bear-grass – Fireweed","Vaccinium membranaceum – Xerophyllum tenax – Chamerion angustifolium",11
-911667003,"ESSFdcw  /Rt01","Rocktripe – Green map","Umbilicaria sp. – Rhizocarpon geographicum",11
-909919230,"CWH vm 2 /06","HwBa – Deer fern","Tsuga heterophylla – Abies amabilis – Blechnum spicant",11
-909901244,"IDF dk 5 /Ro01.2","Selaginella – Sidewalk moss","Selaginella densa – Tortula ruralis",11
-909367073,"CWH ms 2 /06","BaCw – Devil's club","Abies amabilis – Thuja plicata – Oplopanax horridus",11
-909062423,"ESSFvc   /04","BlHm – Devil's club – Lady fern","Abies lasiocarpa – Tsuga mertensiana – Oplopanax horridus",11
-908298807,"ESSFdk 2 /Rt07.1","Aspen – Juniper – Rocktripe","Populus tremuloides – Juniperus communis –  Umbilicaria sp.",11
-905736174,"ESSFmh   /Rt03","Raspberry – Feathermoss – Clad lichen","Rubus idaeus – Pleurozium schreberi – Cladonia spp.",11
-905505492,"SBS mm   /02","Pl – Huckleberry – Cladonia","Pinus contorta – Vaccinium membranaceum – Cladonia spp.",11
-901352851,"ESSFwm 3 /104","Bl – Rhododendron – Huckleberry – Heron's-bill moss","Abies lasiocarpa – Rhododendron albiflorum – Vaccinium membranaceum – Dicranum spp.",11
-900060919,"ESSFmv 4 /01","Bl – Rhododendron – Feathermoss","Abies lasiocarpa – Rhododendron albiflorum – Pleurozium schreberi",11
-900031432,"IDF xh 1 /09","Willow – Sedge","Salix spp. – Carex spp.",11
-899643915,"CWH vh 2 /13a","CwSs – Skunk cabbage; Mineral","Thuja plicata – Picea sitchensis – Lysichiton americanus",11
-893781867,"ESSFdk 1 /Vh02.1","Valerian – Hellebore – Fireweed","Valeriana sitchensis – Veratrum viride – Chamerion angustifolium",11
-893650394,"ICH xw   /Rt08","Aspen – Douglas maple – Saskatoon","Populus tremuloides – Acer glabrum – Amelanchier alnifolia",11
-893263422,"ESSFwk 1 /04","Bl – Twinberry – Lady fern","Abies lasiocarpa – Lonicera involucrata – Athyrium filix-femina",11
-893045843,"ESSFwcw  /104.2","Bl – Mountain-heather – Partridge-foot ","Abies lasiocarpa – Cassiope mertensiana – Luetkea pectinata",11
-888915260,"MS  dk   /Fm02","Cottonwood – Spruce – Dogwood","Populus balsamifera – Picea sp. – Alnus incana – Cornus sericea",11
-887641894,"ICH xw  a/Ro09.2","Saskatoon – Poverty oatgrass – Rock moss – Clad lichen","Amelanchier alnifolia – Danthonia spicata – Racomitrium spp. – Cladonia spp.",11
-887259727,"SBS mk 1 /Wm01","Beaked sedge – Water sedge","Carex utriculata – Carex aquatilis",11
-884825302,"SBS wk 2 /02","Pl – Huckleberry – Cladina","Pinus contorta – Vaccinium membranaceum – Cladina spp.",11
-884140884,"ESSFmm 3 /111","BlSe – Valerian – Leafy liverwort","Abies lasiocarpa –  Picea engelmannii – Valeriana sitchensis – Barbilophozia lycopodioides",11
-883597676,"ESSFmh   /105","BlCwLw – Queen's cup","Abies lasiocarpa – Thuja plicata – Larix occidentalis – Clintonia uniflora",11
-882814416,"SBPSxc   /Wm10","Northern mannagrass","Glyceria borealis",11
-881796983,"SBPSmk   /Wm02","Swamp horsetail – Beaked sedge","Equisetum fluviatile – Carex utriculata",11
-881053267,"ESSFxc 2 /Wf03","Water sedge – Peat moss","Carex aquatilis – Sphagnum spp.",11
-880331508,"ESSFdk 1 /Rt07","Aspen – Juniper – Rocktripe","Populus tremuloides – Juniperus communis –  Umbilicaria sp.",11
-880170568,"ESSFdc 1 /Ro10","Huckleberry – Rock moss – Haircap moss","Vaccinium membranaceum – Racomitrium spp. – Polytrichum sp.",11
-877672009,"MS  dm 1 /02","Fd – Penstemon – Pinegrass","Pseudotsuga menziesii – Penstemon procerus – Calamagrostis rubescens",11
-877414740,"IDF dm 2 /Ga01.2","Alkali saltgrass – Spartina","Distichlis spicata var. stricta – Spartina gracilis",11
-876955886,"BWBSmk   /103","SwPl – Soopolallie – Fuzzy-spiked wildrye","Picea glauca – Pinus contorta – Shepherdia canadensis – Leymus innovatus",11
-874858439,"SBS wk 3a/02","Pl – Huckleberry – Cladina","Pinus contorta – Vaccinium membranaceum – Cladina spp.",11
-874441721,"IDF xw   /03","FdPy – Western snowberry – Bluebunch wheatgrass","Pseudotsuga menziesii – Pinus ponderosa – Symphoricarpos occidentalis – Pseudoroegneria spicata",11
-874426397,"ESSFwc 4 /101","Bl – Rhododendron – Oak fern","Abies lasiocarpa – Rhododendron albiflorum – Gymnocarpium dryopteris",11
-873295247,"SBPSxc   /Wm13","Seaside arrow-grass","Triglochin maritima",11
-872719981,"MS  xk   /Ws04","Drummond's willow – Beaked sedge","Salix drummondiana – Carex utriculata",11
-871110021,"BWBSmw   /Wb05","Sb – Water sedge – Peat moss","Picea mariana – Carex aquatilis – Sphagnum spp.",11
-870372803,"ESSFmv 1 /01","Bl – Rhododendron – Feathermoss","Abies lasiocarpa – Rhododendron albiflorum – Pleurozium schreberi",11
-869726424,"MH  wh 1 /08","HmYc – Sphagnum","Tsuga mertensiana – Chamaecyparis nootkatensis - Sphagnum spp.",11
-868688594,"BWBSwk 2 /111","Sw – Currant – Horsetail","Picea glauca – Ribes triste – Equisetum arvense",11
-868357027,"CWH vh 3 /106a","CwSs – Sword fern; Mineral phase","Thuja plicata – Picea sitchensis – Polystichum munitum",11
-868344198,"ICH xw   /Rt01","Rocktripe – Green map","Umbilicaria sp. – Rhizocarpon geographicum",11
-867974767,"ESSFdkw  /Rt20","Spotted saxifrage – Clad lichen","Saxifraga bronchialis – Cladonia spp.",11
-866981978,"SBS wk 1 /Wf05","Slender sedge – Common hook moss","Carex lasiocarpa – Drepanocladus aduncus",11
-866671701,"ESSFdk 2 /112b","SeBl – Horsetail – Feathermoss; Swamp phase","Abies lasiocarpa – Picea engelmannii – Equisetum arvense – Pleurozium schreberi",11
-864558336,"SBS dw 3 /Wm02","Swamp horsetail – Beaked sedge","Equisetum fluviatile – Carex utriculata",11
-864367165,"IDF dk 1 /02","Fd – Snowberry – Bluebunch wheatgrass","Pseudotsuga menziesii – Symphoricarpos albus – Pseudoroegneria spicata",11
-864282127,"SBS mc 2 /01c","Sxw – Huckleberry; Submesic","Picea engelmannii x glauca – Vaccinium membranaceum",11
-861700053,"IDF xx 2 /Ga02","Nuttall's alkaligrass – Foxtail barley","Puccinellia nuttalliana – Hordeum jubatum",11
-861445913,"IDF xx 2 /Gg01","Bluebunch wheatgrass – Prairie sagewort – Junegrass","Pseudoroegneria spicata – Artemisia frigida – Koeleria macrantha",11
-858234446,"MS  dm 3w/Wf08","Shore sedge – Buckbean – Hook moss","Carex limosa – Menyanthes trifoliata – Drepanocladus spp.",11
-856634405,"IDF xm   /Gg04","Bluebunch wheatgrass – Junegrass – Pussytoes","Pseudoroegneria spicata – Koeleria macrantha – Antennaria sp.",11
-856320117,"ESSFwv   /08","Bl – Horsetail – Glow moss","Abies lasiocarpa – Equisetum arvense – Aulacomnium palustre",11
-854400817,"MS  xk 1 /Wm01","Beaked sedge – Water sedge","Carex utriculata – Carex aquatilis",11
-852670689,"CWH ds 1 /05","Cw – Solomon's-seal","Thuja plicata – Maianthemum racemosum",11
-851835846,"ESSFwc 4 /Wf12","Narrow-leaved cotton-grass – Marsh-marigold","Eriophorum angustifolium – Caltha leptosepala",11
-850351920,"ICH mw 5 /Fl02","Mountain alder – Red-osier dogwood – Lady fern","Alnus incana – Cornus sericea – Athyrium filix-femina",11
-849538100,"MS  dk   /Vs02","Sitka alder – Solomon's-seal","Alnus viridis ssp. sinuata – Maianthemum racemosum",11
-848159116,"SBS mh   /03","FdPl – Velvet-leaved blueberry – Cladonia","Pseudotsuga menziesii – Pinus contorta – Vaccinium myrtilloides – Cladonia spp.",11
-847954546,"ESSFwh 3 /Vh02.1","Valerian – Hellebore – Fireweed","Valeriana sitchensis – Veratrum viride – Chamerion angustifolium",11
-842893619,"ICH xw  a/Ws06","Sitka willow – Sitka sedge","Salix sitchensis – Carex sitchensis",11
-841785423,"MS  dk   /Wf08","Shore sedge – Buckbean – Hook moss","Carex limosa – Menyanthes trifoliata – Drepanocladus spp.",11
-841632056,"ESSFwm 3 /Vs10.1","Sitka willow – Cow-parsnip – Fireweed","Salix sitchensis – Heracleum maximum – Chamerion angustifolium",11
-840137629,"ESSFmh   /Vs01","Sitka alder – Lady fern","Alnus viridis ssp. sinuata – Athyrium filix-femina",11
-839443431,"ICH mw 2 /102","Fd(Pl) – Falsebox – Pinegrass","Pseudotsuga menziesii – Pinus contorta – Paxistima myrsinites – Calamagrostis rubescens",11
-839163062,"CDF mm   /14","Cw – Slough sedge","Thuja plicata – Carex obnupta",11
-838860009,"ESSFdk 1 /Rt01","Rocktripe – Green map","Umbilicaria sp. – Rhizocarpon geographicum",11
-838531281,"IDF xx 2 /Fm07","Aspen – Dogwood – Sarsaparilla","Populus tremuloides – Cornus sericea – Aralia nudicaulis",11
-838399976,"IDF dm 1 /03","FdPy – Bluebunch wheatgrass – Pinegrass","Pseudotsuga menziesii – Pinus ponderosa - Pseudoroegneria spicata - Calamagrostis rubescens",11
-837762152,"PP  xh 2 /07","Act – Water birch","Populus trichocarpa – Betula occidentalis",11
-836961276,"MH  wh 1 /02","HmYc – Mountain-heather","Tsuga mertensiana – Chamaecyparis nootkatensis - Cassiope mertensiana",11
-836266138,"ESSFdcw  /Wm01","Beaked sedge – Water sedge","Carex utriculata – Carex aquatilis",11
-836225201,"CWH vh 1 /11","CwYc – Goldthread","Thuja plicata – Chamaecyparis nootkatensis – Coptis aspleniifolia",11
-836205381,"ICH vc   /03a","Sx – Devil's club; Fluvial","Picea sp. x Picea sp. – Oplopanax horridus, Fluvial",11
-835457252,"ICH mw 4 /104.1","FdCw – Falsebox – Prince's pine","Pseudotsuga menziesii – Thuja plicata – Paxistima myrsinites – Chimaphila umbellata",11
-834212276,"ESSFdc 2 /07","Bl – Rhododendron – Valerian","Abies lasiocarpa – Rhododendron albiflorum – Valeriana sitchensis",11
-833514841,"ESSFdk 1 /110","BlSe – Azalea – Foamflower","Abies lasiocarpa – Picea engelmannii – Menziesia ferruginea – Tiarella trifoliata",11
-830922062,"ESSFxv 1 /Wf01","Water sedge – Beaked sedge","Carex aquatilis – Carex utriculata",11
-830636555,"IDF dk 5 /Ro02","Rocky Mountain juniper – Selaginella – Bluebunch wheatgrass","Juniperus scopulorum – Selaginella densa – Pseudoroegneria spicata",11
-827759482,"ICH mc 2 /01a$Atpw.2","$At – Pink wintergreen","Populus tremuloides – Pyrola asarifolia",11
-825587691,"ESSFmc   /08","Bl – Valerian – Sickle moss","Abies lasiocarpa – Valeriana sitchensis – Sanionia uncinata",11
-823619013,"ICH dw 4 /Wm01","Beaked sedge – Water sedge","Carex utriculata – Carex aquatilis",11
-822956045,"ESSFwh 1 /111a","SeBl – Horsetail – Canby's lovage; Riparian phase","Picea engelmannii – Abies lasiocarpa – Equisetum arvense – Ligusticum canbyi",11
-822322489,"ESSFwm 3 /Vs01.1","Sitka alder – Lady fern","Alnus viridis ssp. sinuata – Athyrium filix-femina – Dryopteris expansa",11
-821446401,"BG  xw 1 /03","Py – Bluebunch wheatgrass","Pinus ponderosa – Pseudoroegneria spicata",11
-820789842,"ESSFxv 1 /01","Bl – Arnica – Cladonia","Abies lasiocarpa – Arnica sp. – Cladonia spp.",11
-820630280,"ESSFwc 4 /Wm01","Beaked sedge – Water sedge","Carex utriculata – Carex aquatilis",11
-819259779,"ICH mk 4 /Ro09","Saskatoon – Rock moss – Clad lichen","Amelanchier alnifolia – Racomitrium spp. – Cladonia spp.",11
-817451351,"BG  xw 1 /01","Bluebunch wheatgrass – Junegrass","Pseudoroegneria spicata – Koeleria macrantha",11
-817140118,"SBS mw   /09","Sxw – Horsetail","Picea engelmannii x glauca – Equisetum arvense",11
-817096462,"ICH mc 2 /01a.1","Hw – Step moss; Mesic; Hw (Cw) Variation","Tsuga heterophylla – Hylocomium splendens – Tsuga heterophylla – Thuja plicata",11
-816286159,"SBS dk   /Wf07","Scrub birch – Buckbean – Shore sedge","Betula nana – Menyanthes trifoliata – Carex limosa",11
-813467429,"ESSFwm 1 /Wf13","Narrow-leaved cotton-grass – Shore sedge","Eriophorum angustifolium – Carex limosa",11
-811103162,"ESSFwcw  /Vs01","Sitka alder – Lady fern","Alnus viridis ssp. sinuata – Athyrium filix-femina",11
-810147515,"CWH ws 1 /10","Pl – Sphagnum","Pinus contorta – Sphagnum spp.",11
-807902552,"SBS mw   /11","Pl – Huckleberry – Knight's plume","Pinus contorta – Vaccinium membranaceum – Ptilium crista-castrensis",11
-807644143,"ICH wk 2 /08","CwSxw – Skunk cabbage","Thuja plicata – Picea engelmannii x glauca – Lysichiton americanus",11
-805300188,"SBS mk 1 /09a","Sxw – Horsetail; Fluvial","Picea engelmannii x glauca – Equisetum arvense",11
-804752872,"ICH mk 4 /Wm05","Cattail","Typha latifolia",11
-803186702,"SBPSdc   /01","Pl – Juniper – Feathermoss","Pinus contorta – Juniperus communis – Pleurozium schreberi",11
-802451552,"ESSFdcw  /Vh10","Fireweed – Grouseberry","Chamerion angustifolium – Vaccinium scoparium",11
-802146323,"BG  xh 2 /03","Py – Red three-awn","Pinus ponderosa – Aristida purpurea",11
-800006051,"SBS wk 3 /07","Sxw – Devil's club","Picea engelmannii x glauca – Oplopanax horridus",11
-798628191,"ESSFdkw  /101.1","BlSe – Grouseberry – Leafy liverwort","Abies lasiocarpa – Picea engelmannii – Vaccinium scoparium – Barbilophozia lycopodioides",11
-796905673,"IDF dm 2 /Ga01.1","Alkali saltgrass","Distichlis spicata var. stricta",11
-796442625,"CWH mm 1 /Wf52","Sweet gale – Sitka sedge","Myrica gale – Carex sitchensis",11
-796184108,"IDF dk 1 /07","Willow – Sedge","Salix spp. – Carex spp.",11
-794475963,"CWH mm 1 /Wm09","Inflated sedge","Carex exsiccata",11
-788595837,"CWH vh 2 /01c","CwHw – Salal; Peaty","Thuja plicata – Tsuga heterophylla – Gaultheria shallon",11
-788208439,"ESSFwc 4 /103","Bl – Rhododendron – Huckleberry – Heron's-bill moss","Abies lasiocarpa – Rhododendron albiflorum – Vaccinium membranaceum – Dicranum spp.",11
-784299260,"ICH mw 2 /110","CwHw – Oak fern","Thuja plicata – Tsuga heterophylla – Gymnocarpium dryopteris",11
-783737681,"ICH xw   /Wf01","Water sedge – Beaked sedge","Carex aquatilis – Carex utriculata",11
-783692149,"ICH mc 2 /01a.2","Hw – Step moss; Mesic; BlSx Variation","Tsuga heterophylla – Hylocomium splendens – Abies lasiocarpa – Picea sp. x Picea sp.",11
-782436772,"CWH vm 1 /Wf50","Narrow-leaved cotton-grass – Peat moss","Eriophorum angustifolium – Sphagnum spp.",11
-782274496,"ESSFwh 1 /Vs01.1","Sitka alder – Lady fern","Alnus viridis ssp. sinuata – Athyrium filix-femina – Dryopteris expansa",11
-780693379,"SBS wk 1 /17","Sb – Skunk cabbage – Peat moss","Picea mariana – Lysichiton americanus – Sphagnum spp.",11
-780529627,"ICH mk 1 /01","CwSxw – Falsebox","Thuja plicata – Picea engelmannii x glauca – Paxistima myrsinites",11
-780178824,"SBS dw 2 /04","Fd – Pinegrass – Aster","Pseudotsuga menziesii – Calamagrostis rubescens – Aster spp.",11
-779831458,"ESSFdk 1 /Vs02","Sitka alder – Solomon's-seal","Alnus viridis ssp. sinuata – Maianthemum racemosum",11
-779130901,"BWBSwk 1 /110$6B.1","$AcbAt – Cow-parsnip","Populus balsamifera – Populus tremuloides – Heracleum maximum",11
-778984633,"ICH xw  a/Wm09","Inflated sedge","Carex exsiccata",11
-778268120,"MS  xk   /03","Bluebunch wheatgrass – Junegrass","Pseudoroegneria spicata – Koeleria macrantha",11
-777171409,"MS  dw   /Fl01","Mountain alder – Common horsetail","Alnus incana – Equisetum arvense",11
-772129780,"ICH mw 2 /Vh01","Cow-parsnip – Fireweed – Nettle","Heracleum maximum – Chamerion angustifolium – Urtica dioica",11
-770053166,"ICH wk 2 /05","SxwCw – Oak fern","Picea engelmannii x glauca – Thuja plicata – Gymnocarpium dryopteris",11
-770045700,"ESSFmk   /05","Bl – Devil's club – Lady fern","Abies lasiocarpa – Oplopanax horridus – Athyrium filix-femina",11
-769576464,"MS  dw   /Vs11","Thimbleberry – Cow-parsnip – Fireweed","Rubus parviflorus – Heracleum maximum – Chamerion angustifolium",11
-769272712,"MH  wh   /Wb53","Shore pine – Yellow-cedar – Tufted clubrush","Pinus contorta var. contorta – Chamaecyparis nootkatensis – Trichophorum cespitosum",11
-768218490,"ICH xw  a/Rt06","Mock-orange – Choke cherry – Saskatoon","Philadelphus lewisii – Prunus virginiana –  Amelanchier alnifolia ",11
-766655153,"ESSFmc   /06","Bl – Oak fern – Heron's-bill","Abies lasiocarpa – Gymnocarpium dryopteris – Dicranum spp.",11
-763847945,"ICH mw 3 /03","Fd – Pinegrass – Feathermoss","Pseudotsuga menziesii – Calamagrostis rubescens – Pleurozium schreberi",11
-763703947,"IDF xh 2 /04","FdPy – Bluebunch wheatgrass – Pinegrass","Pseudotsuga menziesii – Pinus ponderosa – Pseudoroegneria spicata – Calamagrostis rubescens",11
-763640916,"BWBSmw   /Wf18","Lt – Buckbean – Shore sedge","Larix laricina – Menyanthes trifoliata – Carex limosa",11
-761909520,"ESSFdcp  /Ro06","Juniper – Stonecrop – Sandwort","Juniperus communis – Sedum sp. – Eremogone capillaris",11
-761732990,"MS  dm 2 /Wf01","Water sedge – Beaked sedge","Carex aquatilis – Carex utriculata",11
-757936378,"IMA un   /Ag01","Timber oatgrass – Grouseberry – Sandwort","Danthonia intermedia – Vaccinium scoparium – Eremogone capillaris",11
-757904810,"ESSFdk 2 /Rt07.2","Juniper – Rocktripe","Juniperus communis –  Umbilicaria sp.",11
-755563189,"ESSFxv 1 /Wf08","Shore sedge – Buckbean – Hook moss","Carex limosa – Menyanthes trifoliata – Drepanocladus spp.",11
-754942694,"MS  xk   /Wm02","Swamp horsetail – Beaked sedge","Equisetum fluviatile – Carex utriculata",11
-753887971,"ICH wk 4 /01a","CwHw – Oak fern; Typic","Thuja plicata – Tsuga heterophylla – Gymnocarpium dryopteris",11
-753180745,"ESSFwm 1 /Rt21","Subalpine larch – Pink mountain-heather – Heron's-bill","Larix lyallii – Phyllodoce empetriformis –  Dicranum spp.",11
-750955312,"SBPSmk   /04","Pl – Pinegrass – Feathermoss","Pinus contorta – Calamagrostis rubescens – Pleurozium schreberi",11
-749266031,"IDF dk 3 /06","Fd – Pinegrass – Aster","Pseudotsuga menziesii – Calamagrostis rubescens – Aster spp.",11
-743577490,"SBS dk   /09","Sb – Creeping-snowberry – Sphagnum","Picea mariana – Gaultheria hispidula – Sphagnum spp.",11
-741411910,"ICH dw 1 /Fl02","Mountain alder – Red-osier dogwood – Lady fern","Alnus incana – Cornus sericea – Athyrium filix-femina",11
-740845366,"ESSFwm 2 /Rt21","Subalpine larch – Pink mountain-heather – Heron's-bill","Larix lyallii – Phyllodoce empetriformis –  Dicranum spp.",11
-740380748,"SBS dw 3 /12","Sb – Common horsetail – Peat moss","Picea mariana – Equisetum arvense – Sphagnum spp.",11
-738650885,"IDF xk   /Wm01","Beaked sedge – Water sedge","Carex utriculata – Carex aquatilis",11
-737421383,"ESSFwv   /02","BlPl – Cladonia","Abies lasiocarpa – Pinus contorta – Cladonia spp.",11
-737302525,"ICH xw   /104","Fd(Py) – Douglas maple – Pinegrass","Pseudotsuga menziesii – Pinus ponderosa – Acer glabrum – Calamagrostis rubescens",11
-737274267,"ICH xw  a/Fl06","Sandbar willow – Scouring-rush","Salix interior – Equisetum hyemale",11
-735902392,"CWH mm 1 /10","Act – Willow","Populus trichocarpa – Salix spp.",11
-734218693,"ESSFdk 1 /Wf04","Barclay's willow – Water sedge – Glow moss","Salix barclayi – Carex aquatilis – Aulacomnium palustre",11
-732300414,"ESSFwcw  /Ro11","Grouseberry – Clad lichen","Vaccinium scoparium – Cladonia spp.",11
-731907024,"IDF xm   /Ws05","Maccalla's willow – Beaked sedge","Salix maccalliana – Carex utriculata",11
-729443674,"ICH dh   /Fm02","Cottonwood – Spruce – Dogwood","Populus balsamifera – Picea sp. – Alnus incana – Cornus sericea",11
-727298635,"CWH vm 1 /10","Act – Red-osier dogwood","Populus trichocarpa – Cornus sericea",11
-725629745,"ICH mw 2 /Vs01.2","Sitka alder – Spiny wood fern","Alnus viridis ssp. sinuata – Dryopteris expansa",11
-724967988,"ICH xw  a/Ro09","Saskatoon – Rock moss – Clad lichen","Amelanchier alnifolia – Racomitrium spp. – Cladonia spp.",11
-724680715,"ICH mk 4 /Rt07.1","Aspen – Juniper – Rocktripe","Populus tremuloides – Juniperus communis –  Umbilicaria sp.",11
-722380697,"ICH mc 1 /06","Hw – Azalea – Skunk cabbage","Tsuga heterophylla – Menziesia ferrunginea – Lysichiton americanus",11
-722332092,"ESSFwm 2 /Wf11","Tufted clubrush – Star moss","Trichophorum cespitosum – Campylium stellatum",11
-722270866,"MS  dw   /Rt07.1","Aspen – Juniper – Rocktripe","Populus tremuloides – Juniperus communis –  Umbilicaria sp.",11
-721923919,"IDF xk   /Gg01","Bluebunch wheatgrass – Prairie sagewort – Junegrass","Pseudoroegneria spicata – Artemisia frigida – Koeleria macrantha",11
-719219009,"ESSFwcw  /Wm16","Bluejoint – Arrow-leaved groundsel","Calamagrostis canadensis – Senecio triangularis",11
-714910897,"ESSFwm 2 /112b","SeBl – Horsetail – Canby's lovage; Swamp phase","Picea engelmannii – Abies lasiocarpa – Equisetum arvense – Ligusticum canbyi ",11
-711255898,"ICH vc   /Wf51","Sitka sedge – Peat moss","Carex sitchensis – Sphagnum spp.",11
-708866357,"ICH wk 4 /10","ActSxw – Red-osier dogwood","Populus trichocarpa – Picea engelmannii x glauca – Cornus sericea",11
-707333779,"ICH dh   /Rt03","Raspberry – Feathermoss – Clad lichen","Rubus idaeus – Pleurozium schreberi – Cladonia spp.",11
-707184995,"ICH mk 1 /07","Sxw – Horsetail","Picea engelmannii x glauca – Equisetum arvense",11
-706855039,"SBPSxc   /02c","Pl – Kinnikinnick – Cladonia; Shallow","Pinus contorta – Arctostaphylos uva-ursi – Cladonia spp.",11
-705327218,"MS  dk   /111b","SxwBl – Horsetail; Swamp phase","Picea engelmannii x glauca – Abies lasiocarpa –  Equisetum arvense",11
-704722456,"MS  dk   /Rt03","Raspberry – Feathermoss – Clad lichen","Rubus idaeus – Pleurozium schreberi – Cladonia spp.",11
-704208605,"ESSFwh 2 /Vs04","Sitka alder – Devil's club – Oak fern","Alnus viridis ssp. sinuata – Oplopanax horridus – Gymnocarpium dryopteris",11
-704152897,"BWBSdk   /Wb03","Sb – Lingonberry – Peat moss","Picea mariana – Vaccinium vitis-idaea – Sphagnum spp.",11
-703147617,"ESSFdc 1 /Ws04","Drummond's willow – Beaked sedge","Salix drummondiana – Carex utriculata",11
-702881690,"ESSFwm 4 /103.1","Bl – Azalea – Low bilberry","Abies lasiocarpa – Menziesia ferrunginea – Vaccinium myrtillus",11
-702518009,"IDF dk 5 /102","Fd – Juniper – Pinegrass ","Pseudotsuga menziesii – Juniperus communis – Calamagrostis rubescens",11
-700433060,"ICH dw 1 /Rt02","Rock moss – Clad lichen","Racomitrium spp. – Cladonia spp.",11
-699153871,"BWBSmw   /103","SwPl – Soopolallie – Fuzzy-spiked wildrye","Picea glauca – Pinus contorta – Shepherdia canadensis – Leymus innovatus",11
-698717273,"CWH vm 1 /Wb50","Labrador tea – Bog-laurel – Peat moss","Rhododendron groenlandicum – Kalmia microphylla – Sphagnum spp.",11
-697234233,"ESSFmk   /04","BlHm – Oak fern","Abies lasiocarpa – Tsuga mertensiana – Gymnocarpium dryopteris",11
-695289278,"IDF xx 2 /Rt01","Rocktripe – Green map","Umbilicaria sp. – Rhizocarpon geographicum",11
-694395085,"ICH mc 2 /07","CwSx – Horsetail – Skunk cabbage","Thuja plicata – Picea sp. x Picea sp. – Equisetum arvense – Lysichiton americanus",11
-693736440,"SBS wk 1 /04","SxwFd – Knight's plume","Picea engelmannii x glauca – Pseudotsuga menziesii – Ptilium crista-castrensis",11
-691268218,"CWH wm   /10","Pl – Sphagnum","Pinus contorta – Sphagnum spp.",11
-689340590,"ICH mc 2 /12","Sb – Skunk cabbage – Peat moss","Picea mariana – Lysichiton americanus – Sphagnum spp.",11
-686739458,"IDF dm 2 /Ro05","Juniper – Kinnikinnick – Penstemon","Juniperus communis – Arctostaphylos uva-ursi – Penstemon fruticosa",11
-686191793,"SBS vk   /Fl01","Mountain alder – Common horsetail","Alnus incana – Equisetum arvense",11
-685801933,"BG  xw 2 /101","Bluebunch wheatgrass – Junegrass – Pussytoes","Pseudoroegneria spicata – Koeleria macrantha – Antennaria spp.",11
-685197780,"BG  xw 1 /Wm06","Great bulrush","Schoenoplectus acutus",11
-683366575,"CWH vh 2 /16","Ss – Reedgrass","Picea sitchensis – Calamagrostis nutkaensis",11
-683072080,"ICH dw 4 /Fm04","Cottonwood – Redcedar – Dogwood – Lady fern ","Populus trichocarpa – Thuja plicata – Cornus sericea – Athyrium filix-femina",11
-679850978,"ICH mc 2 /01b$Atpw.1","$At – Pink wintergreen","Populus tremuloides – Pyrola asarifolia",11
-678182764,"IDF dk 5 /Ff01b","Water birch – Red-osier dogwood – Rose","Betula occidentalis – Cornus sericea – Rosa acicularis",11
-676866111,"BG  xh 3 /110","Fd – Bluebunch wheatgrass – Step moss","Pseudotsuga menziesii – Pseudoroegneria spicata – Hylocomium splendens",11
-676188745,"ICH mc 2 /05$Atlf","$At – Lady fern","Populus tremuloides – Athyrium filix-femina",11
-674374825,"BWBSmk   /Wf02","Scrub birch – Water sedge","Betula nana – Carex aquatilis",11
-673128660,"MS  dm 1 /03","Pl – Grouseberry – Cladonia","Pinus contorta – Vaccinium scoparium – Cladonia spp.",11
-672380041,"ESSFmh   /Fl05","Drummond's willow – Bluejoint","Salix drummondiana – Calamagrostis canadensis",11
-669020333,"PP  xh 2 /06","FdPy – Snowberry – Saskatoon","Pseudotsuga menziesii – Pinus ponderosa – Symphoricarpos albus – Amelanchier alnifolia",11
-667756223,"ICH dh   /Vs10.1","Sitka willow – Cow-parsnip – Fireweed","Salix sitchensis – Heracleum maximum – Chamerion angustifolium",11
-666632881,"MS  dm 3 /Wm02","Swamp horsetail – Beaked sedge","Equisetum fluviatile – Carex utriculata",11
-665541163,"SBS wk 3a/06","Sxw – Twinberry – Coltsfoot","Picea engelmannii x glauca – Lonicera involucrata – Petasites frigidus",11
-664911426,"SBS mc 3 /02","Pl – Juniper – Dwarf blueberry","Pinus contorta – Juniperus communis – Vaccinium caespitosum",11
-664899761,"IDF dk 4 /Wf01","Water sedge – Beaked sedge","Carex aquatilis – Carex utriculata",11
-664206106,"ICH mc 2 /08","SbSx – Scrub birch – Sedge","Picea mariana – Picea sp. x Picea sp. – Betula nana – Carex spp.",11
-661208927,"IDF dk 1 /Ws05","Maccalla's willow – Beaked sedge","Salix maccalliana – Carex utriculata",11
-660353033,"MS  dk   /112a","Sxw – Labrador tea – Peat moss; Riparian phase","Picea engelmannii x glauca – Rhododendron groenlandicum – Sphagnum spp.",11
-659897229,"ESSFwc 2 /07","Bl – Devil's club – Lady fern","Abies lasiocarpa – Oplopanax horridus – Athyrium filix-femina",11
-658594445,"MS  dk   /Fl01","Mountain alder – Common horsetail","Alnus incana – Equisetum arvense",11
-658168141,"MS  dw   /Ws06","Sitka willow – Sitka sedge","Salix sitchensis – Carex sitchensis",11
-657826706,"ICH vk 2 /10","Sb – Skunk cabbage – Peat moss","Picea mariana – Lysichiton americanus – Sphagnum spp.",11
-655559899,"ESSFwcw  /Ro10","Huckleberry – Rock moss – Haircap moss","Vaccinium membranaceum – Racomitrium spp. – Polytrichum sp.",11
-653272911,"CWH ws 1 /01a","HwBa – Bramble; Typic","Tsuga heterophylla – Abies amabilis – Rubus pedatus",11
-652797548,"ESSFwcw  /Ws08.2","Engelmann spruce – Subalpine fir – Horsetail – Canby's Lovage","Picea engelmannii x glauca – Abies lasiocarpa – Equisetum arvense – Ligusticum canbyii ",11
-652340565,"PP  dh 1 /01","Py – Bluebunch wheatgrass – Junegrass","Pinus ponderosa – Pseudoroegneria spicata – Koeleria macrantha",11
-651518423,"ICH wk 1 /05","CwHw – Devil's club – Lady fern","Thuja plicata – Tsuga heterophylla – Oplopanax horridus",11
-649359455,"IDF xk   /Wm04","Common spike-rush","Eleocharis palustris",11
-648762456,"ICH mw 5 /Ro10","Huckleberry – Rock moss – Haircap moss","Vaccinium membranaceum – Racomitrium spp. – Polytrichum sp.",11
-648577581,"CWH vh 3 /106c","CwSs – Sword fern; Limestone phase","Thuja plicata – Picea sitchensis – Polystichum munitum",11
-645411593,"ESSFwmw  /Gg14","Idaho fescue – Sulphur buckwheat – Sandwort","Festuca idahoensis – Eriogonum umbellatum – Eremigone capillaris",11
-641872696,"ICH mm   /02","CwSxw – Soopolallie","Thuja plicata – Picea engelmannii x glauca – Shepherdia canadensis",11
-641752017,"ESSFwm 2 /Wf04","Barclay's willow – Water sedge – Glow moss","Salix barclayi – Carex aquatilis – Aulacomnium palustre",11
-641566931,"BWBSwk 1 /Wf01","Water sedge – Beaked sedge","Carex aquatilis – Carex utriculata",11
-639542690,"ESSFmw 2 /Wf04","Barclay's willow – Water sedge – Glow moss","Salix barclayi – Carex aquatilis – Aulacomnium palustre",11
-637158494,"MS  dw   /Wm02","Swamp horsetail – Beaked sedge","Equisetum fluviatile – Carex utriculata",11
-636599969,"ESSFwh 2 /Vs11","Thimbleberry – Cow parsnip – Fireweed","Rubus parviflorus – Heracleum maximum – Chamerion angustifolium",11
-633955148,"ESSFmv 4 /04","Bl – Rhododendron – Horsetail","Abies lasiocarpa – Rhododendron albiflorum – Equisetum arvense",11
-630519655,"ESSFdkw  /Gg16","Rough fescue – Sulphur buckwheat – Sandwort","Festuca campestris – Eriogonum umbellatum –– Eremigone capillaris",11
-630232338,"ICH mw 4 /Gg11","Idaho fescue – Bluebunch wheatgrass – Junegrass","Festuca idahoensis – Pseudoroegneria spicata  – Koeleria macrantha",11
-629823068,"IDF dm 1 /07","Sxw – Horsetail","Picea engelmannii x glauca – Equisetum sp.",11
-628807941,"ICH mw 4 /Wm02","Swamp horsetail – Beaked sedge","Equisetum fluviatile – Carex utriculata",11
-628347709,"CWH ws 1 /04","BaCw – Oak fern","Abies amabilis – Thuja plicata – Gymnocarpium dryopteris",11
-627959416,"ESSFwm 4 /Wm16","Bluejoint – Arrow-leaved groundsel","Calamagrostis canadensis – Senecio triangularis",11
-626362482,"ESSFdk 1 /Wf13","Narrow-leaved cotton-grass – Shore sedge","Eriophorum angustifolium – Carex limosa",11
-623526201,"CWH vh 3 /117a","CwSs – Skunk cabbage; Mineral phase","Thuja plicata – Picea sitchensis – Lysichiton americanus",11
-623489036,"IDF dk 5 /Wm04","Common spike-rush","Eleocharis palustris",11
-620294964,"ESSFwmw  /Wm01","Beaked sedge – Water sedge","Carex utriculata – Carex aquatilis",11
-617826946,"ESSFxc 1 /Wm09","Inflated sedge","Carex exsiccata",11
-616779992,"ESSFdk 1 /Fl01","Mountain alder – Common horsetail","Alnus incana – Equisetum arvense",11
-616707925,"ESSFwmw  /Vh01.1","Cow-parsnip – Fireweed – Nettle","Heracleum maximum – Chamerion angustifolium – Urtica dioica",11
-616466891,"IDF dk 3 /02","Fd – Juniper – Kinnikinnick","Pseudotsuga menziesii – Juniperus communis – Arctostaphylos uva-ursi",11
-614279355,"SBPSdc   /Wf07","Scrub birch – Buckbean – Shore sedge","Betula nana – Menyanthes trifoliata – Carex limosa",11
-613742302,"ICH mw 4 /Wm01","Beaked sedge – Water sedge","Carex utriculata – Carex aquatilis",11
-612984441,"ICH wk 4 /Wm09","Inflated sedge","Carex exsiccata",11
-612469311,"CWH wm   /01b","HwSs – Blueberry; Lithic","Tsuga heterophylla – Picea sitchensis – Vaccinium alaskense",11
-612423266,"MS  dw   /Vs13","Huckleberry – Bear-grass – Fireweed","Vaccinium membranaceum – Xerophyllum tenax – Chamerion angustifolium",11
-611493815,"ICH vk 2 /01","CwHw – Devil's club – Lady fern","Thuja plicata – Tsuga heterophylla – Oplopanax horridus",11
-610490098,"ESSFmh   /Fl02","Mountain alder – Red-osier dogwood – Lady fern","Alnus incana – Cornus sericea – Athyrium filix-femina",11
-608690914,"CWH ws 1 /01b","HwBa – Bramble; Glaciofluvial","Tsuga heterophylla – Abies amabilis – Rubus pedatus",11
-607645466,"MS  dm 1 /08","Willow – Sedge","Salix spp. – Carex spp.",11
-604831210,"BG  xw 2 /Gg22b","Spreading needlegrass – Northern bedstraw; Forest Edge phase","Achnatherum richardsonii – Galium boreale",11
-604638518,"ESSFmc   /Wf13","Narrow-leaved cotton-grass – Shore sedge","Eriophorum angustifolium – Carex limosa",11
-603856002,"BG  xw 2 /Ff02","Snowberry – Prairie rose","Symphoricarpos albus – Rosa woodsii",11
-602505916,"IDF xx 2 /Ga01","Alkali saltgrass","Distichlis spicata var. stricta",11
-602324212,"SBS mc 1 /01c","Sxw – Huckleberry; Sand","Picea engelmannii x glauca – Vaccinium membranaceum",11
-599445321,"SBPSmc   /01a","Pl – Feathermoss – Cladina; Mesic","Pinus contorta – Pleurozium schreberi – Cladina spp.",11
-598796213,"MS  dm 3w/Wm01","Beaked sedge – Water sedge","Carex utriculata – Carex aquatilis",11
-597408394,"IDF dk 5 /Ff01","Water birch – Red-osier dogwood – Rose","Betula occidentalis – Cornus sericea – Rosa acicularis",11
-595923709,"MS  xv   /01","Pl – Grouseberry – Feathermoss","Pinus contorta – Vaccinium scoparium – Pleurozium schreberi",11
-594856697,"CWH vh 1 /19","Ss – Pacific crab apple","Picea sitchensis – Malus fusca",11
-594412070,"BG  xh 3 /Ff02","Snowberry – Prairie rose","Symphoricarpos albus – Rosa woodsii",11
-591454555,"ICH wk 3 /06","CwSxw – Devil's club – Horsetail","Thuja plicata – Picea engelmannii x glauca – Oplopanax horridus",11
-591277116,"ESSFwmw  /Rt20","Spotted saxifrage – Clad lichen","Saxifraga bronchialis – Cladonia spp.",11
-589778195,"ESSFwh 3 /Wf11","Tufted clubrush – Star moss","Trichophorum cespitosum – Campylium stellatum",11
-588327712,"ESSFdc 1 /111","Bl – Valerian – Foamflower","Abies lasiocarpa – Valeriana sitchensis – Tiarella trifoliata",11
-586936618,"ESSFwh 1 /Vh02","Valerian – Hellebore – Fireweed","Valeriana sitchensis – Veratrum viride – Chamerion angustifolium",11
-584643107,"BG  xh 3 /Ff01","Water birch – Red-osier dogwood – Rose","Betula occidentalis – Cornus sericea – Rosa acicularis",11
-584591582,"CWH ws 1 /11","CwSs – Skunk cabbage","Thuja plicata – Picea sitchensis – Lysichiton americanus",11
-584076035,"ICH xw   /Ro09.2","Saskatoon – Poverty oatgrass – Rock moss – Clad lichen","Amelanchier alnifolia – Danthonia spicata – Racomitrium spp. – Cladonia spp.",11
-583635163,"ICH mw 5 /Rt07","Aspen – Juniper – Rocktripe","Populus tremuloides – Juniperus communis –  Umbilicaria sp.",11
-583596210,"BG  xw 1 /Wm03","Awned sedge","Carex atherodes",11
-582949611,"ESSFxv 1 /09","Bl – Twinberry – Hellebore","Abies lasiocarpa – Lonicera involucrata – Veratrum viride",11
-581800576,"SBPSxc   /02b","Pl – Kinnikinnick – Cladonia; Sand","Pinus contorta – Arctostaphylos uva-ursi – Cladonia spp.",11
-580305206,"ICH mk 4 /101","CwSxw – Falsebox","Thuja plicata – Picea engelmannii x glauca – Paxistima myrsinites",11
-579791392,"ESSFwm 2 /Vs01.1","Sitka alder – Lady fern","Alnus viridis ssp. sinuata – Athyrium filix-femina – Dryopteris expansa",11
-579305523,"BG  xh 3 /Rt04b","Saskatoon – Bluebunch wheatgrass [Big sagebrush]; Warm phase","Amelanchier alnifolia – Pseudoroegneria spicata",11
-579029147,"ICH mw 4 /Fl04","Sitka willow – Red-osier dogwood – Horsetail","Salix sitchensis – Cornus sericea – Equisetum arvense",11
-578296093,"ESSFwh 3 /Wf13","Narrow-leaved cotton-grass – Shore sedge","Eriophorum angustifolium – Carex limosa",11
-576687107,"IDF xh 1 /06","FdPy – Spirea – Feathermoss","Pseudotsuga menziesii – Pinus ponderosa – Spiraea betulifolia – Pleurozium schreberi",11
-572401421,"ESSFmh   /Ro09","Saskatoon – Rock moss – Clad lichen","Amelanchier alnifolia – Racomitrium spp. – Cladonia spp.",11
-571987247,"ESSFwmw  /Vh02","Valerian – Hellebore – Fireweed","Valeriana sitchensis – Veratrum viride – Chamerion angustifolium",11
-569258014,"ESSFxv 2 /Wf03","Water sedge – Peat moss","Carex aquatilis – Sphagnum spp.",11
-566641695,"IDF xh 1 /02","FdPy – Bluebunch wheatgrass – Balsamroot","Pseudotsuga menziesii – Pinus ponderosa – Pseudoroegneria spicata – Balsamorhiza sagittata",11
-564992753,"ESSFwm 3 /Vh01.1","Cow-parsnip – Fireweed – Nettle","Heracleum maximum – Chamerion angustifolium – Urtica dioica",11
-564724548,"MS  dc 2 /Wf02","Scrub birch – Water sedge","Betula nana – Carex aquatilis",11
-563278853,"MS  dk   /Ws07.1","Spruce – Common horsetail – Leafy moss","Picea engelmannii x glauca – Equisetum arvense – Carex disperma – Rhizomnium sp.",11
-562757220,"ICH mk 4 /Vh03","Ladyfern – Hellebore – Valerian","Athyrium filix-femina – Veratrum viride – Valeriana sitchensis",11
-562661879,"ICH dw 1 /Wf05","Slender sedge – Common hook moss","Carex lasiocarpa – Drepanocladus aduncus",11
-561467246,"CWH dm   /08","Ss -Salmonberry","Picea sitchensis – Rubus spectabilis",11
-561354519,"IDF ww   /01","FdCw – Hazelnut","Pseudotsuga menziesii – Thuja plicata – Corylus cornuta",11
-560293817,"SBPSdc   /03a","Pl – Kinnikinnick – Feathermoss; Typic","Pinus contorta – Arctostaphylos uva-ursi – Pleurozium schreberi",11
-558770819,"ICH vc   /51","$Sitka alder – Devil's club","Alnus alnobetula ssp. sinuata – Oplopanax horridus",11
-558466721,"SBS dw 3 /11","Sb – Water sedge – Peat moss","Picea mariana – Carex aquatilis – Sphagnum spp.",11
-555517953,"IDF dk 1 /06","Sxw – Horsetail","Picea engelmannii x glauca – Equisetum arvense",11
-552955031,"ICH mk 4 /102b","Fd – Snowberry – Oregon-grape; Subxeric phase","Pseudotsuga menziesii – Symphoricarpos albus – Berberis aquifolium",11
-548740456,"ICH xw  a/Rt02","Rock moss – Clad lichen","Racomitrium spp. – Cladonia spp.",11
-548016572,"SBS wk 1 /Wf08","Shore sedge – Buckbean – Hook moss","Carex limosa – Menyanthes trifoliata – Drepanocladus spp.",11
-547005876,"ICH dh   /Vs13","Huckleberry – Beargrass – Fireweed","Vaccinium membranaceum – Xerophyllum tenax – Chamerion angustifolium",11
-545910059,"BWBSmw   /101","Sw – Trailing raspberry – Step moss","Picea glauca – Rubus pubescens – Hylocomium splendens",11
-542400015,"ESSFwh 3 /Fl01","Mountain alder – Common horsetail","Alnus incana – Equisetum arvense",11
-542251437,"SBS mk 1 /05","SxwFd – Toad-flax","Picea engelmannii x glauca – Pseudotsuga menziesii – Geocaulon lividum",11
-542070556,"ESSFmc   /07","Bl – Devil's club – Lady fern","Abies lasiocarpa – Oplopanax horridus – Athyrium filix-femina",11
-541720303,"MS  mw 2 /Fl05","Drummond's willow – Bluejoint","Salix drummondiana – Calamagrostis canadensis",11
-541092990,"SBPSxc   /02","Pl – Kinnikinnick – Cladonia","Pinus contorta – Arctostaphylos uva-ursi – Cladonia spp.",11
-541041425,"ICH dw 1 /Fm04","Cottonwood – Redcedar – Dogwood – Lady fern ","Populus trichocarpa – Thuja plicata – Cornus sericea – Athyrium filix-femina",11
-540990815,"ICH mc 2 /05","Sx – Devil's club – Lady fern","Picea sp. x Picea sp. – Oplopanax horridus – Athyrium filix-femina",11
-540470045,"ICH mc 1 /Wm01","Beaked sedge – Water sedge","Carex utriculata – Carex aquatilis",11
-539684127,"ESSFdk 1 /Wf12","Narrow-leaved cotton-grass – Marsh-marigold","Eriophorum angustifolium – Caltha leptosepala",11
-537077836,"ESSFwh 2 /Vs13","Huckleberry – Beargrass – Fireweed","Vaccinium membranaceum – Xerophyllum tenax – Chamerion angustifolium",11
-536640237,"SBPSxc   /Sc02","Grey-leaved willow – Glow moss","Salix glauca – Aulacomnium palustre",11
-535856510,"IDF dk 3 /Wm13","Seaside arrow-grass","Triglochin maritima",11
-535005587,"CWH vh 2 /Wf51","Sitka sedge – Peat moss","Carex sitchensis – Sphagnum spp.",11
-534619431,"ESSFwh 3 /Vs01.2","Sitka alder – Spiny wood fern","Alnus viridis ssp. sinuata – Dryopteris expansa",11
-530442347,"ESSFmw 1 /Wf04","Barclay's willow – Water sedge – Glow moss","Salix barclayi – Carex aquatilis – Aulacomnium palustre",11
-528070737,"ESSFwmw  /Rt01","Rocktripe – Green map","Umbilicaria sp. – Rhizocarpon geographicum",11
-527924380,"MS  dc 2 /03","FdBl – Soopolallie – Kinnikinnick","Pseudotsuga menziesii – Abies lasiocarpa – Shepherdia canadensis – Arctostaphylos uva-ursi",11
-527401173,"ESSFmh   /Rt07","Aspen – Juniper – Rocktripe","Populus tremuloides – Juniperus communis –  Umbilicaria sp.",11
-525654487,"BWBSmw   /111$6B.2","$At – Cow-parsnip – Meadowrue","Populus tremuloides – Heracleum maximum – Thalictrum occidentale",11
-525329835,"ICH xw  a/Wf05","Slender sedge – Common hook moss","Carex lasiocarpa – Drepanocladus aduncus",11
-524909882,"MS  xk 1 /Wf02","Scrub birch – Water sedge","Betula nana – Carex aquatilis",11
-524455649,"ICH mc 1a/01b","HwBa – Bramble; Submesic","Tsuga heterophylla – Abies amabilis – Rubus pedatus",11
-523155300,"SBS dk   /07$Atcv","$At – Canada violet","Populus tremuloides – Viola canadensis",11
-522290498,"BG  xh 1 /Wm05","Cattail","Typha latifolia",11
-519537890,"SBPSdc   /03","Pl – Kinnikinnick – Feathermoss","Pinus contorta – Arctostaphylos uva-ursi – Pleurozium schreberi",11
-517927829,"BG  xw 2 /114","At – Douglas maple – Western snowberry","Populus tremuloides –  Acer douglasii – Symphoricarpos occidentalis",11
-517759722,"IDF dk 3 /Wm01","Beaked sedge – Water sedge","Carex utriculata – Carex aquatilis",11
-517253454,"CWH xm 2 /09","Act – Red-osier dogwood","Populus trichocarpa – Cornus sericea",11
-515287845,"IDF dk 3 /Ws05","Maccalla's willow – Beaked sedge","Salix maccalliana – Carex utriculata",11
-515016246,"BWBSdk   /Fl01","Mountain alder – Common horsetail","Alnus incana – Equisetum arvense",11
-513286503,"SBS mm   /07","Sxw – Oak fern","Picea engelmannii x glauca – Gymnocarpium dryopteris",11
-511763211,"IDF xx 2 /Ga01.1","Alkali saltgrass","Distichlis spicata var. stricta",11
-511478422,"IDF xm   /07","Fd – Prickly rose – Sarsaparilla","Pseudotsuga menziesii – Rosa acicularis – Aralia nudicaulis",11
-511122572,"PP  xh 1 /07","FdPy – Snowberry – Spirea","Pseudotsuga menziesii – Pinus ponderosa – Symphoricarpos albus – Spiraea betulifolia",11
-510536158,"ICH mc 2 /03$Atpw","$At – Pink wintergreen","Populus tremuloides – Pyrola asarifolia",11
-509917920,"ESSFdkw  /101","BlSe – Grouseberry – Leafy liverwort","Abies lasiocarpa – Picea engelmannii – Vaccinium scoparium – Barbilophozia lycopodioides",11
-509839596,"ESSFwh 3 /Rt07.1","Aspen – Juniper – Rocktripe","Populus tremuloides – Juniperus communis –  Umbilicaria sp.",11
-508762608,"BG  xh 1 /07","Act – Water birch","Populus trichocarpa – Betula occidentalis",11
-507248470,"IDF xh 4 /04","SxwFd – Snowberry – Sarsaparilla","Picea engelmannii x glauca – Pseudotsuga menziesii – Symphoricarpos albus – Aralia nudicaulis",11
-505978616,"SBS dh 1 /06","SxwFd – Thimbleberry","Picea engelmannii x glauca – Pseudotsuga menziesii – Rubus parviflorus",11
-502957591,"ICH xw   /111","CwHw – Oak fern","Thuja plicata – Tsuga heterophylla – Gymnocarpium dryopteris",11
-501153599,"ICH mc 2 /01$Atpw.2","$At – Pink wintergreen","Populus tremuloides – Pyrola asarifolia",11
-499763945,"BWBSwk 2 /111$6B.1","$AcbAt – Cow-parsnip","Populus balsamifera – Populus tremuloides – Heracleum maximum",11
-499632681,"CWH wm   /03","SsHw – Oak fern","Picea sitchensis – Tsuga heterophylla – Gymnocarpium dryopteris",11
-498611721,"CDF mm   /Ws50","Hardhack – Sitka sedge","Spiraea douglasii ssp. menziesii – Carex sitchensis",11
-497589329,"IDF xh 2 /02","FdPy – Bluebunch wheatgrass – Rough fescue","Pseudotsuga menziesii – Pinus ponderosa – Pseudoroegneria spicata – Festuca campestris",11
-495997779,"MS  dm 1 /Ws06","Sitka willow – Sitka sedge","Salix sitchensis – Carex sitchensis",11
-495840832,"ICH xw  a/Gb05","Sumac – Bluebunch wheatgrass","Rhus glabra – Pseudoroegneria spicata",11
-494599655,"CWH vm 1 /06s","HwBa – Deer fern; Salal","Tsuga heterophylla – Abies amabilis – Blechnum spicant – Gaultheria shallon",11
-493466139,"CWH vh 3 /103 ","Ss – Salal  ","Picea sitchensis – Gaultheria shallon",11
-492386436,"ICH mc 2 /01b$Atss","$At – Saskatoon – Snowberry","Populus tremuloides – Amelanchier alnifolia – Symphoricarpos albus",11
-491805559,"BG  xw 2 /Gg22a","Spreading needlegrass – Northern bedstraw; Depression phase","Achnatherum richardsonii – Galium boreale",11
-491312335,"ICH mk 5 /102","Fd – Juniper – Douglas maple","Pseudotsuga menziesii – Juniperus communis – Acer glabrum",11
-489827299,"IDF dm 2 /Wm12","Woolly sedge","Carex pellita",11
-489529706,"IDF dm 2 /Rt08","Aspen – Douglas maple – Saskatoon","Populus tremuloides – Acer glabrum – Amelanchier alnifolia",11
-488822397,"ESSFmc   /Wm01","Beaked sedge – Water sedge","Carex utriculata – Carex aquatilis",11
-488487065,"BG  xh 2 /01","Big sage – Bluebunch wheatgrass","Artemisia tridentata ssp. tridentata – Pseudoroegneria spicata",11
-488146527,"BG  xw 1 /09","Salt grass – Sedge","Distichilis spicata – Carex spp.",11
-486365064,"ICH dw 1 /Fl06","Sandbar willow – Scouring-rush","Salix interior – Equisetum hyemale",11
-486295053,"IDF xx 2 /Fl03","Pacific willow – Red-osier dogwood – Horsetail","Salix lasiandra – Cornus sericea – Equisetum arvense",11
-484289840,"ESSFxc 1 /Wf11","Tufted clubrush – Star moss","Trichophorum cespitosum – Campylium stellatum",11
-482302710,"BG  xh 3 /Wm04","Common spike-rush","Eleocharis palustris",11
-482130834,"BWBSmk   /Wf01","Water sedge – Beaked sedge","Carex aquatilis – Carex utriculata",11
-475116058,"IDF xk /Ga02","Nuttall's alkaligrass – Foxtail barley","Puccinellia nuttalliana – Hordeum jubatum",11
-472491275,"SBS dk   /05","Sxw – Spirea – Feathermoss","Picea engelmannii x glauca – Spiraea betulifolia – Pleurozium schreberi",11
-472052527,"ESSFwc 3 /04","Pl – Few-flowered sedge – Peat moss","Pinus contorta – Carex pauciflora – Sphagnum spp.",11
-469620106,"BWBSdk   /Ro51","Juniper – Saskatoon – Kinnikinnick","Juniperus communis – Amelanchier alnifolia – Arctostaphylos uva-ursi",11
-465929303,"ESSFdk 2 /Ws03","Bebb's willow – Bluejoint","Salix bebbiana – Calamagrostis canadensis",11
-465292346,"ICH dw 4 /112","CwSxw – Skunk cabbage","Thuja plicata – Picea engelmannii x glauca – Lysichiton americanus",11
-464338560,"ICH mw 5 /Vh01.2","Cow-parsnip – Fireweed – Bluejoint","Heracleum maximum – Chamerion angustifolium – Calamagrostis canadensis",11
-463694919,"IDF xk   /Ff01b","Water birch – Red-osier dogwood – Rose","Betula occidentalis – Cornus sericea – Rosa acicularis",11
-462607265,"CWH vm 2 /03","HwCw – Salal","Tsuga heterophylla – Thuja plicata – Gaultheria shallon",11
-458881053,"PP  xh 1 /02","Py – Red three-awn","Pinus ponderosa – Aristida purpurea",11
-457213586,"ICH mk 4 /Wf02","Scrub birch – Water sedge","Betula nana – Carex aquatilis",11
-456511382,"ESSFdkw  /Vh02","Valerian – Hellebore – Fireweed","Valeriana sitchensis – Veratrum viride – Chamerion angustifolium",11
-455981438,"SBS vk   /01","Sxw – Devil's club","Picea engelmannii x glauca – Oplopanax horridus",11
-453219611,"ESSFwh 1 /Vh03","Ladyfern – Hellebore – Valerian","Athyrium filix-femina – Veratrum viride – Valeriana sitchensis",11
-453127675,"IDF dk 5 /Fl01","Mountain alder – Common horsetail","Alnus incana – Equisetum arvense",11
-452006412,"ESSFmh   /Vs10.1","Sitka willow – Cow-parsnip – Fireweed","Salix sitchensis – Heracleum maximum – Chamerion angustifolium",11
-450361556,"ESSFdkw  /103","BlSePa – Grouseberry","Abies lasiocarpa – Picea engelmannii – Pinus albicaulis – Vaccinium scoparium",11
-448122983,"SBPSmc   /06","Sxw – Horsetail – Glow moss","Picea engelmannii x glauca – Equisetum arvense – Aulacomnium palustre",11
-447149866,"ESSFdc 1 /Wm16","Bluejoint – Arrow-leaved groundsel","Calamagrostis canadensis – Senecio triangularis",11
-444547993,"ESSFdk 2 /Ro06","Juniper – Stonecrop – Sandwort","Juniperus communis – Sedum sp. – Eremogone capillaris",11
-443459250,"ESSFxc   /Wf03","Water sedge – Peat moss","Carex aquatilis – Sphagnum spp.",11
-442192313,"ESSFwv   /Ws02","Mountain alder – Pink spirea – Sitka sedge","Alnus incana – Spiraea douglasii ssp. menziesii – Carex sitchensis",11
-442049936,"ESSFwm 1 /103","Bl – Huckleberry – Falsebox","Abies lasiocarpa – Vaccinium membranaceum – Paxistima myrsinites",11
-441187384,"SBS dk   /Ws04","Drummond's willow – Beaked sedge","Salix drummondiana – Carex utriculata",11
-440086678,"ICH mw 5 /Ro09.1","Saskatoon – Rock moss – Clad lichen","Amelanchier alnifolia – Racomitrium spp. – Cladonia spp.",11
-438974730,"IDF ww   /02","FdPl – Peltigera","Pseudotsuga menziesii – Pinus contorta – Peltigera spp.",11
-437619137,"ICH xw   /113","CwSxw – Skunk cabbage","Thuja plicata – Picea engelmannii x glauca – Lysichiton americanus",11
-437306102,"ICH mw 4 /Vs10","Willow – Cow-parsnip – Fireweed","Salix sp. – Heracleum maximum – Chamerion angustifolium",11
-436238605,"ESSFwm 2 /Vs13","Huckleberry – Beargrass – Fireweed","Vaccinium membranaceum – Xerophyllum tenax – Chamerion angustifolium",11
-435204153,"ICH wk 1 /01","CwHw – Oak fern","Thuja plicata – Tsuga heterophylla – Gymnocarpium dryopteris",11
-433721048,"ICH wk 3 /01","CwHw – Oak fern","Thuja plicata – Tsuga heterophylla – Gymnocarpium dryopteris",11
-433395771,"MS  dw   /Wm01","Beaked sedge – Water sedge","Carex utriculata – Carex aquatilis",11
-432513523,"CWH wh 1 /110a","CwHw – Salal – Deer fern; Podzolic phase","Thuja plicata – Tsuga heterophylla – Gaultheria shallon",11
-431748239,"ESSFmc   /Wf01","Water sedge – Beaked sedge","Carex aquatilis – Carex utriculata",11
-431475164,"ICH mc 2 /01a$Atss.1","$At – Saskatoon – Snowberry","Populus tremuloides – Amelanchier alnifolia – Symphoricarpos albus",11
-429479988,"ICH mc 2 /01$Atss.2","$At – Saskatoon – Snowberry","Populus tremuloides – Amelanchier alnifolia – Symphoricarpos albus",11
-428707706,"MS  dk   /Vs14","Saskatoon – Snowberry – Strawberry","Amelanchier alnifolia – Symphoricarpos albus – Fragaria sp.",11
-428393513,"PP  xh 2 /02","FdPy – Bluebunch wheatgrass – Selaginella","Pseudotsuga menziesii – Pinus ponderosa – Pseudoroegneria spicata – Selaginella densa",11
-427715726,"ESSFdc 3 /Wf11","Tufted clubrush – Star moss","Trichophorum cespitosum – Campylium stellatum",11
-427114317,"CWH vm 1 /06a","HwBa – Deer fern; Mineral","Tsuga heterophylla – Abies amabilis – Blechnum spicant",11
-424837082,"MS  dk   /Fl05","Drummond's willow – Bluejoint","Salix drummondiana – Calamagrostis canadensis",11
-423285431,"ESSFmh   /Vs01.2","Sitka alder – Spiny wood fern","Alnus viridis ssp. sinuata – Dryopteris expansa",11
-422249153,"IDF ww   /03","Fd – Falsebox – Feathermoss","Pseudotsuga menziesii – Paxistima myrsinites – Pleurozium schreberi",11
-421591163,"ESSFvv   /02","Bl – Huckleberry – Mountain liverwort","Abies lasiocarpa – Vaccinium membranaceum – Neoorthocaulis floerkei",11
-420836931,"ESSFwc 4 /Wf11","Tufted clubrush – Star moss","Trichophorum cespitosum – Campylium stellatum",11
-419547441,"ESSFwm 4 /Vs10","Willow – Cow-parsnip – Fireweed","Salix sp. – Heracleum maximum – Chamerion angustifolium",11
-417091975,"MS  dm 3 /Wf08","Shore sedge – Buckbean – Hook moss","Carex limosa – Menyanthes trifoliata – Drepanocladus spp.",11
-415593521,"ICH wk 4 /06","Sxw – Twinberry – Oak fern","Picea engelmannii x glauca – Lonicera involucrata – Gymnocarpium dryopteris",11
-415420449,"CWH xm 1 /14","Cw – Black twinberry","Thuja plicata – Lonicera involucrata",11
-414946548,"ESSFwh 2 /Wm16","Bluejoint – Arrow-leaved groundsel","Calamagrostis canadensis – Senecio triangularis",11
-413717453,"CWH ws 2 /07","Ss – Salmonberry","Picea sitchensis – Rubus spectabilis",11
-413528967,"SBS vk   /13","Sb – Skunk cabbage – Peat moss","Picea mariana – Lysichiton americanus – Sphagnum spp.",11
-412710238,"BWBSmw   /Wb03","Sb – Lingonberry – Peat moss","Picea mariana – Vaccinium vitis-idaea – Sphagnum spp.",11
-412338756,"ESSFwm 4 /Wf1","Narrow-leaved cotton-grass – Marsh-marigold","Eriophorum angustifolium – Caltha leptosepala",11
-410864924,"CWH vh 1 /12","PlYc – Sphagnum","Pinus contorta – Chamaecyparis nootkatensis – Sphagnum spp.",11
-409917366,"ICH mw 2 /Wm01","Beaked sedge – Water sedge","Carex utriculata – Carex aquatilis",11
-408678813,"IDF dk 5 /Wf01","Water sedge – Beaked sedge","Carex aquatilis – Carex utriculata",11
-407986801,"ICH xw  a/Rt08","Aspen – Douglas maple – Saskatoon","Populus tremuloides – Acer glabrum – Amelanchier alnifolia",11
-407792641,"SBS mk 2 /Fl02","Mountain alder – Red-osier dogwood – Horsetail","Alnus incana – Cornus sericea – Athyrium filix-femina",11
-405286058,"ESSFwmw  /Vs10","Willow – Cow-parsnip – Fireweed","Salix sp. – Heracleum maximum – Chamerion angustifolium",11
-404736256,"ICH wk 3 /09","CwSxw – Skunk cabbage","Thuja plicata – Picea engelmannii x glauca – Lysichiton americanus",11
-404553659,"ESSFdkp  /Gg14","Idaho fescue – Sulphur buckwheat – Sandwort","Festuca idahoensis – Eriogonum umbellatum – Eremigone capillaris",11
-404136754,"SBS dw 1 /09","Sxw – Horsetail – Glow moss","Picea engelmannii x glauca – Equisetum arvense – Aulacomnium palustre",11
-401528379,"IDF dm 2 /Fl05","Drummond's willow – Bluejoint","Salix drummondiana – Calamagrostis canadensis",11
-400876407,"ICH mw 5 /Rt01","Rocktripe – Green map","Umbilicaria sp. – Rhizocarpon geographicum",11
-399647508,"BWBSdk   /Wf14","Tea-leaved willow – Water sedge – Glow moss","Salix planifolia – Carex aquatilis – Aulacomnium palustre",11
-399600296,"IDF dk 4 /09","Sxw – Feathermoss – Brachythecium","Picea engelmannii x glauca – Pleurozium schreberi – Brachythecium spp.",11
-398840403,"IDF xm   /06","Fd – Ricegrass – Feathermoss","Pseudotsuga menziesii – Oryzopsis asperifolia – Pleurozium schreberi",11
-395120407,"CWH wh 1 /111b","CwSs – Foamflower; Alluvial fan phase","Thuja plicata – Picea sitchensis – Tiarella trifoliata",11
-394893894,"SBS dw 2 /02","FdPl – Cladonia","Pseudotsuga menziesii – Pinus contorta – Cladonia spp.",11
-394444872,"ESSFwh 1 /111b","SeBl – Horsetail – Canby's lovage; Swamp phase","Picea engelmannii – Abies lasiocarpa – Equisetum arvense – Ligusticum canbyi ",11
-394403159,"SBPSdc   /08","Sxw – Horsetail – Glow moss","Picea engelmannii x glauca – Equisetum arvense – Aulacomnium palustre",11
-392169472,"MS  xk   /Wf01","Water sedge – Beaked sedge","Carex aquatilis – Carex utriculata",11
-391671141,"IDF dk 5 /Wm07","Baltic rush","Juncus balticus",11
-391275420,"ESSFwm 4 /Vs10.1","Sitka willow – Cow-parsnip – Fireweed","Salix sitchensis – Heracleum maximum – Chamerion angustifolium",11
-390337295,"IDF mw 1 /06","Cw – Devil's club – Foamflower","Thuja plicata – Oplopanax horridus – Tiarella trifoliata",11
-387595399,"ESSFxv 1 /05","BlPa – Arnica – Twinflower","Abies lasiocarpa – Pinus albicaulis – Arnica sp. – Linnaea borealis",11
-387346244,"ICH dw 4 /Ro09.2","Saskatoon – Poverty oatgrass – Rock moss – Clad lichen","Amelanchier alnifolia – Danthonia spicata – Racomitrium spp. – Cladonia spp.",11
-386068856,"ESSFwh 3 /Rt01","Rocktripe – Green map","Umbilicaria sp. – Rhizocarpon geographicum",11
-385335206,"ESSFmh   /Wf12","Narrow-leaved cotton-grass – Marsh-marigold","Eriophorum angustifolium – Caltha leptosepala",11
-385085082,"BWBSwk 1 /103","SwPl – Soopollalie – Showy aster","Picea glauca – Pinus contorta – Shepherdia canadensis – Eurybia conspicua",11
-381361607,"ESSFmh   /Wm16","Bluejoint – Arrow-leaved groundsel","Calamagrostis canadensis – Senecio triangularis",11
-377681886,"SBS mk 2 /Wf10","Hudson Bay clubrush – Red hook moss","Trichophorum alpinum – Scorpidium revolvens",11
-374669064,"BG  xw 2 /101a","Bluebunch wheatgrass – Junegrass – Pussytoes; Typic phase","Pseudoroegneria spicata – Koeleria macrantha – Antennaria spp.",11
-374501091,"SBS mc 1 /02","Pl – Cladonia – Haircap moss","Pinus contorta – Cladonia spp. – Polytrichum juniperinum",11
-373441899,"CDF mm   /05","CwFd – Kindbergia","Thuja plicata – Pseudotsuga menziesii – Eurhynchium oreganum",11
-372969108,"ESSFwmw  /Gg16","Rough fescue – Sulphur buckwheat – Sandwort","Festuca campestris – Eriogonum umbellatum –– Eremigone capillaris",11
-370908961,"IDF dk 3 /Wm03","Awned sedge","Carex atherodes",11
-370888873,"SBS dk   /10","Sb – Soft-leaved sedge – Sphagnum","Picea mariana – Carex disperma – Sphagnum spp.",11
-368524611,"MS  dm 1 /04","Pl – Pinegrass – Kinnikinnick","Pinus contorta – Calamagrostis rubescens – Arctostaphylos uva-ursi",11
-367185582,"SBS mw   /01","SxwFd – Falsebox","Picea engelmannii x glauca – Pseudotsuga menziesii – Paxistima myrsinites",11
-364737325,"IDF xx 2 /Wm07","Baltic rush","Juncus balticus",11
-363491239,"ICH mk 4 /Rt01","Rocktripe – Green map","Umbilicaria sp. – Rhizocarpon geographicum",11
-363061730,"SBS mk 1 /Ws04","Drummond's willow – Beaked sedge","Salix drummondiana – Carex utriculata",11
-361051481,"MH  wh 1 /05","YcHm – Twistedstalk","Chamaecyparis nootkatensis – Tsuga mertensiana – Streptopus sp.",11
-356447641,"ESSFwh 3 /Wf03","Water sedge – Peat moss","Carex aquatilis – Sphagnum spp.",11
-356310888,"ESSFdk 2 /Vs02","Sitka alder – Solomon's-seal","Alnus viridis ssp. sinuata – Maianthemum racemosum",11
-354393507,"MS  dw   /Rt20","Spotted saxifrage – Clad lichen","Saxifraga bronchialis – Cladonia spp.",11
-353812073,"BG  xw 2 /Wm06","Great bulrush","Schoenoplectus acutus",11
-353580650,"ESSFdk 1 /Gb 0","Saskatoon – Soopolallie – Juniper","Amelanchier alnifolia – Shepherdia canadensis – Juniperus communis ",11
-352927391,"SBS dk   /01a$Atss","$At – Saskatoon – Snowberry","Populus tremuloides – Amelanchier alnifolia – Symphoricarpos albus",11
-349277301,"IDF xk   /Fm07","Aspen – Dogwood – Sarsaparilla","Populus tremuloides – Cornus sericea – Aralia nudicaulis",11
-347105266,"ICH vc   /05","ActSx – Dogwood","Populus trichocarpa – Picea sp. x Picea sp. – Cornus sericea",11
-345393198,"SBS dw 2 /10","Sxw – Horsetail","Picea engelmannii x glauca – Equisetum arvense",11
-345280211,"ICH dw 1 /Rt03","Raspberry – Feathermoss – Clad lichen","Rubus idaeus – Pleurozium schreberi – Cladonia spp.",11
-344606065,"ESSFwc 4 /Rt07.1","Aspen – Juniper – Rocktripe","Populus tremuloides – Juniperus communis –  Umbilicaria sp.",11
-341883737,"BWBSwk 1 /Wb06","Lt – Water sedge – Fen moss","Larix laricina – Carex aquatilis – Tomenthypnum nitens",11
-341532488,"ICH mk 4 /Ro10","Huckleberry – Rock moss – Haircap moss","Vaccinium membranaceum – Racomitrium spp. – Polytrichum sp.",11
-341200518,"IDF xh 1 /07","FdPy – Snowberry – Spirea","Pseudotsuga menziesii – Pinus ponderosa – Symphoricarpos albus – Spiraea betulifolia",11
-336309297,"CDF mm   /03","Fd – Oniongrass","Pseudotsuga menziesii – Melica bulbosa",11
-334355619,"IDF xx 2 /Wm05","Cattail","Typha latifolia",11
-333970328,"IDF xx 2 /Gs13","Antelope-brush – Prairie sandgrass","Purshia tridentata – Calamovilfa longifolia",11
-331615396,"ICH wk 2 /Wb13","Shore sedge – Buckbean – Peat moss","Carex limosa – Menyanthes trifoliata – Sphagnum spp.",11
-331536432,"ESSFwm 1 /Vs02","Sitka alder – Solomon's-seal","Alnus viridis ssp. sinuata – Maianthemum racemosum",11
-330886002,"CWH wh 1 /118a","CwSs – Skunk cabbage; Mineral phase ","Thuja plicata – Picea sitchensis – Lysichiton americanus",11
-329782438,"SBS dk   /51","Ws – Thimbleberry","Salix scouleriana – Rubus parviflorus",11
-329533855,"ICH mk 4 /Fl05","Drummond's willow – Bluejoint","Salix drummondiana – Calamagrostis canadensis",11
-329296113,"ESSFmh   /Ws06","Sitka willow – Sitka sedge","Salix sitchensis – Carex sitchensis",11
-329019269,"MH  mm 2 /Wf01","Water sedge – Beaked sedge","Carex aquatilis – Carex utriculata",11
-328943933,"ICH mw 4 /Vs10.1","Sitka willow – Cow-parsnip – Fireweed","Salix sitchensis – Heracleum maximum – Chamerion angustifolium",11
-328347223,"SBS mk 2 /06","Sxw – Horsetail","Picea engelmannii x glauca – Equisetum arvense",11
-327768953,"ESSFwm 4 /Wf04","Barclay's willow – Water sedge – Glow moss","Salix barclayi – Carex aquatilis – Aulacomnium palustre",11
-327273211,"ESSFxv 2 /Wf02","Scrub birch – Water sedge","Betula nana – Carex aquatilis",11
-327021314,"ICH wk 2 /09","Pl  – Water sedge – Peat moss","Pinus contorta – Carex aquatilis – Sphagnum spp.",11
-326014583,"MS  dm 2 /03","Pl – Juniper – Grouseberry","Pinus contorta – Juniperus communis – Vaccinium scoparium",11
-325589437,"ESSFwh 2 /104","BlHw – Huckleberry – Pipecleaner moss","Abies lasiocarpa – Tsuga heterophylla – Vaccinium membranaceum – Rhytidiopsis robusta",11
-324596803,"CWH ws 2 /05","HwBa – Queen's cup","Tsuga heterophylla – Abies amabilis – Clintonia uniflora",11
-324543323,"MH  whp  /Am34","Tufted hairgrass – Calder’s lovage","Deschampsia cespitosa – Ligusticum calderi",11
-324280420,"CWH vh 2 /19","Ss – Pacific crab apple","Picea sitchensis – Malus fusca",11
-322634601,"SBS vk   /06","Sxw – Horsetail","Picea engelmannii x glauca – Equisetum arvense",11
-322043417,"CWH vh 2 /18","Ss – Slough sedge","Picea sitchensis – Carex obnupta",11
-321277659,"ESSFxc 2 /Ws05","Maccalla's willow – Beaked sedge","Salix maccalliana – Carex utriculata",11
-321008973,"ICH mw 1 /Wf11","Tufted clubrush – Star moss","Trichophorum cespitosum – Campylium stellatum",11
-319581741,"SBS wk 3 /Wf07","Scrub birch – Buckbean – Shore sedge","Betula nana – Menyanthes trifoliata – Carex limosa",11
-318721046,"CWH vm 1 /Ws06","Sitka willow – Sitka sedge","Salix sitchensis – Carex sitchensis",11
-318170162,"CWH vm 1 /02","HwPl – Cladina","Tsuga heterophylla – Pinus contorta – Cladina spp.",11
-318122188,"MS  dm 2 /06","Sxw – Gooseberry – Devil's club","Picea engelmannii x glauca – Ribes lacustre – Oplopanax horridus",11
-316726096,"ESSFmw 2 /Wf01","Water sedge – Beaked sedge","Carex aquatilis – Carex utriculata",11
-316676838,"ESSFmw   /Wf01","Water sedge – Beaked sedge","Carex aquatilis – Carex utriculata",11
-316043177,"ESSFmh   /Wf03","Water sedge – Peat moss","Carex aquatilis – Sphagnum spp.",11
-313273936,"MS  dc 2 /06","Sxw – Twinberry – Reedgrass","Picea engelmannii x glauca – Lonicera involucrata – Calamagrostis canadensis",11
-312997866,"CWH xm 1 /13","Cw – Salmonberry","Thuja plicata – Rubus spectabilis",11
-312949157,"ESSFmw   /02","BlPl – Juniper – Rhacomitrium","Abies lasiocarpa – Pinus contorta – Juniperus communis – Racomitrium spp.",11
-312006714,"ESSFdk 1 /Vh01.1","Cow-parsnip – Fireweed – Nettle","Heracleum maximum – Chamerion angustifolium – Urtica dioica",11
-309876266,"SBS wk 2 /06","Sxw – Horsetail","Picea engelmannii x glauca – Equisetum arvense",11
-309088796,"CWH xm 2 /07","Cw – Foamflower","Thuja plicata – Tiarella trifoliata",11
-308564523,"ESSFwm 3 /Vh02","Valerian – Hellebore – Fireweed","Valeriana sitchensis – Veratrum viride – Chamerion angustifolium",11
-307043958,"CWH vh 3 /Bb02","Dune wildrye [Red fescue]","Leymus mollis",11
-306591836,"ESSFmh   /Ws08.2","Engelmann spruce – Subalpine fir – Horsetail – Canby's Lovage","Picea engelmannii x glauca – Abies lasiocarpa – Equisetum arvense – Ligusticum canbyii ",11
-305105196,"ICH mw 4 /Wf01","Water sedge – Beaked sedge","Carex aquatilis – Carex utriculata",11
-303918060,"MS  xv   /04","Pl – Grouseberry – Kinnikinnick","Pinus contorta – Vaccinium scoparium – Arctostaphylos uva-ursi",11
-301450276,"IDF xm   /05","Fd – Feathermoss – Step moss","Pseudotsuga menziesii – Pleurozium schreberi – Hylocomium splendens",11
-299251882,"CWH wh 2 /111","YcHm – Goldthread  ","Chamaecyparis nootkatensis – Tsuga mertensiana – Coptis aspleniifolia",11
-299142893,"BWBSdk   /101","Sw – Soopolallie – Step moss","Picea glauca – Shepherdia canadensis – Hylocomium splendens",11
-298815891,"IDF dk 5 /Rt07.2","Juniper – Rocktripe","Juniperus communis –  Umbilicaria sp.",11
-296201304,"BG  xw 2 /Gg22$2.1","$ Kentucky bluegrass – Dandelion","Poa pratensis – Taraxacum officianale",11
-293278046,"SBS dw 1 /05","SxwFd – Ricegrass","Picea engelmannii x glauca – Pseudotsuga menziesii – Oryzopsis asperifolia",11
-291835218,"SBS vk   /05","Sxw – Devil's club – Spiny wood fern","Picea engelmannii x glauca – Oplopanax horridus – Dryopteris expansa",11
-291478944,"MS  dk   /111","SxwBl – Horsetail","Picea engelmannii x glauca – Abies lasiocarpa –  Equisetum arvense",11
-290151069,"IDF xx 2 /Gs12","Antelope-brush – Snowberry – Bluebunch wheatgrass","Purshia tridentata –  Symphoricarpos albus – Pseudoroegneria spicata",11
-289419701,"ESSFwm 2 /Ro11","Grouseberry – Clad lichen","Vaccinium scoparium – Cladonia spp.",11
-289261455,"ESSFxv 2 /01","Bl – Arnica – Cladonia","Abies lasiocarpa – Arnica sp. – Cladonia spp.",11
-287544634,"ESSFmw   /Wf13","Narrow-leaved cotton-grass – Shore sedge","Eriophorum angustifolium – Carex limosa",11
-286546839,"ESSFxv 2 /09","Se – Trapper's tea – Glow moss","Picea engelmannii – Rhododendron neoglandulosum – Aulacomnium palustre",11
-285610451,"IDF dm 2 /Rt04","Saskatoon – Bluebunch wheatgrass","Amelanchier alnifolia – Pseudoroegneria spicata",11
-285078514,"ESSFwh 1 /104","BlHw – Huckleberry – Pipecleaner moss","Abies lasiocarpa – Tsuga heterophylla – Vaccinium membranaceum – Rhytidiopsis robusta",11
-283992193,"ESSFwm 3 /Wa02","Alpine sedge – Bog-laurel – Peat moss","Carex nigricans –  Kalmia microphylla – Sphagnum spp.",11
-283009259,"SBPSxc   /Wm03","Awned sedge","Carex atherodes",11
-282767879,"ESSFmw   /Wf12","Narrow-leaved cotton-grass – Marsh-marigold","Eriophorum angustifolium – Caltha leptosepala",11
-281937078,"ICH xw   /103","FdPy – Oregon-grape – Pinegrass","Pseudotsuga menziesii – Pinus ponderosa – Berberis aquifolium – Calamagrostis rubescens",11
-281776061,"MH  mm 2 /02","HmBa – Mountain-heather","Tsuga mertensiana – Abies amabilis – Cassiope mertensiana",11
-280311381,"SBS mc 2 /Ws02","Mountain alder – Pink spirea – Sitka sedge","Alnus incana – Spiraea douglasii ssp. menziesii – Carex sitchensis",11
-278880602,"IDF xx 2 /Fm02","Cottonwood – Spruce – Dogwood","Populus balsamifera – Picea sp. – Alnus incana – Cornus sericea",11
-278705967,"ICH mw 4 /102","FdPl – Juniper – Kinnikinnick","Pseudotsuga menziesii – Pinus contorta – Juniperus communis – Arctostaphylos uva-ursi",11
-276828757,"ICH xw   /Wm04","Common spike-rush","Eleocharis palustris",11
-276669923,"ESSFmw   /08","Bl – Gooseberry – Horsetail","Abies lasiocarpa – Ribes lacustre – Equisetum arvense",11
-276070379,"MS  dm 3w/Wf05","Slender sedge – Common hook moss","Carex lasiocarpa – Drepanocladus aduncus",11
-273737647,"BWBSmk   /104$6B.1","$At – Labrador tea – Lingonberry","Populus tremuloides – Rhododendron groenlandicum – Vaccinium vitis-idaea",11
-272965315,"SBS dw 2 /01","SxwFd – Pinegrass","Picea engelmannii x glauca – Pseudotsuga menziesii – Calamagrostis rubescens",11
-269306463,"ESSFwc 4 /Wa03","Marsh-marigold – Globeflower – Springmoss","Caltha leptosepala – Trollius albiflorus – Philonotis fontana",11
-267103682,"ESSFdc 1 /Vs10.1","Sitka willow – Cow-parsnip – Fireweed","Salix sitchensis – Heracleum maximum – Chamerion angustifolium",11
-264340542,"ESSFdk 2 /Vh01.1","Cow-parsnip – Fireweed – Nettle","Heracleum maximum – Chamerion angustifolium – Urtica dioica",11
-263731751,"IDF xh 1 /Wm06","Great bulrush","Schoenoplectus acutus",11
-263637662,"MS  dk   /110.1","SxwBl – Azalea – Bunchberry","Picea engelmannii x glauca – Abies lasiocarpa – Menziesia ferruginea – Cornus canadensis",11
-262416859,"CWH ms 2 /08","Act – Red-osier dogwood","Populus trichocarpa – Cornus sericea",11
-260884913,"IDF xm   /Wm06","Great bulrush","Schoenoplectus acutus",11
-260750370,"SBPSxc   /Ws05","Maccalla's willow – Beaked sedge","Salix maccalliana – Carex utriculata",11
-257592730,"MS  dw   /Ws07.2","Spruce – Common horsetail – Soft-leaved sedge – Leafy moss","Picea engelmannii x glauca – Equisetum arvense – Carex disperma – Rhizomnium sp.",11
-257334308,"CWH xm 1 /07","Cw – Foamflower","Thuja plicata – Tiarella trifoliata",11
-257177727,"ESSFwcw  /Rt21","Subalpine larch – Pink mountain-heather – Heron's-bill","Larix lyallii – Phyllodoce empetriformis –  Dicranum spp.",11
-253431805,"CDF mm   /Ed01","Tufted hairgrass – Meadow barley","Deschampsia cespitosa – Hordeum brachyantherum",11
-252876210,"CWH mm 2 /04","CwHw – Sword fern","Thuja plicata – Tsuga heterophylla – Polystichum munitum",11
-251734549,"ESSFdk 1 /101","BlSe – Azalea","Abies lasiocarpa – Picea engelmannii – Menziesia ferruginea",11
-251467028,"IDF xx 2 /Ff01a","Water birch – Red-osier dogwood – Rose","Betula occidentalis – Cornus sericea – Rosa acicularis",11
-249413017,"SBS mc 3 /03","Pl – Feathermoss – Cladina","Pinus contorta – Pleurozium schreberi – Cladina spp.",11
-246228184,"ICH dw 1 /Wf01","Water sedge – Beaked sedge","Carex aquatilis – Carex utriculata",11
-246124997,"MS  dk   /110.2","CwSxw – Bunchberry – Mitreworts","Thuja plicata – Picea engelmannii x glauca –  Cornus canadensis – Mitella spp.",11
-245527852,"ESSFwc 4 /Vs10.2","Barclay's willow – Cow-parsnip – Fireweed","Salix barclayi – Heracleum maximum – Chamerion angustifolium",11
-239785102,"MH  mm 1 /04","HmBa – Bramble","Tsuga mertensiana – Abies amabilis – Rubus pedatus",11
-238833423,"ESSFwm 4 /Wf01","Water sedge – Beaked sedge","Carex aquatilis – Carex utriculata",11
-237471283,"ESSFxc   /02","Pl – Juniper – Lupine","Pinus contorta – Juniperus communis – Lupinus arcticus",11
-235198696,"ICH dh   /Wm01","Beaked sedge – Water sedge","Carex utriculata – Carex aquatilis",11
-233569307,"MS  dw   /Rt01","Rocktripe – Green map","Umbilicaria sp. – Rhizocarpon geographicum",11
-232921870,"MS  dk   /Wf05","Slender sedge – Common hook moss","Carex lasiocarpa – Drepanocladus aduncus",11
-231757680,"ICH mk 4 /Rt20","Spotted saxifrage – Clad lichen","Saxifraga bronchialis – Cladonia spp.",11
-230841691,"ESSFwh 2 /Wf01","Water sedge – Beaked sedge","Carex aquatilis – Carex utriculata",11
-230609833,"ICH mk 4 /Wf05","Slender sedge – Common hook moss","Carex lasiocarpa – Drepanocladus aduncus",11
-229902032,"CWH vh 1 /16","Ss – Reedgrass","Picea sitchensis – Calamagrostis nutkaensis",11
-228899871,"CWH wh 1 /118","CwSs – Skunk cabbage  ","Thuja plicata – Picea sitchensis – Lysichiton americanus",11
-226087257,"ICH dw 1 /Rt01","Rocktripe – Green map","Umbilicaria sp. – Rhizocarpon geographicum",11
-223839072,"IDF dm 2 /Fm02","Cottonwood – Spruce – Dogwood","Populus balsamifera – Picea sp. – Alnus incana – Cornus sericea",11
-223412528,"IDF xm   /02a","Fd – Bluebunch wheatgrass – Penstemon; Typic","Pseudotsuga menziesii – Pseudoroegneria spicata – Penstemon procerus",11
-222245701,"BWBSdk   /Wf02","Scrub birch – Water sedge","Betula nana – Carex aquatilis",11
-221965375,"ESSFwc 4 /112a","Se – Horsetail – Valerian; Riparian phase","Picea engelmannii – Equisetum arvense – Valeriana sitchensis",11
-221533948,"CWH vm 1 /09","Ss – Salmonberry","Picea sitchensis – Rubus spectabilis",11
-221413717,"BG  xh 1 /06","Py – Nootka rose – Poison ivy","Pinus ponderosa – Rosa nutkana – Toxicodendron rydbergii",11
-220955472,"MS  xk 2 /Wf02","Scrub birch – Water sedge","Betula nana – Carex aquatilis",11
-220384129,"ICH wk 1 /07","Act – Dogwood – Twinberry","Populus trichocarpa – Cornus sericea – Lonicera involucrata",11
-218634133,"ESSFwcp  /Wa03","Marsh-marigold – Globeflower – Springmoss","Caltha leptosepala – Trollius albiflorus – Philonotis fontana",11
-217389135,"ESSFdk 2 /Wf02","Scrub birch – Water sedge","Betula nana – Carex aquatilis",11
-217038209,"MH  mm 2 /06","HmYc – Deer-cabbage","Tsuga mertensiana – Chamaecyparis nootkatensis – Nephrophyllidium crista-galli",11
-216960611,"SBPSxc   /06","Sxw – Horsetail – Meadowrue","Picea engelmannii x glauca – Equisetum arvense – Thalictrum occidentale",11
-214363528,"ESSFwh 2 /Rt07.1","Aspen – Juniper – Rocktripe","Populus tremuloides – Juniperus communis –  Umbilicaria sp.",11
-213317716,"SBS dw 1 /Wm01","Beaked sedge – Water sedge","Carex utriculata – Carex aquatilis",11
-208655920,"MS  dm 1 /Wf12","Narrow-leaved cotton-grass – Marsh-marigold","Eriophorum angustifolium – Caltha leptosepala",11
-206156289,"ESSFdk 2 /Ws13","Barclay’s willow – Common horsetail – Arrow-leaved groundsel","Salix barclayi – Equisetum arvense – Senecio triangularis",11
-206014687,"MH  wh   /101a","HmSs – Blueberry; Mesic phase","Tsuga mertensiana – Picea sitchensis – Vaccinium alaskense",11
-205013189,"CWH wh 1 /116","CwSs – Snake liverwort  ","Thuja plicata – Picea sitchensis – Conocephalum salebrosum",11
-204918573,"ICH dh   /Wf05","Slender sedge – Common hook moss","Carex lasiocarpa – Drepanocladus aduncus",11
-204231935,"ICH wk 3 /10","Pl – Bog rosemary – Peat moss","Pinus contorta – Andromeda polifolia – Sphagnum spp.",11
-204063934,"ESSFwm 3 /Gg16","Rough fescue – Sulphur buckwheat – Sandwort","Festuca campestris – Eriogonum umbellatum –– Eremigone capillaris",11
-204037322,"ICH wk 1 /06","CwSxw – Devil's club – Horsetail","Thuja plicata – Picea engelmannii x glauca – Oplopanax horridus",11
-202954864,"ESSFwh 1 /Ro10","Huckleberry – Rock moss – Haircap moss","Vaccinium membranaceum – Racomitrium spp. – Polytrichum sp.",11
-202686756,"ESSFdkw  /Vh01.1","Cow-parsnip – Fireweed – Nettle","Heracleum maximum – Chamerion angustifolium – Urtica dioica",11
-202085615,"CWH vm 1 /14","CwSs – Skunk cabbage","Thuja plicata – Picea sitchensis – Lysichiton americanus",11
-200017710,"ICH mw 2 /111.1","CwHw – Devil's club – Lady fern","Thuja plicata – Tsuga heterophylla – Oplopanax horridus- Athyrium filix-femina",11
-197659761,"ESSFdk 2 /Vs10.1","Sitka willow – Cow-parsnip – Fireweed","Salix sitchensis – Heracleum maximum – Chamerion angustifolium",11
-196747434,"IDF xh 4 /72","Bluebunch wheatgrass – Selaginella","Pseudoroegneria spicata – Selaginella densa",11
-193269967,"ESSFmk   /02b","BlPa – Cladonia; Fluvial","Abies lasiocarpa – Pinus albicaulis – Cladonia spp.",11
-190872713,"MS  dw   /110.1","SxwBl – Azalea – Bunchberry","Picea engelmannii x glauca – Abies lasiocarpa – Menziesia ferruginea – Cornus canadensis",11
-188969348,"SBPSdc   /03b","Pl – Kinnikinnick – Feathermoss; Sand","Pinus contorta – Arctostaphylos uva-ursi – Pleurozium schreberi",11
-188109348,"BG  xw 2 /Ga02","Nuttall's alkaligrass – Foxtail barley [Foxtail]","Puccinellia nuttalliana – Hordeum jubatum",11
-187934835,"ICH mw 5 /Ws02","Mountain alder – Pink spirea – Sitka sedge","Alnus incana – Spiraea douglasii ssp. menziesii – Carex sitchensis",11
-187325550,"CWH wh 1 /Wb51.2","Shore pine – Crowberry – Tough Peat moss; wooded variation","Pinus contorta var. contorta – Empetrum nigrum – Sphagnum austinii",11
-186801741,"ICH wk 1 /Ws02","Mountain alder – Pink spirea – Sitka sedge","Alnus incana – Spiraea douglasii ssp. menziesii – Carex sitchensis",11
-186795257,"MS  dv   /02a","Pl – Penstemon – Balsamroot; Shallow","Pinus contorta – Penstemon procerus – Balsamorhiza sagittata",11
-186266286,"CWH ms 1 /04","BaCw – Oak fern","Abies amabilis – Thuja plicata – Gymnocarpium dryopteris",11
-185747510,"IDF xw   /06","Sxw – Water birch","Picea engelmannii x glauca – Betula occidentalis",11
-184871377,"ESSFmh   /Ro11","Grouseberry – Clad lichen","Vaccinium scoparium – Cladonia spp.",11
-182410826,"ICH mw 4 /Vs13","Huckleberry – Beargrass – Fireweed","Vaccinium membranaceum – Xerophyllum tenax – Chamerion angustifolium",11
-180113812,"SBS mc 2 /14","Sb – Common horsetail – Peat moss","Picea mariana – Equisetum arvense – Sphagnum spp.",11
-177757201,"ICH mw 2 /104","FdCw – Falsebox – Prince's pine","Pseudotsuga menziesii – Thuja plicata – Paxistima myrsinites – Chimaphila umbellata",11
-177744641,"ESSFwc 4 /Vs10.1","Sitka willow – Cow-parsnip – Fireweed","Salix sitchensis – Heracleum maximum – Chamerion angustifolium",11
-176934353,"ICH mk 4 /Rt03","Raspberry – Feathermoss – Clad lichen","Rubus idaeus – Pleurozium schreberi – Cladonia spp.",11
-176489396,"SBS dk   /10$Atha","$At – Hardhack","Populus tremuloides – Spiraea douglasii ssp. douglasii",11
-174107551,"IDF dk 5 /Fm01","Cottonwood – Snowberry – Rose","Populus trichocarpa – Symphoricarpos albus – Rosa acicularis",11
-173581281,"ESSFwc 4 /103b","Bl – Rhododendron – Huckleberry – Heron's-bill moss; Submesic phase","Abies lasiocarpa – Rhododendron albiflorum – Vaccinium membranaceum – Dicranum spp.",11
-173130224,"ICH mw 4 /101","HwCw – Falsebox","Tsuga heterophylla – Thuja plicata – Paxistima myrsinites",11
-168148253,"ICH xw  a/103","FdPy – Oregon-grape – Pinegrass","Pseudotsuga menziesii – Pinus ponderosa – Berberis aquifolium – Calamagrostis rubescens",11
-167611243,"ICH dw 4 /Fl05","Drummond's willow – Bluejoint","Salix drummondiana – Calamagrostis canadensis",11
-166462160,"SBS vk   /Wf04","Barclay's willow – Water sedge – Glow moss","Salix barclayi – Carex aquatilis – Aulacomnium palustre",11
-165946285,"ICH mc 2 /01a","Hw – Step moss; Mesic","Tsuga heterophylla – Hylocomium splendens",11
-164483702,"ESSFwm 3 /Vs03","Sitka alder – Hellebore","Alnus viridis ssp. sinuata – Veratrum viride",11
-162179033,"CWH ms 1 /09","Act – Willow","Populus trichocarpa – Salix spp.",11
-153488461,"ICH dw 1 /Fl04","Sitka willow – Red-osier dogwood – Horsetail","Salix sitchensis – Cornus sericea – Equisetum arvense",11
-152404244,"ICH dh   /111","CwHw – Devil's club – Lady fern","Thuja plicata – Tsuga heterophylla – Oplopanax horridus- Athyrium filix-femina ",11
-147446765,"ESSFwm 2 /110","BlSe – Azalea – Oak fern","Abies lasiocarpa – Picea engelmannii – Menziesia ferrunginea – Gymnocarpium dryopteris",11
-145984000,"ESSFwm 4 /Vh01.1","Cow-parsnip – Fireweed – Nettle","Heracleum maximum – Chamerion angustifolium – Urtica dioica",11
-143040755,"CDF mm   /13","Cw – Indian plum","Thuja plicata – Oemleria cerasiformis",11
-142127938,"ESSFwmw  /Vh02.1","Valerian – Hellebore – Fireweed","Valeriana sitchensis – Veratrum viride – Chamerion angustifolium",11
-141280552,"IDF dm 2 /Ws04","Drummond's willow – Beaked sedge","Salix drummondiana – Carex utriculata",11
-137629843,"ICH vk 1 /Fl01","Mountain alder – Common horsetail","Alnus incana – Equisetum arvense",11
-137527521,"ICH xw  a/112","CwHw – Horsetail – Lady fern","Thuja plicata – Tsuga heterophylla – Equisetum arvense – Athyrium filix-femina ",11
-137234867,"IDF dm 2 /112","Sxw – Dogwood – Horsetail","Picea engelmannii x glauca – Cornus sericea – Equisetum arvense",11
-135337717,"BWBSmw   /102","Pl – Kinnikinnick – Lingonberry","Pinus contorta – Arctostaphylos uva-ursi – Vaccinium vitis-idaea",11
-134144517,"IDF dk 1 /Wm01","Beaked sedge – Water sedge","Carex utriculata – Carex aquatilis",11
-133582748,"CWH wh 1 /102","CwHw – Salal – Oregon beaked moss","Thuja plicata – Tsuga heterophylla – Gaultheria shallon –  Eurhynchium oreganum",11
-133160286,"ICH wk 1 /08","Sedge – Sphagnum","Carex spp. – Sphagnum spp.",11
-131786136,"SBS dk   /07a$Atcv","$At – Canada violet","Populus tremuloides – Viola canadensis",11
-131380246,"IDF dm 2 /Rt06","Mock-orange – Choke cherry – Saskatoon","Philadelphus lewisii – Prunus virginiana –  Amelanchier alnifolia ",11
-129866150,"ESSFwm 3 /Rt07","Aspen – Juniper – Rocktripe","Populus tremuloides – Juniperus communis –  Umbilicaria sp.",11
-129313703,"ESSFmh   /Ro09.2","Saskatoon – Poverty oatgrass – Rock moss – Clad lichen","Amelanchier alnifolia – Danthonia spicata – Racomitrium spp. – Cladonia spp.",11
-128074590,"ICH dw 1 /102","FdPy – Pinegrass – Rock moss","Pseudotsuga menziesii – Pinus ponderosa – Calamagrostis rubescens – Racomitrium spp.",11
-127986338,"SBS mc 2 /02","Pl – Huckleberry – Cladonia","Pinus contorta – Vaccinium membranaceum – Cladonia spp.",11
-127291330,"SBS dk   /06$Atlf","$At – Lady fern","Populus tremuloides – Athyrium filix-femina",11
-127160601,"SBS dk   /07","Sxw – Horsetail","Picea engelmannii x glauca – Equisetum arvense",11
-127149049,"CWH xm 2 /14","Cw – Black twinberry","Thuja plicata – Lonicera involucrata",11
-127134782,"MS  dk   /Rt20","Spotted saxifrage – Clad lichen","Saxifraga bronchialis – Cladonia spp.",11
-126802380,"ICH mw 5 /Rt06","Mock-orange – Choke cherry – Saskatoon","Philadelphus lewisii – Prunus virginiana –  Amelanchier alnifolia ",11
-124599393,"BWBSmk   /Gb52","Prickly rose – Fuzzy-spiked wildrye","Rosa acicularis – Leymus innovatus",11
-123476144,"ESSFmv 2 /Wf02","Scrub birch – Water sedge","Betula nana – Carex aquatilis",11
-119902860,"IDF xk   /101","Fd – Rocky Mountain juniper – Pinegrass","Pseudotsuga menziesii – Juniperus scopulorum – Calamagrostis rubescens",11
-117703202,"IDF xw   /02","FdPy – Bluebunch wheatgrass – Pinegrass","Pseudotsuga menziesii – Pinus ponderosa – Pseudoroegneria spicata – Calamagrostis rubescens",11
-116666448,"ESSFwh 3 /112b","SeBl – Horsetail – Canby's lovage; Swamp phase","Picea engelmannii – Abies lasiocarpa – Equisetum arvense – Ligusticum canbyi",11
-116463712,"MH  wh   /101","HmSs – Blueberry  ","Tsuga mertensiana – Picea sitchensis – Vaccinium alaskense",11
-116453372,"ICH dw 1 /Gb03","Ninebark – Oceanspray – Bluebunch wheatgrass","Physocarpus malvaceus – Holodiscus discolor – Pseudoroegneria spicata",11
-115595357,"CWH xm 1 /10","Act – Willow","Populus trichocarpa – Salix spp.",11
-115053729,"MH  wh 1 /09","YcHm – Skunk cabbage","Chamaecyparis nootkatensis – Tsuga mertensiana – Lysichiton americanus",11
-114446907,"ESSFwm 3 /Wf03","Water sedge – Peat moss","Carex aquatilis – Sphagnum spp.",11
-114366371,"ESSFwm 3 /Rt02","Rock moss – Clad lichen","Racomitrium spp. – Cladonia spp.",11
-114341466,"ESSFmh   /Ro10","Huckleberry – Rock moss – Haircap moss","Vaccinium membranaceum – Racomitrium spp. – Polytrichum sp.",11
-113263200,"SBS dw 1 /07","Sxw – Twinberry – Coltsfoot","Picea engelmannii x glauca – Lonicera involucrata – Petasites frigidus",11
-112694942,"ICH dw 4 /Wf11","Tufted clubrush – Star moss","Trichophorum cespitosum – Campylium stellatum",11
-109846551,"ESSFdk 1 /Vs13","Huckleberry – Bear-grass – Fireweed","Vaccinium membranaceum – Xerophyllum tenax – Chamerion angustifolium",11
-109422507,"MS  dk   /Wf02","Scrub birch – Water sedge","Betula nana – Carex aquatilis",11
-109304155,"BWBSwk 2 /103$6B.1","$At – Rose – Fuzzy-spiked wildrye","Populus tremuloides – Rosa acicularis – Leymus innovatus",11
-107978044,"ESSFdk 2 /111","BlSe – Azalea – Foamflower","Abies lasiocarpa – Picea engelmannii – Menziesia ferruginea – Tiarella trifoliata",11
-107756808,"ESSFxc   /Wf13","Narrow-leaved cotton-grass – Shore sedge","Eriophorum angustifolium – Carex limosa",11
-106932090,"ESSFdk 2 /Vs10","Willow – Cow-parsnip – Fireweed","Salix sp. – Heracleum maximum – Chamerion angustifolium",11
-106004697,"CWH xm 1 /06","HwCw – Deer fern","Tsuga heterophylla – Thuja plicata – Blechnum spicant",11
-104411876,"CWH wh 1 /Wm50","Sitka sedge – Pacific water-parsley","Carex sitchensis – Oenanthe sarmentosa",11
-102082511,"MH  mm 1 /07","YcHm – Hellebore","Chamaecyparis nootkatensis – Tsuga mertensiana – Veratrum viride",11
-100688191,"ICH xw  a/Gb06","Snowbrush – Poverty oatgrass","Ceanothus velutinus – Danthonia spicata",11
-100598321,"ICH dw 4 /Fl01","Mountain alder – Common horsetail","Alnus incana – Equisetum arvense",11
-100485536,"ICH dw 4 /Wm02","Swamp horsetail – Beaked sedge","Equisetum fluviatile – Carex utriculata",11
-94919498,"IDF dk 1 /05","SxwFd – Gooseberry – Feathermoss","Picea engelmannii x glauca – Pseudotsuga menziesii – Ribes lacustre – Pleurozium schreberi",11
-93709610,"ICH vk 2 /02","HwCw – Cladonia","Tsuga heterophylla – Thuja plicata – Cladonia spp.",11
-89103547,"BG  xw 1 /05","Py – Rough fescue – Bluebunch wheatgrass","Pinus ponderosa – Festuca campestris – Pseudoroegneria spicata",11
-88828331,"SBS mk 1 /09b","Sxw – Horsetail; Organic","Picea engelmannii x glauca – Equisetum arvense",11
-88512782,"CWH ds 2 /12","CwSs – Skunk cabbage","Thuja plicata – Picea sitchensis – Lysichiton americanus",11
-87502551,"ESSFwm 3 /Vs10.2","Barclay's willow – Cow-parsnip – Fireweed","Salix barclayi – Heracleum maximum – Chamerion angustifolium",11
-86945869,"MH  wh   /Am33","Arrow-leaved groundsel – Hellebore – Large-awned sedge","Senecio triangularis – Veratrum viride – Carex macrochaeta",11
-85693953,"ICH mc 2 /02$Epdh","$Ep – Douglas maple","Betula papyrifera – Acer glabrum",11
-83466246,"IDF dk 5 /Gg01","Bluebunch wheatgrass – Prairie sagewort – Junegrass","Pseudoroegneria spicata – Artemisia frigida – Koeleria macrantha",11
-83415184,"ESSFwc 4 /Vh01.2","Cow-parsnip – Fireweed – Bluejoint","Heracleum maximum – Chamerion angustifolium – Calamagrostis canadensis",11
-81795352,"CWH wh 2 /101c","HwSs – Lanky moss; Moister phase","Tsuga heterophylla – Picea sitchensis – Rhytidiadelphus loreus",11
-81452666,"ESSFwv   /03","BlHm – Feathermoss","Abies lasiocarpa – Tsuga mertensiana – Pleurozium schreberi",11
-79109359,"IDF dm 2 /Ro02","Rocky Mountain juniper – Selaginella – Bluebunch wheatgrass","Juniperus scopulorum – Selaginella densa – Pseudoroegneria spicata",11
-78707162,"SBS mc 2 /Wf07","Scrub birch – Buckbean – Shore sedge","Betula nana – Menyanthes trifoliata – Carex limosa",11
-77006053,"ESSFwk 1 /05","Bl – Devil's club – Lady fern","Abies lasiocarpa – Oplopanax horridus – Athyrium filix-femina",11
-75424497,"SBS wk 3a/04","SxwFd – Birch-leaved spirea – Feathermoss","Picea engelmannii x glauca – Pseudotsuga menziesii – Spiraea betulifolia – Pleurozium schreberi",11
-72707933,"CWH ms 2 /02","FdPl – Kinnikinnick","Pseudotsuga menziesii – Pinus contorta – Arctostaphylos uva-ursi",11
-67861520,"CWH vh 3 /115","CwYc – Salal – Goldthread ","Thuja plicata – Chamaecyparis nootkatensis – Gaultheria shallon – Coptis aspleniifolia",11
-66214628,"IDF xh 4 /02","FdPy – Pinegrass – Penstemon","Pseudotsuga menziesii – Pinus ponderosa – Calamagrostis rubescens – Penstemon procerus",11
-62854862,"ESSFwm 4 /Vs11","Thimbleberry – Cow parsnip – Fireweed","Rubus parviflorus – Heracleum maximum – Chamerion angustifolium",11
-60956209,"ESSFdk 1 /Vh01.2","Cow-parsnip – Fireweed – Bluejoint","Heracleum maximum – Chamerion angustifolium – Calamagrostis canadensis",11
-60066919,"ICH mw 5 /110","CwHw – Oak fern","Thuja plicata – Tsuga heterophylla – Gymnocarpium dryopteris",11
-57006226,"CWH vh 3 /105a","HwSs – Lanky moss; Mineral phase","Tsuga heterophylla – Picea sitchensis – Rhytidiadelphus loreus",11
-56946616,"CWH ws 1 /05","HwBa – Queen's cup","Tsuga heterophylla – Abies amabilis – Clintonia uniflora",11
-56004965,"SBS wk 3 /01","Sxw – Oak fern","Picea engelmannii x glauca – Gymnocarpium dryopteris",11
-55178379,"MS  xv   /Wm10","Northern mannagrass","Glyceria borealis",11
-53782933,"ESSFxc 1 /Wf09","Few-flowered spike-rush – Hook moss","Eleocharis quinqueflora – Drepanocladus spp.",11
-53067473,"BWBSmk   /101$6B.2","$EpAt – Sarsaparilla","Betula papyrifera – Populus tremuloides – Aralia nudicaulis",11
-53043737,"ESSFwm 3 /102","Bl – Huckleberry – Bear-grass","Abies lasiocarpa – Vaccinium membranaceum – Xerophyllum tenax",11
-52991902,"MS  xv   /06","Sxw – Crowberry – Knight's plume","Picea engelmannii x glauca – Empetrum nigrum – Ptilium crista-castrensis",11
-52716732,"ESSFwh 1 /Ro06.1","Juniper – Stonecrop – Sandwort","Juniperus communis – Sedum sp. – Eremogone capillaris",11
-49362190,"SBS mk 1 /10","Sb – Scrub birch – Sedge","Picea mariana – Betula nana – Carex spp.",11
-47778915,"IDF xm   /Gg24","Short-awned pocupinegrass – Junegrass – Clad lichen","Hesperostipa curtiseta – Koeleria macrantha – Cladonia spp.",11
-47686997,"ESSFwc 3 /02","Bl – Rhododendron – Queen's cup","Abies lasiocarpa – Rhododendron albiflorum – Clintonia uniflora",11
-47591430,"CWH vh 2 /07b","CwSs – Devil's club; Lithic","Thuja plicata – Picea sitchensis – Oplopanax horridus",11
-47557718,"MS  dk   /Rt01","Rocktripe – Green map","Umbilicaria sp. – Rhizocarpon geographicum",11
-47050197,"ICH vk 1 /02","HwCw – Falsebox – Feathermoss","Tsuga heterophylla – Thuja plicata – Paxistima myrsinites – Pleurozium schreberi",11
-46668535,"ICH mw 2 /Fm04","Cottonwood – Redcedar – Dogwood – Lady fern ","Populus trichocarpa – Thuja plicata – Cornus sericea – Athyrium filix-femina",11
-44634395,"BWBSmk   /Wb05","Sb – Water sedge – Peat moss","Picea mariana – Carex aquatilis – Sphagnum spp.",11
-43281819,"SBS mh   /04","Fd – Douglas maple – Step moss","Pseudotsuga menziesii – Acer glabrum – Hylocomium splendens",11
-40929437,"ICH vk 1 /Wf11","Tufted clubrush – Star moss","Trichophorum cespitosum – Campylium stellatum",11
-40229249,"ICH dk   /09","Sxw – Horsetail","Picea engelmannii x glauca – Equisetum arvense",11
-39293182,"ESSFdk 1 /Gg33","Pinegrass – Yellow penstemon","Calamagrostis canadensis – Penstemon confertus ",11
-37872193,"ESSFwm 2 /Vh02.1","Valerian – Hellebore – Fireweed","Valeriana sitchensis – Veratrum viride – Chamerion angustifolium",11
-34620597,"BWBSdk   /104","Sb – Labrador tea – Step moss","Picea mariana – Rhododendron groenlandicum – Hylocomium splendens",11
-33253557,"ESSFwcw  /Vs10.2","Barclay's willow – Cow-parsnip – Fireweed","Salix barclayi – Heracleum maximum – Chamerion angustifolium",11
-31698403,"MS  xk   /Wm01","Beaked sedge – Water sedge","Carex utriculata – Carex aquatilis",11
-30027678,"ESSFvv   /03","BlHm – Rhododendron – Mountain liverwort","Abies lasiocarpa – Tsuga mertensiana – Rhododendron albiflorum",11
-30019455,"MS  dm 2 /Wf09","Few-flowered spike-rush – Hook moss","Eleocharis quinqueflora – Drepanocladus spp.",11
-29822400,"IDF xx 2 /Wf01","Water sedge – Beaked sedge","Carex aquatilis – Carex utriculata",11
-27138331,"ICH vk 2 /05","Cw – Devil's club – Ostrich fern","Thuja plicata – Oplopanax horridus – Matteuccia struthiopteris",11
-24258434,"ICH mc 2 /54","$SxEp – Devil's club","Picea sp. x Picea sp. – Betula papyrifera – Oplopanax horridus",11
-24181218,"ESSFwm 1 /110","BlSe – Azalea – Oak fern","Abies lasiocarpa – Picea engelmannii – Menziesia ferrunginea – Gymnocarpium dryopteris",11
-23994319,"ESSFdcp  /Ro06.1","Juniper – Stonecrop – Sandwort","Juniperus communis – Sedum sp. – Eremogone capillaris",11
-22576850,"SBS mc 1 /01a","Sxw – Huckleberry; Typic","Picea engelmannii x glauca – Vaccinium membranaceum",11
-22189736,"ESSFwm 2 /111","Bl – Arrow-leaved groundsel – Canby's lovage","Abies lasiocarpa – Senecio triangularis – Ligusticum canbyi",11
-20004087,"IDF dm 2 /Rt07.2","Juniper – Rocktripe","Juniperus communis –  Umbilicaria sp.",11
-18688404,"ESSFwh 3 /Vh03","Ladyfern – Hellebore – Valerian","Athyrium filix-femina – Veratrum viride – Valeriana sitchensis",11
-14299146,"SBS mc 2 /08","Sxw – Twinberry – Oak fern","Picea engelmannii x glauca – Lonicera involucrata – Gymnocarpium dryopteris",11
-13305437,"BG  xw 2 /Gg22","Spreading needlegrass – Northern bedstraw","Achnatherum richardsonii – Galium boreale",11
-10973911,"IDF dm 2 /Ff01a","Water birch – Red-osier dogwood – Rose","Betula occidentalis – Cornus sericea – Rosa acicularis",11
-10144482,"IDF xk   /Gg02","Bluebunch wheatgrass – Balsamroot","Pseudoroegneria spicata – Balsamorhiza sagittata",11
-9824483,"ICH dw 4 /102","FdPl – Juniper – Kinnikinnick","Pseudotsuga menziesii – Pinus contorta –  Juniperus communis –  Arctostaphylos uva-ursi",11
-7687359,"SBS dk   /08b","Act – Dogwood – Prickly rose; Medium-bench","Populus trichocarpa – Cornus sericea – Rosa acicularis",11
-6456428,"IDF xx 2 /103","Py(Fd) – Antelope-brush – Bluebunch wheatgrass","Pinus ponderosa – (Pseudotsuga menziesii) – Purshia tridentata – Pseudoroegneria spicata",11
-5424454,"ESSFmv 1 /02","Pl – Huckleberry – Cladonia","Pinus contorta – Vaccinium membranaceum – Cladonia spp.",11
-3374053,"ESSFwc 4 /112","Se – Horsetail – Valerian","Picea engelmannii – Equisetum arvense – Valeriana sitchensis",11
-3095473,"SBPSxc   /Wm01","Beaked sedge – Water sedge","Carex utriculata – Carex aquatilis",11
-1394240,"CWH ds 1 /10","Act – Willow","Populus trichocarpa – Salix spp.",11
269159,"PP  dh 1 /05","PyAct – Snowberry – Kentucky bluegrass","Pinus ponderosa – Populus trichocarpa – Symphoricarpos albus",11
970277,"IDF dk 3 /Wm06","Great bulrush","Schoenoplectus acutus",11
1050313,"CWH wh 2 /110","SsYc – Oak fern ","Picea sitchensis – Chamaecyparis nootkatensis – Gymnocarpium dryopteris",11
2672075,"IDF mw 1 /04","Fd – Pinegrass – Feathermoss","Pseudotsuga menziesii – Calamagrostis rubescens – Pleurozium schreberi",11
3945311,"ESSFdk 1 /Gg14","Idaho fescue – Sulphur buckwheat – Sandwort","Festuca idahoensis – Eriogonum umbellatum – Eremigone capillaris",11
9756100,"ESSFwc 2 /Wf11","Tufted clubrush – Star moss","Trichophorum cespitosum – Campylium stellatum",11
9981080,"ICH mc 2 /01a$Atpw","$At – Pink wintergreen","Populus tremuloides – Pyrola asarifolia",11
9988370,"ICH dh   /Ro05","Juniper – Kinnikinnick – Penstemon","Juniperus communis – Arctostaphylos uva-ursi – Penstemon fruticosa",11
10731976,"ICH dk   /06","CwSxw – Raspberry – Oak fern","Thuja plicata – Picea engelmannii x glauca – Rubus idaeus",11
10847197,"IDF xk   /113a","Sxw – Dogwood – Horsetail; Xeric phase","Picea engelmannii x glauca – Cornus sericea – Equisetum arvense",11
12096898,"CWH xm 1 /Wf10","Hudson Bay clubrush – Red hook moss","Trichophorum alpinum – Scorpidium revolvens",11
12760988,"IDF dk 5 /Rt07.1","Aspen – Juniper – Rocktripe","Populus tremuloides – Juniperus communis –  Umbilicaria sp.",11
12892828,"ESSFdc 1 /Vs12","Huckleberry – Rhododendron – Fireweed","Vaccinium membranaceum – Rhododendron albiflorum – Chamerion angustifolium",11
14267638,"ESSFvc   /05","BlHm – Horsetail","Abies lasiocarpa – Tsuga mertensiana – Equisetum arvense",11
14690884,"CWH vh 2 /13","CwSs – Skunk cabbage","Thuja plicata – Picea sitchensis – Lysichiton americanus",11
15581266,"CWH xm 1 /01","HwFd – Kindbergia","Tsuga heterophylla – Pseudotsuga menziesii – Eurhynchium oreganum",11
16799514,"IDF dm 2 /Wm14","Common reed","Phragmites australis ssp. americanus",11
19381650,"BG  xh 1 /05","Py – Sumac","Pinus ponderosa – Rhus glabra",11
21993209,"MS  dc 1 /Ws06","Sitka willow – Sitka sedge","Salix sitchensis – Carex sitchensis",11
24000028,"SBS mc 3 /04","Sxw – Huckleberry – Soopolallie","Picea engelmannii x glauca – Vaccinium membranaceum – Shepherdia canadensis",11
26727026,"ICH mk 4 /Ws07","Spruce – Common horsetail – Leafy moss","Picea engelmannii x glauca – Equisetum arvense – Carex disperma – Rhizomnium sp.",11
26820743,"IDF mw 2 /01$YC","$CwFd – Feathermoss","Thuja plicata – Pseudotsuga menziesii – Pleurozium schreberi",11
27694696,"BWBSmk   /Fl03","Pacific willow – Red-osier dogwood – Horsetail","Salix lasiandra – Cornus sericea – Equisetum arvense",11
31877206,"SBS mh   /01","SxwFd – Hazelnut","Picea engelmannii x glauca – Pseudotsuga menziesii – Corylus cornuta",11
33066856,"MS  dw   /Ro01.2","Selaginella – Sidewalk moss","Selaginella densa – Tortula ruralis",11
33896230,"ICH mw 3 /09","Sedge – Sphagnum","Carex spp. – Sphagnum spp.",11
35650545,"MS  dc 2 /07","Sxw – Gooseberry","Picea engelmannii x glauca – Ribes lacustre",11
37789086,"ICH mk 5 /103","Fd – Juniper – Pinegrass – Showy aster","Pseudotsuga menziesii – Juniperus communis – Calamagrostis rubescens – Eurybia conspicua",11
38273499,"ESSFwcw  /Ro12","Mountain-heather – Alaska saxifrage – Rock moss","Cassiope mertensiana – Micranthes ferruginea – Racomitrium spp.",11
38933224,"ESSFwmw  /Vs01.2","Sitka alder – Spiny wood fern","Alnus viridis ssp. sinuata – Dryopteris expansa",11
38974517,"MS  dm 1 /Wf01","Water sedge – Beaked sedge","Carex aquatilis – Carex utriculata",11
39553332,"CWH ms 2 /07","Ss – Salmonberry","Picea sitchensis – Rubus spectabilis",11
40355582,"ICH dw 1 /Ro10","Huckleberry – Rock moss – Haircap moss","Vaccinium membranaceum – Racomitrium spp. – Polytrichum sp.",11
41092955,"MH  whp  /Sk34","Mountain  hemlock – Pacific reedgrass – Hellebore ","Tsuga mertensiana – Calamagrostis nutkaensis – Veratrum viride",11
41184071,"CWH mm 1 /05","BaCw – Foamflower","Abies amabilis – Thuja plicata – Tiarella trifoliata",11
42948195,"CWH vh 2 /Wm50","Sitka sedge – Hemlock-parsley","Carex sitchensis – Oenanthe sarmentosa",11
47080896,"ESSFwk 1 /06","Bl – Horsetail – Sphagnum","Abies lasiocarpa – Equisetum arvense – Sphagnum spp.",11
48017706,"ICH mk 4 /Vs01","Sitka alder – Lady fern","Alnus viridis ssp. sinuata – Athyrium filix-femina",11
48103301,"MS  xv   /05","Pl – Trapper's tea – Crowberry","Pinus contorta – Rhododendron neoglandulosum – Empetrum nigrum",11
49334705,"CWH mm 1 /03","HwCw – Salal","Tsuga heterophylla – Thuja plicata – Gaultheria shallon",11
51048597,"MS  dc 2 /04","PlBl – Soopolallie – Kinnikinnick","Pinus contorta – Abies lasiocarpa – Shepherdia canadensis",11
51079240,"IDF xk   /Ro02","Rocky Mountain juniper – Selaginella – Bluebunch wheatgrass","Juniperus scopulorum – Selaginella densa – Pseudoroegneria spicata",11
52526002,"IDF dk 4 /Wm03","Awned sedge","Carex atherodes",11
55295820,"ESSFwm 3 /Rt01","Rocktripe – Green map","Umbilicaria sp. – Rhizocarpon geographicum",11
56342570,"ESSFwh 1 /Rt07.2","Juniper – Rocktripe","Juniperus communis –  Umbilicaria sp.",11
56393269,"CWH ms 1 /03","FdHw – Falsebox","Pseudotsuga menziesii – Tsuga heterophylla – Paxistima myrsinites",11
57844625,"CWH ms 1 /07","Ss – Salmonberry","Picea sitchensis – Rubus spectabilis",11
58558686,"ESSFmc   /Wf03","Water sedge – Peat moss","Carex aquatilis – Sphagnum spp.",11
58883789,"CWH mm 1 /07","BaCw – Salmonberry","Abies amabilis – Thuja plicata – Rubus spectabilis",11
58909543,"ESSFwc 3 /Wf03","Water sedge – Peat moss","Carex aquatilis – Sphagnum spp.",11
60850005,"ESSFwc 4 /Rt21","Subalpine larch – Pink mountain-heather – Heron's-bill","Larix lyallii – Phyllodoce empetriformis –  Dicranum spp.",11
61766725,"ICH mc 2 /03$Atcv","$At – Canada violet","Populus tremuloides – Viola canadensis",11
62128575,"CWH vh 2 /03a","CwYc – Salal; Mineral","Thuja plicata – Chamaecyparis nootkatensis – Gaultheria shallon",11
63050142,"ESSFmk   /03","BlHm – Cladonia","Abies lasiocarpa – Tsuga mertensiana – Cladonia spp.",11
64827630,"IDF xk   /111","At – Prairie rose – Pinegrass","Populus tremuloides – Rosa woodsii – Calamagrostis rubescens",11
65441287,"BWBSdk   /110$6B.1","$At – Horsetail – Step moss","Populus tremuloides – Equisetum arvense – Hylocomium splendens",11
67324487,"IDF xk   /Gg10","Rough fescue – Bluebunch wheatgrass","Festuca campestris – Pseudoroegneria spicata",11
69919201,"ESSFwc 2 /01","Bl – Azalea – Oak fern","Abies lasiocarpa – Menziesia ferrunginea – Gymnocarpium dryopteris",11
70043947,"IDF dk 5 /Rt01","Rocktripe – Green map","Umbilicaria sp. – Rhizocarpon geographicum",11
71379885,"SBPSmk   /07","Sxw – Horsetail – Glow moss","Picea engelmannii x glauca – Equisetum arvense – Aulacomnium palustre",11
72369443,"BWBSwk 1 /Wf14","Tea-leaved willow – Water sedge – Glow moss","Salix planifolia – Carex aquatilis – Aulacomnium palustre",11
72654098,"ESSFdc 1 /Vh11","Fireweed – Yarrow – Strawberry","Chamerion angustifolium – Achillea millefolium – Fragaria virginiana",11
74326634,"IDF dk 3 /Wf01","Water sedge – Beaked sedge","Carex aquatilis – Carex utriculata",11
78384411,"ESSFdk 2 /Vh01.2","Cow-parsnip – Fireweed – Bluejoint","Heracleum maximum – Chamerion angustifolium – Calamagrostis canadensis",11
79007226,"MS  dw   /111a","Sxw – Horsetail; Riparian phase","Picea engelmannii x glauca – Equisetum arvense",11
79268960,"ICH xw   /Gb06","Snowbrush – Poverty oatgrass","Ceanothus velutinus – Danthonia spicata",11
79766532,"ESSFdcw  /Ws08.2","Engelmann spruce – Subalpine fir – Horsetail – Canby's Lovage","Picea engelmannii x glauca – Abies lasiocarpa – Equisetum arvense – Ligusticum canbyii ",11
80582056,"ESSFxc 2 /Wf09","Few-flowered spike-rush – Hook moss","Eleocharis quinqueflora – Drepanocladus spp.",11
80786037,"ESSFwh 3 /Vs10","Willow – Cow-parsnip – Fireweed","Salix sp. – Heracleum maximum – Chamerion angustifolium",11
83411626,"BG  xh 2 /04","Py – Bluebunch wheatgrass","Pinus ponderosa – Pseudoroegneria spicata",11
86220651,"ESSFwm 1 /Vs01.2","Sitka alder – Spiny wood fern","Alnus viridis ssp. sinuata – Dryopteris expansa",11
87337839,"ESSFwcp  /Ag01","Timber oatgrass – Grouseberry – Sandwort","Danthonia intermedia – Vaccinium scoparium – Eremogone capillaris",11
88954503,"ESSFmw 2 /Wf12","Narrow-leaved cotton-grass – Marsh-marigold","Eriophorum angustifolium – Caltha leptosepala",11
90904002,"CWH ds 1 /08","Ss – Salmonberry","Picea sitchensis – Rubus spectabilis",11
91322762,"IDF dm 2 /112a","Sxw – Dogwood – Horsetail; Riparian ","Picea engelmannii x glauca – Cornus sericea – Equisetum arvense",11
91516890,"ESSFwmw  /Ws08.2","Engelmann spruce – Subalpine fir – Horsetail – Canby's Lovage","Picea engelmannii x glauca – Abies lasiocarpa – Equisetum arvense – Ligusticum canbyii ",11
92545401,"ICH mw 5 /Vs10.2","Barclay's willow – Cow-parsnip – Fireweed","Salix barclayi – Heracleum maximum – Chamerion angustifolium",11
92885961,"ESSFwh 3 /Wm16","Bluejoint – Arrow-leaved groundsel","Calamagrostis canadensis – Senecio triangularis",11
93534575,"ESSFxc   /Wm09","Inflated sedge","Carex exsiccata",11
98494111,"ESSFwm 3 /112b","SeBl – Horsetail – Canby's lovage; Swamp phase","Picea engelmannii – Abies lasiocarpa – Equisetum arvense – Ligusticum canbyi ",11
99109217,"ESSFwh 1 /103","BlFd – Huckleberry – Falsebox","Abies lasiocarpa – Pseudotsuga menziesii – Vaccinium membranaceum – Paxistima myrsinites",11
101078421,"ESSFwm 4 /Vs10.2","Barclay's willow – Cow-parsnip – Fireweed","Salix barclayi – Heracleum maximum – Chamerion angustifolium",11
103796942,"ICH wk 1 /Wf06","Slender sedge – Buckbean","Carex lasiocarpa – Menyanthes trifoliata",11
105310537,"ICH mk 4 /Vs02","Sitka alder – Solomon's-seal","Alnus viridis ssp. sinuata – Maianthemum racemosum",11
106538886,"ICH mw 4 /Rt03","Raspberry – Feathermoss – Clad lichen","Rubus idaeus – Pleurozium schreberi – Cladonia spp.",11
108437226,"MH  wh 1 /07","YcHm – Hellebore","Chamaecyparis nootkatensis – Tsuga mertensiana - Veratrum viride",11
109279592,"IDF dk 5 /Wf02","Scrub birch – Water sedge","Betula nana – Carex aquatilis",11
111252150,"ESSFdk 2 /Ws08","Subalpine fir – Sitka valerian – Common horsetail","Abies lasiocarpa – Valeriana sitchensis – Equisetum arvense",11
111429489,"ICH mk 3 /05","SxwCw – Oak fern","Picea engelmannii x glauca – Thuja plicata – Gymnocarpium dryopteris",11
118349523,"ICH wc   /03","Hw – Step moss","Tsuga heterophylla – Hylocomium splendens",11
120138846,"IDF mw 2 /01","FdCw – Falsebox – Prince's pine","Pseudotsuga menziesii – Thuja plicata – Paxistima myrsinites – Chimaphila umbellata",11
121958688,"ICH mc 2 /04$Atcv","$At – Canada violet","Populus tremuloides – Viola canadensis",11
122805232,"IDF dm 2 /104","Fd(Lw) – Pinegrass – Kinnikinnick","Pseudotsuga menziesii – (Larix occidentalis) – Calamagrostis rubescens – Arctostaphylos uva-ursi",11
124246950,"IDF dk 5 /Ro01","Selaginella – Bluebunch wheatgrass – Sidewalk moss","Selaginella densa – Pseudoroegneria spicata – Tortula ruralis",11
124279894,"ICH xw  a/111","CwHw – Oak fern","Thuja plicata – Tsuga heterophylla – Gymnocarpium dryopteris",11
125475340,"CWH vm 2 /11","CwYc – Skunk cabbage","Thuja plicata – Chamaecyparis nootkatensis – Lysichiton americanus",11
126995676,"SBS mw   /07","Sxw – Twinberry – Oak fern","Picea engelmannii x glauca – Lonicera involucrata – Gymnocarpium dryopteris",11
127371444,"ICH mw 2 /Ro05","Juniper – Kinnikinnick – Penstemon","Juniperus communis – Arctostaphylos uva-ursi – Penstemon fruticosa",11
127809075,"ICH mw 5 /103","Fd – Douglas maple – Falsebox","Pseudotsuga menziesii – Acer glabrum var. douglasii – Paxistima myrsinites",11
127947681,"ESSFxc   /Wf02","Scrub birch – Water sedge","Betula nana – Carex aquatilis",11
128538526,"ESSFwm 3 /Vs01","Sitka alder – Lady fern","Alnus viridis ssp. sinuata – Athyrium filix-femina",11
130252819,"IDF dk 4 /08","Sxw – Scrub birch – Feathermoss","Picea engelmannii x glauca – Betula nana – Pleurozium schreberi",11
130322712,"ESSFwh 1 /Vs11","Thimbleberry – Cow parsnip – Fireweed","Rubus parviflorus – Heracleum maximum – Chamerion angustifolium",11
131271052,"ICH mw 5 /Vs01.1","Sitka alder – Lady fern","Alnus viridis ssp. sinuata – Athyrium filix-femina – Dryopteris expansa",11
131913491,"IDF xm   /Rt04","Saskatoon – Bluebunch wheatgrass","Amelanchier alnifolia – Pseudoroegneria spicata",11
133013470,"BWBSdk   /110","Sw – Currant – Horsetail","Picea glauca – Ribes triste – Equisetum arvense",11
133156675,"ESSFmm 1 /01","Bl – Azalea – Gooseberry","Abies lasiocarpa – Menziesia ferrunginea – Ribes lacustre",11
133859641,"SBS dk   /54","Drummond's willow – Bluejoint","Salix drummondiana – Calamagrostis canadensis",11
136313341,"ESSFwc 2 /05","Bl – Azalea – Feathermoss","Abies lasiocarpa – Menziesia ferrunginea – Pleurozium schreberi",11
137730054,"SBS wk 3a/03","SxwFd – Purple peavine","Picea engelmannii x glauca – Pseudotsuga menziesii – Lathyrus nevadensis",11
138127922,"CDF mm   /06","CwBg – Foamflower","Thuja plicata – Abies grandis – Tiarella trifoliata",11
138164805,"IDF dk 1 /Wf02","Scrub birch – Water sedge","Betula nana – Carex aquatilis",11
138651236,"ESSFmw   /Wm02","Swamp horsetail – Beaked sedge","Equisetum fluviatile – Carex utriculata",11
140767173,"ESSFmm 1 /07","Bl – Labrador tea – Horsetail","Abies lasiocarpa – Rhododendron groenlandicum – Equisetum arvense",11
144669816,"ESSFdcw  /Wf12","Narrow-leaved cotton-grass – Marsh-marigold","Eriophorum angustifolium – Caltha leptosepala",11
145262658,"ESSFwh 1 /Vh11","Fireweed – Yarrow – Strawberry","Chamerion angustifolium – Achillea millefolium – Fragaria virginiana",11
148676072,"ICH mc 1 /Ws50","Hardhack – Sitka sedge","Spiraea douglasii ssp. menziesii – Carex sitchensis",11
149026842,"ESSFwh 3 /101","BlHw – Rhododendron – Foamflower","Abies lasiocarpa – Tsuga heterophylla – Rhododendron albiflorum – Tiarella trifoliata",11
150036565,"ESSFdk 2 /Vs11","Thimbleberry – Cow-parsnip – Fireweed","Rubus parviflorus – Heracleum maximum – Chamerion angustifolium",11
150358205,"ESSFwm 1 /Vh01.1","Cow-parsnip – Fireweed – Nettle","Heracleum maximum – Chamerion angustifolium – Urtica dioica",11
150921983,"ESSFxc   /08","Bl – Horsetail – Glow moss","Abies lasiocarpa – Equisetum arvense – Aulacomnium palustre",11
151160229,"CWH vm 2 /05","BaCw – Foamflower","Abies amabilis – Thuja plicata – Tiarella trifoliata",11
153343944,"ICH wk 1 /04","HwCw – Falsebox – Feathermoss","Tsuga heterophylla – Thuja plicata – Paxistima myrsinites – Pleurozium schreberi",11
153870149,"ESSFwc 4 /Vs12","Huckleberry – Rhododendron – Fireweed","Vaccinium membranaceum – Rhododendron albiflorum – Chamerion angustifolium",11
154447680,"CWH vh 3 /104","SsHw – Oregon beaked moss ","Picea sitchensis – Tsuga heterophylla – Eurhynchium oreganum",11
155348703,"MS  dm 2 /05","Sxw – Gooseberry – Grouseberry","Picea engelmannii x glauca – Ribes lacustre – Vaccinium scoparium",11
155607205,"ICH dw 1 /Wm05","Cattail","Typha latifolia",11
156944924,"ICH xw   /Ws06","Sitka willow – Sitka sedge","Salix sitchensis – Carex sitchensis",11
157384876,"ICH mw 1 /06","CwHw – Oval-leaved blueberry – Oak fern","Thuja plicata – Tsuga heterophylla – Vaccinium ovalifolium",11
157923543,"ICH mc 2 /01$Atss.1","$At – Saskatoon – Snowberry","Populus tremuloides – Amelanchier alnifolia – Symphoricarpos albus",11
158593581,"ESSFwm 4 /Ro09.2","Saskatoon – Poverty oatgrass – Rock moss – Clad lichen","Amelanchier alnifolia – Danthonia spicata – Racomitrium spp. – Cladonia spp.",11
160297383,"MS  mw 2 /Wf04","Barclay's willow – Water sedge – Glow moss","Salix barclayi – Carex aquatilis – Aulacomnium palustre",11
161075376,"ICH mw 2 /Vs10.2","Barclay's willow – Cow-parsnip – Fireweed","Salix barclayi – Heracleum maximum – Chamerion angustifolium",11
161414126,"ESSFdk 2 /Vh02.2","Valerian – Showy Sedge – Fireweed","Valeriana sitchensis – Carex spectabilis – Chamerion angustifolium",11
163483540,"ESSFxv 2 /Wf01","Water sedge – Beaked sedge","Carex aquatilis – Carex utriculata",11
166477144,"CWH vh 1 /08","Ss – Lily-of-the-valley","Picea sitchensis – Maianthemum dilatatum",11
167104218,"MS  dk   /Vs10.1","Sitka willow – Cow-parsnip – Fireweed","Salix sitchensis – Heracleum maximum – Chamerion angustifolium",11
167180872,"BG  xh 3 /Wm06","Great bulrush","Schoenoplectus acutus",11
167851366,"SBS dw 2 /06","Pl – Pinegrass – Feathermoss","Pinus contorta – Calamagrostis rubescens – Pleurozium schreberi",11
175858838,"MS  xk   /05","FdPl – Pinegrass – Arnica","Pseudotsuga menziesii – Pinus contorta – Calamagrostis rubescens – Arnica sp.",11
179949847,"ESSFwh 2 /Wm01","Beaked sedge – Water sedge","Carex utriculata – Carex aquatilis",11
181456417,"ESSFmm 3 /104","Bl – Azalea– Feathermoss","Abies lasiocarpa – Menziesia ferruginea – Pleurozium schreberi",11
183610597,"ESSFdc 1 /Ws13","Barclay’s willow – Common horsetail – Arrow-leaved groundsel","Salix barclayi – Equisetum arvense – Senecio triangularis",11
184152664,"BWBSdk   /101$6B.1","$At – Soopolallie – High Bush-cranberry","Populus tremuloides – Shepherdia canadensis – Viburnum edule",11
184441257,"ESSFwm 1 /Ro06","Juniper – Stonecrop – Sandwort","Juniperus communis – Sedum sp. – Eremogone capillaris",11
186002924,"ESSFmh   /Ro06","Juniper – Stonecrop – Sandwort","Juniperus communis – Sedum sp. – Eremogone capillaris",11
186364198,"ESSFwmw  /Ro12","Mountain-heather – Alaska saxifrage – Rock moss","Cassiope mertensiana – Micranthes ferruginea – Racomitrium spp.",11
188428647,"ESSFwmw  /Vh02.2","Valerian – Showy Sedge – Fireweed","Valeriana sitchensis – Carex spectabilis – Chamerion angustifolium",11
189750097,"SBS wk 1 /Ws02","Mountain alder – Pink spirea – Sitka sedge","Alnus incana – Spiraea douglasii ssp. menziesii – Carex sitchensis",11
192358629,"ICH dh   /Vs01.1","Sitka alder – Lady fern","Alnus viridis ssp. sinuata – Athyrium filix-femina – Dryopteris expansa",11
193277947,"ICH mc 2 /04","CwHw – Devil's club – Oak fern","Thuja plicata – Tsuga heterophylla – Oplopanax horridus",11
193580278,"MS  xv   /03a","Pl – Kinnikinnick – Cladonia; Typic","Pinus contorta – Arctostaphylos uva-ursi – Cladonia spp.",11
194786578,"IDF xx 2 /Ga01.2","Alkali saltgrass – Spartina","Distichlis spicata var. stricta – Spartina gracilis",11
195193889,"ESSFwm 3 /Wf13","Narrow-leaved cotton-grass – Shore sedge","Eriophorum angustifolium – Carex limosa",11
196760530,"BWBSwk 1 /110","Sw – Currant – Horsetail","Picea glauca – Ribes triste – Equisetum arvense",11
197533039,"CWH ws 2 /11","CwSs – Skunk cabbage","Thuja plicata – Picea sitchensis – Lysichiton americanus",11
197624068,"IDF dm 2 /Gg12","Rough fescue – Yarrow – Old man's whiskers","Festuca campestris – Achillea millefolium – Geum triflorum",11
199884126,"ESSFwh 3 /Ro06","Juniper – Stonecrop – Sandwort","Juniperus communis – Sedum sp. – Eremogone capillaris",11
202321559,"MS  dm 2 /Wm01","Beaked sedge – Water sedge","Carex utriculata – Carex aquatilis",11
203524852,"IDF xx 2 /Ro02","Rocky Mountain juniper – Selaginella – Bluebunch wheatgrass","Juniperus scopulorum – Selaginella densa – Pseudoroegneria spicata",11
203706030,"CWH vh 1 /02","PlYc – Rhacomitrium","Pinus contorta – Chamaecyparis nootkatensis – Racomitrium spp.",11
205034320,"ICH mw 2 /112","Sxw(Hw) – Huckleberry – Oak fern","Picea engelmannii x glauca – Tsuga heterophylla – Vaccinium membranaceum – Gymnocarpium dryopteris",11
205268156,"ESSFdk 1 /Vs10","Willow – Cow-parsnip – Fireweed","Salix sp. – Heracleum maximum – Chamerion angustifolium",11
205415272,"ICH mk 4 /Vs01.2","Sitka alder – Spiny wood fern","Alnus viridis ssp. sinuata – Dryopteris expansa",11
206573708,"SBS vk   /07","Sxw – Devil's club – Ostrich fern","Picea engelmannii x glauca – Oplopanax horridus – Matteuccia struthiopteris",11
209567034,"ICH mc 2 /06b","ActSx – Dogwood; Medium-bench","Populus trichocarpa – Picea sp. x Picea sp. – Cornus sericea",11
209837681,"BWBSdk   /104b","Sw – Soopolallie – Step moss; Imperfectly drained phase","Picea glauca – Shepherdia canadensis – Hylocomium splendens",11
211461179,"ESSFwh 3 /Vh01.1","Cow-parsnip – Fireweed – Nettle","Heracleum maximum – Chamerion angustifolium – Urtica dioica",11
211546072,"ICH wk 4 /03","CwSxw – Soopolallie","Thuja plicata – Picea engelmannii x glauca – Shepherdia canadensis",11
211881610,"BWBSmw   /110$6B.1","$At – High bush-cranberry – Oak fern","Populus tremuloides – Viburnum edule – Gymnocarpium dryopteris",11
212803834,"SBS dk   /03","Pl – Feathermoss – Cladina","Pinus contorta – Pleurozium schreberi – Cladina spp.",11
213682141,"ESSFwmw  /Wm16","Bluejoint – Arrow-leaved groundsel","Calamagrostis canadensis – Senecio triangularis",11
213960447,"CWH ws 1 /08","Act – Red-osier dogwood","Populus trichocarpa – Cornus sericea",11
214845914,"ESSFwc 4 /Ro11","Grouseberry – Clad lichen","Vaccinium scoparium – Cladonia spp.",11
216789508,"SBS dw 2 /08","Sxw – Twinberry","Picea engelmannii x glauca – Lonicera involucrata",11
221603807,"IDF xm   /Ga01","Alkali saltgrass","Distichlis spicata var. stricta",11
223033484,"ESSFwm 2 /102","BlPa – Huckleberry – Clad lichen","Abies lasiocarpa – Pinus albicaulis – Vaccinium membranaceum – Cladonia spp.",11
223588384,"ESSFwc 4 /Wa01.2","Alpine sedge – Leatherleaf saxifrage – Glowmoss","Carex nigricans – Leptarrhena pyrolifolia –  Aulacomnium palustre",11
223695881,"ICH wk 3 /02","Hw – Azalea – Cladonia","Tsuga heterophylla – Menziesia ferrunginea – Cladonia",11
224182255,"MS  mw 1 /Wf01","Water sedge – Beaked sedge","Carex aquatilis – Carex utriculata",11
224410961,"MS  dw   /Gb01","Juniper – Kinnikinnick – Bluebunch wheatgrass","Juniperus communis – Arctostaphylos uva-ursi – Pseudoroegneria spicata",11
225655880,"ESSFxc   /05","Bl – Grouseberry – Cladonia","Abies lasiocarpa – Vaccinium scoparium – Cladonia spp.",11
226072885,"ESSFxc 1 /Wf02","Scrub birch – Water sedge","Betula nana – Carex aquatilis",11
226077408,"ESSFwh 1 /102","Bl – Huckleberry – Rock moss","Abies lasiocarpa – Vaccinium membranaceum – Racomitrium spp.",11
226514233,"BWBSmk   /Wm02","Swamp horsetail – Beaked sedge","Equisetum fluviatile – Carex utriculata",11
228100534,"BG  xw 1 /02","Bluebunch wheatgrass – Selaginella","Pseudoroegneria spicata – Selaginella densa",11
228260734,"ICH mw 5 /Fm01","Cottonwood – Snowberry – Rose","Populus trichocarpa – Symphoricarpos albus – Rosa acicularis",11
229359556,"IDF xh 2 /03","FdPy – Bluebunch wheatgrass – Balsamroot","Pseudotsuga menziesii – Pinus ponderosa – Pseudoroegneria spicata – Balsamorhiza sagittata",11
229688778,"ESSFwcw  /Wf04","Barclay's willow – Water sedge – Glow moss","Salix barclayi – Carex aquatilis – Aulacomnium palustre",11
229861038,"IDF dk 4 /03","Fd – Juniper – Saskatoon","Pseudotsuga menziesii – Juniperus communis – Amelanchier alnifolia",11
233690485,"CWH wh 1 /Wb51.1","Shore pine – Crowberry – Tough Peat moss; tall shrub variation","Pinus contorta var. contorta – Empetrum nigrum – Sphagnum austinii",11
233786911,"CWH wh 2 /112","SsYc – Hellebore – Snake liverwort  ","Picea sitchensis – Chamaecyparis nootkatensis – Veratrum viride",11
234393843,"MS  dw   /111b","Sxw – Horsetail; Swamp phase","Picea engelmannii x glauca – Equisetum arvense",11
234452077,"ESSFmh   /Vh10","Fireweed – Grouseberry","Chamerion angustifolium – Vaccinium scoparium",11
235657710,"SBS mh   /09","Sxw – Horsetail – Glow moss","Picea engelmannii x glauca – Equisetum arvense – Aulacomnium palustre",11
235932442,"ESSFwm 4 /Vs01","Sitka alder – Lady fern","Alnus viridis ssp. sinuata – Athyrium filix-femina",11
236018664,"CWH ds 1 /02","FdPl – Kinnikinnick","Pseudotsuga menziesii – Pinus contorta – Arctostaphylos uva-ursi",11
236911262,"ICH dk   /02","CwSxw – Soopolallie","Thuja plicata – Picea engelmannii x glauca – Shepherdia canadensis",11
237019381,"ICH dh   /Gg11","Idaho fescue – Bluebunch wheatgrass – Junegrass","Festuca idahoensis – Pseudoroegneria spicata  – Koeleria macrantha",11
237042920,"ESSFwc 4 /102","BlPa – Huckleberry – Clad lichen","Abies lasiocarpa – Pinus albicaulis – Vaccinium membranaceum – Cladonia spp.",11
241331969,"ESSFwh 2 /Wf12","Narrow-leaved cotton-grass – Marsh-marigold","Eriophorum angustifolium – Caltha leptosepala",11
241340033,"SBS vk   /04","Sxw – Oak fern","Picea engelmannii x glauca – Gymnocarpium dryopteris",11
241643396,"SBS mm   /10","Sb – Water sedge – Peat moss","Picea mariana – Carex aquatilis – Sphagnum spp.",11
242723901,"CWH vm 1 /05","BaCw – Foamflower","Abies amabilis – Thuja plicata – Tiarella trifoliata",11
243659667,"CWH vm 2 /Wm09","Inflated sedge","Carex exsiccata",11
243800655,"ESSFxv 1 /07","Bl – Valerian – Arnica","Abies lasiocarpa – Valeriana sitchensis – Arnica sp.",11
245833674,"CWH xm 2 /Wf52","Sweet gale – Sitka sedge","Myrica gale – Carex sitchensis",11
247101752,"CWH dm   /02","FdPl – Cladina","Pseudotsuga menziesii – Pinus contorta – Cladina spp.",11
247342653,"ICH mw 1 /07","CwHw – Horsetail","Thuja plicata – Tsuga heterophylla – Equisetum arvense",11
247827220,"CDF mm   /Wf53","Slender sedge – White beak-rush","Carex lasiocarpa – Rhynchospora alba",11
249903353,"ICH wk 4 /04","CwSxw – Velvet-leaved blueberry","Thuja plicata – Picea engelmannii x glauca – Vaccinium myrtilloides",11
250189060,"ESSFwm 4 /110","BlSe – Azalea – Oak fern","Abies lasiocarpa – Picea engelmannii – Menziesia ferrunginea – Gymnocarpium dryopteris",11
250586411,"SBS wk 1 /Wm02","Swamp horsetail – Beaked sedge","Equisetum fluviatile – Carex utriculata",11
251359546,"ESSFdkw  /Ag01","Timber oatgrass – Grouseberry – Sandwort","Danthonia intermedia – Vaccinium scoparium – Eremogone capillaris",11
252133882,"ICH mk 4 /Ro09.1","Saskatoon – Rock moss – Clad lichen","Amelanchier alnifolia – Racomitrium spp. – Cladonia spp.",11
252313871,"IDF dm 1 /06","SxwFd – Dogwood – Gooseberry","Picea engelmannii x glauca – Pseudotsuga menziesii - Cornus sp. - Ribes sp.",11
254024027,"ICH wk 3 /08","PlSb – Sedge – Sphagnum","Pinus contorta – Picea mariana – Carex spp.",11
255639100,"ICH mk 3 /08","Pl  – Water sedge – Peat moss","Pinus contorta – Carex aquatilis – Sphagnum spp.",11
256100735,"MS  dw   /Wf08","Shore sedge – Buckbean – Hook moss","Carex limosa – Menyanthes trifoliata – Drepanocladus spp.",11
256862632,"CWH xm 1 /11","Pl – Sphagnum","Pinus contorta – Sphagnum spp.",11
257184117,"ESSFwmw  /Rt21","Subalpine larch – Pink mountain-heather – Heron's-bill","Larix lyallii – Phyllodoce empetriformis –  Dicranum spp.",11
257397943,"ICH mw 4 /Ws01","Mountain alder – Skunk cabbage – Lady fern","Alnus incana – Lysichiton americanus – Athyrium filix-femina",11
257871686,"ESSFwm 2 /112a","SeBl – Horsetail – Canby's lovage; Riparian phase","Picea engelmannii – Abies lasiocarpa – Equisetum arvense – Ligusticum canbyi",11
258149633,"ICH dw 1 /Ws01","Mountain alder – Skunk cabbage – Lady fern","Alnus incana – Lysichiton americanus – Athyrium filix-femina",11
259887667,"SBPSmc   /04","Sxw – Scrub birch – Feathermoss","Picea engelmannii x glauca – Betula nana – Pleurozium schreberi",11
260526789,"BWBSmw   /Wb01","Sb – Creeping snowberry – Sphagnum","Picea mariana – Gaultheria hispidula – Sphagnum spp.",11
261466145,"IDF dm 2 /Fm07","Aspen – Dogwood – Sarsaparilla","Populus tremuloides – Cornus sericea – Aralia nudicaulis",11
262157180,"MS  dk   /Wm02","Swamp horsetail – Beaked sedge","Equisetum fluviatile – Carex utriculata",11
262547731,"ICH mw 5 /Vs10","Willow – Cow-parsnip – Fireweed","Salix sp. – Heracleum maximum – Chamerion angustifolium",11
264996324,"IDF xm   /Wm07","Baltic rush","Juncus balticus",11
266990505,"MS  dk   /Wm16","Bluejoint – Arrow-leaved groundsel","Calamagrostis canadensis – Senecio triangularis",11
267398768,"CWH mm 1 /02","FdHw – Salal","Pseudotsuga menziesii – Tsuga heterophylla – Gaultheria shallon",11
267639622,"IDF dk 4 /Sc01","Scrub birch – Kinnikinnick","Betula nana – Arctostaphylos uva-ursi",11
269864827,"ESSFmm 3 /102","BlFd – Juniper – Clad lichen","Abies lasiocarpa – Pseudotsuga menziesii – Juniperus communis – Cladonia spp.",11
270360715,"ESSFwm 1 /102","BlFd – Douglas maple","Abies lasiocarpa – Pseudotsuga menziesii – Acer glabrum",11
271391045,"IDF xk   /Wf01","Water sedge – Beaked sedge","Carex aquatilis – Carex utriculata",11
278392179,"ESSFdk 2 /101","BlSe – Azalea – Feathermoss","Abies lasiocarpa – Picea engelmannii – Menziesia ferruginea – Pleurozium schreberi",11
278738650,"ESSFdk 2 /Vs01.1","Sitka alder – Lady fern","Alnus viridis ssp. sinuata – Athyrium filix-femina – Dryopteris expansa",11
280911825,"CWH dm   /11","Pl – Sphagnum","Pinus contorta – Sphagnum spp.",11
282291481,"ICH dw 1 /Fm01","Cottonwood – Snowberry – Rose","Populus trichocarpa – Symphoricarpos albus – Rosa acicularis",11
285145219,"SBS dh 1 /05","Pl – Labrador tea – Velvet-leaved blueberry","Pinus contorta – Rhododendron groenlandicum – Vaccinium myrtilloides",11
285784585,"ESSFdk 1 /Fl05","Drummond's willow – Bluejoint","Salix drummondiana – Calamagrostis canadensis",11
286275046,"CWH ws 2 /10","Pl – Sphagnum","Pinus contorta – Sphagnum spp.",11
287960363,"ESSFwm 2 /Wm01","Beaked sedge – Water sedge","Carex utriculata – Carex aquatilis",11
288554295,"MS  dw   /Wm16","Bluejoint – Arrow-leaved groundsel","Calamagrostis canadensis – Senecio triangularis",11
294241094,"CWH vh 1 /10","Dr – Lily-of-the-valley","Alnus rubra – Maianthemum dilatatum",11
294503348,"ICH wk 3 /05","CwHw – Devil's club – Lady fern","Thuja plicata – Tsuga heterophylla – Oplopanax horridus",11
294560923,"ICH mk 4 /Vs12","Huckleberry – Rhododendron – Fireweed","Vaccinium membranaceum – Rhododendron albiflorum – Chamerion angustifolium",11
294925336,"SBS wk 3a/01","Sxw – Dogwood – Fairybells","Picea engelmannii x glauca – Cornus sericea – Prosartes hookeri",11
295721869,"ESSFwcw  /Wf03","Water sedge – Peat moss","Carex aquatilis – Sphagnum spp.",11
296048836,"ESSFwh 3 /Vs04","Sitka alder – Devil's club – Oak fern","Alnus viridis ssp. sinuata – Oplopanax horridus – Gymnocarpium dryopteris",11
296079087,"ESSFwh 2 /Vh01.1","Cow-parsnip – Fireweed – Nettle","Heracleum maximum – Chamerion angustifolium – Urtica dioica",11
296614245,"ESSFwmw  /Vs13","Huckleberry – Bear-grass – Fireweed","Vaccinium membranaceum – Xerophyllum tenax – Chamerion angustifolium",11
296891651,"ESSFvc   /02","BlHm – Rhododendron – Leafy liverwort","Abies lasiocarpa – Tsuga mertensiana – Rhododendron albiflorum – Barbilophozia lycopodioides",11
297292944,"MS  dw   /Fm02","Cottonwood – Spruce – Dogwood","Populus balsamifera – Picea sp. – Alnus incana – Cornus sericea",11
297752331,"ESSFdc 3 /Wf13","Narrow-leaved cotton-grass – Shore sedge","Eriophorum angustifolium – Carex limosa",11
298740323,"SBS wk 2 /03","Sxw – Huckleberry – High bush-cranberry","Picea engelmannii x glauca – Vaccinium membranaceum – Viburnum edule",11
299229734,"CWH dm   /04","Fd – Sword fern","Pseudotsuga menziesii – Polystichum munitum",11
300389407,"PP  xh 1 /06","FdPy – Snowberry – Pinegrass","Pseudotsuga menziesii – Pinus ponderosa – Symphoricarpos albus – Calamagrostis rubescens",11
300568260,"ICH mc 1 /01a","Hw – Step moss; Mesic","Tsuga heterophylla – Hylocomium splendens",11
305243206,"SBPSxc   /Wf09","Few-flowered spike-rush – Hook moss","Eleocharis quinqueflora – Drepanocladus spp.",11
306154433,"PP  xh 1 /Wm07","Baltic rush","Juncus balticus",11
306582608,"MH  wh 1 /04","HmYc – Goldthread","Tsuga mertensiana – Chamaecyparis nootkatensis - Coptis asplenifolia",11
307414549,"ESSFwm 2 /Ro06.1","Juniper – Stonecrop – Sandwort","Juniperus communis – Sedum sp. – Eremogone capillaris",11
309029171,"SBS mm   /05","Sxw – Soopolallie – Falsebox","Picea engelmannii x glauca – Shepherdia canadensis – Paxistima myrsinites",11
311268204,"MS  xv   /Sc01","Scrub birch – Kinnikinnick","Betula nana – Arctostaphylos uva-ursi",11
312601303,"ESSFwk 1 /51","Alder – Lady fern","Alnus alnobetula ssp. sinuata – Athyrium filix-femina",11
312645555,"ESSFdcw  /Wf04","Barclay's willow – Water sedge – Glow moss","Salix barclayi – Carex aquatilis – Aulacomnium palustre",11
314000929,"MS  dw   /Wm06","Great bulrush","Schoenoplectus acutus",11
314924396,"IDF xh 1 /05","FdPy – Pinegrass – Idaho fescue","Pseudotsuga menziesii – Pinus ponderosa – Calamagrostis rubescens – Festuca idahoensis",11
320457206,"MS  dk   /104","SxwPl – Labrador tea – Feathermoss","Picea engelmannii x glauca – Pinus contorta – Rhododendron groenlandicum – Pleurozium schreberi",11
322871497,"ICH mw 4 /113","SxwBl – Devil's club – Lady fern","Picea engelmannii x glauca – Abies lasiocarpa – Oplopanax horridus- Athyrium filix-femina ",11
323544902,"SBS vk   /51","Mountain alder – Lady fern","Alnus incana – Athyrium filix-femina",11
326109994,"ESSFwm 3 /105","BlSe – Bear-grass – Arnica","Abies lasiocarpa – Picea engelmannii – Xerophyllum tenax – Arnica spp.",11
327408114,"CWH wm   /Wm50","Sitka sedge – Hemlock-parsley","Carex sitchensis – Oenanthe sarmentosa",11
328215389,"ESSFdc 2 /08","Bl – Trapper's tea","Abies lasiocarpa – Rhododendron neoglandulosum",11
329016736,"ESSFwh 2 /Ro09","Saskatoon – Rock moss – Clad lichen","Amelanchier alnifolia – Racomitrium spp. – Cladonia spp.",11
329219656,"SBPSdc   /07","Sb – Scrub birch – Sedge","Picea mariana – Betula nana – Carex spp.",11
331993955,"SBS dk   /07a","Sxw – Horsetail; Freely drained","Picea engelmannii x glauca – Equisetum arvense",11
332485354,"ICH dw 1 /Rt06","Mock-orange – Choke cherry – Saskatoon","Philadelphus lewisii – Prunus virginiana –  Amelanchier alnifolia ",11
334248497,"ICH wc   /Wf01","Water sedge – Beaked sedge","Carex aquatilis – Carex utriculata",11
335037663,"ESSFwm 1 /Wf03","Water sedge – Peat moss","Carex aquatilis – Sphagnum spp.",11
335087481,"CWH xm 2 /04","Fd – Sword fern","Pseudotsuga menziesii – Polystichum munitum",11
335569284,"ESSFdkw  /Ro06","Juniper – Stonecrop – Sandwort","Juniperus communis – Sedum sp. – Eremogone capillaris",11
336478366,"ICH wc   /Wf51","Sitka sedge – Peat moss","Carex sitchensis – Sphagnum spp.",11
338329059,"ESSFwmw  /Vs01.1","Sitka alder – Lady fern","Alnus viridis ssp. sinuata – Athyrium filix-femina – Dryopteris expansa",11
342466468,"MS  dw   /Vs02","Sitka alder – Solomon's-seal","Alnus viridis ssp. sinuata – Maianthemum racemosum",11
343559214,"ESSFwm 4 /Vh02","Valerian – Hellebore – Fireweed","Valeriana sitchensis – Veratrum viride – Chamerion angustifolium",11
343910298,"ICH mk 1 /08","Sedge – Cinquefoil","Carex spp. – Potentilla spp.",11
344981172,"IDF dm 2 /Wf02","Scrub birch – Water sedge","Betula nana – Carex aquatilis",11
345378504,"SWB mk   /09","Sw – Horsetail – Sphagnum","Picea glauca – Equisetum arvense – Sphagnum spp.",11
348842735,"ICH wk 2 /02","HwCw – Cladonia","Tsuga heterophylla – Thuja plicata – Cladonia spp.",11
349408701,"BG  xw 1 /Wm07","Baltic rush","Juncus balticus",11
349539043,"CWH ds 1 /01","HwFd – Cat's-tail moss","Tsuga heterophylla – Pseudotsuga menziesii – Rhytidiadelphus triquetrus",11
350318370,"IDF xk   /Wf02","Scrub birch – Water sedge","Betula nana – Carex aquatilis",11
350360581,"ICH mk 4 /112","SxwBl – Horsetail","Picea engelmannii x glauca – Abies lasiocarpa –  Equisetum arvense",11
351228040,"MS  dk   /102","Fd – Juniper – Douglas maple","Pseudotsuga menziesii –  Juniperus communis – Acer glabrum",11
351619010,"ICH mc 2 /01","Hw – Step moss","Tsuga heterophylla – Hylocomium splendens",11
351789210,"IDF xm   /Ro01","Selaginella – Bluebunch wheatgrass – Sidewalk moss","Selaginella densa – Pseudoroegneria spicata – Tortula ruralis",11
352203872,"CDF mm   /Wm09","Inflated sedge","Carex exsiccata",11
352628150,"SBPSdc   /Fl05","Drummond's willow – Bluejoint","Salix drummondiana – Calamagrostis canadensis",11
354918359,"ICH mw 4 /Ro05","Juniper – Kinnikinnick – Penstemon","Juniperus communis – Arctostaphylos uva-ursi – Penstemon fruticosa",11
355314678,"CDF mm   /Wf06","Slender sedge – Buckbean","Carex lasiocarpa – Menyanthes trifoliata",11
356927352,"ESSFmv 1 /04","Bl – Huckleberry – Gooseberry","Abies lasiocarpa – Vaccinium membranaceum – Ribes lacustre",11
357015726,"ICH mk 1 /04","FdPl – Sitka alder – Pinegrass","Pseudotsuga menziesii – Pinus contorta – Alnus alnobetula ssp. sinuata – Calamagrostis rubescens",11
357495434,"SBS dk   /Wm04","Common spike-rush","Eleocharis palustris",11
358379881,"IDF dk 5 /111b","Sxw – Dogwood – Horsetail; Swamp phase","Picea engelmannii x glauca – Cornus sericea – Equisetum arvense",11
358826917,"ESSFmv 4 /05","Bl – Alder – Horsetail","Abies lasiocarpa – Alnus alnobetula ssp. sinuata – Equisetum arvense",11
359484155,"ESSFwc 4 /Wa01.1","Alpine sedge – Marsh-marigold – Glowmoss","Carex nigricans – Caltha leptosepala –  Aulacomnium palustre",11
359492027,"MS  dw   /104","Pl(Lw) – Pinegrass – Twinflower","Pinus contorta – (Larix occidentalis) – Calamagrostis rubescens – Linnaea borealis",11
362478086,"ESSFmh   /Ws04","Drummond's willow – Beaked sedge","Salix drummondiana – Carex utriculata",11
362478531,"MS  dk   /Wm06","Great bulrush","Schoenoplectus acutus",11
364501646,"ESSFwc 2 /02","Pl – Huckleberry – Cladonia","Pinus contorta – Vaccinium membranaceum – Cladonia spp.",11
364606821,"IDF xk   /102","Fd – Rocky Mountain juniper – Bluebunch wheatgrass","Pseudotsuga menziesii – Juniperus scopulorum – Pseudoroegneria spicata",11
367344656,"CWH wh 1 /Wb53.1","Shore pine – Yellow-cedar – Tufted clubrush; wooded variation","Pinus contorta var. contorta – Chamaecyparis nootkatensis – Trichophorum cespitosum",11
367352217,"CWH ws 2 /09","Act – Willow","Populus trichocarpa – Salix spp.",11
368419138,"ICH mk 4 /Vs11","Thimbleberry – Cow-parsnip – Fireweed","Rubus parviflorus – Heracleum maximum – Chamerion angustifolium",11
369850809,"ESSFwc 4 /Rt02","Rock moss – Clad lichen","Racomitrium spp. – Cladonia spp.",11
370015435,"MS  dc 2 /05","Sxw – Rhododendron – Crowberry","Picea engelmannii x glauca – Rhododendron albiflorum – Empetrum nigrum",11
370296950,"IDF xx 2 /101.2","FdPy – Pinegrass","Pseudotsuga menziesii – Pinus ponderosa – Calamagrostis rubescens",11
371270576,"CDF mm   /08","Act – Red-osier dogwood","Populus trichocarpa – Cornus sericea",11
371309524,"ICH mc 2 /03","HwCw – Oak fern","Tsuga heterophylla – Thuja plicata – Gymnocarpium dryopteris",11
373292593,"ESSFwh 1 /Wm15","Bluejoint – Water sedge","Calamagrostis canadensis – Carex aquatilis",11
374910761,"ICH mm   /03","HwCw – Step moss","Tsuga heterophylla – Thuja plicata – Hylocomium splendens",11
377617465,"IDF dm 1 /04","Fd – Pinegrass – Kinnikinnick","Pseudotsuga menziesii – Calamagrostis rubescens - Arctostaphylos uva-ursi",11
378256179,"MS  dm 1 /06","Sxw – Gooseberry","Picea engelmannii x glauca – Ribes lacustre",11
378801408,"MS  dc 1 /01","Sxw – Wintergreen – Feathermoss","Picea engelmannii x glauca – Orthilia secunda – Pleurozium schreberi",11
378916543,"SBS dh 1 /Ws05","Maccalla's willow – Beaked sedge","Salix maccalliana – Carex utriculata",11
383007994,"BWBSdk   /Wm02","Swamp horsetail – Beaked sedge","Equisetum fluviatile – Carex utriculata",11
384079674,"ESSFwm 1 /Vh01.2","Cow-parsnip – Fireweed – Bluejoint","Heracleum maximum – Chamerion angustifolium – Calamagrostis canadensis",11
384544950,"SBS mk 2 /07","Sb – Water sedge – Peat moss","Picea mariana – Carex aquatilis – Sphagnum spp.",11
386898921,"ICH dw 4 /Rt07","Aspen – Juniper – Rocktripe","Populus tremuloides – Juniperus communis –  Umbilicaria sp.",11
387009662,"ESSFdkw  /Rt21","Subalpine larch – Pink mountain-heather – Heron's-bill","Larix lyallii – Phyllodoce empetriformis –  Dicranum spp.",11
387149582,"ESSFwm 2 /Vs02","Sitka alder – Solomon's-seal","Alnus viridis ssp. sinuata – Maianthemum racemosum",11
387415415,"CWH vh 2 /06","CwSs – Foamflower","Thuja plicata – Picea sitchensis – Tiarella trifoliata",11
388994202,"ESSFxv 1 /04","BlPa – Juniper – Grouseberry","Abies lasiocarpa – Pinus albicaulis – Juniperus communis",11
389275121,"ICH wk 4 /Wf02","Scrub birch – Water sedge","Betula nana – Carex aquatilis",11
392117244,"SBS dk   /Wm01","Beaked sedge – Water sedge","Carex utriculata – Carex aquatilis",11
392770951,"SBS mc 2 /02a","Pl – Huckleberry – Cladonia; Typic","Pinus contorta – Vaccinium membranaceum – Cladonia spp.",11
393569375,"IDF dm 2 /Wf01","Water sedge – Beaked sedge","Carex aquatilis – Carex utriculata",11
395041454,"ESSFwm 1 /Ws13","Barclay’s willow – Common horsetail – Arrow-leaved groundsel","Salix barclayi – Equisetum arvense – Senecio triangularis",11
396682405,"ESSFdk 1 /Gg17","Idaho fescue – Bluebunch wheatgrass – Sulphur buckwheat","Festuca idahoensis – Pseudoroegneria spicata – Eriogonum umbellatum ",11
397455991,"ESSFwh 1 /110","Se – Devil's club – Lady fern","Picea engelmannii – Oplopanax horridus- Athyrium filix-femina ",11
399341772,"IDF xk   /113","Sxw – Dogwood – Horsetail","Picea engelmannii x glauca – Cornus sericea – Equisetum arvense",11
400609161,"ESSFwm 1 /Wf01","Water sedge – Beaked sedge","Carex aquatilis – Carex utriculata",11
403171433,"CWH xm 2 /Wm51","Three-way sedge","Dulichium arundinaceum",11
403691644,"IDF xk   /Gg12","Rough fescue – Yarrow – Old man's whiskers","Festuca campestris – Achillea millefolium – Geum triflorum",11
404841460,"ESSFwm 3 /Ag01","Timber oatgrass – Grouseberry – Sandwort","Danthonia intermedia – Vaccinium scoparium – Eremogone capillaris",11
409181975,"ICH dw 1 /Ws06","Sitka willow – Sitka sedge","Salix sitchensis – Carex sitchensis",11
409376443,"ESSFxv 2 /Wm01","Beaked sedge – Water sedge","Carex utriculata – Carex aquatilis",11
409751610,"ICH mw 5 /102","FdPl – Juniper – Kinnikinnick","Pseudotsuga menziesii – Pinus contorta – Juniperus communis – Arctostaphylos uva-ursi",11
409941858,"CDF mm   /Wm05","Cattail","Typha latifolia",11
410231419,"ICH wk 1 /09","Sedge – Sphagnum","Carex spp. – Sphagnum spp.",11
413423939,"IDF dm 2 /112b","Sxw – Dogwood – Horsetail; Swamp phase","Picea engelmannii x glauca – Cornus sericea – Equisetum arvense",11
415252516,"ESSFwk 2 /Wf02","Scrub birch – Water sedge","Betula nana – Carex aquatilis",11
417770511,"ICH dh   /Wm05","Cattail","Typha latifolia",11
418358488,"ICH mw 2 /Vh11","Fireweed – Yarrow – Strawberry","Chamerion angustifolium – Achillea millefolium – Fragaria virginiana",11
419010528,"MS  dw   /104.1","Pl(Lw) – Pinegrass – Twinflower","Pinus contorta – (Larix occidentalis) – Calamagrostis rubescens – Linnaea borealis",11
420644208,"ESSFwv   /09","Bl – Lady fern – Horsetail","Abies lasiocarpa – Athyrium filix-femina – Equisetum arvense",11
422002719,"BG  xh 2 /Wm02","Swamp horsetail – Beaked sedge","Equisetum fluviatile – Carex utriculata",11
424120932,"ICH mw 2 /Vs02","Sitka alder – Solomon's-seal","Alnus viridis ssp. sinuata – Maianthemum racemosum",11
425091767,"IDF xk   /Wm06","Great bulrush","Schoenoplectus acutus",11
425396942,"ICH dw 1 /111","CwHw – Devil's club – Lady fern","Thuja plicata – Tsuga heterophylla – Oplopanax horridus- Athyrium filix-femina",11
425414696,"ESSFwm 4 /Ro12","Mountain-heather – Alaska saxifrage – Rock moss","Cassiope mertensiana – Micranthes ferruginea – Racomitrium spp.",11
426472700,"ICH mk 5 /110","CwSxw – Devil's club – Oak fern","Thuja plicata – Picea engelmannii x glauca – Oplopanax horridus – Gymnocarpium dryopteris",11
426740918,"CWH mm 1 /12","CwSs – Skunk cabbage","Thuja plicata – Picea sitchensis – Lysichiton americanus",11
428128509,"ESSFwh 3 /Vh10","Fireweed – Grouseberry","Chamerion angustifolium – Vaccinium scoparium",11
429986769,"SBS mc 3 /01","Sxw – Huckleberry","Picea engelmannii x glauca – Vaccinium membranaceum",11
430375522,"IDF ww   /06","Cw – Devil's club – Lady fern","Thuja plicata – Oplopanax horridus – Athyrium filix-femina",11
436078338,"MH  whp  /Sk33","Mountain hemlock – Bog blueberry – Crowberry","Tsuga mertensiana – Vaccinium uliginosum – Empetrum nigrum",11
437356644,"IDF mw 1 /01$YC","$CwFd – Feathermoss","Thuja plicata – Pseudotsuga menziesii – Pleurozium schreberi",11
438059742,"CWH vh 1 /18","Ss – Slough sedge","Picea sitchensis – Carex obnupta",11
438596396,"ICH mc 2 /06","ActSx – Dogwood","Populus trichocarpa – Picea sp. x Picea sp. – Cornus sericea",11
438797230,"ICH mw 5 /Vh11","Fireweed – Yarrow – Strawberry","Chamerion angustifolium – Achillea millefolium – Fragaria virginiana",11
441310064,"ICH mw 4 /Vh11","Fireweed – Yarrow – Strawberry","Chamerion angustifolium – Achillea millefolium – Fragaria virginiana",11
441462121,"SBS wk 1 /05","Sxw – Huckleberry – High bush-cranberry","Picea engelmannii x glauca – Vaccinium membranaceum – Viburnum edule",11
441732833,"ICH dw 4 /Wm04","Common spike-rush","Eleocharis palustris",11
441857634,"ESSFwmw  /101","Bl – Rhododendron – Wood-rush","Abies lasiocarpa – Rhododendron albiflorum – Luzula parviflora",11
442407994,"SBPSmc   /03","SbPl – Feathermoss","Picea mariana – Pinus contorta – Pleurozium schreberi",11
444847206,"CWH vm 1 /07","BaCw – Salmonberry","Abies amabilis – Thuja plicata – Rubus spectabilis",11
445624718,"CDF mm   /Wm51","Three-way sedge","Dulichium arundinaceum",11
447364171,"ICH mk 3 /03","CwSxw – Soopolallie","Thuja plicata – Picea engelmannii x glauca – Shepherdia canadensis",11
450394061,"ICH mw 4 /Vs04","Sitka alder – Devil's club – Oak fern","Alnus viridis ssp. sinuata – Oplopanax horridus – Gymnocarpium dryopteris",11
451306551,"SBS dw 1 /Wf02","Scrub birch – Water sedge","Betula nana – Carex aquatilis",11
451347948,"MS  dw   /110.2","CwSxw – Bunchberry – Mitreworts","Thuja plicata – Picea engelmannii x glauca – Cornus canadensis – Mitella spp.",11
453064955,"ESSFxc   /Sc03","Barclay's willow – Arrow-leaved groundsel","Salix barclayi – Senecio triangularis",11
454603719,"ESSFwh 1 /Ws13","Barclay’s willow – Common horsetail – Arrow-leaved groundsel","Salix barclayi – Equisetum arvense – Senecio triangularis",11
455103855,"IDF xk /Ga03","Field sedge","Carex praegracilis",11
455995882,"MS  xk   /01","Pl – Pinegrass – Lupine","Pinus contorta – Calamagrostis rubescens – Lupinus arcticus",11
456849834,"SBS mc 3 /06","SbPl – Feathermoss","Picea mariana – Pinus contorta – Pleurozium schreberi",11
456926114,"ESSFmm 3 /101","Bl – Azalea – Bramble","Abies lasiocarpa – Menziesia ferruginea – Rubus pedatus",11
457455464,"ESSFmh   /Vs01.1","Sitka alder – Lady fern","Alnus viridis ssp. sinuata – Athyrium filix-femina – Dryopteris expansa",11
458720106,"ESSFwcw  /104.3","Bl – Mountain-heather – Mountain sagewort ","Abies lasiocarpa – Cassiope mertensiana – Artemisia norvegica",11
460004135,"ESSFxc 2 /Wf01","Water sedge – Beaked sedge","Carex aquatilis – Carex utriculata",11
460375434,"SWB mk   /07","Sw – Scrub birch – Bluejoint","Picea glauca – Betula nana – Calamagrostis canadensis",11
462639997,"IDF xx 2 /Ff01b","Water birch – Red-osier dogwood – Rose","Betula occidentalis – Cornus sericea – Rosa acicularis",11
466192699,"ICH mw 2 /Ws06","Sitka willow – Sitka sedge","Salix sitchensis – Carex sitchensis",11
467462461,"ESSFwh 2 /Rt02","Rock moss – Clad lichen","Racomitrium spp. – Cladonia spp.",11
468581273,"BG  xw 2 /101b","Bluebunch wheatgrass – Junegrass – Pussytoes; High Elevation phase","Pseudoroegneria spicata – Koeleria macrantha – Antennaria spp.",11
468887502,"ESSFwm 3 /Wm01","Beaked sedge – Water sedge","Carex utriculata – Carex aquatilis",11
469445178,"ESSFxc   /Wf11","Tufted clubrush – Star moss","Trichophorum cespitosum – Campylium stellatum",11
470139479,"CWH vh 3 /105b","HwSs – Lanky moss; Lithic phase","Tsuga heterophylla – Picea sitchensis – Rhytidiadelphus loreus",11
470430149,"CWH vh 3 /Ws58","Redcedar – Yellow-cedar  – Slough sedge  ","Thuja plicata – Chamaecyparis nootkatensis – Carex obnupta",11
473494782,"BWBSwk 1 /Gb51","Saskatoon – Blue wildrye","Amelanchier alnifolia – Elymus glaucus",11
475752928,"CWH vh 2 /05","CwSs – Sword fern","Thuja plicata – Picea sitchensis – Polystichum munitum",11
475813194,"ICH dw 4 /Rt02","Rock moss – Clad lichen","Racomitrium spp. – Cladonia spp.",11
476743334,"ESSFdc 1 /Rt01","Rocktripe – Green map","Umbilicaria sp. – Rhizocarpon geographicum",11
484204193,"MS  dm 1 /01","Sxw – Falsebox – Feathermoss","Picea engelmannii x glauca – Paxistima myrsinites – Pleurozium schreberi",11
488263287,"ICH vc   /06","Sx – Horsetail","Picea sp. x Picea sp. – Equisetum arvense",11
491041144,"CWH vm 1 /06b","HwBa – Deer fern; Lithic","Tsuga heterophylla – Abies amabilis – Blechnum spicant",11
491298371,"SBS dk   /Ws03","Bebb's willow – Bluejoint","Salix bebbiana – Calamagrostis canadensis",11
491662137,"IDF xx 2 /Wm14","Common reed","Phragmites australis ssp. americanus",11
491764814,"ICH mc 2 /05$Atha","$At – Hardhack","Populus tremuloides – Spiraea douglasii ssp. douglasii",11
493304531,"SBS dk   /52","Mountain alder – Stinging nettle","Alnus incana – Urtica dioica",11
494014844,"ESSFwm 1 /112","SeBl – Horsetail – Canby's lovage","Picea engelmannii – Abies lasiocarpa – Equisetum arvense – Ligusticum canbyi",11
494778340,"BWBSdk   /102$6B.1","$At – Soopolallie – Kinnikinnick","Populus tremuloides – Shepherdia canadensis – Arctostaphylos uva-ursi",11
496371385,"ICH mc 2 /01a$Atpw.1","$At – Pink wintergreen","Populus tremuloides – Pyrola asarifolia",11
497940013,"CWH vm 1 /Wf51","Sitka sedge – Peat moss","Carex sitchensis – Sphagnum spp.",11
498832951,"MH  wh   /101c","HmSs – Blueberry; Moister phase ","Tsuga mertensiana – Picea sitchensis – Vaccinium alaskense",11
499214506,"CWH wh 2 /101a","HwSs – Lanky moss; Mesic phase","Tsuga heterophylla – Picea sitchensis – Rhytidiadelphus loreus",11
499594466,"SBS wk 1 /10","Sxw – Devil's club – Lady fern","Picea engelmannii x glauca – Oplopanax horridus – Athyrium filix-femina",11
501588075,"SBPSmk   /03","Fd – Pinegrass – Aster","Pseudotsuga menziesii – Calamagrostis rubescens – Aster spp.",11
501930745,"ICH dw 4 /111","CwHw – Horsetail – Lady fern","Thuja plicata – Tsuga heterophylla – Equisetum arvense – Athyrium filix-femina ",11
502372477,"ESSFwm 2 /Vs10.1","Sitka willow – Cow-parsnip – Fireweed","Salix sitchensis – Heracleum maximum – Chamerion angustifolium",11
504000963,"ESSFwm 1 /Gb20","Saskatoon – Soopolallie – Juniper","Amelanchier alnifolia – Shepherdia canadensis – Juniperus communis ",11
504956842,"ICH mc 1 /Wf05","Slender sedge – Common hook moss","Carex lasiocarpa – Drepanocladus aduncus",11
504984030,"ESSFxv 2 /02","BlPa – Juniper – Cladonia","Abies lasiocarpa – Pinus albicaulis – Juniperus communis",11
506160193,"MS  dw   /Rt07","Aspen – Juniper – Rocktripe","Populus tremuloides – Juniperus communis –  Umbilicaria sp.",11
508533220,"ESSFxv 1 /08","Bl – Horsetail – Glow moss","Abies lasiocarpa – Equisetum arvense – Aulacomnium palustre",11
509356796,"IDF dm 2 /111","SxwFd – Snowberry – Sarsaparilla","Picea engelmannii x glauca – Pseudotsuga menziesii – Symphoricarpos albus – Aralia nudicaulis",11
509985444,"ESSFwh 1 /Wf04","Barclay's willow – Water sedge – Glow moss","Salix barclayi – Carex aquatilis – Aulacomnium palustre",11
510506430,"ICH xw   /Wm09","Inflated sedge","Carex exsiccata",11
511551439,"SBS mc 1 /08","Sxw – Horsetail – Glow moss","Picea engelmannii x glauca – Equisetum arvense – Aulacomnium palustre",11
514340426,"CWH wh 1 /110b","CwHw – Salal – Deer fern; Gleysolic/organic phase","Thuja plicata – Tsuga heterophylla – Gaultheria shallon",11
515930519,"ICH mw 5 /Vs01","Sitka alder – Lady fern","Alnus viridis ssp. sinuata – Athyrium filix-femina",11
516578814,"ESSFmv 3 /02","BlPl – Crowberry – Cladina","Abies lasiocarpa – Pinus contorta – Empetrum nigrum – Cladina spp.",11
516887220,"ESSFwm 4 /Rt07.1","Aspen – Juniper – Rocktripe","Populus tremuloides – Juniperus communis –  Umbilicaria sp.",11
517383202,"CWH mm 1 /Wm51","Three-way sedge","Dulichium arundinaceum",11
520249530,"ESSFwm 4 /102","BlPl – Low bilberry – Bear-grass","Abies lasiocarpa – Pinus contorta – Vaccinium myrtillus – Xerophyllum tenax",11
523164165,"CWH vh 2 /04","HwSs – Lanky moss","Tsuga heterophylla – Picea sitchensis – Rhytidiadelphus loreus",11
525458752,"MS  dw   /Rt04","Saskatoon – Bluebunch wheatgrass","Amelanchier alnifolia – Pseudoroegneria spicata",11
526707757,"MS  mw 2 /Ws06","Sitka willow – Sitka sedge","Salix sitchensis – Carex sitchensis",11
527073363,"ESSFdk 2 /Vs01.2","Sitka alder – Spiny wood fern","Alnus viridis ssp. sinuata – Dryopteris expansa",11
527480855,"ESSFwm 4 /Vh02.1","Valerian – Hellebore – Fireweed","Valeriana sitchensis – Veratrum viride – Chamerion angustifolium",11
527599778,"MH  mm 2 /09","YcHm – Skunk cabbage","Chamaecyparis nootkatensis – Tsuga mertensiana – Lysichiton americanus",11
530169085,"CMA wh   /Ah34","Yellow mountain-heather – Bog blueberry – Crowberry ","Phyllodoce glanduliflora – Vaccinium uliginosum – Empetrum nigrum",11
531255382,"ESSFwh 3 /Ws13","Barclay’s willow – Common horsetail – Arrow-leaved groundsel","Salix barclayi – Equisetum arvense – Senecio triangularis",11
532818492,"MS  dv   /02b","Pl – Penstemon – Balsamroot; South slope","Pinus contorta – Penstemon procerus – Balsamorhiza sagittata",11
533031486,"IDF xx 2 /Gb04","Choke cherry – Snowberry – Bluebunch wheatgrass","Prunus virginiana – Symphoricarpos albus – Pseudoroegneria spicata",11
533124843,"IDF dm 2 /Ro01.1","Selaginella – Bluebunch wheatgrass – Sidewalk moss","Selaginella densa – Pseudoroegneria spicata – Tortula ruralis",11
535156427,"CDF mm   /07","Cw – Snowberry","Thuja plicata – Symphoricarpos albus",11
535160848,"ESSFwmw  /Vh01.2","Cow-parsnip – Fireweed – Bluejoint","Heracleum maximum – Chamerion angustifolium – Calamagrostis canadensis",11
535513518,"IDF xm   /Gg21a","Spreading needlegrass – Rocky Mountain fescue; Depression phase","Achnatherum richardsonii – Festuca saximontana",11
535646256,"ESSFxv 1 /Wf09","Few-flowered spike-rush – Hook moss","Eleocharis quinqueflora – Drepanocladus spp.",11
536467502,"IDF dm 2 /Wm05","Cattail","Typha latifolia",11
537241679,"ICH mw 5 /Vs12","Huckleberry – Rhododendron – Fireweed","Vaccinium membranaceum – Rhododendron albiflorum – Chamerion angustifolium",11
537430784,"ESSFwh 2 /Wf11","Tufted clubrush – Star moss","Trichophorum cespitosum – Campylium stellatum",11
538309709,"MS  dw   /Wb16","Spruce – Trapper’s tea – Peat moss","Picea engelmannii x glauca – Rhododendron neoglandulosum – Sphagnum spp.",11
538870898,"SBS wk 3a/07","Sxw – Devil's club","Picea engelmannii x glauca – Oplopanax horridus",11
539304150,"IDF xx 2 /Ro01.1","Selaginella – Bluebunch wheatgrass – Sidewalk moss","Selaginella densa – Pseudoroegneria spicata – Tortula ruralis",11
542168682,"ESSFwm 1 /Vs11","Thimbleberry – Cow-parsnip – Fireweed","Rubus parviflorus – Heracleum maximum – Chamerion angustifolium",11
542987259,"ESSFdkw   /Vh12","Idaho fescue – Sulphur buckwheat – Fireweed","Festuca idahoensis – Eriogonum umbellatum – Chamerion angustifolium",11
543847629,"MS  dk   /Wm04","Common spike-rush","Eleocharis palustris",11
545801916,"ICH xw   /101","CwFd – Hazelnut – Sarsaparilla","Thuja plicata – Pseudotsuga menziesii – Corylus cornuta – Aralia nudicaulis",11
546101731,"IDF xh 4 /05","Sxw – Snowberry – Oak fern","Picea engelmannii x glauca – Symphoricarpos albus – Gymnocarpium dryopteris",11
546952144,"IDF dk 3 /05","Fd – Feathermoss – Step moss","Pseudotsuga menziesii – Pleurozium schreberi – Hylocomium splendens",11
547305959,"IDF dk 5 /Rt07","Aspen – Juniper – Rocktripe","Populus tremuloides – Juniperus communis –  Umbilicaria sp.",11
548486406,"ESSFwh 1 /Wf01","Water sedge – Beaked sedge","Carex aquatilis – Carex utriculata",11
548826803,"ESSFmv 1 /03","Bl – Huckleberry – Feathermoss","Abies lasiocarpa – Vaccinium membranaceum – Pleurozium schreberi",11
549098855,"CWH wh 1 /Wf52","Sweet gale – Sitka sedge","Myrica gale – Carex sitchensis",11
549215415,"BG  xw 1 /Wm05","Cattail","Typha latifolia",11
549488451,"MS  dw   /Wf02","Scrub birch – Water sedge","Betula nana – Carex aquatilis",11
549757910,"MS  dw   /Ro09","Saskatoon – Rock moss – Clad lichen","Amelanchier alnifolia – Racomitrium spp. – Cladonia spp.",11
550901161,"IDF dk 1 /04","Fd – Pinegrass – Yarrow","Pseudotsuga menziesii – Calamagrostis rubescens – Achillea millefolium",11
550981467,"ESSFdk 1 /Ro06","Juniper – Stonecrop – Sandwort","Juniperus communis – Sedum sp. – Eremogone capillaris",11
551220210,"BG  xh 3 /Gs02$2.1","$Bluebunch wheatgrass  [Junegrass]","Artemisia tridentata ssp. tridentata – Pseudoroegneria spicata – Sporobolus cryptandrus",11
551821934,"IDF xx 2 /Wm02","Swamp horsetail – Beaked sedge","Equisetum fluviatile – Carex utriculata",11
552000129,"CWH vh 1 /01","CwHw – Salal","Thuja plicata – Tsuga heterophylla – Gaultheria shallon",11
553431865,"ESSFdc 2 /Ws04","Drummond's willow – Beaked sedge","Salix drummondiana – Carex utriculata",11
553470257,"IDF dm 2 /104.1","Fd(Lw) – Pinegrass – Kinnikinnick","Pseudotsuga menziesii – (Larix occidentalis) – Calamagrostis rubescens – Arctostaphylos uva-ursi",11
557314314,"ESSFwc 4 /Vs01.1","Sitka alder – Lady fern","Alnus viridis ssp. sinuata – Athyrium filix-femina – Dryopteris expansa",11
558291220,"MS  dk   /11","Sxw – Labrador tea – Peat moss","Picea engelmannii x glauca – Rhododendron groenlandicum – Sphagnum spp.",11
560515715,"IDF xw   /07","Sxw – Prickly rose – Coltsfoot","Picea engelmannii x glauca – Rosa acicularis – Petasites frigidus",11
561001765,"CWH xm 1 /Wb50","Labrador tea – Bog-laurel – Peat moss","Rhododendron groenlandicum – Kalmia microphylla – Sphagnum spp.",11
561131638,"CWH xm 2 /Ws50","Hardhack – Sitka sedge","Spiraea douglasii ssp. menziesii – Carex sitchensis",11
562723021,"ICH mc 2 /01b$Atss.1","$At – Saskatoon – Snowberry","Populus tremuloides – Amelanchier alnifolia – Symphoricarpos albus",11
565274107,"CWH mm 2 /01","HwBa – Pipecleaner moss","Tsuga heterophylla – Abies amabilis – Rhytidiopsis robusta",11
566866422,"ESSFdk 1 /Wb15","Spruce – Labrador tea – Peat moss","Picea engelmannii x glauca – Rhododendron groenlandicum – Sphagnum spp.",11
569273001,"ESSFwc 4 /Vs03","Sitka alder – Hellebore","Alnus viridis ssp. sinuata – Veratrum viride",11
569741367,"BWBSmw   /Wf02","Scrub birch – Water sedge","Betula nana – Carex aquatilis",11
569842997,"CWH ws 2 /Wf51","Sitka sedge – Peat moss","Carex sitchensis – Sphagnum spp.",11
570047666,"ESSFwcw  /Vs10","Willow – Cow-parsnip – Fireweed","Salix sp. – Heracleum maximum – Chamerion angustifolium",11
570514061,"ESSFwm 2 /Rt07.2","Juniper – Rocktripe","Juniperus communis –  Umbilicaria sp.",11
573398048,"ICH mw 4 /Wm04","Common spike-rush","Eleocharis palustris",11
574198038,"ESSFwm 1 /Wf02","Scrub birch – Water sedge","Betula nana – Carex aquatilis",11
575176932,"MS  dm 3w/Wf04","Barclay's willow – Water sedge – Glow moss","Salix barclayi – Carex aquatilis – Aulacomnium palustre",11
577789495,"ESSFdcw  /Vs10","Willow – Cow-parsnip – Fireweed","Salix sp. – Heracleum maximum – Chamerion angustifolium",11
580578176,"ESSFxc 3 /Wf01","Water sedge – Beaked sedge","Carex aquatilis – Carex utriculata",11
581860240,"BWBSmk   /104","Sb – Labrador tea – Step moss","Picea mariana – Rhododendron groenlandicum – Hylocomium splendens",11
582173205,"IDF dk 4 /Wf05","Slender sedge – Common hook moss","Carex lasiocarpa – Drepanocladus aduncus",11
583229276,"SBS dw 3 /04","SxwFd – Ricegrass","Picea engelmannii x glauca – Pseudotsuga menziesii – Oryzopsis asperifolia",11
586386026,"CWH ms 2 /01","HwBa – Step moss","Tsuga heterophylla – Abies amabilis – Hylocomium splendens",11
586428397,"ICH mw 4 /104.2","FdCw – Falsebox – Bear-grass","Pseudotsuga menziesii – Thuja plicata – Paxistima myrsinites – Xerophyllum tenax",11
588307833,"SBPSxc   /Wf05","Slender sedge – Common hook moss","Carex lasiocarpa – Drepanocladus aduncus",11
589685198,"ESSFmm 3 /11","Se – Horsetail – Valerian","Picea engelmannii – Equisetum arvense –  Valeriana sitchensis",11
590378302,"ESSFmh   /Vh01.2","Cow-parsnip – Fireweed – Bluejoint","Heracleum maximum – Chamerion angustifolium – Calamagrostis canadensis",11
590991198,"MS  dc 2 /08","Sxw – Horsetail – Leafy moss","Picea engelmannii x glauca – Equisetum arvense",11
591805349,"MS  xk   /08","Sxw – Gooseberry – Grouseberry","Picea engelmannii x glauca – Ribes lacustre – Vaccinium scoparium",11
592919293,"ESSFdk 1 /Ws08","Subalpine fir – Sitka valerian – Common horsetail","Abies lasiocarpa – Valeriana sitchensis – Equisetum arvense",11
593239336,"SBS dw 3 /08","Sxw – Oak fern","Picea engelmannii x glauca – Gymnocarpium dryopteris",11
594853797,"ICH mw 2 /Ro09","Saskatoon – Rock moss – Clad lichen","Amelanchier alnifolia – Racomitrium spp. – Cladonia spp.",11
594956433,"ESSFwcw  /102","BlPa – Huckleberry – Clad lichen","Abies lasiocarpa – Pinus albicaulis – Vaccinium membranaceum – Cladonia spp.",11
596688453,"ESSFwm 1 /Rt01","Rocktripe – Green map","Umbilicaria sp. – Rhizocarpon geographicum",11
596946042,"ESSFdk 1 /Ws13","Barclay’s willow – Common horsetail – Arrow-leaved groundsel","Salix barclayi – Equisetum arvense – Senecio triangularis",11
598642727,"IDF dk 3 /08","SxwFd – Prickly rose – Sarsaparilla","Picea engelmannii x glauca – Pseudotsuga menziesii – Rosa acicularis – Aralia nudicaulis",11
599140714,"ESSFxc 2 /Wf04","Barclay's willow – Water sedge – Glow moss","Salix barclayi – Carex aquatilis – Aulacomnium palustre",11
603038912,"CWH wm   /01a","HwSs – Blueberry; Mineral","Tsuga heterophylla – Picea sitchensis – Vaccinium alaskense",11
603847328,"ESSFmm 3 /103","Bl – Huckleberry – Clad lichen","Abies lasiocarpa – Vaccinium membranaceum – Cladonia spp.",11
604489015,"ESSFmm 3 /110","BlSe – Azalea – Oak fern","Abies lasiocarpa – Menziesia ferruginea – Gymnocarpium dryopteris",11
605136487,"ICH xw   /Ws01","Mountain alder – Skunk cabbage – Lady fern","Alnus incana – Lysichiton americanus – Athyrium filix-femina",11
608850331,"ESSFdc 2 /02","Juniper – Pinegrass","Juniperus communis – Calamagrostis rubescens",11
610759740,"IDF dk 5 /103","Fd – Saskatoon – Bluebunch wheatgrass","Pseudotsuga menziesii – Amelanchier alnifolia – Pseudoroegneria spicata",11
613359976,"CWH vh 3 /101","CwHw – Salal  – Deer fern ","Thuja plicata – Tsuga heterophylla – Gaultheria shallon",11
616858481,"MS  dv   /01","Pl – Soopolallie – Twinflower","Pinus contorta – Shepherdia canadensis – Linnaea borealis",11
618137347,"CWH wh 1 /111","CwSs – Foamflower ","Thuja plicata – Picea sitchensis – Tiarella trifoliata",11
621537216,"MS  dk   /Vh01.1","Cow-parsnip – Fireweed – Nettle","Heracleum maximum – Chamerion angustifolium – Urtica dioica",11
622929840,"SBS mc 2 /01b","Sxw – Huckleberry; Shallow","Picea engelmannii x glauca – Vaccinium membranaceum",11
623213989,"IDF dm 2 /Wf05","Slender sedge – Common hook moss","Carex lasiocarpa – Drepanocladus aduncus",11
624284930,"ESSFwh 2 /Wf03","Water sedge – Peat moss","Carex aquatilis – Sphagnum spp.",11
630091552,"CWH mm 2 /02","FdHw – Salal","Pseudotsuga menziesii – Tsuga heterophylla – Gaultheria shallon",11
631016138,"MS  dv   /04","Pl – Saskatoon – Kinnikinnick","Pinus contorta – Amelanchier alnifolia – Arctostaphylos uva-ursi",11
631287469,"IDF dk 3 /Sc01","Scrub birch – Kinnikinnick","Betula nana – Arctostaphylos uva-ursi",11
634589927,"ICH vk 1 /05","CwSxw – Devil's club – Horsetail","Thuja plicata – Picea engelmannii x glauca – Oplopanax horridus",11
635659761,"CDF mm   /09","Act – Willow","Populus trichocarpa – Salix spp.",11
637449572,"CDF mm   /04","FdBg – Oregon-grape","Pseudotsuga menziesii – Abies grandis – Berberis nervosa",11
637883624,"PP  xh 1 /03","Big sage – Bluebunch wheatgrass","Artemisia tridentata ssp. tridentata – Pseudoroegneria spicata",11
638212649,"SBS dk   /Ws05","Maccalla's willow – Beaked sedge","Salix maccalliana – Carex utriculata",11
639872508,"ESSFdcw  /101","Bl – Valerian – Wood–rush","Abies lasiocarpa – Valeriana sitchensis – Luzula parviflora",11
640284855,"ESSFwc 4 /Wf03","Water sedge – Peat moss","Carex aquatilis – Sphagnum spp.",11
640448500,"CWH vh 3 /102","PlYc – Crowberry – Rock moss ","Pinus contorta – Chamaecyparis nootkatensis – Empetrum nigrum – Racomitrium spp.",11
640562761,"IDF xx 2 /Ro01","Selaginella – Bluebunch wheatgrass – Sidewalk moss","Selaginella densa – Pseudoroegneria spicata – Tortula ruralis",11
641006167,"IDF dk 5 /Ws04","Drummond's willow – Beaked sedge","Salix drummondiana – Carex utriculata",11
642360669,"ICH wc   /01","HwBl – Oak fern","Tsuga heterophylla – Abies lasiocarpa – Gymnocarpium dryopteris",11
643594825,"ICH dh   /Vh01.1","Cow-parsnip – Fireweed – Nettle","Heracleum maximum – Chamerion angustifolium – Urtica dioica",11
644445894,"ICH mw 2 /Vs01.1","Sitka alder – Lady fern","Alnus viridis ssp. sinuata – Athyrium filix-femina – Dryopteris expansa",11
645708683,"CWH wm   /Ws02","Mountain alder – Pink spirea – Sitka sedge","Alnus incana – Spiraea douglasii ssp. menziesii – Carex sitchensis",11
647435508,"ICH vk 2 /04","CwHw – Oak fern","Thuja plicata – Tsuga heterophylla – Gymnocarpium dryopteris",11
648350169,"ESSFwmw  /Ro11","Grouseberry – Clad lichen","Vaccinium scoparium – Cladonia spp.",11
649679874,"IDF dm 2 /Wm01","Beaked sedge – Water sedge","Carex utriculata – Carex aquatilis",11
651319243,"ICH mw 2 /Vs10.1","Sitka willow – Cow-parsnip – Fireweed","Salix sitchensis – Heracleum maximum – Chamerion angustifolium",11
653434311,"MH  mm 1 /09","YcHm – Skunk cabbage","Chamaecyparis nootkatensis – Tsuga mertensiana – Lysichiton americanus",11
654379287,"SBS mc 1 /01b","Sxw – Huckleberry; Shallow","Picea engelmannii x glauca – Vaccinium membranaceum",11
655465797,"ESSFxc   /10","Willow – Sedge","Salix spp. – Carex spp.",11
655913773,"ESSFwh 2 /Vs02","Sitka alder – Solomon's-seal","Alnus viridis ssp. sinuata – Maianthemum racemosum",11
656380606,"ICH mw 4 /103","Fd – Douglas maple – Falsebox","Pseudotsuga menziesii – Acer glabrum – Paxistima myrsinites",11
659733845,"ESSFwv   /06","Bl – Devil's club – Lady fern","Abies lasiocarpa – Oplopanax horridus – Athyrium filix-femina",11
662336550,"ICH dw 4 /Ws10","Western redcedar – Spruce – Skunk cabbage","Thuja plicata – Picea engelmannii x glauca – Lysichiton americanus",11
664044683,"CWH mm 1 /01","HwBa – Pipecleaner moss","Tsuga heterophylla – Abies amabilis – Rhytidiopsis robusta",11
667832362,"SBS dk   /07$Atlf","$At – Lady fern","Populus tremuloides – Athyrium filix-femina",11
673436294,"CWH ds 2 /08","Ss – Salmonberry","Picea sitchensis – Rubus spectabilis",11
674249676,"ESSFdk 2 /Vh11","Fireweed – Yarrow – Strawberry","Chamerion angustifolium – Achillea millefolium – Fragaria virginiana",11
674454856,"IDF dk 1 /03","Fd – Juniper – Pinegrass","Pseudotsuga menziesii – Juniperus communis – Calamagrostis rubescens",11
676889021,"SBPSmc   /02","Pl – Kinnikinnick – Cladonia","Pinus contorta – Arctostaphylos uva-ursi – Cladonia spp.",11
677183055,"CWH xm 2 /06","HwCw – Deer fern","Tsuga heterophylla – Thuja plicata – Blechnum spicant",11
678247314,"IDF xh 2 /05","FdPy – Pinegrass","Pseudotsuga menziesii – Pinus ponderosa – Calamagrostis rubescens",11
678372936,"ESSFwc 4 /Vs02","Sitka alder – Solomon's-seal","Alnus viridis ssp. sinuata – Maianthemum racemosum",11
679359917,"CWH xm 1 /08","Ss – Salmonberry","Picea sitchensis – Rubus spectabilis",11
679416026,"CWH ds 2 /04","Fd – Fairybells","Pseudotsuga menziesii – Prosartes hookeri",11
682151254,"ESSFwc 4 /103a","Bl – Rhododendron – Huckleberry – Heron's-bill moss; Subxeric phase","Abies lasiocarpa – Rhododendron albiflorum – Vaccinium membranaceum – Dicranum spp.",11
682605542,"ESSFwc 4 /Ws13","Barclay’s willow – Common horsetail – Arrow-leaved groundsel","Salix barclayi – Equisetum arvense – Senecio triangularis",11
682842403,"SBS dw 3 /07","Sxw – Twinberry","Picea engelmannii x glauca – Lonicera involucrata",11
683583249,"ESSFwm 4 /Ro06","Juniper – Stonecrop – Sandwort","Juniperus communis – Sedum sp. – Eremogone capillaris",11
684305834,"ICH xw  a/102","FdPy – Oceanspray – Bluebunch wheatgrass","Pseudotsuga menziesii – Pinus ponderosa – Holodiscus discolor – Pseudoroegneria spicata",11
686690941,"MS  dw   /111","Sxw – Horsetail","Picea engelmannii x glauca – Equisetum arvense",11
687817190,"ESSFxc   /Wm01","Beaked sedge – Water sedge","Carex utriculata – Carex aquatilis",11
687926068,"ICH mc 2 /Ws02","Mountain alder – Pink spirea – Sitka sedge","Alnus incana – Spiraea douglasii ssp. menziesii – Carex sitchensis",11
691728347,"ESSFxc 3 /Sc03","Barclay's willow – Arrow-leaved groundsel","Salix barclayi – Senecio triangularis",11
696239371,"ESSFwh 1 /Wf13","Narrow-leaved cotton-grass – Shore sedge","Eriophorum angustifolium – Carex limosa",11
696712951,"ESSFwc 2 /03","Bl – Huckleberry – Arnica","Abies lasiocarpa – Vaccinium membranaceum – Arnica sp.",11
698881345,"IDF xx 2 /Wm01","Beaked sedge – Water sedge","Carex utriculata – Carex aquatilis",11
699581400,"ESSFwh 3 /103","BlPl – Huckleberry – Bear-grass","Abies lasiocarpa – Pinus contorta – Vaccinium membranaceum – Xerophyllum tenax",11
702030810,"CWH wm   /06","Act – Red-osier dogwood","Populus trichocarpa – Cornus sericea",11
703416138,"SBS mc 2 /04","Sxw – Huckleberry – Dwarf blueberry","Picea engelmannii x glauca – Vaccinium membranaceum – Vaccinium caespitosum",11
704271782,"ICH mk 4 /Rt02","Rock moss – Clad lichen","Racomitrium spp. – Cladonia spp.",11
704655276,"ESSFwh 2 /Rt01","Rocktripe – Green map","Umbilicaria sp. – Rhizocarpon geographicum",11
704851237,"IDF xm   /Ga03","Field sedge","Carex praegracilis",11
709391821,"IDF xk   /Ro01","Selaginella – Bluebunch wheatgrass – Sidewalk moss","Selaginella densa – Pseudoroegneria spicata – Tortula ruralis",11
709891294,"ICH mk 3 /06","CwHw – Devil's club – Lady fern","Thuja plicata – Tsuga heterophylla – Oplopanax horridus",11
710289065,"ICH mw 4 /Vs11","Thimbleberry – Cow parsnip – Fireweed","Rubus parviflorus – Heracleum maximum – Chamerion angustifolium",11
711677929,"MS  dk   /103","FdPl – Juniper – Pinegrass","Pseudotsuga menziesii – Pinus contorta – Juniperus communis – Calamagrostis rubescens",11
712350772,"IDF xm   /Ga02","Nuttall's alkaligrass – Foxtail barley [Foxtail]","Puccinellia nuttalliana – Hordeum jubatum",11
712720623,"ESSFdcw  /Wm16","Bluejoint – Arrow-leaved groundsel","Calamagrostis canadensis – Senecio triangularis",11
713114746,"MS  dk   /Ff01a","Water birch – Red-osier dogwood – Rose","Betula occidentalis – Cornus sericea – Rosa acicularis",11
713119501,"ICH xw   /102","FdPy – Oceanspray – Bluebunch wheatgrass","Pseudotsuga menziesii – Pinus ponderosa – Holodiscus discolor – Pseudoroegneria spicata",11
715833084,"ESSFwm 3 /Vs01.2","Sitka alder – Spiny wood fern","Alnus viridis ssp. sinuata – Dryopteris expansa",11
715892852,"MS  dk   /Rt07.2","Juniper – Rocktripe","Juniperus communis –  Umbilicaria sp.",11
716975515,"ICH dh   /Vs02","Sitka alder – Solomon's-seal","Alnus viridis ssp. sinuata – Maianthemum racemosum",11
717091233,"ICH mw 4 /Wm05","Cattail","Typha latifolia",11
717302155,"ESSFwc 4 /Vh01.1","Cow-parsnip – Fireweed – Nettle","Heracleum maximum – Chamerion angustifolium – Urtica dioica",11
718532040,"MH  mm 2 /03","BaHm – Oak fern","Abies amabilis – Tsuga mertensiana – Gymnocarpium dryopteris",11
725109760,"ICH mw 2 /Ro10","Huckleberry – Rock moss – Haircap moss","Vaccinium membranaceum – Racomitrium spp. – Polytrichum sp.",11
725114057,"PP  xh 1 /04","Py – Bluebunch wheatgrass – Cheatgrass","Pinus ponderosa – Pseudoroegneria spicata – Bromus tectorum",11
725675938,"ICH mm   /08","CwSxw – Skunk cabbage – Sphagnum","Thuja plicata – Picea engelmannii x glauca – Lysichiton americanus",11
725689305,"MS  xv   /Wf14","Tea-leaved willow – Water sedge – Glow moss","Salix planifolia – Carex aquatilis – Aulacomnium palustre",11
728343716,"MH  mm 1 /02","HmBa – Mountain-heather","Tsuga mertensiana – Abies amabilis – Cassiope mertensiana",11
730792437,"ESSFwm 2 /Wf12","Narrow-leaved cotton-grass – Marsh-marigold","Eriophorum angustifolium – Caltha leptosepala",11
731002486,"ESSFwcw  /Wm16","Bluejoint – Arrow-leaved groundsel","Calamagrostis canadensi – Senecio triangularis",11
731601524,"CWH ds 1 /06","Hw – Queen's cup","Tsuga heterophylla – Clintonia uniflora",11
732385864,"ICH mw 4 /Vs10.2","Barclay's willow – Cow-parsnip – Fireweed","Salix barclayi – Heracleum maximum – Chamerion angustifolium",11
732548784,"CWH wh 1 /104","SsHw – Oregon beaked moss","Picea sitchensis – Tsuga heterophylla – Eurhynchium oreganum",11
732625018,"ICH dw 4 /Ws01","Mountain alder – Skunk cabbage – Lady fern","Alnus incana – Lysichiton americanus – Athyrium filix-femina",11
733441999,"ESSFwh 3 /104.2","Bl – Rhododendron – Pipecleaner moss","Abies lasiocarpa – Tsuga heterophylla – Vaccinium membranaceum – Rhytidiopsis robusta",11
734240602,"ICH wc   /02","HwPl – Feathermoss – Cladonia","Tsuga heterophylla – Pinus contorta – Pleurozium schreberi",11
735310479,"PP  xh 2 /Wm08","Sharp bulrush","Schoenoplectus pungens",11
736264841,"CWH xm 1 /12","CwSs – Skunk cabbage","Thuja plicata – Picea sitchensis – Lysichiton americanus",11
736876236,"ESSFwc 4 /Ro06.1","Juniper – Stonecrop – Sandwort","Juniperus communis – Sedum sp. – Eremogone capillaris",11
737744169,"CWH vh 3 /Wb53.1","Shore pine – Yellow-cedar – Tufted clubrush; wooded variation","Pinus contorta var. contorta – Chamaecyparis nootkatensis – Trichophorum cespitosum",11
739268736,"SBS vk   /03","SxwFd – Thimbleberry","Picea engelmannii x glauca – Pseudotsuga menziesii – Rubus parviflorus",11
740418264,"CWH vm 2 /Ws06","Sitka willow – Sitka sedge","Salix sitchensis – Carex sitchensis",11
740929274,"ICH dh   /Fl01","Mountain alder – Common horsetail","Alnus incana – Equisetum arvense",11
742746828,"BG  xh 3 /113","Act(Fd) – Douglas maple – Snowberry","Populus trichocarpa – Pseudotsuga menziesii –  Acer douglasii – Symphoricarpos albus",11
745466291,"BWBSwk 1 /101$6B.1","$At – Birch-leaved spirea – Huckleberry","Populus tremuloides – Spiraea betulifolia – Vaccinium membranaceum",11
747764897,"SBS mk 2 /Wm04","Common spike-rush","Eleocharis palustris",11
749269801,"ESSFmm 1 /03","BlPl – Cladina","Abies lasiocarpa – Pinus contorta – Cladina spp.",11
749346330,"ICH dw 4 /103","Fd – Douglas maple – Pinegrass","Pseudotsuga menziesii – Acer glabrum – Calamagrostis rubescens",11
751254111,"ESSFmv 4 /03","BlSb – Labrador tea","Abies lasiocarpa – Picea mariana – Rhododendron groenlandicum",11
751943926,"ICH mw 2 /Wm06","Great bulrush","Schoenoplectus acutus",11
752013026,"MS  dw   /103","Fd(LwPl) – Pinegrass","Pseudotsuga menziesii – (Larix occidentalis) – (Pinus contorta) – Calamagrostis rubescens",11
755489924,"ESSFwcp  /Wa01","Alpine sedge – Glowmoss","Carex nigricans – Aulacomnium palustre",11
756040259,"ICH wk 1 /03","PlHw – Velvet-leaved blueberry","Pinus contorta – Tsuga heterophylla – Vaccinium myrtilloides",11
757947393,"ICH mw 2 /Rt01","Rocktripe – Green map","Umbilicaria sp. – Rhizocarpon geographicum",11
758247556,"BG  xw 2 /111","Fd – Bluebunch wheatgrass – Step moss","Pseudotsuga menziesii – Pseudoroegneria spicata – Hylocomium splendens",11
760139580,"IDF xw   /04","FdPy – Bluebunch wheatgrass – Balsamroot","Pseudotsuga menziesii – Pinus ponderosa – Pseudoroegneria spicata – Balsamorhiza sagittata",11
761596450,"ESSFdkp  /Gg16","Rough fescue – Sulphur buckwheat – Sandwort","Festuca campestris – Eriogonum umbellatum –– Eremigone capillaris",11
763022013,"ESSFdkw  /110","BlSe – Grouseberry – Valerian","Abies lasiocarpa – Picea engelmannii – Vaccinium scoparium –  Valeriana sitchensis",11
764425912,"IDF dk 5 /Gg10","Rough fescue – Bluebunch wheatgrass","Festuca campestris – Pseudoroegneria spicata",11
767172430,"ICH mw 4 /Wm15","Bluejoint – Water sedge","Calamagrostis canadensis – Carex aquatilis",11
767728771,"ICH mw 5 /Ws06","Sitka willow – Sitka sedge","Salix sitchensis – Carex sitchensis",11
768203346,"BG  xw 2 /113","Fd – Pinegrass – Feathermoss","Pseudotsuga menziesii – Calamagrostis rubescens – Pleurozium schreberi",11
768736369,"CWH xm 2 /12","CwSs – Skunk cabbage","Thuja plicata – Picea sitchensis – Lysichiton americanus",11
769290939,"IDF xx 2 /111","FdLw – Snowberry – Pinegrass","Pseudotsuga menziesii – Larix occidentalis – Symphoricarpos albus – Calamagrostis rubescens",11
769457053,"CWH xm 1 /Ws50","Hardhack – Sitka sedge","Spiraea douglasii ssp. menziesii – Carex sitchensis",11
770167255,"ESSFwmw  /Wf13","Narrow-leaved cotton-grass – Shore sedge","Eriophorum angustifolium – Carex limosa",11
770179731,"MS  dc 1 /Wf08","Shore sedge – Buckbean – Hook moss","Carex limosa – Menyanthes trifoliata – Drepanocladus spp.",11
772737288,"ESSFwcw  /Wf13","Narrow-leaved cotton-grass – Shore sedge","Eriophorum angustifolium – Carex limosa",11
773275732,"SBS dw 1 /03","Fd – Saskatoon – Pinegrass","Pseudotsuga menziesii – Amelanchier alnifolia – Calamagrostis rubescens",11
775033878,"ESSFxc 2 /Wf13","Narrow-leaved cotton-grass – Shore sedge","Eriophorum angustifolium – Carex limosa",11
777305108,"ESSFvv   /01","Bl – Rhododendron – Foamflower","Abies lasiocarpa – Rhododendron albiflorum – Tiarella trifoliata",11
777510888,"SBS mc 3 /08","Sxw – Horsetail","Picea engelmannii x glauca – Equisetum arvense",11
779297928,"ICH dw 4 /Rt06","Mock-orange – Choke cherry – Saskatoon","Philadelphus lewisii – Prunus virginiana –  Amelanchier alnifolia ",11
779517012,"BWBSmw   /Gg51","Slender wheatgrass – Pasture sage","Elymus trachycaulus – Artemisia frigida",11
785950186,"ICH mw 2 /Fl06","Sandbar willow – Scouring-rush","Salix interior – Equisetum hyemale",11
786106202,"BWBSmk   /Wf08","Shore sedge – Buckbean – Hook moss","Carex limosa – Menyanthes trifoliata – Drepanocladus spp.",11
786188888,"ICH mw 5 /Vs10.1","Sitka willow – Cow-parsnip – Fireweed","Salix sitchensis – Heracleum maximum – Chamerion angustifolium",11
786279807,"ICH mm   /05","CwHw – Devil's club – Oak fern","Thuja plicata – Tsuga heterophylla – Oplopanax horridus",11
789952152,"ESSFwk 2 /03","Bl – Oak fern – Bluebells","Abies lasiocarpa – Gymnocarpium dryopteris – Mertensia paniculata",11
790664313,"ESSFwm 2 /112","SeBl – Horsetail – Canby's lovage","Picea engelmannii – Abies lasiocarpa – Equisetum arvense – Ligusticum canbyi",11
792085710,"ESSFwh 2 /Ro09.2","Saskatoon – Poverty oatgrass – Rock moss – Clad lichen","Amelanchier alnifolia – Danthonia spicata – Racomitrium spp. – Cladonia spp.",11
793279437,"ESSFwc 4 /Vs01","Sitka alder – Lady fern","Alnus viridis ssp. sinuata – Athyrium filix-femina",11
793729503,"ICH mw 5 /Rt03","Raspberry – Feathermoss – Clad lichen","Rubus idaeus – Pleurozium schreberi – Cladonia spp.",11
794914093,"MH  wh 1 /06","HmYc – Deer-cabbage","Tsuga mertensiana – Chamaecyparis nootkatensis – Nephrophyllidium crista-galli",11
795249058,"ESSFwm 3 /Wf04","Barclay's willow – Water sedge – Glow moss","Salix barclayi – Carex aquatilis – Aulacomnium palustre",11
798133895,"MS  xk 2 /Ws04","Drummond's willow – Beaked sedge","Salix drummondiana – Carex utriculata",11
801782226,"ESSFdk  1 /Wm16","Bluejoint – Arrow-leaved groundsel","Calamagrostis canadensis – Senecio triangularis",11
804022265,"IDF dm 2 /Ws07","Spruce – Common horsetail – Leafy moss","Picea engelmannii x glauca – Equisetum arvense – Carex disperma – Rhizomnium sp.",11
804892909,"ICH mc 1 /Wb13","Shore sedge – Buckbean – Peat moss","Carex limosa – Menyanthes trifoliata – Sphagnum spp.",11
806664306,"IDF dm 2 /102","Fd – Rocky Mountain juniper – Kinnikinnick","Pseudotsuga menziesii – Juniperus scopulorum – Arctostaphylos uva-ursi",11
807880858,"CWH xm 2 /01","HwFd – Kindbergia","Tsuga heterophylla – Pseudotsuga menziesii – Eurhynchium oreganum",11
808823675,"ICH mw 1 /01","HwCw – Falsebox – Feathermoss","Tsuga heterophylla – Thuja plicata – Paxistima myrsinites – Pleurozium schreberi",11
810476399,"SBPSmc   /08","Sb  – Creeping-snowberry – Peat moss","Picea mariana – Gaultheria hispidula – Sphagnum spp.",11
810933333,"ICH mc 2 /01a$Atss.2","$At – Saskatoon – Snowberry","Populus tremuloides – Amelanchier alnifolia – Symphoricarpos albus",11
811158368,"ESSFwmw  /103","Bl(La) – Huckleberry – Grouseberry","Abies lasiocarpa – Larix lyallii – Vaccinium membranaceum – Vaccinium scoparium",11
811320214,"BWBSwk 2 /102","Pl – Lingonberry – Reindeer lichen","Pinus contorta – Vaccinium vitis-idaea – Cladina spp.",11
812099932,"MH  wh 1 /06","HmYc – Deer-cabbage","Tsuga mertensiana – Chamaecyparis nootkatensis - Nephrophyllidium crista-galli",11
812355665,"ICH vk 1 /03","HwCw – Falsebox – Feathermoss","Tsuga heterophylla – Thuja plicata – Paxistima myrsinites – Pleurozium schreberi",11
812942035,"ESSFwh 1 /Vs10.2","Barclay's willow – Cow-parsnip – Fireweed","Salix barclayi – Heracleum maximum – Chamerion angustifolium",11
814468700,"IDF dm 2 /Rt03","Raspberry – Feathermoss – Clad lichen","Rubus idaeus – Pleurozium schreberi – Cladonia spp.",11
818247919,"MH  wh 1 /01","HmSs – Blueberry","Tsuga mertensiana – Picea sitchensis – Vaccinium alaskense",11
819096172,"CMA wh   /Ah33","Alaskan & White mountain-heathers – Tufted hairgrass ","Harrimanella stelleriana – Cassiope mertensiana – Deschampsia cespitosa",11
820955580,"CWH wh 1 /110","CwHw – Salal – Deer fern","Thuja plicata – Tsuga heterophylla – Gaultheria shallon",11
821979093,"MS  dw   /Vs10","Willow – Cow-parsnip – Fireweed","Salix sp. – Heracleum maximum – Chamerion angustifolium",11
824099911,"BG  xh 3 /Rt04","Saskatoon – Bluebunch wheatgrass [Big sagebrush]","Amelanchier alnifolia – Pseudoroegneria spicata",11
825429100,"ICH dw 4 /Wm09","Inflated sedge","Carex exsiccata",11
828656394,"CWH ws 1 /03b","HwPl – Feathermoss; Glaciofluvial","Tsuga heterophylla – Pinus contorta – Pleurozium schreberi",11
828803338,"SBPSdc   /05","Sxw – Scrub birch – Feathermoss","Picea engelmannii x glauca – Betula nana – Pleurozium schreberi",11
831172333,"ICH xw  a/101","CwFd – Hazelnut – Sarsaparilla","Thuja plicata – Pseudotsuga menziesii – Corylus cornuta – Aralia nudicaulis",11
831726204,"ICH mw 4 /Vs02","Sitka alder – Solomon's-seal","Alnus viridis ssp. sinuata – Maianthemum racemosum",11
832186726,"ICH wk 2 /01b","CwHw – Oak fern; Moist","Thuja plicata – Tsuga heterophylla – Gymnocarpium dryopteris",11
833011498,"CWH vh 2 /Wf52","Sweet gale – Sitka sedge","Myrica gale – Carex sitchensis",11
834163597,"SBS dh 1 /03","FdPl – Pinegrass – Feathermoss","Pseudotsuga menziesii – Pinus contorta – Calamagrostis rubescens – Pleurozium schreberi",11
835488534,"ESSFdkw  /Vh11","Fireweed – Yarrow – Strawberry","Chamerion angustifolium – Achillea millefolium – Fragaria virginiana",11
836542606,"ESSFwmw  /Ag01","Timber oatgrass – Grouseberry – Sandwort","Danthonia intermedia – Vaccinium scoparium – Eremogone capillaris",11
838506501,"ESSFmh   /110","Bl – Rhododendron – Oak fern","Abies lasiocarpa – Rhododendron albiflorum – Gymnocarpium dryopteris",11
838911553,"IDF dk 5 /Wm14","Common reed","Phragmites australis ssp. americanus",11
840487224,"ICH xw   /Rt03","Raspberry – Feathermoss – Clad lichen","Rubus idaeus – Pleurozium schreberi – Cladonia spp.",11
844053349,"ESSFwc 4 /111","Bl – Valerian – Foamflower","Abies lasiocarpa – Valeriana sitchensis – Tiarella trifoliata",11
844964878,"SBS dk   /01b","Sxw – Spirea – Purple peavine; Coarse-textured","Picea engelmannii x glauca – Spiraea betulifolia – Lathyrus nevadensis",11
845261850,"BWBSwk 3 /103","Sb – Huckleberry – Lingonberry","Picea mariana – Vaccinium membranaceum – Vaccinium vitis-idaea",11
847104043,"ESSFdc 1 /Vs02","Sitka alder – Solomon's-seal","Alnus viridis ssp. sinuata – Maianthemum racemosum",11
847413318,"BWBSdk   /101b","Sw – Soopolallie – Step moss; Subhygric phase","Picea glauca – Shepherdia canadensis – Hylocomium splendens",11
847504565,"MH  wh 1 /02","HmYc – Mountain-heather","Tsuga mertensiana – Chamaecyparis nootkatensis – Cassiope mertensiana",11
847792677,"SBS mw   /16","Sb – Common horsetail – Peat moss","Picea mariana – Equisetum arvense – Sphagnum spp.",11
847847147,"CWH vm 1 /12","CwYc – Goldthread","Thuja plicata – Chamaecyparis nootkatensis – Coptis aspleniifolia",11
851154698,"ESSFxc   /03","Bluebunch wheatgrass – Pasqueflower","Pseudoroegneria spicata – Anemone occidentalis",11
852401277,"CWH vh 2 /07a","CwSs – Devil's club; Mineral","Thuja plicata – Picea sitchensis – Oplopanax horridus",11
852786779,"MS  xk   /10","Pl  – Water sedge – Peat moss","Pinus contorta – Carex aquatilis – Sphagnum spp.",11
852878094,"CWH vh 2 /05b","CwSs – Sword fern; Lithic","Thuja plicata – Picea sitchensis – Polystichum munitum",11
856125938,"IDF xk   /Fm02","Cottonwood – Spruce – Dogwood","Populus balsamifera – Picea sp. – Alnus incana – Cornus sericea",11
858635643,"ESSFwm 3 /Wf11","Tufted clubrush – Star moss","Trichophorum cespitosum – Campylium stellatum",11
859207896,"ESSFmw   /Wf04","Barclay's willow – Water sedge – Glow moss","Salix barclayi – Carex aquatilis – Aulacomnium palustre",11
860085283,"CWH vm 2 /01","HwBa – Blueberry","Tsuga heterophylla – Abies amabilis – Vaccinium alaskense",11
861870920,"ESSFdk 2 /Wm16","Bluejoint – Arrow-leaved groundsel","Calamagrostis canadensis – Senecio triangularis",11
862785046,"ESSFwcw  /Gg16","Rough fescue – Sulphur buckwheat – Sandwort","Festuca campestris – Eriogonum umbellatum –– Eremigone capillaris",11
864997086,"ESSFwm 2 /Rt02","Rock moss – Clad lichen","Racomitrium spp. – Cladonia spp.",11
868377580,"ESSFwm 2 /Vs10","Willow – Cow-parsnip – Fireweed","Salix sp. – Heracleum maximum – Chamerion angustifolium",11
869090880,"ICH dh   /Vs10","Willow – Cow-parsnip – Fireweed","Salix sp. – Heracleum maximum – Chamerion angustifolium",11
870504245,"ICH mw 5 /112","Sxw(Hw) – Huckleberry – Oak fern","Picea engelmannii x glauca – Tsuga heterophylla – Vaccinium membranaceum – Gymnocarpium dryopteris",11
870582911,"ESSFdcw  /Ro08","Whitebark pine – Juniper – Kinnikinnick","Pinus albicaulis – Juniperus communis – Arctostaphylos uva-ursi",11
871848550,"ESSFmv 2 /01","Bl – Rhododendron – Feathermoss","Abies lasiocarpa – Rhododendron albiflorum – Pleurozium schreberi",11
872971431,"ICH wk 2 /10","Pl – Few-flowered sedge – Peat moss","Pinus contorta – Carex pauciflora – Sphagnum spp.",11
873906661,"SBS wk 2 /Wf07","Scrub birch – Buckbean – Shore sedge","Betula nana – Menyanthes trifoliata – Carex limosa",11
875407961,"SBS wk 1 /Wf04","Barclay's willow – Water sedge – Glow moss","Salix barclayi – Carex aquatilis – Aulacomnium palustre",11
875953553,"ICH mc 2 /53","$AtEp – Dogwood","Populus tremuloides – Betula papyrifera – Cornus sericea",11
876631933,"ICH dh   /112","SxwCw – Horsetail – Lady fern","Picea engelmannii x glauca – Thuja plicata – Equisetum arvense – Athyrium filix-femina ",11
878047741,"MS  xv   /Wf01","Water sedge – Beaked sedge","Carex aquatilis – Carex utriculata",11
878267359,"ESSFxc 2 /Wf14","Tea-leaved willow – Water sedge – Glow moss","Salix planifolia – Carex aquatilis – Aulacomnium palustre",11
879709373,"CWH mm 2 /07","CwYc – Goldthread","Thuja plicata – Chamaecyparis nootkatensis – Coptis aspleniifolia",11
881185188,"CWH vh 3 /111","Ss – False lily-of-the-Valley ","Picea sitchensis – Maianthemum dilatatum",11
884694898,"ICH dh   /Ws01","Mountain alder – Skunk cabbage – Lady fern","Alnus incana – Lysichiton americanus – Athyrium filix-femina",11
884851639,"CWH mm 2 /05","BaCw – Foamflower","Abies amabilis – Thuja plicata – Tiarella trifoliata",11
885271507,"ESSFmh   /Wf13","Narrow-leaved cotton-grass – Shore sedge","Eriophorum angustifolium – Carex limosa",11
885295454,"ICH wk 4 /Wm02","Swamp horsetail – Beaked sedge","Equisetum fluviatile – Carex utriculata",11
885640995,"ICH dw 1 /Rt08","Aspen – Douglas maple – Saskatoon","Populus tremuloides – Acer glabrum – Amelanchier alnifolia",11
886624604,"ESSFdk 1 /111","Se – Horsetail – Bluejoint","Picea engelmannii – Equisetum arvense – Calamagrostis canadensis",11
886635712,"IDF xk   /103","Fd – Rocky Mountain juniper – Kinnikinnick","Pseudotsuga menziesii – Juniperus scopulorum – Arctostaphylos uva-ursi",11
886873148,"CWH vh 2 /01","CwHw – Salal","Thuja plicata – Tsuga heterophylla – Gaultheria shallon",11
887134199,"ESSFdk 1 /Wm01","Beaked sedge – Water sedge","Carex utriculata – Carex aquatilis",11
887894902,"ESSFmh   /103","BlFd – Huckleberry – Falsebox","Abies lasiocarpa – Pseudotsuga menziesii – Vaccinium membranaceum – Paxistima myrsinites",11
890394047,"SBS wk 1 /07","Sxw – Twinberry – Oak fern","Picea engelmannii x glauca – Lonicera involucrata – Gymnocarpium dryopteris",11
891594682,"ESSFdcw  /Wf01","Water sedge – Beaked sedge","Carex aquatilis – Carex utriculata",11
892394593,"CWH vh 2 /05a","CwSs – Sword fern; Mineral","Thuja plicata – Picea sitchensis – Polystichum munitum",11
892994592,"BG  xw 1 /08","At – Snowberry – Kentucky bluegrass","Populus tremuloides – Symphoricarpos albus – Poa pratensis",11
893119857,"CWH vh 1 /17","Ss – Sword fern","Picea sitchensis – Polystichum munitum",11
894848308,"SBS mw   /15","Sb – Soft-leaved sedge – Peat moss","Picea mariana – Carex disperma – Sphagnum spp.",11
895760758,"ESSFwm 2 /Vh02","Valerian – Hellebore – Fireweed","Valeriana sitchensis – Veratrum viride – Chamerion angustifolium",11
896706195,"ICH dw 4 /104","FdCw – Douglas maple – Prince's pine","Pseudotsuga menziesii – Thuja plicata – Acer glabrum – Chimaphila umbellata",11
897600124,"BG  xh 3 /Rt04a","Saskatoon – Bluebunch wheatgrass [Big sagebrush]; Cool  phase","Amelanchier alnifolia – Pseudoroegneria spicata",11
897830706,"ICH mw 2 /Vs10","Willow – Cow-parsnip – Fireweed","Salix sp. – Heracleum maximum – Chamerion angustifolium",11
898368341,"BG  xh 3 /Gs02","Big sagebrush – Bluebunch wheatgrass – Sand dropseed","Artemisia tridentata ssp. tridentata – Pseudoroegneria spicata – Sporobolus cryptandrus",11
899177023,"ESSFwh 3 /Rt07","Aspen – Juniper – Rocktripe","Populus tremuloides – Juniperus communis –  Umbilicaria sp.",11
899233262,"CWH ds 1 /12","CwSs – Skunk cabbage","Thuja plicata – Picea sitchensis – Lysichiton americanus",11
900687756,"CWH xm 1 /Wm50","Sitka sedge – Hemlock-parsley","Carex sitchensis – Oenanthe sarmentosa",11
901670073,"ICH xw  a/Rt03","Raspberry – Feathermoss – Clad lichen","Rubus idaeus – Pleurozium schreberi – Cladonia spp.",11
902065804,"ICH mk 1 /06","Sxw – Oak fern","Picea engelmannii x glauca – Gymnocarpium dryopteris",11
902327081,"MS  dw   /Wf06","Slender sedge – Buckbean","Carex lasiocarpa – Menyanthes trifoliata",11
903443275,"ICH mw 5 /Wf11","Tufted clubrush – Star moss","Trichophorum cespitosum – Campylium stellatum",11
904335659,"CWH vh 2 /14","Ss – Salal","Picea sitchensis – Gaultheria shallon",11
905813561,"ICH mk 4 /Wm06","Great bulrush","Schoenoplectus acutus",11
906739225,"ESSFwm 4 /103","Bl – Azalea – Low bilberry","Abies lasiocarpa – Menziesia ferrunginea – Vaccinium myrtillus",11
906986774,"CWH ms 2 /05","HwBa – Queen's cup","Tsuga heterophylla – Abies amabilis – Clintonia uniflora",11
907464913,"BG  xh 1 /Fl07","Water birch – Rose","Betula occidentalis – Rosa acicularis",11
911311689,"SBS wk 2 /05","Sxw – Devil's club","Picea engelmannii x glauca – Oplopanax horridus",11
912585358,"MS  xv   /10","Sb – Soft-leaved sedge – Peat moss","Picea mariana – Carex disperma – Sphagnum spp.",11
913113907,"ESSFdkw  /Gb20","Saskatoon – Soopolallie – Juniper","Amelanchier alnifolia – Shepherdia canadensis – Juniperus communis ",11
915006595,"BWBSdk   /Fl03","Pacific willow – Red-osier dogwood – Horsetail","Salix lasiandra – Cornus sericea – Equisetum arvense",11
915095451,"ESSFwh 1 /Vs01","Sitka alder – Lady fern","Alnus viridis ssp. sinuata – Athyrium filix-femina",11
916476787,"SBS mc 2 /Wb12","Scheuchzeria – Peat moss","Scheuchzeria palustris – Sphagnum spp.",11
917303737,"PP  xh 2 /Gs01","Alkali saltgrass","Distichlis spicata var. stricta",11
920345741,"ESSFmc   /Wf12","Narrow-leaved cotton-grass – Marsh-marigold","Eriophorum angustifolium – Caltha leptosepala",11
920613700,"SBS dk   /04$Epdh","$Ep – Douglas maple","Betula papyrifera – Acer glabrum",11
922044222,"IDF dk 5 /Rt06","Mock-orange – Choke cherry – Saskatoon","Philadelphus lewisii – Prunus virginiana –  Amelanchier alnifolia ",11
922490002,"SBS mc 2 /Wm01","Beaked sedge – Water sedge","Carex utriculata – Carex aquatilis",11
922888523,"CWH xm 2 /10","Act – Willow","Populus trichocarpa – Salix spp.",11
924541757,"MH  wh   /110","HmSs – Reedgrass – Lanky moss ","Tsuga mertensiana – Picea sitchensis – Calamagrostis nutkaensis –Rhytidiadelphus loreus",11
924775395,"BG  xh 2 /05","Big sage – Needle-and-thread grass","Artemisia tridentata ssp. tridentata – Hesperostipa comata",11
927275516,"ICH dk   /02b","CwSxw – Soopolallie; Shallow","Thuja plicata – Picea engelmannii x glauca – Shepherdia canadensis",11
928264816,"SBS mk 1 /Wf05","Slender sedge – Common hook moss","Carex lasiocarpa – Drepanocladus aduncus",11
930938147,"ICH wk 2 /Wm01","Beaked sedge – Water sedge","Carex utriculata – Carex aquatilis",11
932095669,"ICH wk 2 /04","HwCw – Step moss","Tsuga heterophylla – Thuja plicata – Hylocomium splendens",11
933902186,"BG  xw 2 /Gg01","Bluebunch wheatgrass – Prairie sagewort [Prickly pear]","Pseudoroegneria spicata – Artemisia frigida – Koeleria macrantha",11
933994336,"CWH wh 1 /117","Ss – Pacific crab apple – Slough sedge","Picea sitchensis – Malus fusca – Carex obnupta",11
934754400,"SBS mc 2 /10b","Sxw – Horsetail; Lacustrine/morainal","Picea engelmannii x glauca – Equisetum arvense",11
935768666,"IDF dm 1 /01","FdPl – Pinegrass – Twinflower","Pseudotsuga menziesii – Pinus contorta - Calamagrostis rubescens - Linnaea borealis",11
936426458,"IDF xk   /113b","Sxw – Dogwood – Horsetail; Subxeric phase","Picea engelmannii x glauca – Cornus sericea – Equisetum arvense",11
937691681,"ICH mw 1 /03","HwCw – Falsebox – Pipecleaner moss","Tsuga heterophylla – Thuja plicata – Paxistima myrsinites – Pleurozium schreberi",11
938412916,"ESSFwc 4 /110","BlSe – Lady fern – Oak fern","Abies lasiocarpa – Picea engelmannii – Athyrium filix-femina  – Gymnocarpium dryopteris",11
939194094,"PP  xh 2 /01","Py – Bluebunch wheatgrass – Fescue","Pinus ponderosa – Pseudoroegneria spicata – Festuca spp.",11
939207719,"SBS mw   /06","Sxw – Oak fern","Picea engelmannii x glauca – Gymnocarpium dryopteris",11
940928763,"BG  xw 1 /07","Giant wildrye","Leymus cinereus",11
941888689,"ESSFwv   /Wf03","Water sedge – Peat moss","Carex aquatilis – Sphagnum spp.",11
943970427,"ESSFdcw  /Vh02.1","Valerian – Hellebore – Fireweed","Valeriana sitchensis – Veratrum viride – Chamerion angustifolium",11
945036926,"IDF dk 3 /07","SxwFd – Prickly rose – Sedge","Picea engelmannii x glauca – Pseudotsuga menziesii – Rosa acicularis – Carex spp.",11
947871023,"ESSFwh 1 /Ro06","Juniper – Stonecrop – Sandwort","Juniperus communis – Sedum sp. – Eremogone capillaris",11
948642657,"IDF xx 2 /112a","Sxw – Dogwood – Horsetail; Xeric phase","Picea engelmannii x glauca – Cornus sericea – Equisetum arvense",11
952612922,"BG  xw 1 /Ws03","Bebb's willow – Bluejoint","Salix bebbiana – Calamagrostis canadensis",11
954318693,"BG  xh 2 /Wm06","Great bulrush","Schoenoplectus acutus",11
955129124,"PP  xh 2 /Wm11","Seacoast bulrush","Bolboschoenus maritimus",11
958507695,"MS  dk   /Fm01","Cottonwood – Snowberry – Rose","Populus trichocarpa – Symphoricarpos albus – Rosa acicularis",11
964013926,"MH  wh 1 /01","HmSs – Blueberry","Tsuga mertensiana – Picea sitchensis - Vaccinium alaskense",11
966246670,"MS  dw   /110","SxwBl – Azalea – Bunchberry","Picea engelmannii x glauca – Abies lasiocarpa – Menziesia ferruginea – Cornus canadensis",11
966845064,"CDF mm   /Em03","Seashore saltgrass","Distichlis spicata",11
968082642,"MS  mw 1 /Wm09","Inflated sedge","Carex exsiccata",11
969051861,"ESSFwh 1 /Wf11","Tufted clubrush – Star moss","Trichophorum cespitosum – Campylium stellatum",11
973646173,"ESSFwh 1 /Vs10","Willow – Cow-parsnip – Fireweed","Salix sp. – Heracleum maximum – Chamerion angustifolium",11
976080790,"ESSFwh 2 /Vs10.2","Barclay's willow – Cow-parsnip – Fireweed","Salix barclayi – Heracleum maximum – Chamerion angustifolium",11
977404381,"PP  xh 2 /04","Py – Big sage – Bluebunch wheatgrass","Pinus ponderosa – Artemisia tridentata ssp. tridentata – Pseudoroegneria spicata",11
977682563,"ESSFwcw  /Wf12","Narrow-leaved cotton-grass – Marsh-marigold","Eriophorum angustifolium – Caltha leptosepala",11
978514529,"MS  dw   /104.2","Pl(Lw) – Pinegrass – Grouseberry","Pinus contorta – (Larix occidentalis) – Calamagrostis rubescens – Vaccinium scoparium",11
978813370,"BWBSwk 1 /101","SwBl – Huckleberry – Feathermoss","Picea glauca – Abies lasiocarpa – Vaccinium membranaceum – Pleurozium schreberi",11
980038501,"PP  xh 1 /08","Fd – Water birch – Douglas maple","Pseudotsuga menziesii – Betula occidentalis – Acer glabrum",11
980423299,"CWH xm 2 /Wf53","Slender sedge – White beak-rush","Carex lasiocarpa – Rhynchospora alba",11
980757423,"CWH wh 1 /Em02","Glasswort – Sea-milkwort  ","Salicornia depressa – Glaux maritima",11
980848737,"SBS wk 1 /13","ActSxw – Red-osier dogwood","Populus trichocarpa – Picea engelmannii x glauca – Cornus sericea",11
983664913,"ESSFmv 3 /01","Bl – Rhododendron – Feathermoss","Abies lasiocarpa – Rhododendron albiflorum – Pleurozium schreberi",11
984624094,"ESSFwcw  /Wa01.2","Alpine sedge – Leatherleaf saxifrage – Glowmoss","Carex nigricans – Leptarrhena pyrolifolia –  Aulacomnium palustre",11
985095626,"SBS dh 1 /04","Pl – Pinegrass – Feathermoss","Pinus contorta – Calamagrostis rubescens – Pleurozium schreberi",11
985209308,"ESSFwcw  /104.1","Bl – Mountain-heather – Wood-rush ","Abies lasiocarpa – Cassiope mertensiana – Luzula parviflora",11
988243224,"BWBSmk   /Wm01","Beaked sedge – Water sedge","Carex utriculata – Carex aquatilis",11
988686116,"IDF xk   /Fl06","Sandbar willow – Scouring-rush","Salix interior – Equisetum hyemale",11
990253639,"CWH ws 1 /02","Pl – Kinnikinnick","Pinus contorta – Arctostaphylos uva-ursi",11
992153199,"IDF dk 2 /Wm01","Beaked sedge – Water sedge","Carex utriculata – Carex aquatilis",11
993236424,"ESSFdcw  /Ro06","Juniper – Stonecrop – Sandwort","Juniperus communis – Sedum sp. – Eremogone capillaris",11
999252073,"IDF xx 2 /101.1","FdPy – Pinegrass – Bluebunch wheatgrass","Pseudotsuga menziesii – Pinus ponderosa – Calamagrostis rubescens – Pseudoroegneria spicata",11
1000167053,"IDF dk 5 /104","Fd – Spirea – Pinegrass – Kinnikinnick","Pseudotsuga menziesii – Spirea lucida – Calamagrostis rubescens – Arctostaphylos uva-ursi",11
1001050092,"IDF dk 5 /Ga03","Field sedge","Carex praegracilis",11
1001497838,"ESSFwmw  /Wf12","Narrow-leaved cotton-grass – Marsh-marigold","Eriophorum angustifolium – Caltha leptosepala",11
1001670913,"MS  dc 1 /02","FdPl – Juniper","Pseudotsuga menziesii – Pinus contorta – Juniperus communis",11
1002521821,"ICH xw  a/Ro09.1","Saskatoon – Rock moss – Clad lichen","Amelanchier alnifolia – Racomitrium spp. – Cladonia spp.",11
1005238688,"BWBSmw   /Wb06","Lt – Water sedge – Fen moss","Larix laricina – Carex aquatilis – Tomenthypnum nitens",11
1006275663,"ESSFwcw  /Vs01.1","Sitka alder – Lady fern","Alnus viridis ssp. sinuata – Athyrium filix-femina – Dryopteris expansa",11
1006729562,"ICH dh   /Wf01","Water sedge – Beaked sedge","Carex aquatilis – Carex utriculata",11
1008893341,"BG  xw 2 /Wm09","Inflated sedge","Carex exsiccata",11
1011523933,"SBS dk   /50","At – Anenome","Populus tremuloides – Anemone sp.",11
1012749132,"CWH vh 3 /106","CwSs – Sword fern  ","Thuja plicata – Picea sitchensis – Polystichum munitum",11
1015104997,"IDF dk 5 /Wm05","Cattail","Typha latifolia",11
1018908187,"IDF xk   /102b","Fd – Rocky Mountain juniper – Bluebunch wheatgrass; Subxeric phase","Pseudotsuga menziesii – Juniperus scopulorum – Pseudoroegneria spicata",11
1019038355,"ESSFdk 1 /Rt20","Spotted saxifrage – Clad lichen","Saxifraga bronchialis – Cladonia spp.",11
1019317804,"ICH mw 4 /Ws06","Sitka willow – Sitka sedge","Salix sitchensis – Carex sitchensis",11
1024026805,"ICH dw 1 /Gg11","Idaho fescue – Bluebunch wheatgrass – Junegrass","Festuca idahoensis – Pseudoroegneria spicata  – Koeleria macrantha",11
1024447699,"ESSFdc 2 /Sc03","Barclay's willow – Arrow-leaved groundsel","Salix barclayi – Senecio triangularis",11
1025073909,"ESSFwh 1 /Ro09","Saskatoon – Rock moss – Clad lichen","Amelanchier alnifolia – Racomitrium spp. – Cladonia spp.",11
1025388836,"ICH mw 4 /Vh01.1","Cow-parsnip – Fireweed – Nettle","Heracleum maximum – Chamerion angustifolium – Urtica dioica",11
1026329690,"ICH mk 4 /Wm02","Swamp horsetail – Beaked sedge","Equisetum fluviatile – Carex utriculata",11
1031045134,"BWBSdk   /Wf08","Shore sedge – Buckbean – Hook moss","Carex limosa – Menyanthes trifoliata – Drepanocladus spp.",11
1031694941,"ESSFmh   /Wf11","Tufted clubrush – Star moss","Trichophorum cespitosum – Campylium stellatum",11
1034014138,"ESSFwh 2 /Rt03","Raspberry – Feathermoss – Clad lichen","Rubus idaeus – Pleurozium schreberi – Cladonia spp.",11
1034740670,"ESSFdk 2 /Gb20","Saskatoon – Soopolallie – Juniper","Amelanchier alnifolia – Shepherdia canadensis – Juniperus communis ",11
1034857133,"SBS mw   /08","Sxw – Devil's club","Picea engelmannii x glauca – Oplopanax horridus",11
1035773157,"IDF xx 2 /Ro03","Antelope-brush – Selaginella – Bluebunch wheatgrass","Purshia tridentata – Selaginella densa – Pseudoroegneria spicata",11
1036754209,"ESSFwh 2 /Ro09.1","Saskatoon – Rock moss – Clad lichen","Amelanchier alnifolia – Racomitrium spp. – Cladonia spp.",11
1039508643,"SBS mw   /10","SbSxw – Scrub birch – Sedge","Picea mariana – Picea engelmannii x glauca – Betula nana – Carex spp.",11
1042214648,"IDF xk /Ga01.1","Alkali saltgrass","Distichlis spicata var. stricta",11
1044956855,"ESSFxc   /Wf04","Barclay's willow – Water sedge – Glow moss","Salix barclayi – Carex aquatilis – Aulacomnium palustre",11
1045153041,"ICH mw 2 /113","CwHw – Horsetail – Lady fern","Thuja plicata – Tsuga heterophylla – Equisetum arvense – Athyrium filix-femina ",11
1045445160,"ESSFmv 3 /08","BlPl – Rhododendron","Abies lasiocarpa – Pinus contorta – Rhododendron albiflorum",11
1046726267,"ESSFwh 2 /Ro06.1","Juniper – Stonecrop – Sandwort","Juniperus communis – Sedum sp. – Eremogone capillaris",11
1046902435,"MS  dm 2 /01","Sxw – Falsebox – Feathermoss","Picea engelmannii x glauca – Paxistima myrsinites – Pleurozium schreberi",11
1048052152,"IDF xx 2 /Fl06","Sandbar willow – Scouring-rush","Salix interior – Equisetum hyemale",11
1048475396,"MS  mw 1 /Wf07","Scrub birch – Buckbean – Shore sedge","Betula nana – Menyanthes trifoliata – Carex limosa",11
1049069438,"SBPSmk   /04b","Pl – Pinegrass – Feathermoss; Sand","Pinus contorta – Calamagrostis rubescens – Pleurozium schreberi",11
1050047705,"MS  dk   /Fl04","Sitka willow – Red-osier dogwood – Horsetail","Salix sitchensis – Cornus sericea – Equisetum arvense",11
1052613407,"SBS mh   /02","FdPl – Cladonia","Pseudotsuga menziesii – Pinus contorta – Cladonia spp.",11
1053358587,"SBS mk 2 /Wm01","Beaked sedge – Water sedge","Carex utriculata – Carex aquatilis",11
1054204616,"IDF dm 2 /Ff01","Water birch – Red-osier dogwood – Rose","Betula occidentalis – Cornus sericea – Rosa acicularis",11
1054225073,"ICH mw 4 /Vs01","Sitka alder – Lady fern","Alnus viridis ssp. sinuata – Athyrium filix-femina",11
1055460024,"ESSFwm 2 /Wa02","Alpine sedge – Bog-laurel – Peat moss","Carex nigricans –  Kalmia microphylla – Sphagnum spp.",11
1057735080,"IDF xm   /09","Sxw – Horsetail","Picea engelmannii x glauca – Equisetum arvense",11
1059842996,"BWBSwk 2 /103","SwPl – Soopolallie – Fuzzy-spiked wildrye","Picea glauca – Pinus contorta – Shepherdia canadensis – Leymus innovatus",11
1060503530,"ESSFwm 4 /Ro10","Huckleberry – Rock moss – Haircap moss","Vaccinium membranaceum – Racomitrium spp. – Polytrichum sp.",11
1060540675,"ICH mw 2 /Wm02","Swamp horsetail – Beaked sedge","Equisetum fluviatile – Carex utriculata",11
1060713965,"CWH wh 2 /101","HwSs – Lanky moss  ","Tsuga heterophylla – Picea sitchensis – Rhytidiadelphus loreus",11
1060756504,"ESSFwm 3 /Rt07.2","Juniper – Rocktripe","Juniperus communis –  Umbilicaria sp.",11
1061425027,"SBS wk 1 /03","Pl – Huckleberry – Velvet-leaved blueberry","Pinus contorta – Vaccinium membranaceum – Vaccinium myrtilloides",11
1062556197,"ESSFwm 1 /Wf11","Tufted clubrush – Star-moss","Trichophorum cespitosum – Campylium stellatum",11
1062650553,"MS  dk   /Vs12","Huckleberry – Rhododendron – Fireweed","Vaccinium membranaceum – Rhododendron albiflorum – Chamerion angustifolium",11
1063508468,"ICH mk 4 /Vs10.1","Sitka willow – Cow-parsnip – Fireweed","Salix sitchensis – Heracleum maximum – Chamerion angustifolium",11
1064685831,"ESSFwm 2 /Rt07","Aspen – Juniper – Rocktripe","Populus tremuloides – Juniperus communis –  Umbilicaria sp.",11
1066286370,"ESSFwc 4 /Wa01","Alpine sedge – Glowmoss","Carex nigricans – Aulacomnium palustre",11
1069971826,"ESSFwh 1 /Wf12","Narrow-leaved cotton-grass – Marsh-marigold","Eriophorum angustifolium – Caltha leptosepala",11
1070268225,"BWBSmk   /Wb14","Leatherleaf – Bog-rosemary – Peat moss","Chamaedaphne calyculata – Andromeda polifolia – Sphagnum spp.",11
1070640019,"IDF dm 2 /Ws03","Bebb's willow – Bluejoint","Salix bebbiana – Calamagrostis canadensis",11
1073459903,"ICH vc   /02","Hw – Step moss","Tsuga heterophylla – Hylocomium splendens",11
1073523437,"SBS mc 3 /05","Sb – Huckleberry – Spirea","Picea mariana – Vaccinium membranaceum – Spiraea betulifolia",11
1073988945,"ESSFmh   /Vh01.1","Cow-parsnip – Fireweed – Nettle","Heracleum maximum – Chamerion angustifolium – Urtica dioica",11
1075352398,"ESSFwc 4 /Wf01","Water sedge – Beaked sedge","Carex aquatilis – Carex utriculata",11
1075800586,"ICH mc 2 /01b$Atss.2","$At – Saskatoon – Snowberry","Populus tremuloides – Amelanchier alnifolia – Symphoricarpos albus",11
1076383115,"BG  xh 3 /Gs02a","Big sagebrush – Bluebunch wheatgrass – Sand dropseed; Cool phase","Artemisia tridentata ssp. tridentata – Pseudoroegneria spicata – Sporobolus cryptandrus",11
1076472362,"IDF xx 2 /Gg15","Rough fescue – Idaho fescue","Festuca campestris – Festuca idahoensis",11
1076615536,"CWH ws 1 /01","HwBa – Bramble","Tsuga heterophylla – Abies amabilis – Rubus pedatus",11
1078337273,"ESSFdk 1 /Vh01","Cow-parsnip – Fireweed – Nettle","Heracleum maximum – Chamerion angustifolium – Urtica dioica",11
1078684930,"SBS dw 3 /Wb12","Scheuchzeria – Peat moss","Scheuchzeria palustris – Sphagnum spp.",11
1078899349,"ICH wk 4 /08","Sxw – Devil's club – Lady fern","Picea engelmannii x glauca – Oplopanax horridus – Athyrium filix-femina",11
1079689059,"BWBSmk   /112","AcbSw – Mountain alder – Dogwood","Populus balsamifera – Picea glauca – Alnus incana – Cornus sericea",11
1084130066,"ESSFwh 1 /Ro09.1","Saskatoon – Rock moss – Clad lichen","Amelanchier alnifolia – Racomitrium spp. – Cladonia spp.",11
1085387684,"ICH mk 4 /Ws03","Bebb's willow – Bluejoint","Salix bebbiana – Calamagrostis canadensis",11
1085988080,"SBS dk   /Wf06","Slender sedge – Buckbean","Carex lasiocarpa – Menyanthes trifoliata",11
1087041988,"BG  xh 1 /03","Bluebunch wheatgrass – Selaginella","Pseudoroegneria spicata – Selaginella densa",11
1088550577,"ESSFwc 4 /Vh02","Valerian – Hellebore – Fireweed","Valeriana sitchensis – Veratrum viride – Chamerion angustifolium",11
1088768903,"ICH dw 4 /Ro09.1","Saskatoon – Rock moss – Clad lichen","Amelanchier alnifolia – Racomitrium spp. – Cladonia spp.",11
1091681782,"ICH dw 4 /Rt08","Aspen – Douglas maple – Saskatoon","Populus tremuloides – Acer glabrum – Amelanchier alnifolia",11
1094360034,"IDF xx 2 /110","Fd – Feathermoss – Step moss","Pseudotsuga menziesii – Pleurozium schreberi – Hylocomium splendens",11
1094495073,"ESSFdc 1 /112","Se – Horsetail – Globeflower","Picea engelmannii – Equisetum arvense – Trollius albiflorus",11
1094859279,"ICH wc   /07","HwSx – Blueberry – Sphagnum","Tsuga heterophylla – Picea sp. x Picea sp. – Vaccinium alaskense",11
1098284968,"ESSFwcw  /Ag01","Timber oatgrass – Grouseberry – Sandwort","Danthonia intermedia – Vaccinium scoparium – Eremogone capillaris",11
1099228502,"PP  xh 1 /05","Py – Bluebunch wheatgrass – Rough fescue","Pinus ponderosa – Pseudoroegneria spicata – Festuca campestris",11
1102479312,"SBS mw   /03","Pl – Huckleberry – Velvet-leaved blueberry","Pinus contorta – Vaccinium membranaceum – Vaccinium myrtilloides",11
1103211574,"MS  dw   /Wf07","Scrub birch – Buckbean – Shore sedge","Betula nana – Menyanthes trifoliata – Carex limosa",11
1103896598,"IDF xm   /Ff01","Water birch – Red-osier dogwood – Rose","Betula occidentalis – Cornus sericea – Rosa acicularis",11
1103990047,"MS  dk   /Rt07.1","Aspen – Juniper – Rocktripe","Populus tremuloides – Juniperus communis –  Umbilicaria sp.",11
1104602067,"MS  dw   /Vh01.1","Cow-parsnip – Fireweed – Nettle","Heracleum maximum – Chamerion angustifolium – Urtica dioica",11
1105639149,"CWH dm   /15","Cw – Slough sedge","Thuja plicata – Carex obnupta",11
1105732132,"MS  dk   /Wf01","Water sedge – Beaked sedge","Carex aquatilis – Carex utriculata",11
1106134251,"MS  mw 1 /Ws02","Mountain alder – Pink spirea – Sitka sedge","Alnus incana – Spiraea douglasii ssp. menziesii – Carex sitchensis",11
1106203482,"ESSFwh 1 /Vs10.1","Sitka willow – Cow-parsnip – Fireweed","Salix sitchensis – Heracleum maximum – Chamerion angustifolium",11
1107671471,"ESSFwc 2 /Wf04","Barclay's willow – Water sedge – Glow moss","Salix barclayi – Carex aquatilis – Aulacomnium palustre",11
1107777637,"ICH mc 1a/03","HwBa – Devil's club – Lady fern","Tsuga heterophylla – Abies amabilis – Oplopanax horridus",11
1108231460,"ESSFwc 4 /Rt07.2","Juniper – Rocktripe","Juniperus communis –  Umbilicaria sp.",11
1109253595,"ICH mw 5 /Vh01.1","Cow-parsnip – Fireweed – Nettle","Heracleum maximum – Chamerion angustifolium – Urtica dioica",11
1109412953,"MS  dw   /Ff01","Water birch – Red-osier dogwood – Rose","Betula occidentalis – Cornus sericea – Rosa acicularis",11
1109676407,"SBS wk 1 /15","Sb – Common horsetail – Peat moss","Picea mariana – Equisetum arvense – Sphagnum spp.",11
1110490756,"IDF xm   /01","Fd – Pinegrass – Feathermoss","Pseudotsuga menziesii – Calamagrostis rubescens – Pleurozium schreberi",11
1110584462,"IDF xh 1 /03","FdPy – Bluebunch wheatgrass – Pinegrass","Pseudotsuga menziesii – Pinus ponderosa – Pseudoroegneria spicata – Calamagrostis rubescens",11
1110770730,"ICH vk 1 /Wf05","Slender sedge – Common hook moss","Carex lasiocarpa – Drepanocladus aduncus",11
1111315763,"CWH mm 2 /09","Pl – Sphagnum","Pinus contorta – Sphagnum spp.",11
1111443378,"SBS vk   /Wb12","Scheuchzeria – Peat moss","Scheuchzeria palustris – Sphagnum spp.",11
1115042039,"CWH wh 1 /118b","CwSs – Skunk cabbage; Organic phase ","Thuja plicata – Picea sitchensis – Lysichiton americanus",11
1116487542,"ICH mk 4 /103","Fd – Douglas maple – Falsebox","Pseudotsuga menziesii – Acer glabrum – Paxistima myrsinites",11
1116567098,"IDF xk   /Wm14","Common reed","Phragmites australis ssp. americanus",11
1119978941,"ICH mw 5 /101","HwCw – Falsebox","Tsuga heterophylla – Thuja plicata – Paxistima myrsinites",11
1120030169,"CWH wh 1 /Ed03","Arctic rush – Alaska plantain","Juncus arcticus – Plantago macrocarpa",11
1123502469,"CWH wh 1 /114","Dr – Trisetum ","Alnus rubra –  Trisetum cernuum",11
1125225775,"SBS dk   /04$Atss","$At – Saskatoon – Snowberry","Populus tremuloides – Amelanchier alnifolia – Symphoricarpos albus",11
1128071292,"CWH ws 1 /03","HwPl – Feathermoss","Tsuga heterophylla – Pinus contorta – Pleurozium schreberi",11
1130159655,"MS  dm 1 /Ws02","Mountain alder – Pink spirea – Sitka sedge","Alnus incana – Spiraea douglasii ssp. menziesii – Carex sitchensis",11
1132213689,"ICH mw 4 /Rt02","Rock moss – Clad lichen","Racomitrium spp. – Cladonia spp.",11
1132771751,"ESSFmv 3 /03","BlSb – Labrador tea","Abies lasiocarpa – Picea mariana – Rhododendron groenlandicum",11
1133674361,"IDF xm   /Wm03","Awned sedge","Carex atherodes",11
1134322684,"ESSFwh 2 /101","BlHw – Rhododendron – Foamflower","Abies lasiocarpa – Tsuga heterophylla – Rhododendron albiflorum – Tiarella trifoliata",11
1134784546,"ESSFwm 1 /Rt02","Rock moss – Clad lichen","Racomitrium spp. – Cladonia spp.",11
1136074260,"IDF ww   /04","Fd – Douglas maple – Fairybells","Pseudotsuga menziesii – Acer glabrum – Prosartes hookeri",11
1136389951,"ICH mw 2 /Wm09","Inflated sedge","Carex exsiccata",11
1138890695,"BWBSmw   /104","Sb – Labrador tea – Step moss","Picea mariana – Rhododendron groenlandicum – Hylocomium splendens",11
1140640926,"SBS dk   /Wf08","Shore sedge – Buckbean – Hook moss","Carex limosa – Menyanthes trifoliata – Drepanocladus spp.",11
1142809798,"CWH wh 1 /101a","HwSs – Lanky moss; Mesic phase","Tsuga heterophylla – Picea sitchensis – Rhytidiadelphus loreus",11
1145626969,"ICH dh   /Fm01","Cottonwood – Snowberry – Rose","Populus trichocarpa – Symphoricarpos albus – Rosa acicularis",11
1148266654,"BWBSmw   /103$6B.1","$At – Rose – Fuzzy-spiked wildrye","Populus tremuloides – Rosa acicularis – Leymus innovatus",11
1148692679,"ICH mk 5 /104","Fd – Pinegrass – Showy aster","Pseudotsuga menziesii – Calamagrostis rubescens – Eurybia conspicua",11
1149475643,"ESSFwmw  /102","BlLa – Heron's-bill moss","Abies lasiocarpa – Larix lyallii – Dicranum spp.",11
1149554993,"CWH vh 3 /116","Ss – Pacific crab apple – Slough sedge ","Picea sitchensis – Malus fusca – Carex obnupta",11
1150686190,"MS  dk   /Vh10","Fireweed – Grouseberry","Chamerion angustifolium – Vaccinium scoparium",11
1152194332,"BG  xh 2 /02","Bluebunch wheatgrass – Selaginella","Pseudoroegneria spicata – Selaginella densa",11
1153605380,"ESSFmv 2 /03","BlSb – Labrador tea","Abies lasiocarpa – Picea mariana – Rhododendron groenlandicum",11
1153732088,"ICH mc 2 /07$Atha","$At – Hardhack","Populus tremuloides – Spiraea douglasii ssp. douglasii",11
1154371364,"CWH wm   /Wf51","Sitka sedge – Peat moss","Carex sitchensis – Sphagnum spp.",11
1155304169,"ICH mw 2 /Wm05","Cattail","Typha latifolia",11
1157609548,"BWBSmk   /Wf04","Barclay's willow – Water sedge – Glow moss","Salix barclayi – Carex aquatilis – Aulacomnium palustre",11
1160801895,"CWH dm   /13","Cw – Salmonberry","Thuja plicata – Rubus spectabilis",11
1161797563,"ESSFwm 2 /Vs01","Sitka alder – Lady fern","Alnus viridis ssp. sinuata – Athyrium filix-femina",11
1162206282,"ESSFvc   /01","BlHm – Rhododendron – Oak fern","Abies lasiocarpa – Tsuga mertensiana – Rhododendron albiflorum",11
1162489968,"ICH mc 2 /01b","Hw – Step moss; Submesic","Tsuga heterophylla – Hylocomium splendens",11
1163937138,"ICH wc   /10","Pl  – Water sedge – Peat moss","Pinus contorta – Carex aquatilis – Sphagnum spp.",11
1164184831,"SBPSdc   /Wf02","Scrub birch – Water sedge","Betula nana – Carex aquatilis",11
1165335204,"SBS dk   /Fl02","Mountain alder – Red-osier dogwood – Horsetail","Alnus incana – Cornus sericea – Athyrium filix-femina",11
1166027375,"SBS mm   /09","Sedge – Sphagnum","Carex spp. – Sphagnum spp.",11
1166817668,"MS  dm 1 /Fl05","Drummond's willow – Bluejoint","Salix drummondiana – Calamagrostis canadensis",11
1167201004,"ESSFdc 1 /Ro06","Juniper – Stonecrop – Sandwort","Juniperus communis – Sedum spp. – Eremogone capillaris",11
1167401516,"ESSFwc 4 /Wf04","Barclay's willow – Water sedge – Glow moss","Salix barclayi – Carex aquatilis – Aulacomnium palustre",11
1168634287,"MS  xv   /Wm02","Swamp horsetail – Beaked sedge","Equisetum fluviatile – Carex utriculata",11
1171279342,"ICH xw  a/Gg11","Idaho fescue – Bluebunch wheatgrass – Junegrass","Festuca idahoensis – Pseudoroegneria spicata  – Koeleria macrantha",11
1171628297,"MS  xk   /04","Big sage – Pinegrass","Artemisia tridentata ssp. tridentata – Calamagrostis rubescens",11
1174660961,"ICH dh   /102a","Fd – Snowberry – Oregon-grape; Xeric phase","Pseudotsuga menziesii – Symphoricarpos albus – Berberis aquifolium",11
1175270643,"ICH mk 4 /Ro09.2","Saskatoon – Poverty oatgrass – Rock moss – Clad lichen","Amelanchier alnifolia – Danthonia spicata – Racomitrium spp. – Cladonia spp.",11
1175517966,"IDF dk 5 /Fm02","Cottonwood – Spruce – Dogwood","Populus balsamifera – Picea sp. – Alnus incana – Cornus sericea",11
1175578518,"SBS dw 3 /10","Sb – Soft-leaved sedge – Sphagnum","Picea mariana – Carex disperma – Sphagnum spp.",11
1176524301,"IDF mw 2 /02","Fd – Snowberry – Bluebunch wheatgrass","Pseudotsuga menziesii – Symphoricarpos albus – Pseudoroegneria spicata",11
1179342431,"ICH mw 2 /Gg11","Idaho fescue – Bluebunch wheatgrass – Junegrass","Festuca idahoensis – Pseudoroegneria spicata  – Koeleria macrantha",11
1180582891,"ESSFwh 2 /Vh02.2","Valerian – Showy Sedge – Fireweed","Valeriana sitchensis – Carex spectabilis – Chamerion angustifolium",11
1180923685,"BG  xw 2 /Gs01","Big sagebrush – Bluebunch wheatgrass","Distichlis spicata var. stricta",11
1183154793,"ICH vc   /01.1","HwBl – Devil's club; Hw Variation","Tsuga heterophylla – Abies lasiocarpa – Oplopanax horridus – Tsuga heterophylla",11
1183183241,"ESSFdkw  /Vh10","Fireweed – Grouseberry","Chamerion angustifolium – Vaccinium scoparium",11
1183897216,"ICH mk 1 /02","Fd – Penstemon – Pinegrass","Pseudotsuga menziesii – Penstemon procerus – Calamagrostis rubescens",11
1184364397,"BWBSmk   /110$6B.1","$At – Horsetail – Step moss","Populus tremuloides – Equisetum arvense – Hylocomium splendens",11
1185762740,"ICH dw 1 /Wm04","Common spike-rush","Eleocharis palustris",11
1185986310,"ESSFdc 3 /Fl07","Water birch – Rose","Betula occidentalis – Rosa acicularis",11
1188069966,"IDF dk 2 /01","FdPl – Pinegrass – Feathermoss","Pseudotsuga menziesii – Pinus contorta – Calamagrostis rubescens – Pleurozium schreberi",11
1189201597,"ICH mc 2 /06a","ActSx – Dogwood; High-bench","Populus trichocarpa – Picea sp. x Picea sp. – Cornus sericea",11
1189994875,"CWH vm 1 /01a","HwBa – Blueberry; Mineral","Tsuga heterophylla – Abies amabilis – Vaccinium alaskense",11
1190865591,"CWH ws 2 /03","HwPl – Feathermoss","Tsuga heterophylla – Pinus contorta – Pleurozium schreberi",11
1192556343,"CWH vm 1 /03","HwCw – Salal","Tsuga heterophylla – Thuja plicata – Gaultheria shallon",11
1193477688,"ICH mw 3 /07","CwHw – Devil's club – Lady fern","Thuja plicata – Tsuga heterophylla – Oplopanax horridus",11
1193916028,"ESSFwc 4 /Vh11","Fireweed – Yarrow – Strawberry","Chamerion angustifolium – Achillea millefolium – Fragaria virginiana",11
1194686273,"ICH vk 2 /09","Sb – Buckbean – Peat moss","Picea mariana – Menyanthes trifoliata – Sphagnum spp.",11
1195470738,"ESSFwmw  /Vh01","Cow-parsnip – Fireweed – Nettle","Heracleum maximum – Chamerion angustifolium – Urtica dioica",11
1195738582,"CWH vh 3 /101b","CwHw – Salal  – Deer fern; Lithic phase","Thuja plicata – Tsuga heterophylla – Gaultheria shallon",11
1196709384,"MS  dv   /06","Sxw – Twinberry – Reedgrass","Picea engelmannii x glauca – Lonicera involucrata – Calamagrostis sp.",11
1196991782,"CWH wh 1 /Em01","Widgeon-grass [Canadian sand-spurry]","Ruppia maritima",11
1198332701,"ESSFdk 1 /Rt07.1","Aspen – Juniper – Rocktripe","Populus tremuloides – Juniperus communis –  Umbilicaria sp.",11
1199441412,"ICH wk 2 /03","CwFd – Juniper – Falsebox","Thuja plicata – Pseudotsuga menziesii – Juniperus communis – Paxistima myrsinites",11
1199929341,"ESSFwmw  /Ro06","Juniper – Stonecrop – Sandwort","Juniperus communis – Sedum sp. – Eremogone capillaris",11
1200641980,"MS  xk 3 /Wf04","Barclay's willow – Water sedge – Glow moss","Salix barclayi – Carex aquatilis – Aulacomnium palustre",11
1201144791,"ESSFwc 4 /Ro06","Juniper – Stonecrop – Sandwort","Juniperus communis – Sedum sp. – Eremogone capillaris",11
1202936619,"ICH mk 4 /Rt08","Aspen – Douglas maple – Saskatoon","Populus tremuloides – Acer glabrum – Amelanchier alnifolia",11
1203656996,"BG  xh 3 /Gg27","Needle-and-thread grass – Prairie sagewort","Hesperostipa comata – Artemisia frigida",11
1204005992,"ESSFdc 1 /Wf04","Barclay's willow – Water sedge – Glow moss","Salix barclayi – Carex aquatilis – Aulacomnium palustre",11
1207735734,"ESSFwc 4 /Vs10","Willow – Cow-parsnip – Fireweed","Salix sp. – Heracleum maximum – Chamerion angustifolium",11
1208917732,"ESSFwm 2 /Ro06","Juniper – Stonecrop – Sandwort","Juniperus communis – Sedum sp. – Eremogone capillaris",11
1209332488,"CWH xm 2 /Wm05","Cattail","Typha latifolia",11
1209894512,"ICH xw  a/Wm04","Common spike-rush","Eleocharis palustris",11
1210614709,"MS  mw 1 /Wf08","Shore sedge – Buckbean – Hook moss","Carex limosa – Menyanthes trifoliata – Drepanocladus spp.",11
1211642151,"BG  xw 2 /Ga01","Alkali saltgrass","Distichlis spicata var. stricta",11
1212011326,"SBS wk 1 /Ws04","Drummond's willow – Beaked sedge","Salix drummondiana – Carex utriculata",11
1214075001,"IDF dk 4 /10","Sxw – Horsetail – Glow moss","Picea engelmannii x glauca – Equisetum arvense – Aulacomnium palustre",11
1215240331,"SBS mk 1 /Wb13","Shore sedge – Buckbean – Peat moss","Carex limosa – Menyanthes trifoliata – Sphagnum spp.",11
1220274991,"ICH dh   /Fm04","Cottonwood – Redcedar – Dogwood – Lady fern ","Populus trichocarpa – Thuja plicata – Cornus sericea – Athyrium filix-femina",11
1221819856,"ICH mc 2 /52","$SxEp – Thimbleberry – Hazelnut","Picea sp. x Picea sp. – Betula papyrifera – Rubus parviflorus – Corylus cornuta",11
1223741282,"ICH xw   /Gb03","Ninebark – Oceanspray – Bluebunch wheatgrass","Physocarpus malvaceus – Holodiscus discolor – Pseudoroegneria spicata",11
1227671707,"ESSFmh   /Vs12","Huckleberry – Rhododendron – Fireweed","Vaccinium membranaceum – Rhododendron albiflorum – Chamerion angustifolium",11
1229019384,"ICH mw 5 /104","FdCw – Falsebox – Prince's pine","Pseudotsuga menziesii – Thuja plicata – Paxistima myrsinites – Chimaphila umbellata",11
1229902056,"BG  xh 2 /06","Rough fescue – Bluebunch wheatgrass","Festuca campestris – Pseudoroegneria spicata",11
1229909173,"ESSFdcw  /Ws13","Barclay’s willow – Common horsetail – Arrow-leaved groundsel","Salix barclayi – Equisetum arvense – Senecio triangularis",11
1233609445,"SBS dk   /07b$Atha","$At – Hardhack","Populus tremuloides – Spiraea douglasii ssp. douglasii",11
1233752069,"MS  dw   /102","Fd – Juniper","Pseudotsuga menziesii – Juniperus communis",11
1233763817,"ESSFwh 3 /Rt02","Rock moss – Clad lichen","Racomitrium spp. – Cladonia spp.",11
1235576355,"ICH mw 2 /Fm01","Cottonwood – Snowberry – Rose","Populus trichocarpa – Symphoricarpos albus – Rosa acicularis",11
1235971268,"CWH dm   /06","HwCw – Deer fern","Tsuga heterophylla – Thuja plicata – Blechnum spicant",11
1236258496,"BG  xh 3 /101","Big sagebrush – Bluebunch wheatgrass [Prairie sagewort]","Artemisia tridentata ssp. tridentata – Pseudoroegneria spicata – Sporobolus cryptandrus",11
1236515291,"SBPSxc   /02a","Pl – Kinnikinnick – Cladonia; Typic","Pinus contorta – Arctostaphylos uva-ursi – Cladonia spp.",11
1237882616,"CWH ws 2 /08","Act – Red-osier dogwood","Populus trichocarpa – Cornus sericea",11
1237933307,"CWH ws 1 /Wb13","Shore sedge – Buckbean – Peat moss","Carex limosa – Menyanthes trifoliata – Sphagnum spp.",11
1238670767,"BG  xh 1 /02","Antelope-brush – Needle-and-thread grass","Purshia tridentata – Hesperostipa comata",11
1239856650,"MS  dk   /Wm05","Cattail","Typha latifolia",11
1240403307,"ICH mc 2 /51","$PlHw – Feathermoss","Pinus contorta – Tsuga heterophylla – Pleurozium schreberi",11
1240675738,"CWH vh 1 /06","CwSs – Foamflower","Thuja plicata – Picea sitchensis – Tiarella trifoliata",11
1244291730,"ICH mc 1 /02","HwPl – Kinnikinnick – Cladonia","Tsuga heterophylla – Pinus contorta – Arctostaphylos uva-ursi",11
1250125178,"ESSFwmw  /Ro06.1","Juniper – Stonecrop – Sandwort","Juniperus communis – Sedum sp. – Eremogone capillaris",11
1250745918,"ICH dh   /Ro10","Huckleberry – Rock moss – Haircap moss","Vaccinium membranaceum – Racomitrium spp. – Polytrichum sp.",11
1251782708,"ESSFxc 2 /Wm01","Beaked sedge – Water sedge","Carex utriculata – Carex aquatilis",11
1252197417,"ESSFdcw  /Ro06.1","Juniper – Stonecrop – Sandwort","Juniperus communis – Sedum sp. – Eremogone capillaris",11
1252803670,"CWH ds 1 /04","Fd – Fairybells","Pseudotsuga menziesii – Prosartes hookeri",11
1253964568,"ESSFdc 2 /Wf11","Tufted clubrush – Star moss","Trichophorum cespitosum – Campylium stellatum",11
1255389511,"ESSFdk 2 /Wf04","Barclay's willow – Water sedge – Glow moss","Salix barclayi – Carex aquatilis – Aulacomnium palustre",11
1256109292,"ICH vc   /07","Hw – Cloudberry – Peat moss","Tsuga heterophylla – Rubus chamaemorus – Sphagnum spp.",11
1258776614,"ESSFdk 2 /104","BlPl – Azalea – Grouseberry","Abies lasiocarpa – Pinus contorta – Menziesia ferruginea – Vaccinium scoparium",11
1259572261,"MS  dm 2 /07","Sxw – Horsetail – Leafy moss","Picea engelmannii x glauca – Equisetum arvense – Rhizomnium spp.",11
1259870883,"ICH mc 2 /Wf02","Scrub birch – Water sedge","Betula nana – Carex aquatilis",11
1259969330,"MS  xk 2 /Wb07","Pl  – Water sedge – Peat moss","Pinus contorta var. latifolia – Carex aquatilis – Sphagnum spp.",11
1260046734,"ICH xw   /Ro05","Juniper – Kinnikinnick – Penstemon","Juniperus communis – Arctostaphylos uva-ursi – Penstemon fruticosa",11
1260138736,"ICH wc   /52","$Mountain alder – Lady fern","Alnus incana – Athyrium filix-femina",11
1260181331,"ESSFwc 4 /Ro12","Mountain-heather – Alaska saxifrage – Rock moss","Cassiope mertensiana – Micranthes ferruginea – Racomitrium spp.",11
1260736504,"SBS mm   /06","Sxw – Huckleberry – Falsebox","Picea engelmannii x glauca – Vaccinium membranaceum – Paxistima myrsinites",11
1261182977,"ESSFmw   /04","Bl – Huckleberry – Falsebox","Abies lasiocarpa – Vaccinium membranaceum – Paxistima myrsinites",11
1261271192,"MS  dk   /Vs11","Thimbleberry – Cow-parsnip – Fireweed","Rubus parviflorus – Heracleum maximum – Chamerion angustifolium",11
1263197448,"BWBSdk   /Ga02","Nuttall's alkaligrass – Foxtail barley","Puccinellia nuttalliana – Hordeum jubatum",11
1263239578,"ESSFwm 2 /104","Bl – Rhododendron – Huckleberry – Heron's-bill moss","Abies lasiocarpa – Rhododendron albiflorum – Vaccinium membranaceum – Dicranum spp.",11
1265006308,"SBS vk   /Fl02","Mountain alder – Red-osier dogwood – Horsetail","Alnus incana – Cornus sericea – Athyrium filix-femina",11
1265456415,"ESSFdk 2 /Rt20","Spotted saxifrage – Clad lichen","Saxifraga bronchialis – Cladonia spp.",11
1267760351,"SBS mw   /14","Sb  – Creeping-snowberry – Peat moss","Picea mariana – Gaultheria hispidula – Sphagnum spp.",11
1269704025,"ESSFdc 1 /Ro11","Grouseberry – Clad lichen","Vaccinium scoparium – Cladonia spp.",11
1270331857,"ICH mc 1 /05","ActSx – Dogwood","Populus trichocarpa – Picea sp. x Picea sp. – Cornus sericea",11
1270689261,"IDF xh 4 /03","FdLw – Douglas maple – Twinflower","Pseudotsuga menziesii – Larix occidentalis – Acer glabrum – Linnaea borealis",11
1270707425,"CDF mm   /Wm11","Seacoast bulrush","Bolboschoenus maritimus",11
1271794505,"ESSFwm 3 /112","SeBl – Horsetail – Canby's lovage","Picea engelmannii – Abies lasiocarpa – Equisetum arvense – Ligusticum canbyi",11
1272605293,"SBS wk 2 /01","Sxw – Oak fern","Picea engelmannii x glauca – Gymnocarpium dryopteris",11
1274926756,"BWBSmk   /Ws15","SwSb – Labrador tea – Glow moss","Picea glauca – Picea mariana – Rhododendron groenlandicum – Aulacomnium palustre",11
1276598541,"ICH dw 4 /Rt01","Rocktripe – Green map","Umbilicaria sp. – Rhizocarpon geographicum",11
1278650429,"ESSFwm 4 /101","Bl – Rhododendron – Azalea – Foamflower","Abies lasiocarpa – Rhododendron albiflorum – Menziesia ferrunginea – Tiarella trifoliata",11
1281025781,"BWBSmk   /102$6B.1","$At – Soopolallie – Kinnikinnick","Populus tremuloides – Shepherdia canadensis – Arctostaphylos uva-ursi",11
1283846767,"ESSFwm 1 /Vh10","Fireweed – Grouseberry","Chamerion angustifolium – Vaccinium scoparium",11
1284135949,"ESSFmw 2 /Wm02","Swamp horsetail – Beaked sedge","Equisetum fluviatile – Carex utriculata",11
1285023684,"CWH wh 1 /Wb51","Shore pine – Crowberry – Tough Peat moss","Pinus contorta var. contorta – Empetrum nigrum – Sphagnum austinii",11
1286135146,"CWH xm 1 /09","Act – Red-osier dogwood","Populus trichocarpa – Cornus sericea",11
1287009873,"ESSFdc 1 /Vs10","Willow – Cow-parsnip – Fireweed","Salix sp. – Heracleum maximum – Chamerion angustifolium",11
1289890598,"ESSFwc 2 /10","Sedge – Sphagnum","Carex spp. – Sphagnum spp.",11
1292927772,"ESSFwc 3 /Wf04","Barclay's willow – Water sedge – Glow moss","Salix barclayi – Carex aquatilis – Aulacomnium palustre",11
1293143032,"CWH mm 2 /10","CwYc – Skunk cabbage","Thuja plicata – Chamaecyparis nootkatensis – Lysichiton americanus",11
1293208430,"SBS wk 3 /04","Sxw – Huckleberry – High bush-cranberry","Picea engelmannii x glauca – Vaccinium membranaceum – Viburnum edule",11
1294755645,"ICH dw 1 /Fl01","Mountain alder – Common horsetail","Alnus incana – Equisetum arvense",11
1295685504,"IDF xm   /Gg20","Spreading needlegrass – Short-awned porcupinegrass","Achnatherum richardsonii – Hesperostipa curtiseta",11
1296372699,"CWH xm 1 /Wf52","Sweet gale – Sitka sedge","Myrica gale – Carex sitchensis",11
1298192414,"MS  dk   /Wf11","Tufted clubrush – Star-moss","Trichophorum cespitosum – Campylium stellatum",11
1302335257,"ESSFwh 2 /Rt07.2","Juniper – Rocktripe","Juniperus communis –  Umbilicaria sp.",11
1302992604,"MS  dm 1 /Ws05","Maccalla's willow – Beaked sedge","Salix maccalliana – Carex utriculata",11
1303602474,"ESSFmh   /Vh11","Fireweed – Yarrow – Strawberry","Chamerion angustifolium – Achillea millefolium – Fragaria virginiana",11
1305317135,"MS  dw   /Vh12","Idaho fescue – Sulphur buckwheat – Fireweed","Festuca idahoensis – Eriogonum umbellatum – Chamerion angustifolium",11
1308119832,"IDF xx 2 /Wm12","Woolly sedge","Carex pellita",11
1308126126,"BG  xw 2 /Wm05","Cattail","Typha latifolia",11
1308137534,"ESSFwh 1 /Rt02","Rock moss – Clad lichen","Racomitrium spp. – Cladonia spp.",11
1309228649,"SBS dh 1 /07","Sxw – Horsetail","Picea engelmannii x glauca – Equisetum arvense",11
1309343322,"SBS wk 3 /08","Sxw – Horsetail","Picea engelmannii x glauca – Equisetum arvense",11
1309373919,"SBPSmk   /Ws04","Drummond's willow – Beaked sedge","Salix drummondiana – Carex utriculata",11
1310488586,"CWH mm 1 /08","Ss – Salmonberry","Picea sitchensis – Rubus spectabilis",11
1311153250,"ICH mw 2 /Ws02","Mountain alder – Pink spirea – Sitka sedge","Alnus incana – Spiraea douglasii ssp. menziesii – Carex sitchensis",11
1315658970,"ESSFwk 2 /01","Bl – Oak fern – Knight's plume","Abies lasiocarpa – Gymnocarpium dryopteris – Ptilium crista-castrensis",11
1316741216,"ESSFwh 3 /Vh01.2","Cow-parsnip – Fireweed – Bluejoint","Heracleum maximum – Chamerion angustifolium – Calamagrostis canadensis",11
1317740946,"MS  xv   /Wm13","Seaside arrow-grass","Triglochin maritima",11
1317944620,"ESSFwm 1 /Vh01","Cow-parsnip – Fireweed – Nettle","Heracleum maximum – Chamerion angustifolium – Urtica dioica",11
1318197873,"ESSFwcw  /Wa01.1","Alpine sedge – Marsh-marigold – Glowmoss","Carex nigricans – Caltha leptosepala –  Aulacomnium palustre",11
1319873929,"ICH mc 2 /Wf11","Tufted clubrush – Star moss","Trichophorum cespitosum – Campylium stellatum",11
1320026930,"ESSFmw 1 /Wf12","Narrow-leaved cotton-grass – Marsh-marigold","Eriophorum angustifolium – Caltha leptosepala",11
1321857613,"SWB mk   /06","Sw – Willow – Step moss","Picea glauca – Salix spp. – Hylocomium splendens",11
1322823106,"ICH xw  a/Fm01","Cottonwood – Snowberry – Rose","Populus trichocarpa – Symphoricarpos albus – Rosa acicularis",11
1324594308,"SBPSmc   /Wf02","Scrub birch – Water sedge","Betula nana – Carex aquatilis",11
1324755175,"ESSFdc 1 /Vs10.2","Barclay's willow – Cow-parsnip – Fireweed","Salix barclayi – Heracleum maximum – Chamerion angustifolium",11
1325846688,"ESSFwm 3 /Wf12","Narrow-leaved cotton-grass – Marsh-marigold","Eriophorum angustifolium – Caltha leptosepala",11
1326498408,"ESSFwh 1 /Vh01.1","Cow-parsnip – Fireweed – Nettle","Heracleum maximum – Chamerion angustifolium – Urtica dioica",11
1326958274,"PP  xh 1 /Wm01","Beaked sedge – Water sedge","Carex utriculata – Carex aquatilis",11
1327616698,"MS  dw   /Ws04","Drummond's willow – Beaked sedge","Salix drummondiana – Carex utriculata",11
1329873085,"SBS mm   /03","PlFd – Juniper","Pinus contorta – Pseudotsuga menziesii – Juniperus communis",11
1330290627,"ICH mc 2 /01b.1","Hw – Step moss; Submesic; Hw (Cw) Variation","Tsuga heterophylla – Hylocomium splendens – Tsuga heterophylla – Thuja plicata",11
1331474657,"ESSFwh 3 /Vh02","Valerian – Hellebore – Fireweed","Valeriana sitchensis – Veratrum viride – Chamerion angustifolium",11
1334501036,"CWH vm 1 /04","CwHw – Sword fern","Thuja plicata – Tsuga heterophylla – Polystichum munitum",11
1340022555,"CWH ds 1 /09","Act – Red-osier dogwood","Populus trichocarpa – Cornus sericea",11
1340073053,"IDF dk 5 /Ws07.2","Spruce – Common horsetail – Soft-leaved sedge – Leafy moss","Picea engelmannii x glauca – Equisetum arvense – Carex disperma – Rhizomnium sp.",11
1340635439,"ICH vc   /Wm09","Inflated sedge","Carex exsiccata",11
1343860405,"BWBSwk 1 /104$6B.1","$At – Labrador tea – Lingonberry","Populus tremuloides – Rhododendron groenlandicum – Vaccinium vitis-idaea",11
1344293324,"SBS mk 1 /02","Pl – Cladina – Step moss","Pinus contorta – Cladina spp. – Hylocomium splendens",11
1345711276,"MS  dw   /Ws02","Mountain alder – Pink spirea – Sitka sedge","Alnus incana – Spiraea douglasii ssp. menziesii – Carex sitchensis",11
1345756086,"ESSFxc   /07","Bl – Gooseberry – Foamflower","Abies lasiocarpa – Ribes lacustre – Tiarella trifoliata",11
1346473278,"MS  dw   /Gb04","Choke cherry – Snowberry – Bluebunch wheatgrass","Prunus virginiana – Symphoricarpos albus – Pseudoroegneria spicata",11
1347191679,"CWH vh 3 /Wb54","Yellow-cedar  – Tufted clubrush – Tufted hairgrass ","Chamaecyparis nootkatensis – Trichophorum cespitosum – Deschampsia cespitosa",11
1347381791,"ESSFwmw  /Vs10.2","Barclay's willow – Cow-parsnip – Fireweed","Salix barclayi – Heracleum maximum – Chamerion angustifolium",11
1347753689,"ICH xw   /Rt06","Mock-orange – Choke cherry – Saskatoon","Philadelphus lewisii – Prunus virginiana –  Amelanchier alnifolia ",11
1350801590,"ESSFwm 1 /Ro07","Juniper – Soopolallie – Shrubby cinquefoil","Juniperus communis – Shepherdia canadensis – Dasiphora fruticosa",11
1352430666,"MS  xk 3 /Wm01","Beaked sedge – Water sedge","Carex utriculata – Carex aquatilis",11
1353549470,"MH  mm 1 /08","HmYc – Sphagnum","Tsuga mertensiana – Chamaecyparis nootkatensis – Sphagnum spp.",11
1353809011,"MS  xv   /Wf08","Shore sedge – Buckbean – Hook moss","Carex limosa – Menyanthes trifoliata – Drepanocladus spp.",11
1355906020,"SBPSxc   /Wm02","Swamp horsetail – Beaked sedge","Equisetum fluviatile – Carex utriculata",11
1361469467,"ICH mw 4 /Fm02","Cottonwood – Spruce – Dogwood","Populus balsamifera – Picea sp. – Alnus incana – Cornus sericea",11
1362345232,"ESSFwh 3 /Vs11","Thimbleberry – Cow parsnip – Fireweed","Rubus parviflorus – Heracleum maximum – Chamerion angustifolium",11
1362858652,"IDF xx 2 /Gg02","Bluebunch wheatgrass – Balsamroot","Pseudoroegneria spicata – Balsamorhiza sagittata",11
1364354640,"BWBSwk 1 /110$6B.2","$At – High bush-cranberry – Oak fern","Populus tremuloides – Viburnum edule – Gymnocarpium dryopteris",11
1364949507,"ICH dw 4 /Rt03","Raspberry – Feathermoss – Clad lichen","Rubus idaeus – Pleurozium schreberi – Cladonia spp.",11
1366449211,"SBS mc 2 /10a","Sxw – Horsetail; Fluvial","Picea engelmannii x glauca – Equisetum arvense",11
1367902939,"ESSFdkw  /Wf04","Barclay's willow – Water sedge – Glow moss","Salix barclayi – Carex aquatilis – Aulacomnium palustre",11
1369345010,"ICH mw 4 /Vh03","Ladyfern – Hellebore – Valerian","Athyrium filix-femina – Veratrum viride – Valeriana sitchensis",11
1369713040,"IDF xx 2 /Ga03","Field sedge","Carex praegracilis",11
1370337771,"ICH dw 1 /Ro09","Saskatoon – Rock moss – Clad lichen","Amelanchier alnifolia – Racomitrium spp. – Cladonia spp.",11
1374200622,"ESSFdk 1 /Ro11","Grouseberry – Clad lichen","Vaccinium scoparium – Cladonia spp.",11
1376172189,"ESSFwm 2 /103","Bl – Azalea – Rhododendron ","Abies lasiocarpa – Menziesia ferrunginea – Rhododendron albiflorum",11
1377315285,"IDF dm 2 /101","Fd(Lw) – Pinegrass – Twinflower","Pseudotsuga menziesii – (Larix occidentalis) – Calamagrostis rubescens – Linnaea borealis",11
1381650407,"ESSFmh   /Vh02","Valerian – Hellebore – Fireweed","Valeriana sitchensis – Veratrum viride – Chamerion angustifolium",11
1381892822,"BWBSmk   /Fl06","Sandbar willow","Salix interior – Equisetum hyemale",11
1382278263,"ESSFdc 1 /112b","Se – Valerian – Horsetail; Swamp phase","Picea engelmannii – Valeriana sitchensis – Equisetum arvense",11
1383074269,"ESSFwc 4 /Ro10","Huckleberry – Rock moss – Haircap moss","Vaccinium membranaceum – Racomitrium spp. – Polytrichum sp.",11
1383587192,"ESSFwm 4 /102b","BlPl – Low bilberry – Bear-grass; Subxeric phase","Abies lasiocarpa – Pinus contorta – Vaccinium myrtillus – Xerophyllum tenax",11
1388299253,"ESSFmh   /Rt02","Rock moss – Clad lichen","Racomitrium spp. – Cladonia spp.",11
1388962434,"CWH ms 2 /09","Act – Willow","Populus trichocarpa – Salix spp.",11
1389122644,"ICH wk 1 /07","CwSxw – Skunk cabbage","Thuja plicata – Picea engelmannii x glauca – Lysichiton americanus",11
1389404427,"ICH wc   /51","$Sitka alder – Devil's club","Alnus alnobetula ssp. sinuata – Oplopanax horridus",11
1389663357,"IDF dk 5 /Gb01","Juniper – Kinnikinnick – Bluebunch wheatgrass","Juniperus communis – Arctostaphylos uva-ursi – Pseudoroegneria spicata",11
1391200064,"IDF dk 5 /Wm1","Woolly sedge","Carex pellita",11
1391392667,"SBS dk   /08","Act – Dogwood – Prickly rose","Populus trichocarpa – Cornus sericea – Rosa acicularis",11
1391611510,"SBS dh 1 /08","Sb – Scrub birch – Sedge","Picea mariana – Betula nana – Carex spp.",11
1392037852,"ESSFxc 2 /Wf02","Scrub birch – Water sedge","Betula nana – Carex aquatilis",11
1392592974,"MS  dm 1 /02","Fd – Big sage – Pinegrass","Pseudotsuga menziesii – Artemisia tridentata ssp. tridentata – Calamagrostis rubescens",11
1395162573,"CWH ws 1 /03a","HwPl – Feathermoss; Typic","Tsuga heterophylla – Pinus contorta – Pleurozium schreberi",11
1396697893,"SBPSxc   /01","Pl – Kinnikinnick – Feathermoss","Pinus contorta – Arctostaphylos uva-ursi – Pleurozium schreberi",11
1396964743,"ESSFwh 3 /Ro06.1","Juniper – Stonecrop – Sandwort","Juniperus communis – Sedum sp. – Eremogone capillaris",11
1398143489,"IDF dm 2 /Wm04","Common spike-rush","Eleocharis palustris",11
1398803185,"MS  xk 2 /Wf08","Shore sedge – Buckbean – Hook moss","Carex limosa – Menyanthes trifoliata – Drepanocladus spp.",11
1402701525,"SBS dk   /Fl05","Drummond's willow – Bluejoint","Salix drummondiana – Calamagrostis canadensis",11
1402716409,"CDF mm   /01","Fd – Salal","Pseudotsuga menziesii – Gaultheria shallon",11
1403799433,"SBS mw   /12","Sxw – Pink spirea – Sphagnum","Picea engelmannii x glauca – Spiraea douglasii ssp. menziesii – Sphagnum spp.",11
1404006479,"BWBSdk   /102","Pl – Kinnikinnick – Lingonberry","Pinus contorta – Arctostaphylos uva-ursi – Vaccinium vitis-idaea",11
1404945398,"ICH xw   /112","CwHw – Horsetail – Lady fern","Thuja plicata – Tsuga heterophylla – Equisetum arvense – Athyrium filix-femina ",11
1405189862,"ESSFwm 1 /Vh03","Ladyfern – Hellebore – Valerian","Athyrium filix-femina – Veratrum viride – Valeriana sitchensis",11
1406809717,"CWH dm   /07","Cw – Foamflower","Thuja plicata – Tiarella trifoliata",11
1407257905,"ESSFwm 3 /Vh11","Fireweed – Yarrow – Strawberry","Chamerion angustifolium – Achillea millefolium – Fragaria virginiana",11
1410974873,"ICH mc 2 /07$Atlf","$At – Lady fern","Populus tremuloides – Athyrium filix-femina",11
1412108298,"IDF dk 1 /01","FdPl – Pinegrass – Feathermoss","Pseudotsuga menziesii – Pinus contorta – Calamagrostis rubescens – Pleurozium schreberi",11
1414677196,"ICH mw 4 /Ro09","Saskatoon – Rock moss – Clad lichen","Amelanchier alnifolia – Racomitrium spp. – Cladonia spp.",11
1415115821,"ESSFmv 3 /05","Bl – Devil's club – Rhododendron","Abies lasiocarpa – Oplopanax horridus – Rhododendron albiflorum",11
1416020158,"CWH wh 1 /Wf51","Sitka sedge – Peat moss","Carex sitchensis – Sphagnum spp.",11
1416205724,"ESSFmh   /Vh02.1","Valerian – Hellebore – Fireweed","Valeriana sitchensis – Veratrum viride – Chamerion angustifolium",11
1417518401,"ESSFdc 2 /04","Bl – Grouseberry – Cladonia","Abies lasiocarpa – Vaccinium scoparium – Cladonia spp.",11
1420671375,"SBS mk 1 /09","Sxw – Horsetail","Picea engelmannii x glauca – Equisetum arvense",11
1422701891,"SWB mk   /08","Sw – Shrubby cinquefoil – Horsetail","Picea glauca – Dasiphora fruticosa – Equisetum arvense",11
1423326544,"ESSFwm 4 /Gg16","Rough fescue – Sulphur buckwheat – Sandwort","Festuca campestris – Eriogonum umbellatum –– Eremigone capillaris",11
1423537016,"ICH mw 2 /101","HwCw – Falsebox","Tsuga heterophylla – Thuja plicata – Paxistima myrsinites",11
1425402004,"CWH vh 2 /03b","CwYc – Salal; Lithic","Thuja plicata – Chamaecyparis nootkatensis – Gaultheria shallon",11
1426034703,"ESSFdc 3 /Wf01","Water sedge – Beaked sedge","Carex aquatilis – Carex utriculata",11
1426856252,"ICH mw 5 /Ws01","Mountain alder – Skunk cabbage – Lady fern","Alnus incana – Lysichiton americanus – Athyrium filix-femina",11
1429797815,"IDF dk 2 /02","FdPy – Bluebunch wheatgrass – Pinegrass","Pseudotsuga menziesii – Pinus ponderosa – Pseudoroegneria spicata – Calamagrostis rubescens",11
1431147024,"ESSFwc 3 /03","Bl – Globeflower – Horsetail","Abies lasiocarpa – Trollius albiflorus – Equisetum arvense",11
1434942570,"ICH mc 2 /Wb12","Scheuchzeria – Peat moss","Scheuchzeria palustris – Sphagnum spp.",11
1435893069,"ESSFdcw  /102","BlPa – Grouseberry","Abies lasiocarpa – Pinus albicaulis – Vaccinium scoparium",11
1436300238,"IDF dm 2 /Ga01","Alkali saltgrass","Distichlis spicata var. stricta",11
1437572825,"CWH dm   /03","FdHw – Salal","Pseudotsuga menziesii – Tsuga heterophylla – Gaultheria shallon",11
1437601187,"SBPSmk   /Wf02","Scrub birch – Water sedge","Betula nana – Carex aquatilis",11
1437782416,"ESSFdc 1 /Vs03","Sitka alder – Hellebore","Alnus viridis ssp. sinuata – Veratrum viride",11
1439525997,"MS  dw   /Gg17","Idaho fescue – Bluebunch wheatgrass – Sulphur buckwheat","Festuca idahoensis – Pseudoroegneria spicata – Eriogonum umbellatum ",11
1440173119,"ESSFdk 1 /Wb16","Spruce – Trapper’s tea – Peat moss","Picea engelmannii x glauca – Rhododendron neoglandulosum – Sphagnum spp.",11
1440509408,"SBS wk 1 /12","SbPl – Feathermoss","Picea mariana – Pinus contorta – Pleurozium schreberi",11
1440913269,"BG  xh 1 /04","Py – Antelope-brush – Red three-awn","Pinus ponderosa – Purshia tridentata – Aristida purpurea",11
1442707533,"ICH mk 5 /111","SxwBl – Dogwood – Sarsaparilla","Picea engelmannii x glauca – Abies lasiocarpa – Cornus sericea – Aralia nudicaulis",11
1447571819,"ESSFdkw  /Ro11","Grouseberry – Clad lichen","Vaccinium scoparium – Cladonia spp.",11
1447854108,"MS  dk   /Ro09.1","Saskatoon – Rock moss – Clad lichen","Amelanchier alnifolia – Racomitrium spp. – Cladonia spp.",11
1451161166,"ESSFwm 1 /Rt20","Spotted saxifrage – Clad lichen","Saxifraga bronchialis – Cladonia spp.",11
1451384159,"ICH wk 3 /04","HwCw – Stepmoss","Tsuga heterophylla – Thuja plicata – Hylocomium splendens",11
1452750353,"ICH dw 1 /Ro09.2","Saskatoon – Poverty oatgrass – Rock moss – Clad lichen","Amelanchier alnifolia – Danthonia spicata – Racomitrium spp. – Cladonia spp.",11
1453726482,"SBS dk   /05$Atss","$At – Saskatoon – Snowberry","Populus tremuloides – Amelanchier alnifolia – Symphoricarpos albus",11
1453757456,"IDF xh 2 /07","CwFd – Dogwood","Thuja plicata – Pseudotsuga menziesii – Cornus sericea",11
1454779279,"MS  dk   /Wb15","Spruce – Labrador tea – Peat moss","Picea engelmannii x glauca – Rhododendron groenlandicum – Sphagnum spp.",11
1455171953,"ESSFwm 2 /Rt01","Rocktripe – Green map","Umbilicaria sp. – Rhizocarpon geographicum",11
1457263683,"ICH dk   /05","CwSxw – Thimbleberry","Thuja plicata – Picea engelmannii x glauca – Rubus parviflorus",11
1457560972,"ESSFwcw  /Vh01.2","Cow-parsnip – Fireweed – Bluejoint","Heracleum maximum – Chamerion angustifolium – Calamagrostis canadensis",11
1460157376,"ICH mc 2 /01$Atpw.1","$At – Pink wintergreen","Populus tremuloides – Pyrola asarifolia",11
1461537544,"IDF xx 2 /101","FdPy – Pinegrass – Bluebunch wheatgrass","Pseudotsuga menziesii – Pinus ponderosa – Calamagrostis rubescens – Pseudoroegneria spicata",11
1462521673,"CWH vh 3 /101a","CwHw – Salal  – Deer fern; Mineral phase","Thuja plicata – Tsuga heterophylla – Gaultheria shallon",11
1465445539,"ESSFwm 1 /Vs12","Huckleberry – Rhododendron – Fireweed","Vaccinium membranaceum – Rhododendron albiflorum – Chamerion angustifolium",11
1466424337,"BWBSwk 1 /111","Sb – Horsetail – Step moss","Picea mariana – Equisetum arvense – Hylocomium splendens",11
1466491215,"ICH mk 2 /05","CwSxw – Oak fern – Bunchberry","Thuja plicata – Picea engelmannii x glauca – Gymnocarpium dryopteris – Cornus canadensis",11
1466548937,"ESSFwmw  /Vs03","Sitka alder – Hellebore","Alnus viridis ssp. sinuata – Veratrum viride",11
1466920398,"ICH mw 1 /04","CwFd – Soopolallie – Douglas maple","Thuja plicata – Pseudotsuga menziesii – Shepherdia canadensis",11
1467682520,"ESSFwm 4 /Vs01.2","Sitka alder – Spiny wood fern","Alnus viridis ssp. sinuata – Dryopteris expansa",11
1468539363,"CWH wh 2 /101b","HwSs – Lanky moss; Drier phase","Tsuga heterophylla – Picea sitchensis – Rhytidiadelphus loreus",11
1469844748,"MS  dc 1 /05","Sedge – Glow moss","Carex spp. – Aulacomnium palustre",11
1470474268,"ESSFdk 2 /Ro07","Juniper – Soopolallie – Shrubby cinquefoil","Juniperus communis – Shepherdia canadensis – Dasiphora fruticosa",11
1471359208,"ICH mw 4 /112","CwHw – Devil's club – Lady fern","Thuja plicata – Tsuga heterophylla – Oplopanax horridus- Athyrium filix-femina ",11
1474184584,"IDF mw 2 /05","Dogwood – Sedge","Cornus sericea – Carex spp.",11
1474550427,"CWH vh 3 /103.2","Ss – Salal ; reedgrass variation","Picea sitchensis – Gaultheria shallon – Calamagrostis nutkaensis",11
1475124727,"SBS mc 2 /13","Sb – Soft-leaved sedge – Peat moss","Picea mariana – Carex disperma – Sphagnum spp.",11
1476148856,"ICH wk 2 /01","CwHw – Oak fern","Thuja plicata – Tsuga heterophylla – Gymnocarpium dryopteris",11
1476286861,"ESSFxv 2 /05","BlPa – Grouseberry","Abies lasiocarpa – Pinus albicaulis – Vaccinium scoparium",11
1478620263,"MS  dk   /Ro09","Saskatoon – Rock moss – Clad lichen","Amelanchier alnifolia – Racomitrium spp. – Cladonia spp.",11
1479005671,"SBS wk 1 /Ws06","Sitka willow – Sitka sedge","Salix sitchensis – Carex sitchensis",11
1479182424,"CWH xm 2 /03","FdHw – Salal","Pseudotsuga menziesii – Tsuga heterophylla – Gaultheria shallon",11
1479312632,"SBPSmc   /05","Sxw – Horsetail","Picea engelmannii x glauca – Equisetum arvense",11
1479321807,"ESSFmw   /Wm01","Beaked sedge – Water sedge","Carex utriculata – Carex aquatilis",11
1479909430,"ICH mm   /04","CwHw – Oak fern","Thuja plicata – Tsuga heterophylla – Gymnocarpium dryopteris",11
1482491340,"CWH ds 2 /02","FdPl – Kinnikinnick","Pseudotsuga menziesii – Pinus contorta – Arctostaphylos uva-ursi",11
1487504593,"PP  dh 1 /03","Bluebunch wheatgrass – Balsamroot","Pseudoroegneria spicata – Balsamorhiza sagittata",11
1487900533,"ICH mw 3 /Wf11","Tufted clubrush – Star moss","Trichophorum cespitosum – Campylium stellatum",11
1492140583,"ICH mc 2 /55","Mountain alder – Mitrewort","Alnus incana – Mitella nuda",11
1496733189,"ESSFwm 2 /Vh10","Fireweed – Grouseberry","Chamerion angustifolium – Vaccinium scoparium",11
1498556466,"MS  dc 2 /05","Sxw – Rhododendron – Crowberry","Picea engelmannii x glauca – Rhododendron albiflorum",11
1501117240,"ICH dw 4 /Ws04","Drummond's willow – Beaked sedge","Salix drummondiana – Carex utriculata",11
1502236436,"SBS mc 2 /09a","Sxw – Devil's club; Fluvial","Picea engelmannii x glauca – Oplopanax horridus",11
1502243957,"MS  dk   /Gb01","Juniper – Kinnikinnick – Bluebunch wheatgrass","Juniperus communis – Arctostaphylos uva-ursi – Pseudoroegneria spicata",11
1504248802,"ESSFdc 1 /104","Bl – Rhododendron – Grouseberry","Abies lasiocarpa – Rhododendron albiflorum – Vaccinium scoparium",11
1504820381,"CWH vh 1 /05","CwSs – Sword fern","Thuja plicata – Picea sitchensis – Polystichum munitum",11
1508545335,"ESSFwm 3 /Wm16","Bluejoint – Arrow-leaved groundsel","Calamagrostis canadensis – Senecio triangularis",11
1510780546,"ESSFwm 1 /Wf12","Narrow-leaved cotton-grass – Marsh-marigold","Eriophorum angustifolium – Caltha leptosepala",11
1511356247,"ESSFwh 1 /Vs03","Sitka alder – Hellebore","Alnus viridis ssp. sinuata – Veratrum viride",11
1511380146,"SBPSxc   /Wm06","Great bulrush","Schoenoplectus acutus",11
1511905305,"MS  dw   /Ws07.1","Spruce – Common horsetail – Leafy moss","Picea engelmannii x glauca – Equisetum arvense – Carex disperma – Rhizomnium sp.",11
1514098228,"BG  xw 2 /Gg27","Needle-and-thread grass – Prairie sagewort","Hesperostipa comata – Artemisia frigida",11
1514372731,"SBS dw 1 /06","SxwFd – Thimbleberry","Picea engelmannii x glauca – Pseudotsuga menziesii – Rubus parviflorus",11
1514777270,"MS  dk   /Ws02","Mountain alder – Pink spirea – Sitka sedge","Alnus incana – Spiraea douglasii ssp. menziesii – Carex sitchensis",11
1517540162,"SBS wk 2 /Wf13","Narrow-leaved cotton-grass – Shore sedge","Eriophorum angustifolium – Carex limosa",11
1518311142,"SBS mm   /08","Sxw – Horsetail","Picea engelmannii x glauca – Equisetum arvense",11
1520112521,"CWH ms 2 /04","BaCw – Oak fern","Abies amabilis – Thuja plicata – Gymnocarpium dryopteris",11
1520489912,"ICH dh   /Fl04","Sitka willow – Red-osier dogwood – Horsetail","Salix sitchensis – Cornus sericea – Equisetum arvense",11
1520510486,"SBPSmk   /Wm06","Great bulrush","Schoenoplectus acutus",11
1528150006,"ESSFwh 3 /Rt03","Raspberry – Feathermoss – Clad lichen","Rubus idaeus – Pleurozium schreberi – Cladonia spp.",11
1528635965,"MS  dw   /Ws03","Bebb's willow – Bluejoint","Salix bebbiana – Calamagrostis canadensis",11
1534599520,"ICH mw 3 /01","HwCw – Falsebox – Feathermoss","Tsuga heterophylla – Thuja plicata – Paxistima myrsinites – Pleurozium schreberi",11
1535170589,"ESSFwm 4 /Vh10","Fireweed – Grouseberry","Chamerion angustifolium – Vaccinium scoparium",11
1535359193,"ICH dw 4 /Ws06","Sitka willow – Sitka sedge","Salix sitchensis – Carex sitchensis",11
1536352575,"ESSFwmp  /Ag01","Timber oatgrass – Grouseberry – Sandwort","Danthonia intermedia – Vaccinium scoparium – Eremogone capillaris",11
1537363905,"ICH mw 4 /Gb03","Ninebark – Oceanspray – Bluebunch wheatgrass","Physocarpus malvaceus – Holodiscus discolor – Pseudoroegneria spicata",11
1537911161,"BWBSdk   /101a","Sw – Soopolallie – Step moss; Mesic phase","Picea glauca – Shepherdia canadensis – Hylocomium splendens",11
1540152966,"ESSFwk 2 /05","Bl – Rhododendron – Lady fern","Abies lasiocarpa – Rhododendron albiflorum – Athyrium filix-femina",11
1541376579,"BWBSmw   /111","Sw – Currant – Horsetail","Picea glauca – Ribes triste – Equisetum arvense",11
1547837300,"BG  xh 2 /Wm05","Cattail","Typha latifolia",11
1548312727,"IDF dk 4 /04","Fd – Juniper – Pasture sage","Pseudotsuga menziesii – Juniperus communis – Artemisia frigida",11
1550123905,"ICH mw 5 /Vh10","Fireweed – Grouseberry","Chamerion angustifolium – Vaccinium scoparium",11
1550169755,"ESSFwm 3 /Ro06","Juniper – Stonecrop – Sandwort","Juniperus communis – Sedum sp. – Eremogone capillaris",11
1550883429,"ESSFwk 1 /03","Bl – Oak fern – Knight's plume","Abies lasiocarpa – Gymnocarpium dryopteris – Ptilium crista-castrensis",11
1551011766,"CWH ws 1 /07","Ss – Salmonberry","Picea sitchensis – Rubus spectabilis",11
1552211857,"ESSFwm 1 /Vs03","Sitka alder – Hellebore","Alnus viridis ssp. sinuata – Veratrum viride",11
1552860267,"ICH mw 5 /Fl01","Mountain alder – Common horsetail","Alnus incana – Equisetum arvense",11
1553077537,"SBS dw 1 /08","Sxw – Twinberry – Oak fern","Picea engelmannii x glauca – Lonicera involucrata – Gymnocarpium dryopteris",11
1553501142,"ESSFmh   /Vs02","Sitka alder – Solomon's-seal","Alnus viridis ssp. sinuata – Maianthemum racemosum",11
1554004801,"ESSFwh 1 /Vs01.2","Sitka alder – Spiny wood fern","Alnus viridis ssp. sinuata – Dryopteris expansa",11
1556343776,"ICH mk 4 /Fl04","Sitka willow – Red-osier dogwood – Horsetail","Salix sitchensis – Cornus sericea – Equisetum arvense",11
1556375824,"ICH xw   /Wm05","Cattail","Typha latifolia",11
1556749527,"ESSFdk 2 /Vh10","Fireweed – Grouseberry","Chamerion angustifolium – Vaccinium scoparium",11
1558044469,"BG  xw 2 /112","Act – Snowberry – Rose","Populus trichocarpa – Symphoricarpos albus – Rosa acicularis",11
1561059026,"IDF dm 2 /Ro01","Selaginella – Bluebunch wheatgrass – Sidewalk moss","Selaginella densa – Pseudoroegneria spicata – Tortula ruralis",11
1561878954,"ESSFwh 3 /Wf12","Narrow-leaved cotton-grass – Marsh-marigold","Eriophorum angustifolium – Caltha leptosepala",11
1561927691,"CWH vh 3 /114","CwSs – Devil’s club ","Thuja plicata – Picea sitchensis – Oplopanax horridus",11
1563533580,"ICH dw 4 /101","CwFd – Prince's pine – Twinflower","Thuja plicata – Pseudotsuga menziesii – Chimaphila umbellata – Linnaea borealis ",11
1563627465,"ICH xw  a/110","CwHw – Foamflower","Thuja plicata – Tsuga heterophylla – Tiarella trifoliata",11
1563675357,"ESSFdk 2 /Vs01","Sitka alder – Lady fern","Alnus viridis ssp. sinuata – Athyrium filix-femina",11
1563892855,"IDF xx 2 /Ff01","Water birch – Red-osier dogwood – Rose","Betula occidentalis – Cornus sericea – Rosa acicularis",11
1567049544,"ICH mc 2 /01b.2","Hw – Step moss; Submesic; BlSx Variation","Tsuga heterophylla – Hylocomium splendens – Abies lasiocarpa – Picea sp. x Picea sp.",11
1567241951,"ESSFdkw  /Vs03","Sitka alder – Hellebore","Alnus viridis ssp. sinuata – Veratrum viride",11
1567855255,"ICH mk 1 /05","SxwFd – Gooseberry – Sarsaparilla","Picea engelmannii x glauca – Pseudotsuga menziesii – Ribes lacustre – Aralia nudicaulis",11
1568066329,"ICH wk 2 /01a","CwHw – Oak fern; Typic","Thuja plicata – Tsuga heterophylla – Gymnocarpium dryopteris",11
1568432564,"ESSFdk 1 /Gg16","Rough fescue – Sulphur buckwheat – Sandwort","Festuca campestris – Eriogonum umbellatum –– Eremigone capillaris",11
1568712469,"ESSFwcw  /Vs03","Sitka alder – Hellebore","Alnus viridis ssp. sinuata – Veratrum viride",11
1569948234,"ESSFwm 4 /Wf13","Narrow-leaved cotton-grass – Shore sedge","Eriophorum angustifolium – Carex limosa",11
1571232278,"ICH mw 5 /Rt02","Rock moss – Clad lichen","Racomitrium spp. – Cladonia spp.",11
1571578050,"IDF xk   /102a","Fd – Rocky Mountain juniper – Bluebunch wheatgrass; Xeric phase","Pseudotsuga menziesii – Juniperus scopulorum – Pseudoroegneria spicata",11
1573476833,"MS  xv   /09","Sxw – Labrador tea – Willow","Picea engelmannii x glauca – Rhododendron groenlandicum – Salix spp.",11
1575043014,"MS  dc 2 /01","Sxw – Wintergreen – Feathermoss","Picea engelmannii x glauca – Orthilia secunda – Pleurozium schreberi",11
1575277716,"ESSFwm 2 /Vh02.2","Valerian – Showy Sedge – Fireweed","Valeriana sitchensis – Carex spectabilis – Chamerion angustifolium",11
1576128812,"CWH mm 2 /06","HwBa – Deer fern","Tsuga heterophylla – Abies amabilis – Blechnum spicant",11
1576461790,"CWH xm 2 /13","Cw – Salmonberry","Thuja plicata – Rubus spectabilis",11
1577811324,"ICH xw  a/Ws01","Mountain alder – Skunk cabbage – Lady fern","Alnus incana – Lysichiton americanus – Athyrium filix-femina",11
1579166499,"MH  wh 1 /07","YcHm – Hellebore","Chamaecyparis nootkatensis – Tsuga mertensiana – Veratrum viride",11
1579199332,"ESSFdk 1 /Vh02","Valerian – Hellebore – Fireweed","Valeriana sitchensis – Veratrum viride – Chamerion angustifolium",11
1579982563,"SBS mc 3 /07","Sxw – Twinberry","Picea engelmannii x glauca – Lonicera involucrata",11
1580268761,"ESSFdk 2 /103","PlBl – Juniper – Showy aster","Pinus contorta – Abies lasiocarpa – Juniperus communis – Eurybia conspicua",11
1582044567,"SBPSxc   /04","Sxw – Scrub birch – Feathermoss","Picea engelmannii x glauca – Betula nana – Pleurozium schreberi",11
1584032714,"ESSFxv 2 /06","Bl – Rhododendron – Crowberry","Abies lasiocarpa – Rhododendron albiflorum – Empetrum nigrum",11
1584367135,"IDF xh 4 /82","Bluebunch wheatgrass – Junegrass","Pseudoroegneria spicata – Koeleria macrantha",11
1584641147,"ICH dw 1 /103","Fd(Py) – Douglas maple – Pinegrass","Pseudotsuga menziesii – Pinus ponderosa – Acer glabrum – Calamagrostis rubescens",11
1586497733,"MH  mm 2 /08","HmYc – Sphagnum","Tsuga mertensiana – Chamaecyparis nootkatensis – Sphagnum spp.",11
1587876547,"SBPSdc   /06","Sxw – Horsetail – Meadowrue","Picea engelmannii x glauca – Equisetum arvense – Thalictrum occidentale",11
1590033706,"MS  dw   /Ro01","Selaginella – Bluebunch wheatgrass – Sidewalk moss","Selaginella densa – Pseudoroegneria spicata – Tortula ruralis",11
1590152819,"IDF xh 1 /08","SxwFd – Douglas maple – Dogwood","Picea engelmannii x glauca – Pseudotsuga menziesii – Acer glabrum – Cornus sericea",11
1591035839,"MS  dv   /09","Sxw – Horsetail – Leafy moss","Picea engelmannii x glauca – Equisetum arvense – Rhizomnium spp.",11
1591178771,"ESSFmc   /02","BlPl – Juniper – Cladonia","Abies lasiocarpa – Pinus contorta – Juniperus communis – Cladonia spp.",11
1591408636,"BWBSmw   /104$6B.1","$At – Labrador tea – Lingonberry","Populus tremuloides – Rhododendron groenlandicum – Vaccinium vitis-idaea",11
1591881220,"BWBSwk 1 /104","Sb – Huckleberry – Lingonberry","Picea mariana – Vaccinium membranaceum – Vaccinium vitis-idaea",11
1597027466,"ESSFdcw  /103","Bl – Rhododendron – Grouseberry","Abies lasiocarpa – Rhododendron albiflorum – Vaccinium scoparium",11
1597843902,"ESSFwh 3 /Wf01","Water sedge – Beaked sedge","Carex aquatilis – Carex utriculata",11
1597857367,"ESSFwm 3 /Ro12","Mountain-heather – Alaska saxifrage – Rock moss","Cassiope mertensiana – Micranthes ferruginea – Racomitrium spp.",11
1601240191,"BWBSmw   /Gb51","Saskatoon – Blue wildrye","Amelanchier alnifolia – Elymus glaucus",11
1602091341,"ICH dk   /03","CwSxw – Falsebox – Soopolallie","Thuja plicata – Picea engelmannii x glauca – Paxistima myrsinites",11
1603069123,"IDF xk   /Ro01.2","Selaginella – Sidewalk moss","Selaginella densa – Tortula ruralis",11
1606884867,"ESSFdk 1 /Vs11","Thimbleberry – Cow-parsnip – Fireweed","Rubus parviflorus – Heracleum maximum – Chamerion angustifolium",11
1608743041,"ESSFdkw  /Wf13","Narrow-leaved cotton-grass – Shore sedge","Eriophorum angustifolium – Carex limosa",11
1610270865,"SBPSmk   /04a","Pl – Pinegrass – Feathermoss; Typic","Pinus contorta – Calamagrostis rubescens – Pleurozium schreberi",11
1612518231,"ICH vk 2 /Wf02","Scrub birch – Water sedge","Betula nana – Carex aquatilis",11
1613947729,"ESSFwm 2 /Ws13","Barclay’s willow – Common horsetail – Arrow-leaved groundsel","Salix barclayi – Equisetum arvense – Senecio triangularis",11
1614940220,"ESSFwm 2 /Rt07.1","Aspen – Juniper – Rocktripe","Populus tremuloides – Juniperus communis –  Umbilicaria sp.",11
1615002527,"ICH vk 2 /03","HwCw – Step moss","Tsuga heterophylla – Thuja plicata – Hylocomium splendens",11
1616549686,"ESSFwh 2 /112","SeBl – Horsetail – Canby's lovage","Picea engelmannii – Abies lasiocarpa – Equisetum arvense – Ligusticum canbyi",11
1616842670,"SBPSxc   /03","Sxw – Scrub birch – Fen moss","Picea engelmannii x glauca – Betula nana – Tomentypnum nitens",11
1618852598,"ESSFwm 4 /Ws13","Barclay’s willow – Common horsetail – Arrow-leaved groundsel","Salix barclayi – Equisetum arvense – Senecio triangularis",11
1621227421,"ESSFxv 1 /03","Pl – Cladonia – Stereocaulon","Pinus contorta – Cladonia spp. – Stereocaulon spp.",11
1621758516,"SBPSmk   /Ws05","Maccalla's willow – Beaked sedge","Salix maccalliana – Carex utriculata",11
1622551695,"CWH wm   /Fl01","Mountain alder – Common horsetail","Alnus incana – Equisetum arvense",11
1627367050,"ICH wk 1 /03","HwCw – Step moss","Tsuga heterophylla – Thuja plicata – Hylocomium splendens",11
1627888994,"ESSFdk 1 /Wf03","Water sedge – Peat moss","Carex aquatilis – Sphagnum spp.",11
1629407684,"ICH mw 3 /Wf05","Slender sedge – Common hook moss","Carex lasiocarpa – Drepanocladus aduncus",11
1630683144,"IDF dk 5 /111a","Sxw – Dogwood – Horsetail; Riparian phase","Picea engelmannii x glauca – Cornus sericea – Equisetum arvense",11
1631612316,"MS  dw   /Gg14","Idaho fescue – Sulphur buckwheat – Sandwort","Festuca idahoensis – Eriogonum umbellatum – Eremigone capillaris",11
1633410693,"SBS mc 2 /09b","Sxw – Devil's club; Morainal","Picea engelmannii x glauca – Oplopanax horridus",11
1634309174,"ESSFmm 1 /04","Bl – Azalea – Rhododendron","Abies lasiocarpa – Menziesia ferrunginea – Rhododendron albiflorum",11
1635328514,"ESSFmw   /01","BlBa – Rhododendron","Abies lasiocarpa – Abies amabilis – Rhododendron albiflorum",11
1635524741,"MS  dk   /110","SxwBl – Azalea – Bunchberry","Picea engelmannii x glauca – Abies lasiocarpa – Menziesia ferruginea – Cornus canadensis",11
1636543725,"MS  dk   /Ro11","Grouseberry – Clad lichen","Vaccinium scoparium – Cladonia spp.",11
1638957211,"MS  dw   /Rt03","Raspberry – Feathermoss – Clad lichen","Rubus idaeus – Pleurozium schreberi – Cladonia spp.",11
1639968099,"ESSFdc 1 /Wf03","Water sedge – Peat moss","Carex aquatilis – Sphagnum spp.",11
1640266416,"ESSFwm 4 /Wa0","Alpine sedge – Bog-laurel – Peat moss","Carex nigricans –  Kalmia microphylla – Sphagnum spp.",11
1642237097,"CWH ws 1 /06","BaCw – Devil's club","Abies amabilis – Thuja plicata – Oplopanax horridus",11
1642693338,"ICH mc 2 /01.2","Hw – Step moss; BlSx Variation","Tsuga heterophylla – Hylocomium splendens – Abies lasiocarpa – Picea sp. x Picea sp.",11
1644490283,"SBS dk   /05$Epdh","$Ep – Douglas maple","Betula papyrifera – Acer glabrum",11
1644516149,"SBPSmk   /01","Pl – Pinegrass – Arnica","Pinus contorta – Calamagrostis rubescens – Arnica sp.",11
1646002631,"ICH dk   /02a","CwSxw – Soopolallie; Typic","Thuja plicata – Picea engelmannii x glauca – Shepherdia canadensis",11
1646309350,"BG  xw 2 /101c","Bluebunch wheatgrass – Junegrass – Pussytoes; Steep Cool phase","Pseudoroegneria spicata – Koeleria macrantha – Antennaria spp.",11
1646616205,"CWH vh 2 /01a","CwHw – Salal; Mineral","Thuja plicata – Tsuga heterophylla – Gaultheria shallon",11
1648198896,"ESSFwh 1 /Wm01","Beaked sedge – Water sedge","Carex utriculata – Carex aquatilis",11
1648242054,"IDF xk   /Fl01","Mountain alder – Common horsetail","Alnus incana – Equisetum arvense",11
1649082871,"ICH xw   /Ro09","Saskatoon – Rock moss – Clad lichen","Amelanchier alnifolia – Racomitrium spp. – Cladonia spp.",11
1649415809,"ESSFwm 1 /Ws08","Subalpine fir – Sitka valerian – Common horsetail","Abies lasiocarpa – Valeriana sitchensis – Equisetum arvense",11
1651029444,"MS  xv   /Wm09","Inflated sedge","Carex exsiccata",11
1652292144,"ESSFwcw  /Wa01","Alpine sedge – Glowmoss","Carex nigricans – Aulacomnium palustre",11
1654350622,"ESSFwc 4 /Vh02.1","Valerian – Hellebore – Fireweed","Valeriana sitchensis – Veratrum viride – Chamerion angustifolium",11
1657058989,"CWH ms 1 /11","CwSs – Skunk cabbage","Thuja plicata – Picea sitchensis – Lysichiton americanus",11
1657805316,"ESSFwh 2 /Vh01.2","Cow-parsnip – Fireweed – Bluejoint","Heracleum maximum – Chamerion angustifolium – Calamagrostis canadensis",11
1658650354,"ICH xw  a/Wm01","Beaked sedge – Water sedge","Carex utriculata – Carex aquatilis",11
1660300269,"PP  dh 1 /07","Act – Snowberry – Rose","Populus trichocarpa – Symphoricarpos albus – Rosa acicularis",11
1660729550,"BWBSmw   /Wf01","Water sedge – Beaked sedge","Carex aquatilis – Carex utriculata",11
1661041704,"IDF dm 2 /Rt07.1","Aspen – Juniper – Rocktripe","Populus tremuloides – Juniperus communis –  Umbilicaria sp.",11
1661653696,"PP  xh 1 /Wm06","Great bulrush","Schoenoplectus acutus",11
1662426397,"BWBSwk 3 /102","Pl – Crowberry – Lingonberry","Pinus contorta – Empetrum nigrum – Vaccinium vitis-idaea",11
1663169575,"ESSFwm 1 /Vs10","Willow – Cow-parsnip – Fireweed","Salix sp. – Heracleum maximum – Chamerion angustifolium",11
1664307856,"ESSFwm 2 /Wm16","Bluejoint – Arrow-leaved groundsel","Calamagrostis canadensis – Senecio triangularis",11
1665060426,"IDF mw 2 /03","Fd – Pinegrass – Feathermoss","Pseudotsuga menziesii – Calamagrostis rubescens – Pleurozium schreberi",11
1667485082,"IDF dk 4 /07","Fd – Feathermoss – Step moss","Pseudotsuga menziesii – Pleurozium schreberi – Hylocomium splendens",11
1669872063,"IDF dk 5 /Ff01a","Water birch – Red-osier dogwood – Rose","Betula occidentalis – Cornus sericea – Rosa acicularis",11
1669944089,"BWBSwk 1 /102$6B.1","$At – Kinnikinnick – Fuzzy-spiked wildrye","Populus tremuloides – Arctostaphylos uva-ursi – Leymus innovatus",11
1672628757,"CWH vh 1 /13","CwSs – Skunk cabbage","Thuja plicata – Picea sitchensis – Lysichiton americanus",11
1672812449,"CWH ws 2 /01","HwBa – Bramble","Tsuga heterophylla – Abies amabilis – Rubus pedatus",11
1674909167,"ESSFwm 4 /103.2","Bl – Azalea – Bear-grass","Abies lasiocarpa – Menziesia ferrunginea – Xerophyllum tenax",11
1676685844,"ESSFwmp  /Gg16","Rough fescue – Sulphur buckwheat – Sandwort","Festuca campestris – Eriogonum umbellatum –– Eremigone capillaris",11
1679463317,"ICH mw 2 /Vs04","Sitka alder – Devil's club – Oak fern","Alnus viridis ssp. sinuata – Oplopanax horridus – Gymnocarpium dryopteris",11
1680341754,"IDF xx 2 /Fl01","Mountain alder – Common horsetail","Alnus incana – Equisetum arvense",11
1681797322,"SBS wk 1 /02","Pl – Huckleberry – Cladina","Pinus contorta – Vaccinium membranaceum – Cladina spp.",11
1682250712,"SBS mc 1 /05","Sxw – Spirea – Glow moss","Picea engelmannii x glauca – Spiraea betulifolia – Aulacomnium palustre",11
1683307297,"ICH dw 1 /110","CwHw – Oak fern","Thuja plicata – Tsuga heterophylla – Gymnocarpium dryopteris",11
1683748724,"ICH mw 4 /Fl02","Mountain alder – Red-osier dogwood – Lady fern","Alnus incana – Cornus sericea – Athyrium filix-femina",11
1684082443,"MH  mm 1 /05","BaHm – Twistedstalk","Abies amabilis – Tsuga mertensiana – Streptopus spp.",11
1686759432,"CWH vh 2 /02","PlYc – Rhacomitrium","Pinus contorta – Chamaecyparis nootkatensis – Racomitrium spp.",11
1686841545,"BG  xh 2 /07","Act – Snowberry – Dogwood","Populus trichocarpa – Symphoricarpos albus – Cornus sericea",11
1688151728,"IDF mw 1 /05","CwFd – Dogwood","Thuja plicata – Pseudotsuga menziesii – Cornus sericea",11
1688680365,"BG  xw 2 /Ga03","Field sedge","Carex praegracilis",11
1694812672,"CWH vm 2 /08","BaSs – Devil's club","Abies amabilis – Picea sitchensis – Oplopanax horridus",11
1696241074,"ICH mk 3 /02","FdCw – Wavy-leaved moss","Pseudotsuga menziesii – Thuja plicata – Dicranum polysetum",11
1697427480,"CWH vh 3 /110","CwSs – Foamflower  ","Thuja plicata – Picea sitchensis – Tiarella trifoliata",11
1698313486,"ICH mk 4 /Fm01","Cottonwood – Snowberry – Rose","Populus trichocarpa – Symphoricarpos albus – Rosa acicularis",11
1698951764,"ESSFdcw  /Ro10","Huckleberry – Rock moss – Haircap moss","Vaccinium membranaceum – Racomitrium spp. – Polytrichum sp.",11
1699375642,"MS  dc 1 /Wf04","Barclay's willow – Water sedge – Glow moss","Salix barclayi – Carex aquatilis – Aulacomnium palustre",11
1699626177,"MS  dk   /Vh01.2","Cow-parsnip – Fireweed – Bluejoint","Heracleum maximum – Chamerion angustifolium – Calamagrostis canadensis",11
1699736852,"ICH dw 4 /Wf05","Slender sedge – Common hook moss","Carex lasiocarpa – Drepanocladus aduncus",11
1700029583,"IDF xk   /Fl03","Pacific willow – Red-osier dogwood – Horsetail","Salix lasiandra – Cornus sericea – Equisetum arvense",11
1701118118,"BWBSmk   /101$6B.1","$At – Green alder – High bush-cranberry","Populus tremuloides – Alnus alnobetula ssp. crispa – Viburnum edule",11
1701810929,"ESSFmw 2 /Wf03","Water sedge – Peat moss","Carex aquatilis – Sphagnum spp.",11
1702034181,"BWBSdk   /Wb11","Sb – Buckbean – Peat moss","Picea mariana – Menyanthes trifoliata – Sphagnum spp.",11
1704101399,"ICH mw 2 /Rt03","Raspberry – Feathermoss – Clad lichen","Rubus idaeus – Pleurozium schreberi – Cladonia spp.",11
1704920999,"ESSFwm 4 /Ro09","Saskatoon – Rock moss – Clad lichen","Amelanchier alnifolia – Racomitrium spp. – Cladonia spp.",11
1707380672,"ESSFdk 2 /Vh02","Valerian – Hellebore – Fireweed","Valeriana sitchensis – Veratrum viride – Chamerion angustifolium",11
1707588522,"ESSFdk 2 /Ro11","Grouseberry – Clad lichen","Vaccinium scoparium – Cladonia spp.",11
1708205118,"ICH vk 1 /04","CwHw – Oak fern – Spiny wood fern","Thuja plicata – Tsuga heterophylla – Gymnocarpium dryopteris",11
1709101012,"ESSFdkp  /Ag01","Timber oatgrass – Grouseberry – Sandwort","Danthonia intermedia – Vaccinium scoparium – Eremogone capillaris",11
1714866240,"SBS dk   /08a","Act – Dogwood – Prickly rose; High-bench","Populus trichocarpa – Cornus sericea – Rosa acicularis",11
1716602090,"SBS dw 3 /06","Sxw – Pink spirea – Prickly rose","Picea engelmannii x glauca – Spiraea douglasii ssp. menziesii – Rosa acicularis",11
1716659028,"ESSFwm 3 /Wf01","Water sedge – Beaked sedge","Carex aquatilis – Carex utriculata",11
1716978146,"SBS dk   /01$Atss","$At – Saskatoon – Snowberry","Populus tremuloides – Amelanchier alnifolia – Symphoricarpos albus",11
1718142995,"CWH vh 1 /07","CwSs – Devil's club","Thuja plicata – Picea sitchensis – Oplopanax horridus",11
1718160357,"ESSFmh   /Vs10.2","Barclay's willow – Cow-parsnip – Fireweed","Salix barclayi – Heracleum maximum – Chamerion angustifolium",11
1721900819,"CWH xm 2 /02","FdPl – Cladina","Pseudotsuga menziesii – Pinus contorta – Cladina spp.",11
1722288306,"ICH mw 5 /Wf04","Barclay's willow – Water sedge – Glow moss","Salix barclayi – Carex aquatilis – Aulacomnium palustre",11
1723744089,"ICH vc   /Wf01","Water sedge – Beaked sedge","Carex aquatilis – Carex utriculata",11
1723875143,"SBS mk 1 /Ws50","Hardhack – Sitka sedge","Spiraea douglasii ssp. menziesii – Carex sitchensis",11
1724008710,"ICH wc   /06","ActSx – Dogwood","Populus trichocarpa – Picea sp. x Picea sp. – Cornus sericea",11
1726821009,"CWH xm 1 /04","Fd – Sword fern","Pseudotsuga menziesii – Polystichum munitum",11
1727690471,"ESSFwh 1 /Rt03","Raspberry – Feathermoss – Clad lichen","Rubus idaeus – Pleurozium schreberi – Cladonia spp.",11
1727889662,"ESSFwh 2 /Vs01","Sitka alder – Lady fern","Alnus viridis ssp. sinuata – Athyrium filix-femina",11
1728374529,"SBS mc 1 /01","Sxw – Huckleberry","Picea engelmannii x glauca – Vaccinium membranaceum",11
1731030716,"CDF mm   /12","Cw – Vanilla-leaf","Thuja plicata – Achlys triphylla",11
1731387787,"SBPSdc   /02","Pl – Kinnikinnick – Cladonia","Pinus contorta – Arctostaphylos uva-ursi – Cladonia spp.",11
1732022348,"ICH vk 2 /Ws01","Mountain alder – Skunk cabbage – Lady fern","Alnus incana – Lysichiton americanus – Athyrium filix-femina",11
1732068541,"IDF dk 2 /04","Fd – Feathermoss","Pseudotsuga menziesii – Pleurozium schreberi",11
1735356049,"ESSFxc 1 /Wf12","Narrow-leaved cotton-grass – Marsh-marigold","Eriophorum angustifolium – Caltha leptosepala",11
1736536603,"ESSFwmw  /Wf01","Water sedge – Beaked sedge","Carex aquatilis – Carex utriculata",11
1737080483,"ESSFdkw  /Vh02.1","Valerian – Hellebore – Fireweed","Valeriana sitchensis – Veratrum viride – Chamerion angustifolium",11
1737515033,"ESSFmv 1 /05","Bl – Horsetail – Glow moss","Abies lasiocarpa – Equisetum arvense – Aulacomnium palustre",11
1738968420,"ICH wk 4 /07","CwHw – Devil's club – Lady fern","Thuja plicata – Tsuga heterophylla – Oplopanax horridus",11
1740724958,"IDF dk 5 /101","FdPl – Pinegrass – Feathermoss","Pseudotsuga menziesii – Pinus contorta – Calamagrostis rubescens – Pleurozium schreberi",11
1742884567,"CWH ds 2 /01","HwFd – Cat's-tail moss","Tsuga heterophylla – Pseudotsuga menziesii – Rhytidiadelphus triquetrus",11
1743345553,"SBS mw   /04","SxwFd – Knight's plume","Picea engelmannii x glauca – Pseudotsuga menziesii – Ptilium crista-castrensis",11
1744260246,"ESSFmv 4 /02","BlPl – Crowberry – Cladina","Abies lasiocarpa – Pinus contorta – Empetrum nigrum – Cladina spp.",11
1745186773,"ESSFmh   /Ws13","Barclay’s willow – Common horsetail – Arrow-leaved groundsel","Salix barclayi – Equisetum arvense – Senecio triangularis",11
1745303893,"IDF xk   /Fm01","Cottonwood – Snowberry – Rose","Populus trichocarpa – Symphoricarpos albus – Rosa acicularis",11
1745507725,"IDF xw   /05","Fd – Feathermoss","Pseudotsuga menziesii – Pleurozium schreberi",11
1745934426,"MS  dw   /Vh01","Cow-parsnip – Fireweed – Nettle","Heracleum maximum – Chamerion angustifolium – Urtica dioica",11
1746863260,"BWBSmk   /110","Sw – Currant – Horsetail","Picea glauca – Ribes triste – Equisetum arvense",11
1747264672,"CWH vm 1 /01b","HwBa – Blueberry; Lithic","Tsuga heterophylla – Abies amabilis – Vaccinium alaskense",11
1748036973,"IDF xx 2 /Gg10","Rough fescue – Bluebunch wheatgrass","Festuca campestris – Pseudoroegneria spicata",11
1751883349,"ESSFwm  1 /Wm16","Bluejoint – Arrow-leaved groundsel","Calamagrostis canadensis – Senecio triangularis",11
1753252720,"BG  xh 3 /Gs02b","Big sagebrush – Bluebunch wheatgrass – Sand dropseed; Warm phase","Artemisia tridentata ssp. tridentata – Pseudoroegneria spicata – Sporobolus cryptandrus",11
1753382827,"ICH mc 1 /03","HwBl – Oak fern","Tsuga heterophylla – Abies lasiocarpa – Gymnocarpium dryopteris",11
1755001325,"ESSFwmw  /Vh11","Fireweed – Yarrow – Strawberry","Chamerion angustifolium – Achillea millefolium – Fragaria virginiana",11
1755229417,"ESSFwm 4 /Ws08.2","Engelmann spruce – Subalpine fir – Horsetail – Canby's Lovage","Picea engelmannii x glauca – Abies lasiocarpa – Equisetum arvense – Ligusticum canbyii ",11
1757241655,"ICH mw 1 /05","CwHw – Devil's club – Lady fern","Thuja plicata – Tsuga heterophylla – Oplopanax horridus",11
1760387380,"IDF dk 3 /Wm05","Cattail","Typha latifolia",11
1761358254,"CWH xm 1 /Wm06","Great bulrush","Schoenoplectus acutus",11
1765779104,"ICH mw 1 /02","Pl – Juniper – Twinflower","Pinus contorta – Juniperus communis – Linnaea borealis",11
1767317740,"SBS dk   /01b$Atss","$At – Saskatoon – Snowberry","Populus tremuloides – Amelanchier alnifolia – Symphoricarpos albus",11
1767515487,"BWBSwk 2 /102$6B.1","$At – Kinnikinnick – Fuzzy-spiked wildrye","Populus tremuloides – Arctostaphylos uva-ursi – Leymus innovatus",11
1767541476,"IDF dk 4 /Wf02","Scrub birch – Water sedge","Betula nana – Carex aquatilis",11
1767573118,"CWH ms 1 /08","Act – Red-osier dogwood","Populus trichocarpa – Cornus sericea",11
1767622927,"CWH vh 3 /110c","CwSs – Foamflower; Limestone phase","Thuja plicata – Picea sitchensis – Tiarella trifoliata",11
1767672403,"ICH xw  a/Rt01","Rocktripe – Green map","Umbilicaria sp. – Rhizocarpon geographicum",11
1769066612,"ESSFdk 2 /Rt21","Subalpine larch – Pink mountain-heather – Heron's-bill","Larix lyallii – Phyllodoce empetriformis –  Dicranum spp.",11
1771731300,"SBS mc 2 /01","Sxw – Huckleberry","Picea engelmannii x glauca – Vaccinium membranaceum",11
1772397346,"ESSFxc   /11","Sxw – Common horsetail – Leafy moss","Picea engelmannii x glauca – Equisetum arvense – Rhizomnium spp.",11
1773051168,"MS  dk   /Ws07.2","Spruce – Common horsetail – Soft-leaved sedge – Leafy moss","Picea engelmannii x glauca – Equisetum arvense – Carex disperma – Rhizomnium sp.",11
1773974299,"SBS mh   /06","SxwFd – Coltsfoot","Picea engelmannii x glauca – Pseudotsuga menziesii – Petasites frigidus",11
1779651725,"MS  dv   /03","Pl – Short-awned ricegrass – Peltigera","Pinus contorta – Piptatherum pungens – Peltigera spp.",11
1780200536,"ESSFxv 1 /05","BlPa – Arnica – Twinflower","Abies lasiocarpa – Pinus albicaulis – Arnica sp.",11
1782508055,"ESSFmw   /06","Bl – Gooseberry – Valerian","Abies lasiocarpa – Ribes lacustre – Valeriana sitchensis",11
1786299892,"MS  dw   /Ro11","Grouseberry – Clad lichen","Vaccinium scoparium – Cladonia spp.",11
1787227826,"IDF xm   /Wm1","Woolly sedge","Carex pellita",11
1788522749,"SBS mc 2 /15","Pl – Few-flowered sedge – Peat moss","Pinus contorta – Carex pauciflora – Sphagnum spp.",11
1791858428,"SWB mk   /05","Sw – Willow – Crowberry","Picea glauca – Salix spp. – Empetrum nigrum",11
1793380733,"SBS dk   /02","Pl – Juniper – Ricegrass","Pinus contorta – Juniperus communis – Oryzopsis asperifolia",11
1793493897,"IDF dk 3 /Wf07","Scrub birch – Buckbean – Shore sedge","Betula nana – Menyanthes trifoliata – Carex limosa",11
1793641612,"CWH vh 1 /04","HwSs – Lanky moss","Tsuga heterophylla – Picea sitchensis – Rhytidiadelphus loreus",11
1793811194,"ESSFdc 1 /Ro06.2","Juniper – Kinnikinnick – Stonecrop – Sandwort","Juniperus communis – Arctostaphylos uva-ursi – Sedum spp. – Eremogone capillaris",11
1794055839,"SBS wk 2 /07","Lt – Water sedge – Fen Moss","Larix laricina – Carex aquatilis – Tomentypnum nitens",11
1794189149,"ICH dh   /Vs14","Saskatoon – Snowberry – Strawberry","Amelanchier alnifolia – Symphoricarpos albus – Fragaria sp.",11
1795847941,"ESSFwcw  /Ws13","Barclay’s willow – Common horsetail – Arrow-leaved groundsel","Salix barclayi – Equisetum arvense – Senecio triangularis",11
1795915364,"MS  xk 1 /Wm02","Swamp horsetail – Beaked sedge","Equisetum fluviatile – Carex utriculata",11
1798483537,"IDF xx 2 /Ga06","Seablite","Suaeda calceoliformis ",11
1799341339,"MS  dk   /Vh01","Cow-parsnip – Fireweed – Nettle","Heracleum maximum – Chamerion angustifolium – Urtica dioica",11
1799443104,"MS  dw   /Wm05","Cattail","Typha latifolia",11
1799515178,"BWBSmk   /111","Sw – Mountain alder – Horsetail","Picea glauca – Alnus incana – Equisetum arvense",11
1799556164,"ICH mk 4 /Rt07","Aspen – Juniper – Rocktripe","Populus tremuloides – Juniperus communis –  Umbilicaria sp.",11
1803120389,"SBS dk   /01$Atpw","$At – Pink wintergreen","Populus tremuloides – Pyrola asarifolia",11
1804563039,"MS  xk   /06","Pl – Falsebox – Lupine","Pinus contorta – Paxistima myrsinites – Lupinus arcticus",11
1805632556,"IDF xk   /Wm07","Baltic rush","Juncus balticus",11
1807205830,"SBS mc 1 /07","Sxw – Devil's club – Step moss","Picea engelmannii x glauca – Oplopanax horridus – Hylocomium splendens",11
1810014430,"MS  dv   /02","Pl – Penstemon – Balsamroot","Pinus contorta – Penstemon procerus – Balsamorhiza sagittata",11
1811082172,"ICH mw 2 /Wf01","Water sedge – Beaked sedge","Carex aquatilis – Carex utriculata",11
1813993184,"ICH vc   /03b","Sx – Devil's club; Morainal","Picea sp. x Picea sp. – Oplopanax horridus, Morainal",11
1814039718,"ESSFwh 1 /Fl02","Mountain alder – Red-osier dogwood – Lady fern","Alnus incana – Cornus sericea – Athyrium filix-femina",11
1815049032,"MS  dk   /Wm15","Bluejoint – Water sedge","Calamagrostis canadensis – Carex aquatilis",11
1815519835,"ICH mw 2 /Ro09.2","Saskatoon – Poverty oatgrass – Rock moss – Clad lichen","Amelanchier alnifolia – Danthonia spicata – Racomitrium spp. – Cladonia spp.",11
1816325095,"ICH mk 4 /Vh01.2","Cow-parsnip – Fireweed – Bluejoint","Heracleum maximum – Chamerion angustifolium – Calamagrostis canadensis",11
1818408106,"ESSFwmw  /Vs01","Sitka alder – Lady fern","Alnus viridis ssp. sinuata – Athyrium filix-femina",11
1821333976,"ICH dw 4 /110","CwHw – Devil's club – Lady fern","Thuja plicata – Tsuga heterophylla – Oplopanax horridus- Athyrium filix-femina ",11
1822030859,"ESSFwm 3 /Vh02.2","Valerian – Showy Sedge – Fireweed","Valeriana sitchensis – Carex spectabilis – Chamerion angustifolium",11
1822508375,"ICH dh   /Vs11","Thimbleberry – Cow parsnip – Fireweed","Rubus parviflorus – Heracleum maximum – Chamerion angustifolium",11
1823322990,"ESSFwm 3 /Ro11","Grouseberry – Clad lichen","Vaccinium scoparium – Cladonia spp.",11
1823799657,"CWH vh 2 /03","CwYc – Salal","Thuja plicata – Chamaecyparis nootkatensis – Gaultheria shallon",11
1823846661,"IDF xx 2 /104","Py – Bluebunch wheatgrass – Rough fescue","Pinus ponderosa – Pseudoroegneria spicata – Festuca campestris",11
1823930504,"ESSFdk 1 /Vs12","Huckleberry – Rhododendron – Fireweed","Vaccinium membranaceum – Rhododendron albiflorum – Chamerion angustifolium",11
1825452701,"MS  dm 2 /Wm09","Inflated sedge","Carex exsiccata",11
1826755118,"ICH mw 2 /Rt02","Rock moss – Clad lichen","Racomitrium spp. – Cladonia spp.",11
1828547389,"ESSFdcw  /Vs10.2","Barclay's willow – Cow-parsnip – Fireweed","Salix barclayi – Heracleum maximum – Chamerion angustifolium",11
1830056529,"ICH dh   /Ro09.2","Saskatoon – Poverty oatgrass – Rock moss – Clad lichen","Amelanchier alnifolia – Danthonia spicata – Racomitrium spp. – Cladonia spp.",11
1833042947,"SBS mc 2 /05","Sxw – Twinberry – Coltsfoot","Picea engelmannii x glauca – Lonicera involucrata – Petasites frigidus",11
1833204882,"ESSFwh 3 /Vs10.1","Sitka willow – Cow-parsnip – Fireweed","Salix sitchensis – Heracleum maximum – Chamerion angustifolium",11
1835736128,"ICH vk 2 /08","Pl – Bog rosemary – Peat moss","Pinus contorta – Andromeda polifolia – Sphagnum spp.",11
1836231307,"MS  dk   /Wf06","Slender sedge – Buckbean","Carex lasiocarpa – Menyanthes trifoliata",11
1836471007,"ICH mc 2 /Ws01","Mountain alder – Skunk cabbage – Lady fern","Alnus incana – Lysichiton americanus – Athyrium filix-femina",11
1840235816,"ESSFwh 2 /Vs10","Willow – Cow-parsnip – Fireweed","Salix sp. – Heracleum maximum – Chamerion angustifolium",11
1840735609,"ESSFwcw  /Vh11","Fireweed – Yarrow – Strawberry","Chamerion angustifolium – Achillea millefolium – Fragaria virginiana",11
1841616527,"ICH mw 4 /Vh01","Cow-parsnip – Fireweed – Nettle","Heracleum maximum – Chamerion angustifolium – Urtica dioica",11
1841638235,"ICH dw 1 /Wm09","Inflated sedge","Carex exsiccata",11
1842979812,"ESSFwcw  /Vs01.2","Sitka alder – Spiny wood fern","Alnus viridis ssp. sinuata – Dryopteris expansa",11
1844947961,"ESSFwm 4 /Vs02","Sitka alder – Solomon's-seal","Alnus viridis ssp. sinuata – Maianthemum racemosum",11
1847647344,"MS  dk   /Wf07","Scrub birch – Buckbean – Shore sedge","Betula nana – Menyanthes trifoliata – Carex limosa",11
1848536877,"ICH wk 2 /Wf02","Scrub birch – Water sedge","Betula nana – Carex aquatilis",11
1848705432,"ESSFwv   /01","BlHm – Azalea","Abies lasiocarpa – Tsuga mertensiana – Menziesia ferrunginea",11
1849031223,"ICH dw 1 /112","CwHw – Horsetail – Lady fern","Thuja plicata – Tsuga heterophylla – Oplopanax horridus- Athyrium filix-femina",11
1849931843,"ESSFdcw  /110","Bl – Valerian – Hellebore – Globeflower","Abies lasiocarpa – Valeriana sitchensis – Veratrum viride – Trollius albiflorus",11
1850424308,"SBS wk 2 /Wf02","Scrub birch – Water sedge","Betula nana – Carex aquatilis",11
1850774563,"IDF dm 2 /Rt07","Aspen – Juniper – Rocktripe","Populus tremuloides – Juniperus communis –  Umbilicaria sp.",11
1850862804,"IDF xk   /Rt04","Saskatoon – Bluebunch wheatgrass","Amelanchier alnifolia – Pseudoroegneria spicata",11
1851598981,"ESSFdk 1 /Wf02","Scrub birch – Water sedge","Betula nana – Carex aquatilis",11
1852271557,"ICH mm   /07","SbPl – Bog-laurel – Sphagnum","Picea mariana – Pinus contorta – Kalmia microphylla",11
1853130588,"ESSFwh 2 /Vs01.2","Sitka alder – Spiny wood fern","Alnus viridis ssp. sinuata – Dryopteris expansa",11
1854772644,"SBS wk 3a/05","Sb – Labrador tea","Picea mariana – Rhododendron groenlandicum",11
1855887852,"ICH mk 4 /Ro05","Juniper – Kinnikinnick – Penstemon","Juniperus communis – Arctostaphylos uva-ursi – Penstemon fruticosa",11
1857326086,"IDF dm 1 /05","FdLw – Spruce – Pinegrass","Pseudotsuga menziesii – Larix occidentalis - Picea sp. - Calamagrostis rubescens",11
1857972185,"ICH mw 3 /08","CwSxw – Skunk cabbage","Thuja plicata – Picea engelmannii x glauca – Lysichiton americanus",11
1858190754,"CWH vm 1 /01","HwBa – Blueberry","Tsuga heterophylla – Abies amabilis – Vaccinium alaskense",11
1860290245,"SBS dw 1 /04","Pl – Pinegrass – Feathermoss","Pinus contorta – Calamagrostis rubescens – Pleurozium schreberi",11
1860790259,"SBS dk   /03$Atki","$At – Kinnikinnick","Populus tremuloides – Arctostaphylos uva-ursi",11
1863191539,"ICH vc   /Fl01","Mountain alder – Common horsetail","Alnus incana – Equisetum arvense",11
1863918233,"IDF dk 2 /08","Willow – Sedge","Salix spp. – Carex spp.",11
1865857251,"ESSFdk 2 /Rt01","Rocktripe – Green map","Umbilicaria sp. – Rhizocarpon geographicum",11
1867269842,"CWH vm 1 /11","Act – Willow","Populus trichocarpa – Salix spp.",11
1867619170,"SBS mc 2 /10","Sxw – Horsetail","Picea engelmannii x glauca – Equisetum arvense",11
1869372466,"ICH dw 4 /Fm01","Cottonwood – Snowberry – Rose","Populus trichocarpa – Symphoricarpos albus – Rosa acicularis",11
1871484998,"ICH mw 5 /Vs11","Thimbleberry – Cow parsnip – Fireweed","Rubus parviflorus – Heracleum maximum – Chamerion angustifolium",11
1871926534,"SBS dk   /81","Saskatoon – Slender wheatgrass","Amelanchier alnifolia – Elymus trachycaulus",11
1872223989,"ICH vc   /Ws04","Drummond's willow – Beaked sedge","Salix drummondiana – Carex utriculata",11
1875305274,"IDF dk 2 /05","SxwFd – Dogwood – Gooseberry","Picea engelmannii x glauca – Pseudotsuga menziesii – Cornus sericea – Ribes lacustre",11
1879398868,"CWH mm 1 /Wf53","Slender sedge – White beak-rush","Carex lasiocarpa – Rhynchospora alba",11
1879634082,"ESSFdcw  /Vh02","Valerian – Hellebore – Fireweed","Valeriana sitchensis – Veratrum viride – Chamerion angustifolium",11
1881703968,"ESSFxc   /Wf01","Water sedge – Beaked sedge","Carex aquatilis – Carex utriculata",11
1883321833,"SBS mc 2 /07","Sxw – Scrub birch – Feathermoss","Picea engelmannii x glauca – Betula nana – Pleurozium schreberi",11
1885748363,"ICH xw  a/Wm02","Swamp horsetail – Beaked sedge","Equisetum fluviatile – Carex utriculata",11
1886713924,"MS  dw   /Fl02","Mountain alder – Red-osier dogwood – Lady fern","Alnus incana – Cornus sericea – Athyrium filix-femina",11
1887007314,"ICH mw 5 /113","CwSxw – Skunk cabbage","Thuja plicata – Picea engelmannii x glauca – Lysichiton americanus",11
1888396848,"ICH mw 5 /Wm01","Beaked sedge – Water sedge","Carex utriculata – Carex aquatilis",11
1892474968,"IDF xm   /Wm01","Beaked sedge – Water sedge","Carex utriculata – Carex aquatilis",11
1892798721,"ESSFdk 1 /Ro10","Huckleberry – Rock moss – Haircap moss","Vaccinium membranaceum – Racomitrium spp. – Polytrichum sp.",11
1893200348,"SBPSmk   /06","Sxw – Twinberry","Picea engelmannii x glauca – Lonicera involucrata",11
1893844768,"IDF dk 1 /Wm06","Great bulrush","Schoenoplectus acutus",11
1894553175,"SBS wk 3 /05","Sb – Labrador tea","Picea mariana – Rhododendron groenlandicum",11
1895260856,"SBS wk 1 /Wf03","Water sedge – Peat moss","Carex aquatilis – Sphagnum spp.",11
1896234559,"CDF mm   /Wf5","Sweet gale – Sitka sedge","Myrica gale – Carex sitchensis",11
1902383888,"ICH mc 1 /04","HwBl – Devil's club","Tsuga heterophylla – Abies lasiocarpa – Oplopanax horridus",11
1903756765,"ICH mw 4 /Ro09.1","Saskatoon – Rock moss – Clad lichen","Amelanchier alnifolia – Racomitrium spp. – Cladonia spp.",11
1904665050,"PP  xh 2 /05","Big sage – Bluebunch wheatgrass – Fescue","Artemisia tridentata ssp. tridentata – Pseudoroegneria spicata – Festuca sp.",11
1905110692,"ICH wc   /08","Sx – Horsetail","Picea sp. x Picea sp. – Equisetum arvense",11
1907061536,"SBS mk 2 /Wm02","Swamp horsetail – Beaked sedge","Equisetum fluviatile – Carex utriculata",11
1910494096,"ICH vk 1 /03","CwHw – Oak fern – Foamflower","Thuja plicata – Tsuga heterophylla – Gymnocarpium dryopteris",11
1910587708,"BWBSdk   /111","Sw – Mountain alder – Horsetail","Picea glauca – Alnus incana – Equisetum arvense",11
1910727362,"BG  xh 2 /Wm08","Sharp bulrush","Schoenoplectus pungens",11
1912210146,"ICH mk 4 /Fl01","Mountain alder – Common horsetail","Alnus incana – Equisetum arvense",11
1913226827,"SBS vk   /Wf02","Scrub birch – Water sedge","Betula nana – Carex aquatilis",11
1916667829,"ICH mw 2 /111","CwHw – Devil's club – Lady fern","Thuja plicata – Tsuga heterophylla – Oplopanax horridus- Athyrium filix-femina",11
1916916620,"ESSFxv 1 /02","BlPa – Juniper – Cladonia","Abies lasiocarpa – Pinus albicaulis – Juniperus communis – Cladonia spp.",11
1917348142,"ESSFwh 2 /Wf13","Narrow-leaved cotton-grass – Shore sedge","Eriophorum angustifolium – Carex limosa",11
1918775374,"ESSFdkw  /101.2","BlSe – Rhododendeon – Grouseberry ","Abies lasiocarpa – Picea engelmannii – Rhododendron albiflorum – Vaccinium scoparium",11
1919095056,"CWH dm   /10","Act – Willow","Populus trichocarpa – Salix spp.",11
1919853414,"ICH dw 1 /Fm02","Cottonwood – Spruce – Dogwood","Populus balsamifera – Picea sp. – Alnus incana – Cornus sericea",11
1920588809,"BWBSwk 2 /101$6B.1","$At – Sitka alder – High bush-cranberry","Populus tremuloides – Alnus alnobetula ssp. sinuata – Viburnum edule",11
1922561687,"ESSFdkw  /Ws13","Barclay’s willow – Common horsetail – Arrow-leaved groundsel","Salix barclayi – Equisetum arvense – Senecio triangularis",11
1924269225,"IDF xk   /Ro03","Antelope-brush – Selaginella – Bluebunch wheatgrass","Purshia tridentata – Selaginella densa – Pseudoroegneria spicata",11
1925427122,"ESSFwm 2 /Ro10","Huckleberry – Rock moss – Haircap moss","Vaccinium membranaceum – Racomitrium spp. – Polytrichum sp.",11
1926035315,"ICH xw   /Rt02","Rock moss – Clad lichen","Racomitrium spp. – Cladonia spp.",11
1926080790,"SBS mw   /13","Sxw – Mountain alder – Lady fern","Picea engelmannii x glauca – Alnus incana – Athyrium filix-femina",11
1927001099,"SBS wk 3a/08","Sxw – Horsetail","Picea engelmannii x glauca – Equisetum arvense",11
1928332174,"ICH dw 4 /Wm05","Cattail","Typha latifolia",11
1928997708,"IDF dk 5 /Ws07","Spruce – Common horsetail – Leafy moss","Picea engelmannii x glauca – Equisetum arvense – Carex disperma – Rhizomnium sp.",11
1930348025,"MS  xk 1 /Wf01","Water sedge – Beaked sedge","Carex aquatilis – Carex utriculata",11
1932384661,"CWH wh 1 /103 ","Ss – Salal  ","Picea sitchensis – Gaultheria shallon",11
1933294234,"ICH mw 5 /Vs02","Sitka alder – Solomon's-seal","Alnus viridis ssp. sinuata – Maianthemum racemosum",11
1935745751,"SBS mk 1 /01","Sxw – Huckleberry – High bush-cranberry","Picea engelmannii x glauca – Vaccinium membranaceum – Viburnum edule",11
1935940047,"MS  dc 2 /02","FdBl – Spirea – Stonecrop","Pseudotsuga menziesii – Abies lasiocarpa – Spiraea betulifolia – Sedum spp.",11
1936249048,"MS  xk 1 /Wb07","Pl  – Water sedge – Peat moss","Pinus contorta var. latifolia – Carex aquatilis – Sphagnum spp.",11
1937046357,"ICH mw 4 /Vh01.2","Cow-parsnip – Fireweed – Bluejoint","Heracleum maximum – Chamerion angustifolium – Calamagrostis canadensis",11
1937216126,"ESSFwm 1 /Vs04","Sitka alder – Devil's club – Oak fern","Alnus viridis ssp. sinuata – Oplopanax horridus – Gymnocarpium dryopteris",11
1938275118,"MS  dc 1 /03","Pl – Spirea – Pinegrass","Pinus contorta – Spiraea betulifolia – Calamagrostis rubescens",11
1938285470,"IDF dm 2 /104.2","LwFd(Pl) – Pinegrass","Larix occidentalis – Pseudotsuga menziesii – (Pinus contorta) – Calamagrostis rubescens",11
1938325657,"MS  dm 1 /08","Sxw – Gooseberry – Oak fern","Picea engelmannii x glauca – Ribes lacustre – Gymnocarpium dryopteris",11
1938712802,"IDF dk 5 /Fl03","Pacific willow – Red-osier dogwood – Horsetail","Salix lasiandra – Cornus sericea – Equisetum arvense",11
1938778347,"ICH mw 2 /111.2","CwHw – Lady fern – Oak fern","Thuja plicata – Tsuga heterophylla – Athyrium filix-femina – Gymnocarpium dryopteris",11
1938869461,"ICH dh   /Wm15","Bluejoint – Water sedge","Calamagrostis canadensis – Carex aquatilis",11
1940956203,"ICH dh   /Ro09","Saskatoon – Rock moss – Clad lichen","Amelanchier alnifolia – Racomitrium spp. – Cladonia spp.",11
1941414218,"MS  dc 2 /Wm02","Swamp horsetail – Beaked sedge","Equisetum fluviatile – Carex utriculata",11
1941618734,"CWH vm 2 /10","Pl – Sphagnum","Pinus contorta – Sphagnum spp.",11
1942423584,"SBPSdc   /Wm02","Swamp horsetail – Beaked sedge","Equisetum fluviatile – Carex utriculata",11
1943721995,"IDF dm 2 /103","Fd(Py) – Bluebunch wheatgrass – Pinegrass","Pseudotsuga menziesii – Pinus ponderosa – Pseudoroegneria spicata – Calamagrostis rubescens",11
1944157451,"SBS dk   /Wf05","Slender sedge – Common hook moss","Carex lasiocarpa – Drepanocladus aduncus",11
1945723803,"BWBSmk   /Wb09","Sb – Common horsetail – Peat moss","Picea mariana – Equisetum arvense – Sphagnum spp.",11
1945864769,"ESSFwm 3 /Ro10","Huckleberry – Rock moss – Haircap moss","Vaccinium membranaceum – Racomitrium spp. – Polytrichum sp.",11
1946168356,"ICH xw  a/Wf01","Water sedge – Beaked sedge","Carex aquatilis – Carex utriculata",11
1947113106,"ESSFdk 2 /112a","SeBl – Horsetail – Feathermoss; Riparian phase","Abies lasiocarpa – Picea engelmannii – Equisetum arvense – Pleurozium schreberi",11
1948087413,"ESSFdk 2 /112","SeBl – Horsetail – Feathermoss","Abies lasiocarpa – Picea engelmannii – Equisetum arvense – Pleurozium schreberi",11
1953623838,"ICH mw 4 /Vs01.1","Sitka alder – Lady fern","Alnus viridis ssp. sinuata – Athyrium filix-femina – Dryopteris expansa",11
1956247532,"CWH vh 2 /07","CwSs – Devil's club","Thuja plicata – Picea sitchensis – Oplopanax horridus",11
1957522053,"CDF mm   /Wm04","Common spike-rush","Eleocharis palustris",11
1958526032,"ESSFdk 1 /102","PlFd – Juniper – Douglas maple","Pinus contorta – Pseudotsuga menziesii – Juniperus communis – Acer glabrum",11
1958890298,"CWH mm 2 /08","BaCw – Salmonberry","Abies amabilis – Thuja plicata – Rubus spectabilis",11
1960757442,"CWH wh 2 /Wb53","Shore pine – Yellow-cedar – Tufted clubrush","Pinus contorta var. contorta – Chamaecyparis nootkatensis – Trichophorum cespitosum",11
1960981495,"ICH dw 4 /Wm06","Great bulrush","Schoenoplectus acutus",11
1961444884,"CWH wh 1 /113","Ss – Trisetum ","Picea sitchensis – Trisetum cernuum",11
1961942784,"BWBSwk 2 /110","Sw – Currant – Bluebells","Picea glauca – Ribes triste – Mertensia paniculata",11
1964176604,"ESSFwm 1 /Vs10.1","Sitka willow – Cow-parsnip – Fireweed","Salix sitchensis – Heracleum maximum – Chamerion angustifolium",11
1964262107,"MS  dm 2 /Wf04","Barclay's willow – Water sedge – Glow moss","Salix barclayi – Carex aquatilis – Aulacomnium palustre",11
1965443308,"ESSFwh 1 /110.1","Se – Devil's club – Lady fern","Picea engelmannii – Oplopanax horridus- Athyrium filix-femina ",11
1965683961,"SBS mc 1 /06","Sxw – Oak fern","Picea engelmannii x glauca – Gymnocarpium dryopteris",11
1966907124,"ICH dh   /Vs01","Sitka alder – Lady fern","Alnus viridis ssp. sinuata – Athyrium filix-femina",11
1967677787,"BWBSwk 2 /104$6B.1","$At – Labrador tea – Lingonberry","Populus tremuloides – Rhododendron groenlandicum – Vaccinium vitis-idaea",11
1968084950,"ICH mk 4 /Vs04","Sitka alder – Devil's club – Oak fern","Alnus viridis ssp. sinuata – Oplopanax horridus – Gymnocarpium dryopteris",11
1969453760,"ESSFwc 4 /112a","Se – Horsetail – Valerian; Riparian phase","Picea engelmannii – Equisetum arvense –  Valeriana sitchensis",11
1970017492,"CWH ws 1 /09","Act – Willow","Populus trichocarpa – Salix spp.",11
1970348821,"ICH mw 5 /Wf01","Water sedge – Beaked sedge","Carex aquatilis – Carex utriculata",11
1971898201,"BWBSmk   /101","Sw – Lingonberry – Step moss","Picea glauca – Vaccinium vitis-idaea – Hylocomium splendens",11
1972178450,"SBS wk 1 /Wm01","Beaked sedge – Water sedge","Carex utriculata – Carex aquatilis",11
1974769358,"MH  wh   /101b","HmSs – Blueberry; Drier phase","Tsuga mertensiana – Picea sitchensis – Vaccinium alaskense",11
1974992692,"ESSFdkw  /Vs12","Huckleberry – Rhododendron – Fireweed","Vaccinium membranaceum – Rhododendron albiflorum – Chamerion angustifolium",11
1975798986,"CWH vh 2 /01b","CwHw – Salal; Lithic","Thuja plicata – Tsuga heterophylla – Gaultheria shallon",11
1976975091,"SBS wk 1 /Wf02","Scrub birch – Water sedge","Betula nana – Carex aquatilis",11
1979475313,"IDF dk 4 /Ws05","Maccalla's willow – Beaked sedge","Salix maccalliana – Carex utriculata",11
1980337595,"ICH mk 4 /Fl02","Mountain alder – Red-osier dogwood – Lady fern","Alnus incana – Cornus sericea – Athyrium filix-femina",11
1981957146,"ICH wk 4 /01b","CwHw – Oak fern; Moist","Thuja plicata – Tsuga heterophylla – Gymnocarpium dryopteris",11
1982884117,"CWH xm 2 /08","Ss – Salmonberry","Picea sitchensis – Rubus spectabilis",11
1984878881,"ICH wk 1 /Wf05","Slender sedge – Common hook moss","Carex lasiocarpa – Drepanocladus aduncus",11
1986597749,"ESSFwc 2 /Wf13","Narrow-leaved cotton-grass – Shore sedge","Eriophorum angustifolium – Carex limosa",11
1987592058,"ESSFwc 2 /06","Bl – Valerian – Oak fern","Abies lasiocarpa – Valeriana sitchensis – Gymnocarpium dryopteris",11
1988807582,"CWH vh 3 /117","CwSs – Skunk cabbage  ","Thuja plicata – Picea sitchensis – Lysichiton americanus",11
1990969829,"ESSFwm 3 /Gg14","Idaho fescue – Sulphur buckwheat – Sandwort","Festuca idahoensis – Eriogonum umbellatum – Eremigone capillaris",11
1993363295,"ICH dw 1 /Wm02","Swamp horsetail – Beaked sedge","Equisetum fluviatile – Carex utriculata",11
1994238137,"ESSFwk 2 /04","Bl – Devil's club – Rhododendron","Abies lasiocarpa – Oplopanax horridus – Rhododendron albiflorum",11
1995162147,"MS  xk   /02","Fd – Juniper – Grouseberry","Pseudotsuga menziesii – Juniperus communis – Vaccinium scoparium",11
1996320023,"ICH wk 3 /Wf02","Scrub birch – Water sedge","Betula nana – Carex aquatilis",11
1997905590,"ICH mc 2 /02$Atki","$At – Kinnikinnick","Populus tremuloides – Arctostaphylos uva-ursi",11
1998890964,"MS  dk   /Ws04","Drummond's willow – Beaked sedge","Salix drummondiana – Carex utriculata",11
2001861453,"ESSFwh 2 /102","Bl – Huckleberry – Rock moss","Abies lasiocarpa – Vaccinium membranaceum – Racomitrium spp.",11
2002746131,"ESSFxv 1 /04","BlPa – Juniper – Grouseberry","Abies lasiocarpa – Pinus albicaulis – Juniperus communis – Vaccinium scoparium",11
2003102076,"SBS mk 2 /01","Sxw – Huckleberry – High bush-cranberry","Picea engelmannii x glauca – Vaccinium membranaceum – Viburnum edule",11
2003754580,"ICH dk   /Wf05","Slender sedge – Common hook moss","Carex lasiocarpa – Drepanocladus aduncus",11
2005347957,"ICH xw   /Wm01","Beaked sedge – Water sedge","Carex utriculata – Carex aquatilis",11
2005380445,"BWBSmk   /Wf05","Slender sedge – Common hook moss","Carex lasiocarpa – Drepanocladus aduncus",11
2007072209,"ESSFdk 2 /Fl05","Drummond's willow – Bluejoint","Salix drummondiana – Calamagrostis canadensis",11
2007077200,"CWH vm 1 /13","Pl – Sphagnum","Pinus contorta – Sphagnum spp.",11
2007767482,"ICH wk 1 /Wm51","Three-way sedge","Dulichium arundinaceum",11
2009725158,"ESSFdkw  /Gg17","Idaho fescue – Bluebunch wheatgrass – Sulphur buckwheat","Festuca idahoensis – Pseudoroegneria spicata – Eriogonum umbellatum ",11
2011838639,"SBS mc 2 /Wf08","Shore sedge – Buckbean – Hook moss","Carex limosa – Menyanthes trifoliata – Drepanocladus spp.",11
2012805977,"SBS dk   /04","Fd – Soopolallie – Feathermoss","Pseudotsuga menziesii – Shepherdia canadensis – Pleurozium schreberi",11
2013334881,"BWBSdk   /Wf07","Scrub birch – Buckbean – Shore sedge","Betula nana – Menyanthes trifoliata – Carex limosa",11
2014398559,"ESSFwm 4 /Rt07","Aspen – Juniper – Rocktripe","Populus tremuloides – Juniperus communis –  Umbilicaria sp.",11
2014456052,"ESSFwh 1 /Vh02.2","Valerian – Showy Sedge – Fireweed","Valeriana sitchensis – Carex spectabilis – Chamerion angustifolium",11
2019590784,"MS  dm 2 /Wf05","Slender sedge – Common hook moss","Carex lasiocarpa – Drepanocladus aduncus",11
2021502406,"ESSFwh 3 /104.1","Bl – Rhododendron – Bear-grass – Pipecleaner moss","Abies lasiocarpa – Rhododendron albiflorum – Xerophyllum tenax – Rhytidiopsis robusta",11
2022405361,"CWH wh 1 /105","CwSs – Sword fern  ","Thuja plicata – Picea sitchensis – Polystichum munitum",11
2024465610,"IDF dk 5 /110","Sxw(Fd) – Dogwood – Bunchberry","Picea engelmannii x glauca – Pseudotsuga menziesii – Cornus sericea –  Cornus canadensis",11
2024906198,"IDF dk 5 /Wm01","Beaked sedge – Water sedge","Carex utriculata – Carex aquatilis",11
2025230353,"SBS dw 3 /01","SxwFd – Pinegrass","Picea engelmannii x glauca – Pseudotsuga menziesii – Calamagrostis rubescens",11
2025270104,"MS  dm 3 /Wf05","Slender sedge – Common hook moss","Carex lasiocarpa – Drepanocladus aduncus",11
2027586880,"ESSFmh   /Vs14","Saskatoon – Snowberry – Strawberry","Amelanchier alnifolia – Symphoricarpos albus – Fragaria sp.",11
2027849730,"ESSFwm 4 /Rt21","Subalpine larch – Pink mountain-heather – Heron's-bill","Larix lyallii – Phyllodoce empetriformis –  Dicranum spp.",11
2028108841,"MH  mm 2 /04","HmBa – Bramble","Tsuga mertensiana – Abies amabilis – Rubus pedatus",11
2029783720,"ESSFwm 1 /Vs13","Huckleberry – Bear-grass – Fireweed","Vaccinium membranaceum – Xerophyllum tenax – Chamerion angustifolium",11
2033184201,"MS  dk   /Rt04","Saskatoon – Bluebunch wheatgrass","Amelanchier alnifolia – Pseudoroegneria spicata",11
2033354735,"ESSFmv 2 /02","Bl – Lingonberry","Abies lasiocarpa – Vaccinium vitis-idaea",11
2034640961,"ICH mk 4 /Wf01","Water sedge – Beaked sedge","Carex aquatilis – Carex utriculata",11
2041108079,"CWH ms 1 /01","HwBa – Step moss","Tsuga heterophylla – Abies amabilis – Hylocomium splendens",11
2041502240,"CWH ws 1 /Wf06","Slender sedge – Buckbean","Carex lasiocarpa – Menyanthes trifoliata",11
2042980962,"CWH wh 1 /115","CwYc – Salal – Goldthread ","Thuja plicata – Chamaecyparis nootkatensis – Gaultheria shallon – Coptis aspleniifolia",11
2048044854,"SBS dw 1 /01","SxwFd – Pinegrass","Picea engelmannii x glauca – Pseudotsuga menziesii – Calamagrostis rubescens",11
2048531937,"ICH mw 3 /01$YC","$HwCw – Feathermoss","Tsuga heterophylla – Thuja plicata – Pleurozium schreberi",11
2049085466,"SBS mc 1 /03","Fd – Pinegrass – Aster","Pseudotsuga menziesii – Calamagrostis rubescens – Aster spp.",11
2050462079,"ESSFmm 1 /05","Bl – Oak fern – Bramble","Abies lasiocarpa – Gymnocarpium dryopteris – Rubus pedatus",11
2051669837,"BWBSmw   /110","Sw – Oak fern – Sarsaparilla","Picea glauca – Gymnocarpium dryopteris – Aralia nudicaulis",11
2052541340,"ESSFwm 3 /103","BlSe – Rhododendron – Bear-grass","Abies lasiocarpa – Picea engelmannii – Rhododendron albiflorum – Xerophyllum tenax",11
2053063876,"ICH xw   /Wf05","Slender sedge – Common hook moss","Carex lasiocarpa – Drepanocladus aduncus",11
2054599986,"IDF mw 1 /03","Fd – Penstemon – Pinegrass","Pseudotsuga menziesii – Penstemon procerus – Calamagrostis rubescens",11
2055151398,"BG  xh 1 /01$MS","$Big sage – Needle-and-thread grass","Artemisia tridentata ssp. tridentata – Hesperostipa comata",11
2055892657,"SBPSdc   /02b","Pl – Kinnikinnick – Cladonia; Shallow","Pinus contorta – Arctostaphylos uva-ursi – Cladonia spp.",11
2057228693,"IDF mw 1 /02","FdPy – Snowberry – Bluebunch wheatgrass","Pseudotsuga menziesii – Pinus ponderosa – Symphoricarpos albus – Pseudoroegneria spicata",11
2058439506,"MS  dm 1 /Wf02","Scrub birch – Water sedge","Betula nana – Carex aquatilis",11
2059146549,"IDF xm   /01a","Fd – Pinegrass – Feathermoss; Typic","Pseudotsuga menziesii – Calamagrostis rubescens – Pleurozium schreberi",11
2060212779,"BWBSmk   /103$6B.1","$At – Rose – Fuzzy-spiked wildrye","Populus tremuloides – Rosa acicularis – Leymus innovatus",11
2065221719,"MS  dw   /Rt07.2","Juniper – Rocktripe","Juniperus communis –  Umbilicaria sp.",11
2066381821,"CWH wh 1 /Bb02","Dune wildrye [Red fescue]","Leymus mollis",11
2067181386,"ESSFwh 3 /Ro09.2","Saskatoon – Poverty oatgrass – Rock moss – Clad lichen","Amelanchier alnifolia – Danthonia spicata – Racomitrium spp. – Cladonia spp.",11
2068000752,"ESSFwm 3 /Vh10","Fireweed – Grouseberry","Chamerion angustifolium – Vaccinium scoparium",11
2069927534,"ICH dh   /Vs10.2","Barclay's willow – Cow-parsnip – Fireweed","Salix barclayi – Heracleum maximum – Chamerion angustifolium",11
2070089737,"SBS dw 3 /09","Sxw – Horsetail – Glow moss","Picea engelmannii x glauca – Equisetum arvense – Aulacomnium palustre",11
2070669771,"ESSFwm 4 /Vs13","Huckleberry – Beargrass – Fireweed","Vaccinium membranaceum – Xerophyllum tenax – Chamerion angustifolium",11
2072233012,"CWH xm 1 /15","Cw – Slough sedge","Thuja plicata – Carex obnupta",11
2072552777,"MS  dw   /Ro05","Juniper – Kinnikinnick – Penstemon","Juniperus communis – Arctostaphylos uva-ursi – Penstemon fruticosa",11
2075896473,"CWH mm 2 /Wf52","Sweet gale – Sitka sedge","Myrica gale – Carex sitchensis",11
2079530342,"ESSFwh 2 /Vh01","Cow-parsnip – Fireweed – Nettle","Heracleum maximum – Chamerion angustifolium – Urtica dioica",11
2081154654,"ICH mw 2 /Vs12","Huckleberry – Rhododendron – Fireweed","Vaccinium membranaceum – Rhododendron albiflorum – Chamerion angustifolium",11
2082166660,"ESSFwm 1 /Vh11","Fireweed – Yarrow – Strawberry","Chamerion angustifolium – Achillea millefolium – Fragaria virginiana",11
2083743504,"ESSFdk 2 /Fl01","Mountain alder – Common horsetail","Alnus incana – Equisetum arvense",11
2084925241,"ICH dh   /Wm02","Swamp horsetail – Beaked sedge","Equisetum fluviatile – Carex utriculata",11
2085273161,"ESSFdc 1 /Wm01","Beaked sedge – Water sedge","Carex utriculata – Carex aquatilis",11
2086207806,"ICH mk 4 /Vh01.1","Cow-parsnip – Fireweed – Nettle","Heracleum maximum – Chamerion angustifolium – Urtica dioica",11
2086930074,"SBPSxc   /Sc01","Scrub birch – Kinnikinnick","Betula nana – Arctostaphylos uva-ursi",11
2087079300,"ICH mc 2 /10","Sb – Soft-leaved sedge – Peat moss","Picea mariana – Carex disperma – Sphagnum spp.",11
2088654861,"ICH mw 2 /Wf05","Slender sedge – Common hook moss","Carex lasiocarpa – Drepanocladus aduncus",11
2088903925,"ESSFdc 1 /Vh10","Fireweed – Grouseberry","Chamerion angustifolium – Vaccinium scoparium",11
2090615864,"CWH wh 1 /Ed01","Tufted hairgrass – Meadow barley","Deschampsia cespitosa – Hordeum brachyantherum",11
2090689311,"ESSFwk 1 /01","Bl – Oak fern – Brachythecium","Abies lasiocarpa – Gymnocarpium dryopteris – Brachythecium spp.",11
2095640102,"ESSFwh 3 /Vs02","Sitka alder – Solomon's-seal","Alnus viridis ssp. sinuata – Maianthemum racemosum",11
2096139499,"ESSFmv 2 /06","Bl – Alder – Horsetail","Abies lasiocarpa – Alnus alnobetula ssp. sinuata – Equisetum arvense",11
2096842165,"IDF dm 2 /Gs12","Antelope-brush – Snowberry – Bluebunch wheatgrass","Purshia tridentata –  Symphoricarpos albus – Pseudoroegneria spicata",11
2098007892,"IDF dm 2 /Fl03","Pacific willow – Red-osier dogwood – Horsetail","Salix lasiandra – Cornus sericea – Equisetum arvense",11
2098234425,"CWH vh 3 /110a","CwSs – Foamflower; Colluvial/morainal phase","Thuja plicata – Picea sitchensis – Tiarella trifoliata",11
2098635967,"ESSFxv 2 /Sc02","Grey-leaved willow – Glow moss","Salix glauca – Aulacomnium palustre",11
2099116232,"MS  dw   /Wf05","Slender sedge – Common hook moss","Carex lasiocarpa – Drepanocladus aduncus",11
2100571346,"ESSFmv 2 /05","Bl – Devil's club – Rhododendron","Abies lasiocarpa – Oplopanax horridus – Rhododendron albiflorum",11
2100895496,"ESSFxv 2 /08","Bl – Horsetail – Glow moss","Abies lasiocarpa – Equisetum arvense – Aulacomnium palustre",11
2101146989,"ESSFdc 1 /Wb07","Pine – Water sedge – Peat moss","Pinus contorta var. latifolia – Carex aquatilis – Sphagnum spp.",11
2101799980,"CWH ws 2 /04","BaCw – Oak fern","Abies amabilis – Thuja plicata – Gymnocarpium dryopteris",11
2102099344,"ICH dh   /Ro09.1","Saskatoon – Rock moss – Clad lichen","Amelanchier alnifolia – Racomitrium spp. – Cladonia spp.",11
2102881751,"IDF xk   /112","SxwFd – Dogwood – Sarsaparilla","Picea engelmannii x glauca – Pseudotsuga menziesii – Cornus sericea – Aralia nudicaulis",11
2106455505,"MS  dk   /Ro01.2","Selaginella – Sidewalk moss","Selaginella densa – Tortula ruralis",11
2108608940,"MH  wh   /102","YcHm – Crowberry – Mountain-heather ","Chamaecyparis nootkatensis – Tsuga mertensiana – Empetrum nigrum – Cassiope mertensiana",11
2109533369,"CWH ds 2 /07","Cw – Devil's club","Thuja plicata – Oplopanax horridus",11
2110285783,"BG  xh 3 /112","Act – Snowberry – Rose","Populus trichocarpa – Symphoricarpos albus – Rosa acicularis",11
2110746974,"CDF mm   /10","Pl – Sphagnum","Pinus contorta – Sphagnum spp.",11
2111252160,"ICH mw 4 /Fm04","Cottonwood – Redcedar – Dogwood – Lady fern ","Populus trichocarpa – Thuja plicata – Cornus sericea – Athyrium filix-femina",11
2111306544,"ICH mk 3 /04","CwSxw – Oak fern – Cat's-tail moss","Thuja plicata – Picea engelmannii x glauca – Gymnocarpium dryopteris – Rhytidiadelphus triquetrus",11
2113240011,"ESSFmw 1 /Wm01","Beaked sedge – Water sedge","Carex utriculata – Carex aquatilis",11
2114642675,"IDF dk 5 /Gg02","Bluebunch wheatgrass – Balsamroot","Pseudoroegneria spicata – Balsamorhiza sagittata",11
2117292159,"SBS dw 1 /02","FdPl – Cladonia","Pseudotsuga menziesii – Pinus contorta – Cladonia spp.",11
2118352840,"BWBSmw   /111$6B.1","$Acb – Dogwood – High bush-cranberry","Populus balsamifera – Cornus sericea – Viburnum edule",11
2120593851,"ESSFmh   /112","SeBl – Horsetail – Arrow–leaved groundsel","Picea engelmannii – Abies lasiocarpa – Equisetum arvense – Senecio triangularis",11
2121380259,"ICH mw 5 /Ro09.2","Saskatoon – Poverty oatgrass – Rock moss – Clad lichen","Amelanchier alnifolia – Danthonia spicata – Racomitrium spp. – Cladonia spp.",11
2122793522,"ICH wk 4 /09","Labrador tea – Sedge – Sphagnum","Rhododendron groenlandicum – Carex spp. – Sphagnum spp.",11
2124260712,"SBS wk 2 /04","SbPl – Feathermoss","Picea mariana – Pinus contorta – Pleurozium schreberi",11
2124920389,"SBS mk 2 /Wf08","Shore sedge – Buckbean – Hook moss","Carex limosa – Menyanthes trifoliata – Drepanocladus spp.",11
2126066032,"IDF xk   /Gb01","Juniper – Kinnikinnick – Bluebunch wheatgrass","Juniperus communis – Arctostaphylos uva-ursi – Pseudoroegneria spicata",11
2126684268,"ESSFdk 1 /Ws03","Bebb's willow – Bluejoint","Salix bebbiana – Calamagrostis canadensis",11
2127303378,"ESSFwm 4 /Ag01","Timber oatgrass – Grouseberry – Sandwort","Danthonia intermedia – Vaccinium scoparium – Eremogone capillaris",11
2127651207,"CDF mm   /11","Cw – Skunk cabbage","Thuja plicata – Lysichiton americanus",11
2128181427,"IDF dm 2 /Gb02","Saskatoon – Snowberry – Bluebunch wheatgrass","Amelanchier alnifolia – Symphoricarpos albus – Pseudoroegneria spicata",11
2129958756,"ICH dw 4 /Fl02","Mountain alder – Red-osier dogwood – Lady fern","Alnus incana – Cornus sericea – Athyrium filix-femina",11
2130022372,"ICH mw 5 /Vs14","Saskatoon – Snowberry – Strawberry","Amelanchier alnifolia – Symphoricarpos albus – Fragaria sp.",11
2131534981,"ICH dw 4 /Wf06","Slender sedge – Buckbean","Carex lasiocarpa – Menyanthes trifoliata",11
2134295941,"ESSFwmp  /Wa02","Alpine sedge – Bog-laurel – Peat moss","Carex nigricans –  Kalmia microphylla – Sphagnum spp.",11
2135909981,"ICH mk 4 /Wm01","Beaked sedge – Water sedge","Carex utriculata – Carex aquatilis",11
2137455760,"ESSFmh   /Vh01","Cow-parsnip – Fireweed – Nettle","Heracleum maximum – Chamerion angustifolium – Urtica dioica",11
2137599802,"SBS mm   /04","Pl – Soopolallie – Pinegrass","Pinus contorta – Shepherdia canadensis – Calamagrostis rubescens",11
2137941723,"ICH mk 1 /02","Fd – Juniper – Penstemon","Pseudotsuga menziesii – Juniperus communis – Penstemon procerus",11
2138653202,"IDF dk 5 /Ro05","Juniper – Kinnikinnick – Penstemon","Juniperus communis – Arctostaphylos uva-ursi – Penstemon fruticosa",11
2138927038,"ICH mc 1 /06","Hw – Azalea – Skunk cabbage","Tsuga heterophylla – Menziesia ferrunginea",11
2140571699,"ESSFxc   /Wf12","Narrow-leaved cotton-grass – Marsh-marigold","Eriophorum angustifolium – Caltha leptosepala",11
2142264128,"ESSFwm 3 /Ro06.1","Juniper – Stonecrop – Sandwort","Juniperus communis – Sedum sp. – Eremogone capillaris",11
2144144946,"SBS mc 2 /01a","Sxw – Huckleberry; Typic","Picea engelmannii x glauca – Vaccinium membranaceum",11
2145435395,"IDF mw 2 /04","CwSxw – Oak fern","Thuja plicata – Picea engelmannii x glauca – Gymnocarpium dryopteris",11
2146313116,"SBS wk 1 /Ws50","Hardhack – Sitka sedge","Spiraea douglasii ssp. menziesii – Carex sitchensis",11
2146480285,"SBS vk   /08","SbPl – Bog-laurel – Sphagnum","Picea mariana – Pinus contorta – Kalmia microphylla",11
2146577939,"MS  dm 3 /Wf04","Barclay's willow – Water sedge – Glow moss","Salix barclayi – Carex aquatilis – Aulacomnium palustre",11
